2011 11 6 1 50 50.880 1000034 35.54560 -96.75710 2.750 1.67
2011 11 6 2 1 1.060 1000035 35.52960 -96.76550 4.490 1.65
2011 11 6 3 53 9.670 1000036 35.52150 -96.77250 2.960 4.99
2011 11 6 4 3 41.490 1000037 35.51790 -96.78160 4.380 3.51
2011 11 6 4 31 49.500 1000038 35.51780 -96.78080 4.420 3.37
2011 11 6 4 53 59.100 1000039 35.53430 -96.76250 6.010 3.00
2011 11 6 5 32 14.310 1000040 35.53630 -96.75580 5.190 1.68
2011 11 6 5 33 14.530 1000041 35.51930 -96.77890 2.650 2.12
2011 11 6 5 44 48.960 1000042 35.49080 -96.79860 1.790 1.49
2011 11 6 5 54 30.300 1000043 35.51460 -96.79190 4.910 2.03
2011 11 6 5 57 52.390 1000044 35.51210 -96.78000 2.350 2.13
2011 11 6 6 0 51.100 1000045 35.52740 -96.77150 6.350 2.33
2011 11 6 6 12 44.180 1000046 35.49030 -96.73970 6.900 2.05
2011 11 6 6 31 10.560 1000047 35.47090 -96.86320 5.820 3.69
2011 11 6 6 41 8.930 1000048 35.47730 -96.87920 2.960 2.09
2011 11 6 6 50 25.390 1000049 35.52000 -96.77640 3.410 2.58
2011 11 6 6 53 58.200 1000050 35.51710 -96.79210 5.950 1.34
2011 11 6 6 55 40.070 1000051 35.52950 -96.76820 3.990 1.78
2011 11 6 7 1 2.350 1000052 35.52450 -96.76930 6.080 1.42
2011 11 6 7 8 19.570 1000053 35.47820 -96.87340 2.160 2.13
2011 11 6 7 12 52.130 1000054 35.52900 -96.76770 4.200 1.78
2011 11 6 7 19 16.410 1000055 35.47160 -96.86230 6.380 2.64
2011 11 6 7 32 40.530 1000056 35.47700 -96.85350 5.640 3.15
2011 11 6 7 47 11.800 1000057 35.46690 -96.87370 4.720 2.42
2011 11 6 8 14 13.320 1000058 35.52140 -96.78160 5.870 2.88
2011 11 6 8 18 5.330 1000059 35.50780 -96.79830 4.220 1.97
2011 11 6 8 33 58.490 1000060 35.50530 -96.80890 4.000 1.46
2011 11 6 8 40 4.360 1000061 35.50490 -96.80590 2.580 1.49
2011 11 6 8 47 29.370 1000062 35.54180 -96.75360 5.260 1.79
2011 11 6 8 49 46.490 1000063 35.50990 -96.79600 5.470 1.45
2011 11 6 8 54 17.050 1000064 35.53580 -96.74470 5.850 1.32
2011 11 6 9 1 55.360 1000065 35.52880 -96.76110 6.070 1.40
2011 11 6 9 3 40.460 1000066 35.52520 -96.76640 5.020 1.65
2011 11 6 9 22 3.790 1000067 35.47940 -96.85150 5.120 3.37
2011 11 6 9 33 10.310 1000068 35.51130 -96.80620 5.930 1.72
2011 11 6 9 39 57.090 1000069 35.46810 -96.86780 4.350 3.81
2011 11 6 10 23 14.150 1000070 35.52730 -96.77250 6.310 1.97
2011 11 6 10 31 28.070 1000071 35.51140 -96.79400 3.840 1.94
2011 11 6 10 33 36.430 1000072 35.51600 -96.78710 6.310 1.88
2011 11 6 10 52 35.240 1000073 35.51700 -96.78430 3.520 3.71
2011 11 6 10 56 47.530 1000074 35.53280 -96.76920 5.800 2.22
2011 11 6 11 3 51.850 1000075 35.48460 -96.84120 4.700 3.28
2011 11 6 11 16 19.870 1000076 35.48240 -96.84680 4.350 2.84
2011 11 6 11 20 1.230 1000078 35.52840 -96.75870 6.000 2.74
2011 11 6 11 24 35.000 1000079 35.51660 -96.77830 5.310 2.12
2011 11 6 11 36 11.250 1000080 35.49700 -96.82880 2.650 1.65
2011 11 6 11 41 7.160 1000081 35.52300 -96.77820 4.090 1.70
2011 11 6 11 44 58.240 1000082 35.46830 -96.86790 6.400 2.14
2011 11 6 11 58 59.460 1000083 35.50820 -96.80000 3.950 1.88
2011 11 6 12 3 8.070 1000084 35.49710 -96.81910 4.390 2.14
2011 11 6 12 14 8.330 1000085 35.55100 -96.75140 3.430 1.65
2011 11 6 12 27 41.000 1000086 35.53480 -96.76140 4.700 1.88
2011 11 6 12 30 14.480 1000087 35.50730 -96.80970 2.690 1.49
2011 11 6 12 34 56.490 1000088 35.51440 -96.79710 7.480 1.59
2011 11 6 12 44 57.030 1000089 35.50490 -96.81200 2.630 1.79
2011 11 6 13 9 14.330 1000090 35.50200 -96.81470 4.760 1.86
2011 11 6 13 16 53.530 1000091 35.51620 -96.79580 4.660 2.15
2011 11 6 13 31 9.280 1000092 35.52810 -96.77340 3.810 1.88
2011 11 6 13 37 35.640 1000093 35.46620 -96.87380 4.700 2.78
2011 11 6 13 39 49.390 1000094 35.51840 -96.78580 4.900 1.77
2011 11 6 13 43 32.420 1000095 35.49320 -96.82870 2.580 1.29
2011 11 6 14 1 11.270 1000096 35.55500 -96.74670 4.040 1.50
2011 11 6 14 3 59.030 1000097 35.52050 -96.78530 6.700 1.89
2011 11 6 14 13 58.100 1000098 35.50690 -96.80170 4.050 2.39
2011 11 6 14 26 47.180 1000099 35.50540 -96.79870 7.960 1.63
2011 11 6 14 27 32.340 1000100 35.51300 -96.79750 4.440 1.61
2011 11 6 14 29 19.070 1000101 35.51770 -96.78690 6.170 1.72
2011 11 6 14 34 2.160 1000102 35.50790 -96.79840 4.010 2.18
2011 11 6 14 41 43.290 1000103 35.52180 -96.78000 5.350 1.82
2011 11 6 14 54 20.370 1000104 35.49800 -96.81760 4.210 2.11
2011 11 6 15 7 6.400 1000105 35.47400 -96.85350 3.510 3.78
2011 11 6 15 40 57.170 1000106 35.51860 -96.78130 3.590 1.88
2011 11 6 15 41 14.430 1000107 35.49620 -96.82420 4.320 1.97
2011 11 6 15 51 23.050 1000108 35.52340 -96.77790 4.750 2.61
2011 11 6 16 2 22.640 1000109 35.49070 -96.83770 4.620 1.68
2011 11 6 16 35 6.370 1000110 35.53370 -96.76800 7.060 1.59
2011 11 6 16 37 1.340 1000111 35.53230 -96.76420 6.460 1.23
2011 11 6 16 46 44.320 1000112 35.51420 -96.78680 3.650 1.52
2011 11 6 16 49 23.050 1000113 35.52370 -96.77560 5.100 1.25
2011 11 6 16 50 4.230 1000114 35.52450 -96.77250 5.330 1.04
2011 11 6 16 58 47.560 1000115 35.53620 -96.75830 7.940 2.12
2011 11 6 17 4 41.520 1000117 35.52980 -96.76340 4.590 1.61
2011 11 6 17 10 8.270 1000118 35.51690 -96.78790 5.370 1.36
2011 11 6 17 16 23.230 1000119 35.51640 -96.77750 1.200 1.49
2011 11 6 17 17 43.820 1000120 35.51940 -96.76790 4.220 1.57
2011 11 6 17 21 2.980 1000121 35.52760 -96.77090 4.310 1.35
2011 11 6 17 21 42.240 1000122 35.53770 -96.75660 5.080 1.44
2011 11 6 17 23 38.320 1000123 35.56080 -96.74540 4.140 1.37
2011 11 6 17 31 12.220 1000124 35.49820 -96.81280 3.080 1.14
2011 11 6 17 32 31.440 1000125 35.50610 -96.80170 4.670 1.39
2011 11 6 17 33 19.230 1000126 35.52600 -96.77010 2.200 1.80
2011 11 6 17 35 2.120 1000127 35.51740 -96.77680 3.870 1.40
2011 11 6 17 37 56.290 1000128 35.52650 -96.76980 4.520 1.68
2011 11 6 17 41 0.140 1000129 35.50930 -96.78050 1.280 1.30
2011 11 6 17 52 34.640 1000130 35.49090 -96.82790 3.840 3.60
2011 11 6 18 7 1.210 1000131 35.48850 -96.82950 3.460 1.51
2011 11 6 18 14 59.460 1000132 35.52010 -96.78390 3.770 1.59
2011 11 6 18 21 59.200 1000133 35.52630 -96.78020 13.280 2.19
2011 11 6 18 23 54.350 1000134 35.51970 -96.77570 2.060 0.64
2011 11 6 18 24 34.039 1000135 35.53166 -96.75944 6.016 1.60
2011 11 6 18 26 23.000 1000136 35.53440 -96.76470 4.510 2.65
2011 11 6 18 26 56.670 1000137 35.46440 -96.87280 5.990 3.23
2011 11 6 18 32 33.250 1000139 35.49960 -96.81750 1.960 1.58
2011 11 6 18 48 43.390 1000142 35.49050 -96.82620 3.430 2.29
2011 11 6 18 49 20.566 1000143 35.53073 -96.76919 5.481 1.72
2011 11 6 18 53 59.544 1000144 35.54067 -96.75425 2.516 0.96
2011 11 6 18 58 29.230 1000146 35.52000 -96.77360 1.520 0.78
2011 11 6 18 59 21.170 1000147 35.47630 -96.85200 4.050 1.71
2011 11 6 19 2 42.240 1000148 35.54500 -96.75600 3.760 1.09
2011 11 6 19 7 38.200 1000149 35.46210 -96.87900 3.750 1.69
2011 11 6 19 9 39.070 1000150 35.52510 -96.77430 4.560 1.39
2011 11 6 19 10 37.500 1000151 35.52240 -96.77220 2.760 0.85
2011 11 6 19 15 12.110 1000152 35.50710 -96.79910 3.330 1.88
2011 11 6 19 17 29.280 1000153 35.46860 -96.87010 3.640 2.34
2011 11 6 19 21 9.270 1000154 35.51710 -96.77810 1.720 1.13
2011 11 6 19 27 24.440 1000155 35.52830 -96.77360 6.750 1.40
2011 11 6 19 29 55.350 1000156 35.50480 -96.78890 3.320 1.52
2011 11 6 19 31 18.390 1000157 35.51710 -96.78330 2.570 2.59
2011 11 6 19 31 38.200 1000158 35.49790 -96.81390 3.240 2.65
2011 11 6 19 37 5.286 1000159 35.50538 -96.80947 3.509 2.47
2011 11 6 19 40 59.424 1000160 35.53757 -96.75975 5.778 1.74
2011 11 6 19 42 6.940 1000161 35.56330 -96.74570 4.040 1.19
2011 11 6 19 46 56.017 1000162 35.53768 -96.76033 5.813 1.65
2011 11 6 19 53 1.170 1000163 35.51920 -96.77980 4.180 0.72
2011 11 6 19 57 32.500 1000164 35.48390 -96.84820 2.710 1.59
2011 11 6 19 58 35.430 1000165 35.53500 -96.75640 7.000 1.22
2011 11 6 20 4 38.104 1000166 35.50412 -96.79843 2.771 1.88
2011 11 6 20 9 13.190 1000167 35.51130 -96.78410 2.430 1.16
2011 11 6 20 18 35.615 1000168 35.54141 -96.75391 2.652 2.01
2011 11 6 20 20 24.160 1000169 35.53140 -96.76720 6.590 1.51
2011 11 6 20 22 34.880 1000170 35.48840 -96.77320 3.380 1.76
2011 11 6 20 24 54.320 1000171 35.51850 -96.78130 4.100 1.66
2011 11 6 20 28 59.960 1000172 35.53260 -96.76120 6.570 0.94
2011 11 6 20 33 14.000 1000173 35.52900 -96.77070 7.920 1.54
2011 11 6 20 35 58.200 1000174 35.53280 -96.74970 4.720 1.10
2011 11 6 20 36 12.240 1000175 35.53680 -96.73700 3.920 1.06
2011 11 6 20 47 2.310 1000176 35.51210 -96.78730 3.580 1.33
2011 11 6 20 57 47.295 1000177 35.53973 -96.75301 2.705 1.23
2011 11 6 20 58 20.370 1000178 35.52600 -96.77000 3.880 1.06
2011 11 6 20 58 29.100 1000179 35.51610 -96.79210 8.890 1.34
2011 11 6 21 2 16.350 1000180 35.54480 -96.75890 5.130 1.03
2011 11 6 21 6 30.390 1000181 35.51970 -96.77690 3.850 1.69
2011 11 6 21 9 54.360 1000182 35.53026 -96.76364 5.600 1.52
2011 11 6 21 10 14.400 1000183 35.52490 -96.77850 3.200 1.36
2011 11 6 21 12 9.030 1000184 35.56470 -96.75150 4.120 0.93
2011 11 6 21 19 45.290 1000185 35.51450 -96.78780 2.750 2.04
2011 11 6 21 22 23.030 1000186 35.52860 -96.76830 4.340 1.23
2011 11 6 21 31 29.210 1000187 35.50720 -96.79440 3.080 1.14
2011 11 6 21 33 49.350 1000188 35.49080 -96.83560 1.190 1.58
2011 11 6 21 36 9.166 1000189 35.53092 -96.75652 3.081 1.60
2011 11 6 21 36 22.050 1000190 35.51050 -96.79340 3.890 0.88
2011 11 6 21 40 43.448 1000191 35.52537 -96.76965 5.084 1.73
2011 11 6 21 43 35.301 1000192 35.53047 -96.75720 3.135 1.55
2011 11 6 21 46 10.580 1000193 35.53020 -96.75540 2.690 0.80
2011 11 6 21 46 40.150 1000194 35.54240 -96.75820 1.950 0.91
2011 11 6 21 49 33.240 1000195 35.50140 -96.81370 5.000 1.43
2011 11 6 21 50 7.240 1000196 35.51710 -96.78440 3.950 1.54
2011 11 6 21 54 14.461 1000197 35.52505 -96.77070 5.028 1.90
2011 11 6 21 55 36.920 1000198 35.53260 -96.76360 4.220 1.61
2011 11 6 21 56 12.157 1000199 35.53050 -96.75661 3.020 1.43
2011 11 6 21 56 23.484 1000200 35.53317 -96.75711 3.859 1.32
2011 11 6 22 10 13.260 1000201 35.51251 -96.79183 3.071 1.99
2011 11 6 22 16 3.330 1000202 35.51130 -96.80170 5.910 1.14
2011 11 6 22 19 18.420 1000203 35.50650 -96.80950 1.240 3.16
2011 11 6 22 24 18.815 1000204 35.52298 -96.76971 2.081 1.29
2011 11 6 22 26 22.353 1000205 35.52896 -96.76968 5.555 1.70
2011 11 6 22 31 12.407 1000206 35.49891 -96.81007 3.854 1.72
2011 11 6 22 33 7.288 1000207 35.51648 -96.77888 1.361 1.23
2011 11 6 22 35 1.184 1000208 35.51529 -96.79023 6.249 1.08
2011 11 6 22 37 45.150 1000209 35.50690 -96.79450 3.840 1.34
2011 11 6 22 38 24.940 1000210 35.49940 -96.80080 3.240 1.20
2011 11 6 22 39 28.170 1000211 35.52880 -96.76920 6.730 1.00
2011 11 6 22 41 10.272 1000212 35.52887 -96.76008 2.074 1.10
2011 11 6 22 42 12.160 1000213 35.51070 -96.78810 3.960 1.41
2011 11 6 22 43 54.296 1000214 35.52091 -96.78057 4.921 1.35
2011 11 6 22 47 23.490 1000215 35.51069 -96.79257 3.119 1.96
2011 11 6 22 51 4.124 1000216 35.52317 -96.77099 1.141 0.76
2011 11 6 22 54 21.480 1000217 35.55130 -96.74710 3.670 0.83
2011 11 6 22 56 40.320 1000218 35.51320 -96.78640 3.710 1.31
2011 11 6 23 6 34.037 1000219 35.52414 -96.77220 3.724 0.88
2011 11 6 23 10 49.265 1000220 35.49619 -96.81768 3.304 2.32
2011 11 6 23 13 25.301 1000221 35.52114 -96.77227 1.651 1.37
2011 11 6 23 16 55.836 1000222 35.55517 -96.74908 3.766 1.24
2011 11 6 23 17 3.345 1000223 35.54075 -96.75999 2.849 1.19
2011 11 6 23 17 14.485 1000224 35.51881 -96.77516 1.964 1.00
2011 11 6 23 18 31.120 1000225 35.51670 -96.78060 3.560 0.72
2011 11 6 23 19 41.342 1000226 35.52044 -96.77288 1.431 1.69
2011 11 6 23 21 12.168 1000227 35.52106 -96.77193 1.670 1.24
2011 11 6 23 26 39.929 1000228 35.49115 -96.82870 3.799 1.59
2011 11 6 23 27 17.097 1000229 35.53114 -96.76569 2.515 1.33
2011 11 6 23 27 37.972 1000230 35.50758 -96.79225 3.831 1.57
2011 11 6 23 29 35.336 1000231 35.51427 -96.78513 1.593 1.36
2011 11 6 23 30 8.045 1000232 35.55007 -96.75381 2.407 1.39
2011 11 6 23 31 6.120 1000233 35.50240 -96.80950 0.920 1.09
2011 11 6 23 32 5.880 1000234 35.51892 -96.77506 2.658 0.82
2011 11 6 23 32 21.208 1000235 35.52394 -96.77098 3.288 1.32
2011 11 6 23 33 47.319 1000236 35.52303 -96.76981 2.524 1.42
2011 11 6 23 34 18.230 1000237 35.49375 -96.82128 3.435 1.52
2011 11 6 23 37 9.831 1000238 35.49200 -96.82302 2.286 2.05
2011 11 6 23 38 30.224 1000240 35.51881 -96.77432 2.599 0.67
2011 11 6 23 41 27.530 1000242 35.53050 -96.77940 3.000 0.60
2011 11 6 23 45 21.279 1000243 35.52847 -96.77016 5.716 1.43
2011 11 6 23 46 1.029 1000244 35.52319 -96.76901 2.123 0.74
2011 11 6 23 54 47.939 1000245 35.48442 -96.84520 4.369 1.96
2011 11 6 23 58 21.001 1000247 35.53795 -96.76374 6.835 1.25
2011 11 7 0 3 50.518 1000248 35.49491 -96.82199 3.712 2.90
2011 11 7 0 5 19.175 1000249 35.49652 -96.81852 3.626 1.71
2011 11 7 0 10 28.992 1000250 35.47600 -96.85233 4.367 2.50
2011 11 7 0 12 33.160 1000251 35.51922 -96.77338 3.209 1.28
2011 11 7 0 14 41.956 1000252 35.51287 -96.78510 3.607 1.05
2011 11 7 0 17 52.987 1000253 35.52800 -96.76396 5.567 0.83
2011 11 7 0 19 11.481 1000254 35.49333 -96.82327 3.778 1.57
2011 11 7 0 21 4.075 1000255 35.52289 -96.76898 2.459 0.97
2011 11 7 0 21 55.361 1000256 35.51295 -96.78395 3.072 0.89
2011 11 7 0 23 34.069 1000257 35.52400 -96.77812 5.418 1.40
2011 11 7 0 25 37.601 1000258 35.49825 -96.81033 3.616 1.44
2011 11 7 0 27 21.191 1000259 35.52541 -96.76602 2.517 1.34
2011 11 7 0 28 54.156 1000260 35.49634 -96.82271 3.812 1.17
2011 11 7 0 33 24.420 1000261 35.52471 -96.77062 5.863 0.87
2011 11 7 0 34 21.299 1000262 35.51626 -96.78786 5.824 1.58
2011 11 7 0 35 4.339 1000263 35.51794 -96.77544 1.830 1.11
2011 11 7 0 35 19.368 1000264 35.50090 -96.81107 3.173 1.22
2011 11 7 0 35 50.746 1000265 35.53053 -96.76433 4.123 0.70
2011 11 7 0 38 59.273 1000266 35.52692 -96.76715 2.378 0.84
2011 11 7 0 41 55.272 1000267 35.52319 -96.76909 2.123 0.57
2011 11 7 0 45 42.556 1000268 35.49328 -96.81625 5.212 1.60
2011 11 7 0 50 13.339 1000269 35.52095 -96.77330 3.669 0.99
2011 11 7 0 52 28.224 1000270 35.52291 -96.76757 6.140 1.70
2011 11 7 0 53 6.053 1000271 35.51292 -96.78558 3.184 1.49
2011 11 7 0 53 35.079 1000272 35.52848 -96.76666 2.156 1.86
2011 11 7 0 53 41.248 1000273 35.53999 -96.75760 2.881 1.84
2011 11 7 0 54 3.594 1000274 35.49682 -96.81689 3.389 2.03
2011 11 7 0 56 37.882 1000275 35.51802 -96.78438 5.477 1.08
2011 11 7 0 59 43.228 1000276 35.51725 -96.78414 4.395 1.96
2011 11 7 1 9 9.356 1000277 35.52631 -96.75860 8.434 1.25
2011 11 7 1 10 17.155 1000278 35.51255 -96.78722 3.590 0.95
2011 11 7 1 11 17.027 1000279 35.52158 -96.77481 3.836 0.63
2011 11 7 1 15 0.235 1000280 35.53988 -96.75323 4.460 0.98
2011 11 7 1 15 24.272 1000281 35.52627 -96.76307 6.802 0.63
2011 11 7 1 17 13.294 1000282 35.51677 -96.78442 5.671 3.18
2011 11 7 1 22 34.044 1000283 35.52680 -96.76724 4.848 1.28
2011 11 7 1 23 25.247 1000284 35.52285 -96.77088 2.540 0.61
2011 11 7 1 26 31.225 1000285 35.51561 -96.78448 3.595 3.38
2011 11 7 1 27 18.056 1000286 35.49903 -96.81274 3.292 1.98
2011 11 7 1 28 1.946 1000287 35.53452 -96.76023 5.068 1.74
2011 11 7 1 29 49.114 1000288 35.51271 -96.78420 3.706 1.06
2011 11 7 1 34 20.980 1000289 35.50950 -96.80410 5.420 0.77
2011 11 7 1 35 17.919 1000290 35.51802 -96.77786 1.931 1.20
2011 11 7 1 36 15.274 1000291 35.52699 -96.75690 9.056 1.22
2011 11 7 1 36 37.302 1000292 35.52517 -96.77024 7.652 0.96
2011 11 7 1 36 57.330 1000293 35.52217 -96.77024 2.161 0.74
2011 11 7 1 40 29.118 1000294 35.53128 -96.76929 7.711 1.62
2011 11 7 1 40 46.383 1000295 35.52545 -96.77243 4.344 1.46
2011 11 7 1 45 41.418 1000296 35.52067 -96.77235 1.602 0.43
2011 11 7 1 46 21.391 1000297 35.52265 -96.77124 1.945 0.81
2011 11 7 1 50 11.362 1000298 35.52471 -96.77124 3.809 1.15
2011 11 7 1 54 33.051 1000299 35.52551 -96.77423 5.432 1.40
2011 11 7 1 57 0.135 1000300 35.52941 -96.75998 2.119 1.15
2011 11 7 1 58 44.418 1000301 35.51773 -96.78670 4.961 0.90
2011 11 7 2 0 52.150 1000302 35.55145 -96.75306 3.539 1.56
2011 11 7 2 2 10.316 1000303 35.52636 -96.76813 3.750 1.00
2011 11 7 2 12 44.041 1000304 35.51328 -96.76595 6.051 1.02
2011 11 7 2 13 57.380 1000305 35.51687 -96.77768 1.522 0.88
2011 11 7 2 19 44.089 1000306 35.49996 -96.80657 2.573 1.57
2011 11 7 2 20 48.933 1000307 35.52956 -96.76476 5.002 0.98
2011 11 7 2 21 8.962 1000308 35.54061 -96.75350 4.337 0.91
2011 11 7 2 21 40.093 1000309 35.54696 -96.75580 2.792 0.75
2011 11 7 2 24 18.232 1000310 35.49783 -96.81218 5.426 0.82
2011 11 7 2 29 12.606 1000311 35.55143 -96.75268 3.461 1.67
2011 11 7 2 29 37.030 1000312 35.55181 -96.75319 3.494 1.01
2011 11 7 2 32 28.478 1000314 35.51923 -96.77360 1.494 1.30
2011 11 7 2 38 19.534 1000315 35.52813 -96.76796 7.687 2.46
2011 11 7 2 41 5.939 1000316 35.45928 -96.74122 1.982 1.19
2011 11 7 2 43 24.083 1000317 35.54765 -96.75580 2.815 1.11
2011 11 7 2 43 53.177 1000318 35.54751 -96.75217 3.388 0.73
2011 11 7 2 46 38.361 1000319 35.49911 -96.81321 3.217 2.47
2011 11 7 2 51 51.128 1000320 35.51703 -96.78516 4.783 0.87
2011 11 7 2 52 16.946 1000321 35.52979 -96.76250 4.028 0.77
2011 11 7 2 54 4.208 1000322 35.53367 -96.76088 8.644 2.31
2011 11 7 2 54 11.203 1000323 35.49587 -96.81957 3.461 2.15
2011 11 7 2 56 45.590 1000324 35.46790 -96.86315 1.983 1.93
2011 11 7 2 57 23.244 1000325 35.48475 -96.84503 4.917 2.13
2011 11 7 2 57 37.231 1000326 35.49891 -96.81052 3.793 2.11
2011 11 7 3 1 58.379 1000327 35.52259 -96.76976 2.177 1.13
2011 11 7 3 5 46.990 1000328 35.51297 -96.78499 3.187 1.54
2011 11 7 3 6 48.962 1000329 35.53438 -96.76113 4.192 0.70
2011 11 7 3 9 24.230 1000330 35.51816 -96.77682 3.241 0.82
2011 11 7 3 22 20.160 1000331 35.53893 -96.75609 2.861 0.60
2011 11 7 3 23 34.254 1000332 35.52550 -96.77243 4.355 1.20
2011 11 7 3 24 37.288 1000333 35.51730 -96.77714 3.184 1.12
2011 11 7 3 27 23.409 1000334 35.51795 -96.77671 3.233 0.59
2011 11 7 3 31 35.028 1000335 35.52154 -96.78049 5.146 0.60
2011 11 7 3 32 41.327 1000336 35.52966 -96.76328 5.039 0.71
2011 11 7 3 33 6.390 1000337 35.55048 -96.75357 2.444 0.85
2011 11 7 3 34 4.733 1000338 35.52603 -96.77095 5.318 2.41
2011 11 7 3 36 25.123 1000339 35.52903 -96.76094 2.254 1.31
2011 11 7 3 37 0.994 1000340 35.55452 -96.75389 3.715 2.07
2011 11 7 3 40 1.459 1000341 35.51649 -96.77743 1.589 1.42
2011 11 7 3 40 49.297 1000342 35.52871 -96.76419 5.254 0.73
2011 11 7 3 41 39.047 1000343 35.52933 -96.76503 5.210 0.93
2011 11 7 3 43 58.241 1000344 35.52959 -96.76398 5.324 0.57
2011 11 7 3 45 38.373 1000345 35.52985 -96.76382 5.233 0.94
2011 11 7 3 46 38.112 1000346 35.52932 -96.76341 6.052 0.86
2011 11 7 3 47 23.337 1000347 35.52185 -96.77188 1.961 0.54
2011 11 7 3 48 38.124 1000348 35.55803 -96.74866 3.077 0.68
2011 11 7 3 51 21.577 1000349 35.52507 -96.76747 8.625 1.20
2011 11 7 3 52 35.452 1000350 35.52867 -96.76139 2.292 0.94
2011 11 7 3 53 0.073 1000351 35.51911 -96.77293 3.292 1.00
2011 11 7 3 53 36.123 1000352 35.52644 -96.76717 2.551 0.84
2011 11 7 3 54 42.270 1000353 35.53917 -96.76306 4.096 1.20
2011 11 7 3 55 58.397 1000354 35.53989 -96.75696 3.143 0.74
2011 11 7 4 0 13.326 1000355 35.51285 -96.79605 7.078 1.27
2011 11 7 4 1 19.196 1000356 35.53118 -96.76776 5.299 0.80
2011 11 7 4 2 46.347 1000357 35.54977 -96.74777 4.872 0.42
2011 11 7 4 4 3.988 1000358 35.49551 -96.82178 3.569 1.87
2011 11 7 4 8 1.216 1000359 35.49600 -96.81650 2.841 1.56
2011 11 7 4 9 54.002 1000360 35.52261 -96.77780 3.598 0.79
2011 11 7 4 14 22.214 1000361 35.52389 -96.77142 3.534 1.67
2011 11 7 4 16 14.102 1000362 35.52900 -96.76526 5.130 1.16
2011 11 7 4 22 32.884 1000364 35.52082 -96.77819 4.613 0.98
2011 11 7 4 22 49.241 1000365 35.49193 -96.83044 4.116 1.13
2011 11 7 4 23 33.131 1000366 35.52912 -96.76064 2.100 0.97
2011 11 7 4 25 18.055 1000367 35.52925 -96.76309 5.387 0.97
2011 11 7 4 26 42.277 1000368 35.52523 -96.76699 2.632 0.52
2011 11 7 4 27 29.883 1000369 35.53066 -96.76148 4.538 1.81
2011 11 7 4 36 4.458 1000370 35.52750 -96.76526 5.770 1.42
2011 11 7 4 41 21.179 1000373 35.53767 -96.74435 2.375 1.58
2011 11 7 4 45 41.298 1000374 35.54083 -96.76003 2.978 0.64
2011 11 7 4 50 4.486 1000375 35.49853 -96.80955 3.807 2.53
2011 11 7 5 0 57.127 1000376 35.53422 -96.76050 4.181 0.97
2011 11 7 5 6 2.372 1000377 35.52139 -96.77193 1.633 1.78
2011 11 7 5 6 21.122 1000378 35.51956 -96.77971 4.245 1.21
2011 11 7 5 9 38.416 1000379 35.51815 -96.77646 3.195 0.76
2011 11 7 5 9 57.872 1000380 35.51293 -96.78506 2.919 0.76
2011 11 7 5 16 47.385 1000381 35.49475 -96.81997 3.593 1.05
2011 11 7 5 17 25.163 1000382 35.51957 -96.77855 3.453 1.27
2011 11 7 5 18 49.981 1000383 35.52078 -96.77384 3.293 1.33
2011 11 7 5 20 49.300 1000384 35.52973 -96.76398 5.229 1.12
2011 11 7 5 21 17.132 1000385 35.52405 -96.76208 5.939 1.11
2011 11 7 5 21 35.362 1000386 35.51945 -96.77407 2.740 0.49
2011 11 7 5 23 48.089 1000387 35.53119 -96.75767 3.261 0.40
2011 11 7 5 24 29.323 1000388 35.53448 -96.75573 4.653 0.98
2011 11 7 5 25 48.365 1000389 35.51762 -96.77671 3.223 0.57
2011 11 7 5 32 8.966 1000390 35.52061 -96.77387 2.715 0.65
2011 11 7 5 32 42.201 1000391 35.53047 -96.75785 4.276 1.44
2011 11 7 5 34 42.176 1000392 35.53651 -96.75839 4.757 0.66
2011 11 7 5 36 12.223 1000393 35.49694 -96.81691 3.304 1.69
2011 11 7 5 38 53.103 1000394 35.53545 -96.75752 4.909 1.55
2011 11 7 5 39 9.939 1000395 35.51960 -96.77876 3.359 1.46
2011 11 7 5 40 31.442 1000396 35.52940 -96.76108 2.424 1.76
2011 11 7 5 40 52.010 1000397 35.49630 -96.81757 3.286 2.06
2011 11 7 5 42 25.245 1000398 35.52771 -96.77040 5.691 0.72
2011 11 7 5 43 31.388 1000399 35.52524 -96.77470 4.826 0.86
2011 11 7 5 45 12.278 1000400 35.53396 -96.76035 3.141 0.69
2011 11 7 5 46 57.963 1000401 35.55169 -96.75347 3.590 2.61
2011 11 7 5 47 56.283 1000402 35.52092 -96.77033 2.929 1.50
2011 11 7 5 52 22.369 1000403 35.52381 -96.77492 4.024 1.35
2011 11 7 5 53 7.924 1000404 35.52060 -96.77112 3.150 1.64
2011 11 7 5 53 24.025 1000405 35.51106 -96.78317 2.196 1.75
2011 11 7 5 54 35.203 1000406 35.54119 -96.76116 3.445 0.64
2011 11 7 5 56 7.514 1000407 35.53778 -96.74394 2.399 0.46
2011 11 7 6 7 57.249 1000408 35.52044 -96.77255 1.660 0.86
2011 11 7 6 14 12.313 1000409 35.52369 -96.77024 3.036 0.52
2011 11 7 6 14 22.145 1000410 35.55176 -96.75348 3.830 0.48
2011 11 7 6 16 11.236 1000411 35.51724 -96.77749 3.150 0.65
2011 11 7 6 17 5.430 1000412 35.52601 -96.77097 3.144 1.62
2011 11 7 6 17 34.036 1000413 35.51327 -96.78658 3.732 1.63
2011 11 7 6 20 4.310 1000414 35.49876 -96.82075 8.064 1.06
2011 11 7 6 21 15.217 1000415 35.52327 -96.77171 3.768 0.88
2011 11 7 6 21 46.353 1000416 35.54911 -96.74971 3.112 0.82
2011 11 7 6 26 41.161 1000417 35.55180 -96.75365 3.109 1.31
2011 11 7 6 33 25.905 1000418 35.51475 -96.79063 4.529 1.48
2011 11 7 6 37 34.762 1000419 35.49722 -96.87643 9.004 2.09
2011 11 7 6 38 36.519 1000420 35.52113 -96.77210 1.535 0.97
2011 11 7 6 45 40.979 1000421 35.50752 -96.79287 3.960 1.49
2011 11 7 6 49 31.132 1000422 35.51536 -96.78049 3.332 0.77
2011 11 7 6 49 57.446 1000423 35.54660 -96.75657 2.989 0.41
2011 11 7 6 51 49.131 1000424 35.52939 -96.76080 2.390 0.79
2011 11 7 7 4 44.257 1000425 35.52617 -96.77377 6.092 0.98
2011 11 7 7 6 43.137 1000426 35.52988 -96.76907 5.243 1.68
2011 11 7 7 8 25.408 1000427 35.51595 -96.77902 2.922 1.35
2011 11 7 7 12 24.158 1000428 35.52592 -96.76910 4.326 0.68
2011 11 7 7 17 55.968 1000429 35.53406 -96.76015 3.243 0.74
2011 11 7 7 20 35.953 1000430 35.51346 -96.78259 3.170 1.34
2011 11 7 7 23 34.390 1000431 35.52950 -96.76024 2.328 0.33
2011 11 7 7 24 20.617 1000432 35.52935 -96.76070 2.413 0.45
2011 11 7 7 28 34.176 1000433 35.48715 -96.83928 4.561 1.58
2011 11 7 7 28 46.246 1000434 35.52158 -96.77273 4.276 1.25
2011 11 7 7 29 34.332 1000435 35.51675 -96.77878 3.131 2.27
2011 11 7 7 32 25.179 1000436 35.52533 -96.77157 4.314 1.00
2011 11 7 7 33 31.313 1000437 35.51732 -96.78694 5.125 1.54
2011 11 7 7 34 15.436 1000438 35.52258 -96.77977 5.174 1.75
2011 11 7 7 34 23.911 1000439 35.50480 -96.79382 2.493 1.79
2011 11 7 7 35 57.040 1000440 35.52970 -96.76780 3.290 0.63
2011 11 7 7 36 13.109 1000441 35.54067 -96.76277 3.416 0.59
2011 11 7 7 37 7.836 1000442 35.51045 -96.78704 1.867 1.85
2011 11 7 7 38 2.307 1000443 35.53433 -96.75993 3.122 0.61
2011 11 7 7 46 29.153 1000444 35.52784 -96.76834 3.668 0.74
2011 11 7 7 46 49.300 1000445 35.53423 -96.76011 3.133 0.64
2011 11 7 7 51 1.069 1000446 35.54582 -96.75695 3.168 1.25
2011 11 7 7 54 50.282 1000447 35.51164 -96.79106 5.224 1.05
2011 11 7 7 58 13.917 1000448 35.52045 -96.77118 3.100 1.53
2011 11 7 7 58 53.950 1000449 35.52874 -96.76990 5.193 0.77
2011 11 7 8 0 10.129 1000450 35.51957 -96.77457 2.870 0.93
2011 11 7 8 0 58.235 1000451 35.46338 -96.86802 4.612 2.68
2011 11 7 8 3 22.425 1000452 35.52389 -96.77194 2.913 0.77
2011 11 7 8 4 3.111 1000453 35.51834 -96.77545 3.612 1.53
2011 11 7 8 7 19.409 1000454 35.55206 -96.75356 3.726 0.95
2011 11 7 8 10 56.224 1000456 35.51981 -96.77412 2.845 0.58
2011 11 7 8 11 56.088 1000457 35.53897 -96.75705 1.888 2.43
2011 11 7 8 12 35.232 1000458 35.50941 -96.79109 3.879 2.71
2011 11 7 8 18 36.939 1000459 35.51417 -96.78172 3.079 2.16
2011 11 7 8 19 54.499 1000460 35.52078 -96.77089 3.221 2.66
2011 11 7 8 22 15.139 1000461 35.52038 -96.77245 3.142 1.20
2011 11 7 8 22 39.292 1000462 35.51752 -96.78607 5.612 1.28
2011 11 7 8 24 57.093 1000463 35.52958 -96.76005 2.487 0.61
2011 11 7 8 27 48.182 1000464 35.52033 -96.79131 4.188 1.60
2011 11 7 8 29 30.105 1000465 35.52102 -96.77980 6.047 1.61
2011 11 7 8 36 1.146 1000466 35.52927 -96.76092 2.155 0.51
2011 11 7 8 40 20.277 1000467 35.52987 -96.75914 2.175 0.38
2011 11 7 8 44 33.511 1000468 35.52645 -96.76817 2.291 0.67
2011 11 7 8 50 13.461 1000469 35.52890 -96.76065 2.103 1.65
2011 11 7 8 51 12.227 1000470 35.52859 -96.77157 3.203 0.86
2011 11 7 8 51 25.452 1000471 35.53914 -96.75611 2.831 0.72
2011 11 7 8 53 8.357 1000472 35.53400 -96.76026 3.234 0.80
2011 11 7 8 55 14.263 1000473 35.53094 -96.76008 5.741 1.39
2011 11 7 9 1 1.079 1000474 35.53415 -96.76029 3.109 1.14
2011 11 7 9 1 32.329 1000475 35.52393 -96.77356 3.742 0.91
2011 11 7 9 1 57.948 1000476 35.49896 -96.80913 3.879 1.03
2011 11 7 9 2 35.003 1000477 35.53312 -96.76013 5.081 0.41
2011 11 7 9 7 40.064 1000478 35.51986 -96.77266 3.240 1.11
2011 11 7 9 8 35.367 1000479 35.51512 -96.78020 1.507 1.59
2011 11 7 9 9 4.946 1000480 35.52395 -96.77494 3.763 0.95
2011 11 7 9 9 35.092 1000481 35.53415 -96.76017 3.100 1.19
2011 11 7 9 10 11.018 1000482 35.50089 -96.81192 3.349 1.46
2011 11 7 9 10 43.026 1000483 35.53585 -96.76496 3.479 1.01
2011 11 7 9 11 8.919 1000484 35.51820 -96.78364 4.423 1.76
2011 11 7 9 13 5.048 1000486 35.51887 -96.77533 2.955 1.23
2011 11 7 9 16 39.190 1000487 35.52940 -96.76481 5.048 0.47
2011 11 7 9 20 39.007 1000488 35.52940 -96.76347 5.135 1.86
2011 11 7 9 21 6.288 1000489 35.52858 -96.76104 2.152 1.59
2011 11 7 9 26 47.134 1000490 35.52147 -96.77068 1.663 1.55
2011 11 7 9 27 23.160 1000491 35.53846 -96.73752 4.978 1.73
2011 11 7 9 28 8.066 1000492 35.53833 -96.73741 4.945 1.04
2011 11 7 9 29 13.102 1000493 35.52281 -96.76757 6.114 0.69
2011 11 7 9 32 7.053 1000494 35.53471 -96.76117 5.085 1.35
2011 11 7 9 32 53.813 1000496 35.51849 -96.79699 4.696 2.51
2011 11 7 9 44 52.239 1000497 35.52899 -96.76018 2.158 0.89
2011 11 7 9 48 8.357 1000498 35.52125 -96.77334 1.648 1.18
2011 11 7 9 49 33.400 1000499 35.55084 -96.75350 2.490 0.88
2011 11 7 9 50 49.106 1000500 35.52690 -96.76732 6.879 0.84
2011 11 7 9 54 59.226 1000501 35.52264 -96.77864 3.417 1.02
2011 11 7 9 56 55.344 1000502 35.51251 -96.78488 3.122 2.05
2011 11 7 9 57 30.909 1000503 35.52974 -96.76437 5.167 1.75
2011 11 7 9 57 51.109 1000504 35.52953 -96.76456 5.131 1.49
2011 11 7 10 7 38.110 1000505 35.48994 -96.82754 5.813 1.37
2011 11 7 10 8 35.231 1000506 35.51122 -96.78630 2.987 0.72
2011 11 7 10 10 3.081 1000507 35.52366 -96.76938 1.502 0.96
2011 11 7 10 13 10.099 1000508 35.51033 -96.76702 2.426 0.74
2011 11 7 10 13 21.891 1000509 35.52978 -96.76349 5.184 0.77
2011 11 7 10 15 39.840 1000510 35.50161 -96.80683 2.103 1.10
2011 11 7 10 17 26.031 1000511 35.52634 -96.77166 5.609 0.83
2011 11 7 10 17 40.236 1000512 35.55172 -96.75271 2.478 0.51
2011 11 7 10 18 26.880 1000513 35.49892 -96.82500 8.004 1.40
2011 11 7 10 19 48.309 1000514 35.49730 -96.81201 5.472 0.75
2011 11 7 10 20 46.434 1000515 35.51292 -96.79775 6.908 0.94
2011 11 7 10 23 23.097 1000516 35.51922 -96.77808 1.784 0.40
2011 11 7 10 26 16.249 1000517 35.51890 -96.79507 4.773 1.06
2011 11 7 10 26 35.358 1000518 35.52807 -96.77106 5.285 1.05
2011 11 7 10 27 23.948 1000519 35.52967 -96.76156 4.893 0.74
2011 11 7 10 34 10.330 1000520 35.52233 -96.77155 1.649 0.53
2011 11 7 10 34 53.150 1000521 35.53206 -96.76336 5.164 0.56
2011 11 7 10 38 7.135 1000522 35.53155 -96.75956 6.010 0.98
2011 11 7 10 38 24.260 1000523 35.51600 -96.78420 3.000 0.67
2011 11 7 10 40 8.340 1000524 35.52072 -96.77221 1.676 0.36
2011 11 7 10 41 8.363 1000525 35.52864 -96.76990 5.181 1.92
2011 11 7 10 42 3.398 1000526 35.52929 -96.76601 1.614 0.93
2011 11 7 10 46 45.201 1000527 35.52651 -96.76919 3.769 0.42
2011 11 7 10 48 58.054 1000528 35.51429 -96.78316 2.914 0.91
2011 11 7 10 52 9.290 1000529 35.49550 -96.81573 5.111 0.81
2011 11 7 10 52 36.055 1000530 35.52851 -96.77022 5.412 0.57
2011 11 7 10 54 2.417 1000531 35.52643 -96.77043 6.168 0.81
2011 11 7 10 54 49.310 1000532 35.51791 -96.78483 5.446 1.61
2011 11 7 10 56 19.951 1000533 35.53143 -96.76187 4.833 1.04
2011 11 7 10 57 5.083 1000534 35.53353 -96.74986 2.508 0.68
2011 11 7 10 58 59.344 1000535 35.52848 -96.76144 2.284 0.57
2011 11 7 11 3 36.410 1000536 35.53388 -96.74945 2.474 0.95
2011 11 7 11 3 45.402 1000537 35.55156 -96.75359 3.081 0.86
2011 11 7 11 4 4.889 1000538 35.50469 -96.80245 7.875 1.20
2011 11 7 11 4 19.201 1000539 35.52382 -96.77125 2.948 0.92
2011 11 7 11 5 31.068 1000540 35.53388 -96.74915 2.311 0.57
2011 11 7 11 8 34.200 1000541 35.52745 -96.76747 3.844 1.03
2011 11 7 11 8 52.251 1000542 35.50197 -96.81149 4.280 1.10
2011 11 7 11 9 31.152 1000543 35.51910 -96.77369 1.883 0.63
2011 11 7 11 14 41.394 1000544 35.53917 -96.75902 3.177 0.48
2011 11 7 11 16 51.070 1000545 35.50310 -96.78700 4.420 0.66
2011 11 7 11 20 29.365 1000546 35.53926 -96.75907 6.506 1.11
2011 11 7 11 21 22.888 1000547 35.52813 -96.77107 5.340 0.67
2011 11 7 11 22 13.001 1000548 35.50289 -96.80699 3.022 1.21
2011 11 7 11 23 14.348 1000549 35.53388 -96.74921 2.311 0.84
2011 11 7 11 27 41.026 1000550 35.50238 -96.80470 5.257 0.88
2011 11 7 11 31 43.450 1000551 35.51649 -96.77721 1.659 1.57
2011 11 7 11 33 7.242 1000552 35.49495 -96.81626 4.802 1.66
2011 11 7 11 33 34.368 1000553 35.50030 -96.80634 2.598 1.54
2011 11 7 11 34 45.309 1000554 35.52991 -96.76184 4.612 1.07
2011 11 7 11 36 44.530 1000555 35.53491 -96.76198 4.054 0.62
2011 11 7 11 47 24.096 1000556 35.51890 -96.79486 4.779 0.72
2011 11 7 11 47 48.070 1000557 35.46450 -96.83800 2.920 0.92
2011 11 7 11 50 34.110 1000558 35.52681 -96.76551 4.918 0.75
2011 11 7 11 55 26.148 1000559 35.52833 -96.76610 2.402 0.61
2011 11 7 11 58 54.261 1000560 35.52634 -96.77347 5.238 1.32
2011 11 7 12 4 9.991 1000561 35.51608 -96.77849 2.829 0.97
2011 11 7 12 4 57.322 1000562 35.52913 -96.76566 5.118 1.21
2011 11 7 12 5 52.097 1000563 35.53958 -96.75745 3.012 1.03
2011 11 7 12 9 54.136 1000564 35.52075 -96.77172 1.462 1.43
2011 11 7 12 12 12.194 1000565 35.51779 -96.77609 3.102 1.27
2011 11 7 12 13 1.127 1000566 35.49834 -96.81523 2.876 1.66
2011 11 7 12 16 53.671 1000567 35.52523 -96.76765 1.278 1.31
2011 11 7 12 19 39.267 1000568 35.51765 -96.78125 1.671 1.76
2011 11 7 12 23 35.399 1000569 35.51798 -96.78192 1.655 0.88
2011 11 7 12 31 13.242 1000570 35.52066 -96.77484 3.387 0.77
2011 11 7 12 35 40.361 1000571 35.53887 -96.75752 3.225 1.00
2011 11 7 12 35 47.389 1000572 35.52997 -96.75940 2.064 0.84
2011 11 7 12 38 14.276 1000573 35.52902 -96.75902 1.934 1.06
2011 11 7 12 43 20.868 1000574 35.48656 -96.84099 4.531 1.86
2011 11 7 12 44 22.481 1000575 35.54449 -96.75767 2.263 0.77
2011 11 7 12 45 1.998 1000576 35.55166 -96.75393 3.130 1.22
2011 11 7 12 46 37.151 1000577 35.52337 -96.77630 4.467 1.09
2011 11 7 12 47 2.401 1000578 35.52884 -96.75947 2.175 0.39
2011 11 7 12 51 8.203 1000579 35.52984 -96.75799 4.589 0.81
2011 11 7 12 54 22.442 1000580 35.50194 -96.80975 3.297 1.46
2011 11 7 12 58 47.110 1000581 35.55645 -96.74866 2.613 1.22
2011 11 7 13 12 5.025 1000583 35.53464 -96.75636 2.733 0.70
2011 11 7 13 13 40.403 1000584 35.51716 -96.77706 3.127 1.61
2011 11 7 13 15 1.207 1000585 35.52843 -96.77088 5.375 0.98
2011 11 7 13 15 38.118 1000586 35.50641 -96.80091 4.965 0.86
2011 11 7 13 17 25.235 1000587 35.55437 -96.75389 3.736 1.36
2011 11 7 13 18 23.285 1000588 35.54093 -96.76028 2.974 0.83
2011 11 7 13 18 32.884 1000589 35.52015 -96.78707 6.113 0.95
2011 11 7 13 18 50.266 1000590 35.52345 -96.77729 3.617 0.74
2011 11 7 13 22 33.431 1000591 35.55037 -96.85440 7.785 1.26
2011 11 7 13 23 33.046 1000592 35.52614 -96.77293 6.254 0.80
2011 11 7 13 24 34.140 1000593 35.52520 -96.76956 3.891 1.27
2011 11 7 13 25 46.299 1000594 35.53433 -96.76047 4.858 0.91
2011 11 7 13 27 12.580 1000595 35.51610 -96.78730 4.430 0.92
2011 11 7 13 29 31.186 1000597 35.51922 -96.77315 3.226 2.24
2011 11 7 13 30 50.273 1000598 35.51812 -96.77552 3.216 1.14
2011 11 7 13 31 26.949 1000599 35.52136 -96.77523 3.452 1.29
2011 11 7 13 32 46.400 1000600 35.53210 -96.77850 3.080 0.96
2011 11 7 13 33 14.887 1000601 35.50561 -96.80258 2.713 1.14
2011 11 7 13 36 35.299 1000602 35.53245 -96.76598 3.659 0.97
2011 11 7 13 36 58.260 1000603 35.53731 -96.74410 2.456 0.84
2011 11 7 13 39 1.190 1000604 35.52750 -96.82750 5.230 0.88
2011 11 7 13 40 9.160 1000605 35.52757 -96.77063 5.620 1.14
2011 11 7 13 41 9.342 1000606 35.55327 -96.74971 2.953 0.45
2011 11 7 13 42 46.299 1000607 35.53834 -96.74443 2.188 0.70
2011 11 7 13 44 11.414 1000608 35.53077 -96.76769 2.956 0.83
2011 11 7 13 44 45.438 1000609 35.52981 -96.75958 2.030 0.46
2011 11 7 13 46 45.107 1000610 35.54015 -96.75712 2.993 0.62
2011 11 7 13 47 6.164 1000611 35.49267 -96.82781 4.677 1.20
2011 11 7 13 49 42.919 1000612 35.51766 -96.77590 3.165 2.13
2011 11 7 13 50 10.335 1000613 35.51251 -96.78447 3.084 2.47
2011 11 7 13 50 20.149 1000614 35.46952 -96.85973 4.465 3.01
2011 11 7 13 52 28.086 1000615 35.50611 -96.76442 2.869 1.21
2011 11 7 13 55 31.288 1000616 35.53221 -96.76359 5.208 1.44
2011 11 7 13 57 8.516 1000617 35.52625 -96.77076 2.235 1.30
2011 11 7 14 1 58.640 1000618 35.52700 -96.82400 6.420 0.99
2011 11 7 14 4 14.318 1000619 35.51703 -96.78516 4.760 1.25
2011 11 7 14 5 59.242 1000620 35.53409 -96.76192 5.133 1.68
2011 11 7 14 6 20.002 1000621 35.51861 -96.77217 2.912 1.55
2011 11 7 14 7 4.071 1000622 35.55135 -96.74691 5.154 0.79
2011 11 7 14 10 4.934 1000623 35.52759 -96.76812 4.655 0.90
2011 11 7 14 13 54.864 1000624 35.49438 -96.81696 5.196 1.37
2011 11 7 14 19 39.308 1000625 35.51439 -96.78084 3.056 0.92
2011 11 7 14 22 30.203 1000626 35.55052 -96.75524 2.130 0.60
2011 11 7 14 23 7.006 1000627 35.53118 -96.76304 5.121 1.46
2011 11 7 14 24 34.555 1000628 35.51985 -96.77240 1.456 1.77
2011 11 7 14 26 56.313 1000630 35.51725 -96.78391 4.403 0.92
2011 11 7 14 27 22.801 1000631 35.52677 -96.76457 6.862 0.96
2011 11 7 14 36 33.348 1000632 35.53002 -96.77134 5.249 1.00
2011 11 7 14 37 17.143 1000633 35.54956 -96.75518 2.972 0.69
2011 11 7 14 38 25.069 1000634 35.53059 -96.76120 4.930 0.91
2011 11 7 14 42 17.991 1000635 35.50801 -96.79293 3.936 1.53
2011 11 7 14 42 47.498 1000636 35.52231 -96.77072 1.644 0.49
2011 11 7 14 47 22.047 1000637 35.52057 -96.78022 6.381 0.98
2011 11 7 14 48 18.228 1000638 35.53091 -96.76838 6.530 1.29
2011 11 7 14 49 18.058 1000639 35.49481 -96.87467 1.150 1.18
2011 11 7 14 53 2.364 1000640 35.55056 -96.75545 2.203 1.16
2011 11 7 14 58 15.099 1000641 35.52164 -96.77427 2.791 0.83
2011 11 7 15 0 10.333 1000642 35.51564 -96.78928 4.430 1.12
2011 11 7 15 3 47.970 1000645 35.51090 -96.78910 3.840 0.84
2011 11 7 15 11 30.351 1000646 35.54190 -96.75978 4.378 0.78
2011 11 7 15 18 48.178 1000647 35.51037 -96.78279 1.741 0.88
2011 11 7 15 23 9.945 1000648 35.49758 -96.81465 5.097 1.73
2011 11 7 15 26 39.253 1000649 35.52987 -96.76119 5.913 0.77
2011 11 7 15 30 12.426 1000650 35.53136 -96.76117 5.638 0.72
2011 11 7 15 30 59.043 1000651 35.51783 -96.78426 4.662 1.03
2011 11 7 15 44 50.170 1000652 35.49684 -96.81711 3.252 2.25
2011 11 7 15 52 24.963 1000653 35.50484 -96.80413 2.009 1.00
2011 11 7 15 56 19.621 1000654 35.52673 -96.76099 5.490 0.81
2011 11 7 15 57 19.282 1000655 35.52033 -96.77192 3.126 0.77
2011 11 7 15 58 17.265 1000656 35.51856 -96.78176 5.078 1.86
2011 11 7 15 59 58.573 1000657 35.52114 -96.77181 1.493 2.22
2011 11 7 16 0 22.407 1000658 35.46322 -96.87902 4.023 2.74
2011 11 7 16 1 17.100 1000659 35.51450 -96.77720 3.800 1.24
2011 11 7 16 2 15.255 1000660 35.51630 -96.77768 1.540 1.09
2011 11 7 16 8 15.798 1000661 35.52604 -96.76096 6.348 0.66
2011 11 7 16 9 5.468 1000662 35.55152 -96.75339 3.109 1.04
2011 11 7 16 14 40.366 1000663 35.52221 -96.77268 3.269 1.63
2011 11 7 16 15 14.984 1000664 35.49153 -96.82890 3.877 1.87
2011 11 7 16 16 4.668 1000665 35.47963 -96.82258 4.713 2.28
2011 11 7 16 20 44.497 1000666 35.53240 -96.74979 1.940 0.87
2011 11 7 16 21 26.196 1000667 35.51386 -96.76596 3.036 1.36
2011 11 7 16 23 42.972 1000668 35.53515 -96.76107 4.559 0.87
2011 11 7 16 27 42.079 1000669 35.52973 -96.76813 5.279 1.04
2011 11 7 16 29 53.159 1000670 35.52956 -96.76461 4.553 0.85
2011 11 7 16 30 42.320 1000671 35.51530 -96.81720 1.260 0.84
2011 11 7 16 32 5.357 1000672 35.51715 -96.78529 4.719 1.04
2011 11 7 16 32 34.907 1000673 35.52680 -96.77108 5.400 0.66
2011 11 7 16 34 57.186 1000674 35.49627 -96.82114 3.698 1.16
2011 11 7 16 35 44.286 1000675 35.52211 -96.77100 2.064 1.24
2011 11 7 16 40 33.375 1000676 35.53029 -96.76740 2.646 1.21
2011 11 7 16 40 57.073 1000677 35.50020 -96.80832 2.554 1.29
2011 11 7 16 42 6.792 1000678 35.53374 -96.75621 6.080 0.88
2011 11 7 16 43 9.868 1000679 35.52726 -96.76997 5.070 1.70
2011 11 7 16 46 17.186 1000680 35.55140 -96.75311 2.484 1.13
2011 11 7 16 46 35.470 1000681 35.53961 -96.75919 2.964 0.81
2011 11 7 16 48 16.146 1000682 35.49653 -96.81987 3.771 1.25
2011 11 7 16 55 45.616 1000683 35.53115 -96.76641 5.398 1.48
2011 11 7 16 58 37.413 1000684 35.52010 -96.76894 3.143 0.66
2011 11 7 16 58 43.424 1000685 35.52850 -96.75758 2.600 0.47
2011 11 7 16 59 37.920 1000686 35.49624 -96.81867 3.541 1.75
2011 11 7 17 2 30.960 1000687 35.47258 -96.87018 4.153 1.28
2011 11 7 17 4 53.158 1000688 35.53433 -96.76047 4.858 0.90
2011 11 7 17 7 24.037 1000689 35.52929 -96.76540 5.160 1.41
2011 11 7 17 9 51.419 1000690 35.49842 -96.81018 3.680 2.95
2011 11 7 17 10 21.988 1000691 35.52676 -96.76937 5.019 2.41
2011 11 7 17 11 40.977 1000692 35.51558 -96.78014 3.371 1.53
2011 11 7 17 20 11.020 1000693 35.53869 -96.74833 3.045 1.11
2011 11 7 17 22 56.343 1000694 35.53853 -96.74911 2.931 0.65
2011 11 7 17 25 4.383 1000695 35.52224 -96.76978 2.430 0.57
2011 11 7 17 26 17.246 1000696 35.51396 -96.78082 2.821 1.15
2011 11 7 17 27 25.064 1000697 35.49402 -96.82049 3.461 2.35
2011 11 7 17 29 44.687 1000698 35.49271 -96.84911 1.206 1.58
2011 11 7 17 31 8.525 1000699 35.54135 -96.75944 2.561 0.50
2011 11 7 17 33 14.494 1000700 35.50774 -96.79232 3.814 1.63
2011 11 7 17 36 5.353 1000701 35.52358 -96.76986 1.676 0.64
2011 11 7 17 38 35.176 1000702 35.55699 -96.74788 2.670 0.74
2011 11 7 17 40 26.070 1000703 35.52183 -96.77983 8.315 1.69
2011 11 7 17 41 35.285 1000704 35.52031 -96.77284 1.691 1.15
2011 11 7 17 43 11.005 1000706 35.55543 -96.75148 2.702 0.75
2011 11 7 17 46 14.830 1000707 35.54990 -96.83720 5.810 0.75
2011 11 7 17 50 23.575 1000708 35.53042 -96.76671 2.080 1.00
2011 11 7 17 54 48.346 1000709 35.50190 -96.81439 3.356 1.04
2011 11 7 17 59 45.317 1000710 35.50294 -96.80643 2.754 2.16
2011 11 7 18 4 4.110 1000711 35.52016 -96.78023 3.304 0.82
2011 11 7 18 10 24.187 1000712 35.53258 -96.76475 3.420 1.42
2011 11 7 18 12 37.318 1000713 35.50272 -96.80644 3.013 0.89
2011 11 7 18 13 18.305 1000714 35.52845 -96.77113 5.472 1.14
2011 11 7 18 17 2.277 1000715 35.53958 -96.75712 3.062 1.35
2011 11 7 18 30 23.172 1000716 35.51371 -96.78389 2.738 1.42
2011 11 7 18 31 45.036 1000717 35.53132 -96.76916 2.731 0.66
2011 11 7 18 37 57.409 1000718 35.51837 -96.77635 2.997 0.94
2011 11 7 18 44 16.091 1000719 35.52311 -96.76638 2.704 1.09
2011 11 7 18 44 28.390 1000720 35.55540 -96.74010 7.110 0.95
2011 11 7 18 46 0.103 1000721 35.54387 -96.75893 2.690 1.09
2011 11 7 18 48 28.537 1000722 35.51296 -96.79169 3.457 1.40
2011 11 7 18 49 49.917 1000723 35.51243 -96.78520 3.072 1.33
2011 11 7 18 53 21.211 1000724 35.52850 -96.75829 2.677 1.16
2011 11 7 18 54 17.343 1000725 35.50262 -96.80593 2.992 1.08
2011 11 7 19 2 9.897 1000726 35.52186 -96.77352 3.679 1.14
2011 11 7 19 12 23.250 1000727 35.55667 -96.74848 2.595 1.10
2011 11 7 19 17 12.066 1000728 35.51532 -96.78018 2.933 1.36
2011 11 7 19 17 50.074 1000729 35.55164 -96.75483 2.162 0.72
2011 11 7 19 23 48.229 1000730 35.51392 -96.78292 1.272 0.70
2011 11 7 19 24 32.609 1000731 35.52122 -96.77165 2.043 1.99
2011 11 7 19 38 0.318 1000732 35.51175 -96.78523 2.316 1.45
2011 11 7 19 51 0.670 1000733 35.54594 -96.75631 2.926 0.73
2011 11 7 19 52 39.000 1000734 35.54059 -96.76029 3.028 1.05
2011 11 7 19 57 22.383 1000735 35.52329 -96.77958 3.967 1.31
2011 11 7 19 58 11.268 1000736 35.52195 -96.76969 2.293 1.00
2011 11 7 19 58 21.324 1000737 35.51820 -96.78094 1.868 0.85
2011 11 7 19 58 36.132 1000738 35.51902 -96.78321 4.557 0.98
2011 11 7 20 0 22.419 1000739 35.52571 -96.76897 3.251 0.98
2011 11 7 20 6 26.317 1000740 35.52014 -96.77322 1.467 0.95
2011 11 7 20 8 21.213 1000741 35.53651 -96.75833 4.745 0.61
2011 11 7 20 10 9.111 1000742 35.51340 -96.78014 2.535 0.97
2011 11 7 20 10 47.142 1000743 35.50179 -96.80170 3.115 1.10
2011 11 7 20 12 41.311 1000744 35.51461 -96.79032 4.699 1.19
2011 11 7 20 28 13.327 1000745 35.51868 -96.79241 5.449 1.85
2011 11 7 20 32 15.154 1000746 35.51855 -96.77612 2.980 1.83
2011 11 7 20 39 25.038 1000748 35.49797 -96.81226 4.965 1.01
2011 11 7 20 43 46.898 1000749 35.51589 -96.78022 3.267 1.01
2011 11 7 20 45 13.452 1000750 35.49565 -96.81894 3.571 1.96
2011 11 7 20 46 28.230 1000751 35.49030 -96.74970 3.280 1.03
2011 11 7 20 49 2.349 1000752 35.52877 -96.76829 3.605 1.93
2011 11 7 21 2 43.996 1000753 35.55429 -96.75513 3.712 1.12
2011 11 7 21 3 29.192 1000754 35.54912 -96.75613 2.234 2.16
2011 11 7 21 9 59.281 1000755 35.54639 -96.75683 2.979 1.25
2011 11 7 21 10 15.008 1000756 35.51801 -96.77629 1.584 1.37
2011 11 7 21 11 17.042 1000757 35.51450 -96.78217 3.070 1.63
2011 11 7 21 12 55.980 1000758 35.51345 -96.78408 2.954 2.19
2011 11 7 21 14 11.238 1000759 35.51423 -96.78296 2.891 1.21
2011 11 7 21 20 9.083 1000760 35.52624 -96.76888 4.552 1.08
2011 11 7 21 22 6.639 1000761 35.55137 -96.75495 2.159 0.89
2011 11 7 21 26 41.335 1000762 35.52289 -96.77065 1.947 1.04
2011 11 7 21 29 47.296 1000763 35.49968 -96.81195 3.063 2.48
2011 11 7 21 35 27.091 1000764 35.51692 -96.77771 2.903 1.05
2011 11 7 21 38 48.394 1000765 35.55439 -96.75507 3.693 0.79
2011 11 7 21 40 7.384 1000766 35.55643 -96.75155 3.001 1.46
2011 11 7 21 41 46.439 1000767 35.52664 -96.76906 0.835 0.67
2011 11 7 21 42 22.347 1000768 35.53987 -96.75612 4.336 1.19
2011 11 7 21 48 29.182 1000769 35.52513 -96.77287 4.001 0.64
2011 11 7 21 56 22.151 1000771 35.52102 -96.77235 1.509 1.26
2011 11 7 21 57 8.298 1000772 35.52404 -96.77805 5.432 0.93
2011 11 7 22 1 43.896 1000773 35.51865 -96.79812 4.809 1.32
2011 11 7 22 6 17.020 1000774 35.51165 -96.78802 4.025 0.89
2011 11 7 22 8 37.241 1000775 35.55151 -96.75345 2.332 0.84
2011 11 7 22 10 24.128 1000776 35.49462 -96.82414 3.966 1.82
2011 11 7 22 12 31.767 1000777 35.49689 -96.81255 2.695 1.27
2011 11 7 22 14 40.739 1000778 35.51221 -96.78762 3.053 0.95
2011 11 7 22 16 11.998 1000779 35.55634 -96.74644 3.488 0.71
2011 11 7 22 17 22.294 1000780 35.53103 -96.76129 2.667 0.82
2011 11 7 22 23 35.455 1000781 35.52513 -96.76956 3.559 1.01
2011 11 7 22 29 7.468 1000782 35.52245 -96.77166 1.476 1.22
2011 11 7 22 29 25.072 1000783 35.51804 -96.78391 5.085 1.30
2011 11 7 22 30 26.007 1000784 35.51773 -96.77590 3.176 1.18
2011 11 7 22 33 25.179 1000785 35.52665 -96.76805 3.835 0.77
2011 11 7 22 36 49.407 1000786 35.52388 -96.76751 2.910 1.91
2011 11 7 22 39 15.398 1000787 35.55689 -96.74833 2.581 1.16
2011 11 7 22 40 57.226 1000788 35.52107 -96.77004 3.335 1.65
2011 11 7 22 43 39.272 1000789 35.52869 -96.76328 5.374 1.00
2011 11 7 22 51 54.280 1000790 35.53407 -96.76171 5.369 0.80
2011 11 7 22 53 35.335 1000791 35.51574 -96.77929 2.945 1.41
2011 11 7 23 0 11.023 1000792 35.52603 -96.76906 3.374 0.91
2011 11 7 23 12 28.036 1000793 35.52023 -96.78745 5.109 1.36
2011 11 7 23 25 22.908 1000794 35.55486 -96.75508 3.636 1.12
2011 11 7 23 25 31.127 1000795 35.51875 -96.78500 4.724 0.79
2011 11 7 23 27 12.237 1000796 35.55450 -96.75049 2.194 0.66
2011 11 7 23 30 4.404 1000797 35.51612 -96.77876 2.922 1.19
2011 11 7 23 35 14.265 1000798 35.52554 -96.77353 5.576 1.56
2011 11 7 23 39 22.298 1000799 35.53604 -96.74584 2.177 0.99
2011 11 7 23 53 57.229 1000800 35.51453 -96.78163 1.525 1.76
2011 11 7 23 56 36.228 1000801 35.52154 -96.77369 2.857 0.92
2011 11 7 23 57 55.127 1000802 35.52103 -96.77391 1.690 1.21
2011 11 8 2 45 12.055 1000803 35.49133 -96.82829 3.628 1.47
2011 11 8 2 46 57.040 1000804 35.52030 -96.79050 4.000 4.58
2011 11 8 3 5 7.121 1000805 35.51942 -96.79080 3.861 3.01
2011 11 8 15 14 19.759 1000806 35.53025 -96.76524 5.471 0.82
2011 11 8 15 19 15.715 1000807 35.50285 -96.80303 5.268 0.77
2011 11 8 15 21 12.494 1000808 35.51139 -96.78391 2.434 0.85
2011 11 8 15 21 38.549 1000809 35.53087 -96.76099 5.555 0.76
2011 11 8 15 46 4.399 1000810 35.51825 -96.77714 1.787 1.09
2011 11 8 15 59 59.404 1000811 35.51392 -96.78270 1.518 0.64
2011 11 8 16 16 55.453 1000812 35.52955 -96.76343 5.163 0.70
2011 11 8 16 19 2.089 1000813 35.52916 -96.76524 5.201 0.71
2011 11 8 16 36 8.619 1000814 35.52946 -96.76369 5.329 0.73
2011 11 8 17 18 32.400 1000815 35.51762 -96.78666 5.416 1.42
2011 11 8 18 12 7.407 1000816 35.51166 -96.79772 7.097 1.11
2011 11 8 18 13 22.447 1000817 35.51241 -96.79012 5.332 0.88
2011 11 8 18 14 23.434 1000818 35.53877 -96.75651 2.857 1.07
2011 11 8 18 25 3.862 1000819 35.53325 -96.76064 5.164 0.59
2011 11 8 18 30 29.134 1000820 35.53089 -96.76116 4.910 1.56
2011 11 8 18 32 10.538 1000821 35.53872 -96.75648 2.948 0.69
2011 11 8 18 33 16.818 1000822 35.51635 -96.78681 4.687 0.57
2011 11 8 18 38 36.603 1000823 35.52365 -96.77130 4.378 1.24
2011 11 8 18 50 54.382 1000824 35.53889 -96.75652 3.058 1.08
2011 11 8 18 57 58.029 1000825 35.49584 -96.81584 3.127 0.95
2011 11 8 19 5 17.981 1000826 35.51792 -96.78485 4.640 3.50
2011 11 8 19 25 2.168 1000827 35.51773 -96.78433 4.488 0.97
2011 11 8 19 44 5.749 1000828 35.52464 -96.77007 3.793 0.84
2011 11 9 10 11 40.484 1000829 35.51837 -96.79532 4.091 2.76
2011 11 9 12 8 36.471 1000830 35.52445 -96.77116 3.181 3.15
2011 11 10 0 9 10.475 1000831 35.51311 -96.79674 7.124 1.99
2011 11 10 1 25 51.558 1000832 35.51204 -96.78561 3.367 1.69
2011 11 10 4 5 54.586 1000833 35.52906 -96.77081 5.755 1.41
2011 11 10 4 22 58.605 1000834 35.52954 -96.76433 5.101 1.71
2011 11 10 4 58 13.836 1000835 35.51787 -96.78754 5.519 1.41
2011 11 10 5 8 25.908 1000836 35.52959 -96.76454 5.254 1.71
2011 11 10 5 14 48.664 1000837 35.52934 -96.76504 5.237 1.86
2011 11 10 5 33 41.658 1000838 35.51705 -96.79501 4.999 1.65
2011 11 10 6 47 4.702 1000839 35.51587 -96.77883 3.206 2.04
2011 11 10 6 54 59.060 1000840 35.51515 -96.78002 3.280 1.59
2011 11 10 7 28 28.910 1000841 35.51136 -96.78708 3.890 1.73
2011 11 10 7 53 35.107 1000842 35.51902 -96.78362 5.543 1.45
2011 11 10 7 54 18.382 1000843 35.51453 -96.78094 3.510 2.28
2011 11 10 8 5 55.622 1000844 35.51286 -96.78437 3.391 1.48
2011 11 10 8 35 39.007 1000845 35.51615 -96.78491 6.563 1.36
2011 11 10 8 36 38.321 1000846 35.47873 -96.85144 4.012 3.14
2011 11 10 8 44 41.298 1000847 35.52741 -96.77164 6.108 1.85
2011 11 10 9 0 27.092 1000848 35.50438 -96.79553 4.047 2.49
2011 11 10 9 0 44.488 1000849 35.50523 -96.79553 4.057 2.49
2011 11 10 9 8 59.084 1000850 35.45493 -96.74267 3.404 2.41
2011 11 10 9 18 18.802 1000851 35.45602 -96.74265 3.499 1.61
2011 11 10 9 24 16.329 1000852 35.47744 -96.85396 4.258 1.92
2011 11 10 9 27 2.038 1000853 35.45568 -96.74288 3.475 1.63
2011 11 10 9 41 29.376 1000854 35.47919 -96.85300 3.729 2.37
2011 11 10 10 30 12.371 1000855 35.51832 -96.78403 4.425 1.74
2011 11 10 11 2 59.353 1000856 35.51470 -96.78970 8.199 1.70
2011 11 10 12 19 24.056 1000857 35.54766 -96.75409 4.319 1.51
2011 11 10 13 31 7.653 1000858 35.45733 -96.74149 3.578 1.92
2011 11 10 17 38 28.114 1000859 35.52141 -96.77373 3.241 1.93
2011 11 10 18 46 48.665 1000860 35.52877 -96.76684 6.004 1.54
2011 11 10 19 21 20.112 1000861 35.53112 -96.75910 4.777 1.99
2011 11 10 19 31 38.016 1000862 35.45605 -96.74273 3.581 1.79
2011 11 10 19 43 45.557 1000863 35.45694 -96.74162 3.486 1.77
2011 11 10 20 42 24.699 1000864 35.53797 -96.74795 4.390 1.60
2011 11 10 21 5 33.150 1000865 35.54640 -96.75860 3.850 0.61
2011 11 10 21 48 34.645 1000866 35.52849 -96.76533 4.847 2.27
2011 11 10 21 48 45.918 1000867 35.52173 -96.77322 3.122 2.20
2011 11 10 21 49 35.891 1000868 35.45669 -96.74192 3.527 2.31
2011 11 10 21 53 16.773 1000869 35.52633 -96.76779 3.652 1.41
2011 11 10 22 3 36.499 1000870 35.45654 -96.74173 3.448 2.15
2011 11 10 22 7 27.502 1000871 35.45602 -96.74272 3.484 1.74
2011 11 10 22 30 49.106 1000872 35.52873 -96.76560 5.357 2.03
2011 11 10 22 46 23.118 1000873 35.51948 -96.78452 5.809 2.22
2011 11 11 1 0 37.585 1000874 35.51567 -96.77963 3.127 1.78
2011 11 11 2 26 38.458 1000875 35.52571 -96.76978 3.484 1.60
2011 11 11 2 33 51.979 1000876 35.45734 -96.74064 3.381 1.45
2011 11 11 3 5 4.522 1000877 35.49375 -96.82267 4.728 1.73
2011 11 11 3 16 7.698 1000878 35.52131 -96.77961 6.237 1.48
2011 11 11 10 29 0.882 1000879 35.52149 -96.77501 2.997 2.60
2011 11 11 19 19 15.421 1000880 35.53057 -96.76043 4.410 2.93
2011 11 12 1 18 42.442 1000881 35.53917 -96.74171 4.329 2.82
2011 11 12 1 41 2.701 1000882 35.52940 -96.76294 5.298 2.77
2011 11 12 3 56 54.307 1000883 35.52563 -96.76966 2.917 2.43
2011 11 12 8 55 40.757 1000884 35.49383 -96.82296 4.683 2.33
2011 11 14 1 38 32.858 1000885 35.51290 -96.78982 6.515 2.49
2011 11 14 1 59 5.474 1000886 35.51850 -96.78828 3.743 1.67
2011 11 14 2 1 3.736 1000887 35.51841 -96.78922 3.580 0.72
2011 11 14 5 31 41.640 1000888 35.51216 -96.78524 3.379 3.22
2011 11 14 5 37 26.498 1000889 35.51700 -96.77730 2.837 2.09
2011 11 14 6 14 3.385 1000890 35.51551 -96.77943 3.264 1.84
2011 11 14 7 14 53.975 1000891 35.52997 -96.76358 5.251 1.90
2011 11 14 8 27 29.129 1000892 35.52765 -96.77083 5.603 2.06
2011 11 14 12 16 20.460 1000893 35.52979 -96.76416 5.199 2.00
2011 11 14 13 45 36.550 1000894 35.53373 -96.75610 4.449 1.87
2011 11 14 16 11 43.233 1000895 35.53003 -96.76349 5.165 1.80
2011 11 14 20 26 39.189 1000896 35.53741 -96.76172 3.789 2.33
2011 11 14 23 48 36.259 1000897 35.47055 -96.87221 4.028 2.61
2011 11 15 0 48 37.904 1000898 35.52986 -96.76369 5.400 1.73
2011 11 15 0 57 12.176 1000899 35.52199 -96.77771 5.017 2.19
2011 11 15 6 20 40.556 1000900 35.51735 -96.78780 6.423 2.08
2011 11 15 6 35 22.200 1000901 35.51210 -96.79826 7.112 1.93
2011 11 15 9 46 30.514 1000902 35.53334 -96.76102 5.014 2.04
2011 11 15 11 24 13.231 1000903 35.45552 -96.74297 3.497 1.68
2011 11 15 14 22 38.788 1000904 35.53026 -96.76303 5.191 1.74
2011 11 15 16 4 40.620 1000905 35.55131 -96.75276 2.445 2.02
2011 11 16 0 32 28.063 1000906 35.50551 -96.80250 4.493 1.71
2011 11 16 0 39 9.445 1000907 35.51831 -96.78536 5.184 1.68
2011 11 16 2 52 41.528 1000908 35.45795 -96.74025 3.391 1.93
2011 11 16 3 52 39.177 1000909 35.45795 -96.74012 3.372 1.86
2011 11 16 3 58 34.450 1000910 35.45559 -96.74373 3.537 1.72
2011 11 16 5 17 10.856 1000911 35.51899 -96.78778 5.123 2.54
2011 11 16 6 16 42.938 1000912 35.46047 -96.73805 3.528 1.70
2011 11 16 7 21 23.055 1000913 35.54577 -96.75732 3.833 1.72
2011 11 16 8 34 31.395 1000914 35.51181 -96.79855 7.101 1.84
2011 11 16 12 14 8.429 1000915 35.53078 -96.76445 9.225 2.19
2011 11 16 15 27 15.966 1000916 35.51753 -96.78437 4.767 2.50
2011 11 16 17 10 51.337 1000917 35.50915 -96.77386 9.618 2.89
2011 11 17 2 6 23.207 1000918 35.49867 -96.81426 5.307 1.96
2011 11 17 9 3 10.598 1000919 35.52045 -96.77269 7.431 1.93
2011 11 17 10 57 33.622 1000920 35.53056 -96.76825 5.370 1.91
2011 11 17 12 0 56.868 1000921 35.53119 -96.76204 4.732 2.01
2011 11 17 12 6 43.165 1000922 35.53119 -96.76213 4.803 2.11
2011 11 17 15 53 25.275 1000923 35.53004 -96.75904 2.263 0.62
2011 11 17 16 15 15.412 1000924 35.54243 -96.75783 3.573 0.85
2011 11 17 16 31 22.279 1000925 35.52979 -96.75996 2.170 0.67
2011 11 17 20 51 16.496 1000926 35.53799 -96.75735 3.272 2.26
2011 11 17 21 22 20.914 1000927 35.51446 -96.78956 8.026 1.91
2011 11 17 23 2 0.455 1000928 35.50914 -96.77926 4.888 0.81
2011 11 18 4 45 46.012 1000929 35.51700 -96.78688 6.030 2.32
2011 11 18 5 50 40.210 1000930 35.52852 -96.76957 4.989 2.17
2011 11 18 7 41 7.503 1000931 35.53633 -96.75902 8.818 2.80
2011 11 20 5 54 1.859 1000932 35.54531 -96.75497 3.797 2.70
2011 11 21 10 45 37.790 1000933 35.54349 -96.75408 3.330 2.45
2011 11 21 21 46 8.915 1000934 35.50448 -96.80671 5.448 2.84
2011 11 22 7 39 58.004 1000935 35.52307 -96.77525 8.550 2.19
2011 11 23 15 15 12.534 1000936 35.52987 -96.76439 5.073 0.89
2011 11 23 17 57 8.336 1000937 35.50701 -96.81336 5.771 0.71
2011 11 23 19 6 57.300 1000938 35.52421 -96.77075 2.011 0.56
2011 11 23 23 7 55.402 1000939 35.52222 -96.76345 5.471 0.78
2011 11 23 23 37 29.353 1000940 35.51566 -96.77924 2.880 0.83
2011 11 24 21 11 3.803 1000941 35.53834 -96.76475 7.869 3.37
2011 11 25 21 24 28.959 1000942 35.51150 -96.75743 5.073 3.10
2011 11 29 9 22 32.798 1000943 35.53066 -96.76867 5.425 2.70
2011 11 29 21 58 44.239 1000944 35.55066 -96.74768 4.057 0.77
2011 11 30 0 37 7.407 1000945 35.53862 -96.76399 2.109 0.77
2011 11 30 4 55 38.089 1000946 35.51682 -96.78990 5.597 0.57
2011 12 1 10 18 16.530 1000947 35.54274 -96.76005 2.946 2.52
2011 12 3 4 42 11.436 1000948 35.52729 -96.76700 9.145 2.79
2011 12 3 15 45 0.766 1000949 35.53126 -96.76217 4.744 2.64
2011 12 6 19 0 52.059 1000950 35.52650 -96.76984 5.140 2.60
2011 12 7 21 33 20.933 1000951 35.52711 -96.78540 4.702 0.71
2011 12 7 22 2 15.302 1000952 35.53714 -96.75556 4.142 0.78
2011 12 8 1 26 14.140 1000953 35.49700 -96.81840 3.580 0.73
2011 12 8 3 36 33.975 1000954 35.53246 -96.75611 3.907 0.62
2011 12 8 5 34 10.626 1000955 35.53808 -96.75616 4.236 0.47
2011 12 9 16 46 50.144 1000956 35.47328 -96.86476 4.257 2.54
2011 12 22 4 14 33.480 1000957 35.49512 -96.82544 5.229 2.51
2011 11 7 0 0 24.793 2 35.52159 -96.77208 1.442 0.59
2011 11 7 0 2 18.154 7 35.51812 -96.77357 3.125 -0.05
2011 11 7 0 3 3.786 10 35.49271 -96.82036 3.374 0.66
2011 11 7 0 6 13.287 14 35.52437 -96.77052 3.176 1.18
2011 11 7 0 7 17.588 15 35.50146 -96.80996 3.157 1.42
2011 11 7 0 7 54.318 18 35.52912 -96.77034 5.440 0.62
2011 11 7 0 9 2.706 20 35.49421 -96.82332 4.044 1.78
2011 11 7 0 12 18.525 26 35.50652 -96.79868 2.611 0.92
2011 11 7 0 15 48.824 39 35.52632 -96.77445 5.658 0.15
2011 11 7 0 16 40.737 41 35.54086 -96.76019 2.971 0.73
2011 11 7 0 19 36.493 49 35.46314 -96.86855 4.553 0.84
2011 11 7 0 23 8.077 62 35.50289 -96.80663 2.955 1.05
2011 11 7 0 23 42.206 64 35.51903 -96.77444 1.503 0.57
2011 11 7 0 23 57.474 65 35.51367 -96.78277 3.092 0.64
2011 11 7 0 25 3.286 66 35.53376 -96.74971 2.459 -0.38
2011 11 7 0 25 16.465 67 35.51347 -96.78396 3.368 0.67
2011 11 7 0 25 58.238 69 35.51282 -96.78485 3.142 0.60
2011 11 7 0 26 45.640 72 35.52448 -96.77037 4.463 0.75
2011 11 7 0 30 17.774 81 35.52612 -96.76953 3.443 -0.36
2011 11 7 0 30 33.466 82 35.52400 -96.77011 3.655 0.04
2011 11 7 0 31 11.919 84 35.52424 -96.77062 1.962 -0.35
2011 11 7 0 32 53.123 91 35.52493 -96.77187 4.437 -0.37
2011 11 7 0 33 2.660 92 35.51690 -96.78202 1.656 0.51
2011 11 7 0 35 56.969 101 35.54194 -96.76195 2.879 -0.28
2011 11 7 0 37 2.184 105 35.52900 -96.76016 2.148 -0.04
2011 11 7 0 37 14.629 106 35.51881 -96.77582 3.538 0.91
2011 11 7 0 37 35.878 108 35.51806 -96.77674 1.513 0.45
2011 11 7 0 38 9.374 109 35.52878 -96.76678 5.825 1.03
2011 11 7 0 38 41.495 110 35.52227 -96.77634 3.471 0.48
2011 11 7 0 40 26.732 118 35.50699 -96.80098 4.890 0.18
2011 11 7 0 42 1.495 125 35.51782 -96.78463 5.338 0.01
2011 11 7 0 44 8.673 131 35.48701 -96.84086 4.332 1.30
2011 11 7 0 44 35.669 132 35.52405 -96.77111 3.530 0.09
2011 11 7 0 45 3.460 135 35.52867 -96.76838 3.896 1.05
2011 11 7 0 45 18.037 136 35.50027 -96.80470 2.637 0.93
2011 11 7 0 46 49.822 141 35.49998 -96.80670 2.636 0.74
2011 11 7 0 48 10.550 146 35.50045 -96.80821 1.522 1.25
2011 11 7 0 48 59.640 148 35.51417 -96.78098 3.076 0.01
2011 11 7 0 50 19.395 151 35.51750 -96.78385 4.361 0.20
2011 11 7 0 51 13.773 154 35.52948 -96.76897 5.143 -0.14
2011 11 7 0 51 26.884 155 35.53103 -96.76973 5.128 -0.41
2011 11 7 0 52 1.176 157 35.53990 -96.75751 3.025 -0.30
2011 11 7 0 52 38.851 159 35.52664 -96.76875 3.786 1.33
2011 11 7 0 54 15.255 163 35.49708 -96.81720 3.310 1.25
2011 11 7 0 54 32.902 164 35.49842 -96.81369 3.140 1.91
2011 11 7 0 56 20.752 170 35.53400 -96.76239 5.185 0.27
2011 11 7 0 58 17.571 175 35.51981 -96.77307 3.219 0.12
2011 11 7 0 58 46.514 177 35.51632 -96.77860 2.912 0.58
2011 11 7 1 1 43.921 185 35.53033 -96.76143 4.763 1.09
2011 11 7 1 2 4.241 186 35.51360 -96.78404 1.578 0.83
2011 11 7 1 2 40.313 188 35.52810 -96.76752 2.295 -0.28
2011 11 7 1 4 8.030 193 35.53375 -96.74978 2.515 0.66
2011 11 7 1 5 26.322 198 35.50538 -96.80451 1.917 0.64
2011 11 7 1 6 0.642 200 35.51082 -96.78823 3.404 2.11
2011 11 7 1 6 39.151 202 35.52291 -96.77009 1.922 1.19
2011 11 7 1 7 14.682 204 35.52234 -96.77021 1.529 1.63
2011 11 7 1 8 29.359 207 35.54306 -96.75915 2.903 -0.09
2011 11 7 1 9 26.472 209 35.51182 -96.78780 3.610 0.19
2011 11 7 1 10 3.814 212 35.52605 -96.77164 5.972 0.51
2011 11 7 1 12 12.194 218 35.52518 -96.76686 1.548 0.59
2011 11 7 1 12 47.282 221 35.52316 -96.77048 1.624 -0.16
2011 11 7 1 13 40.513 224 35.51411 -96.78008 2.800 0.39
2011 11 7 1 14 19.195 227 35.50753 -96.78800 2.699 -0.19
2011 11 7 1 14 36.771 228 35.52056 -96.77159 3.201 0.27
2011 11 7 1 16 24.767 234 35.50319 -96.80681 3.188 0.64
2011 11 7 1 22 47.661 248 35.53499 -96.75958 4.855 1.06
2011 11 7 1 24 5.703 253 35.49187 -96.85081 1.296 1.97
2011 11 7 1 24 31.240 254 35.51981 -96.77380 2.366 0.39
2011 11 7 1 25 27.675 256 35.49184 -96.85086 1.288 0.68
2011 11 7 1 26 12.095 260 35.54059 -96.75949 3.084 -0.10
2011 11 7 1 31 25.164 273 35.51785 -96.77596 3.049 1.45
2011 11 7 1 32 0.853 275 35.50166 -96.80162 3.127 0.62
2011 11 7 1 33 26.792 282 35.50129 -96.81088 3.364 1.27
2011 11 7 1 34 2.553 285 35.50307 -96.80844 3.449 0.33
2011 11 7 1 34 43.899 289 35.52091 -96.77202 1.576 0.75
2011 11 7 1 35 36.689 294 35.52919 -96.76709 4.057 1.25
2011 11 7 1 37 57.153 305 35.53366 -96.74975 2.521 0.08
2011 11 7 1 40 18.900 311 35.52947 -96.76596 5.660 -0.43
2011 11 7 1 41 31.177 315 35.52732 -96.76731 4.668 0.81
2011 11 7 1 42 39.606 319 35.52595 -96.76729 4.689 2.02
2011 11 7 1 47 5.252 336 35.54239 -96.75957 2.942 -0.11
2011 11 7 1 47 36.682 337 35.53904 -96.75603 2.989 0.53
2011 11 7 1 48 26.727 341 35.52086 -96.77274 1.494 0.53
2011 11 7 1 50 43.850 348 35.50118 -96.81031 3.170 0.11
2011 11 7 1 51 0.786 349 35.52947 -96.76013 1.981 -0.17
2011 11 7 1 52 8.248 353 35.51851 -96.78245 5.071 -0.45
2011 11 7 1 52 17.951 354 35.52171 -96.77362 2.440 1.44
2011 11 7 1 52 34.748 355 35.52438 -96.77371 4.442 0.83
2011 11 7 1 54 24.565 358 35.53516 -96.76530 4.939 0.23
2011 11 7 1 55 45.028 364 35.52269 -96.77322 2.340 0.25
2011 11 7 1 58 55.106 374 35.55485 -96.75117 2.502 -0.01
2011 11 7 2 0 11.214 377 35.52118 -96.77162 1.599 0.51
2011 11 7 2 1 31.883 379 35.50707 -96.79322 3.888 0.46
2011 11 7 2 4 16.138 387 35.50804 -96.79852 5.121 1.02
2011 11 7 2 4 38.822 389 35.51739 -96.78285 5.417 0.07
2011 11 7 2 5 35.810 394 35.52064 -96.77082 3.218 1.00
2011 11 7 2 6 16.717 396 35.49616 -96.82077 3.863 1.06
2011 11 7 2 6 25.562 397 35.51974 -96.77390 1.635 1.26
2011 11 7 2 7 0.585 399 35.51971 -96.77382 1.580 1.07
2011 11 7 2 8 9.271 401 35.54075 -96.75997 3.003 0.08
2011 11 7 2 8 22.968 402 35.52505 -96.77041 3.531 -0.01
2011 11 7 2 8 47.667 404 35.53973 -96.75625 2.839 0.10
2011 11 7 2 9 2.460 405 35.53089 -96.76189 4.882 0.20
2011 11 7 2 9 13.910 406 35.52455 -96.76839 3.981 1.50
2011 11 7 2 9 29.620 407 35.51937 -96.77396 1.443 0.18
2011 11 7 2 10 9.784 409 35.55553 -96.75012 3.724 1.21
2011 11 7 2 12 53.517 422 35.54362 -96.75396 3.573 -0.48
2011 11 7 2 13 31.117 424 35.49994 -96.80597 2.514 0.20
2011 11 7 2 14 38.623 429 35.51716 -96.77761 1.411 0.71
2011 11 7 2 15 0.563 430 35.51753 -96.78428 4.413 1.46
2011 11 7 2 17 3.659 438 35.55674 -96.74815 2.677 0.84
2011 11 7 2 18 36.995 442 35.51942 -96.77325 1.540 -0.07
2011 11 7 2 19 58.593 448 35.52974 -96.76502 5.060 0.81
2011 11 7 2 20 20.577 449 35.52234 -96.77048 1.467 0.59
2011 11 7 2 20 59.937 452 35.52964 -96.75942 2.087 -0.37
2011 11 7 2 21 58.509 458 35.53481 -96.75820 4.361 0.38
2011 11 7 2 22 45.803 460 35.52298 -96.77276 3.855 0.08
2011 11 7 2 23 2.239 461 35.52933 -96.76552 5.060 2.01
2011 11 7 2 25 31.896 471 35.51926 -96.77381 1.514 0.11
2011 11 7 2 26 1.839 473 35.54002 -96.75887 6.435 0.45
2011 11 7 2 27 27.168 477 35.51975 -96.77264 3.208 -0.20
2011 11 7 2 28 10.562 481 35.52965 -96.76532 5.114 -0.01
2011 11 7 2 30 20.152 491 35.49393 -96.82569 3.808 0.56
2011 11 7 2 31 46.931 496 35.49642 -96.81920 3.598 0.77
2011 11 7 2 32 59.705 501 35.51149 -96.78215 2.455 -0.05
2011 11 7 2 33 16.892 503 35.50261 -96.80785 2.925 0.57
2011 11 7 2 34 3.462 506 35.52534 -96.77022 2.156 -0.05
2011 11 7 2 34 24.383 507 35.51723 -96.78472 4.514 0.63
2011 11 7 2 34 50.497 508 35.51967 -96.77312 3.207 0.16
2011 11 7 2 35 46.061 510 35.54728 -96.75577 2.949 0.59
2011 11 7 2 36 5.375 512 35.52179 -96.77347 1.771 0.32
2011 11 7 2 40 47.121 521 35.54112 -96.76041 3.036 0.15
2011 11 7 2 42 49.980 527 35.54662 -96.75557 2.460 1.95
2011 11 7 2 43 46.399 531 35.54059 -96.76045 3.025 -0.02
2011 11 7 2 44 47.977 536 35.49491 -96.87347 1.097 1.49
2011 11 7 2 48 32.543 545 35.51835 -96.78360 4.484 0.02
2011 11 7 2 49 57.149 548 35.52245 -96.77060 2.002 1.21
2011 11 7 2 50 18.634 549 35.52304 -96.76954 2.070 1.19
2011 11 7 2 51 10.569 551 35.53066 -96.76191 4.977 0.72
2011 11 7 2 52 6.863 554 35.53250 -96.76257 5.220 -0.41
2011 11 7 2 52 55.965 557 35.52121 -96.77244 1.611 0.22
2011 11 7 2 59 38.777 576 35.52523 -96.77237 5.381 0.98
2011 11 7 2 59 46.639 577 35.51884 -96.78481 6.023 -0.23
2011 11 7 3 0 49.663 580 35.52985 -96.76308 5.323 2.57
2011 11 7 3 1 6.021 581 35.52986 -96.76328 5.311 1.18
2011 11 7 3 1 46.065 582 35.52968 -96.76185 2.277 1.14
2011 11 7 3 2 13.732 585 35.51840 -96.77580 3.281 0.94
2011 11 7 3 3 54.954 593 35.52544 -96.77044 4.215 -0.45
2011 11 7 3 4 19.591 594 35.50658 -96.80118 5.069 0.53
2011 11 7 3 7 8.894 602 35.53644 -96.75856 4.736 -0.04
2011 11 7 3 7 17.203 603 35.51865 -96.78876 4.790 1.50
2011 11 7 3 7 47.376 606 35.50775 -96.80151 4.703 1.81
2011 11 7 3 9 4.852 609 35.51421 -96.78239 2.947 -0.55
2011 11 7 3 10 21.570 613 35.52444 -96.76993 3.836 -0.32
2011 11 7 3 10 47.944 614 35.52161 -96.77152 1.748 0.29
2011 11 7 3 11 58.649 618 35.51460 -96.78203 1.465 0.14
2011 11 7 3 12 6.935 619 35.52037 -96.77279 3.287 -0.03
2011 11 7 3 12 13.675 620 35.51476 -96.78275 1.488 -0.14
2011 11 7 3 12 32.371 622 35.53078 -96.76094 4.397 0.04
2011 11 7 3 13 18.628 625 35.51860 -96.77531 1.545 -0.04
2011 11 7 3 13 55.591 627 35.52503 -96.76952 1.798 1.86
2011 11 7 3 14 15.668 628 35.52271 -96.77041 1.913 0.58
2011 11 7 3 15 38.847 632 35.52289 -96.77058 1.991 0.62
2011 11 7 3 15 47.647 633 35.48887 -96.83683 4.403 2.24
2011 11 7 3 17 22.707 637 35.52009 -96.77975 4.599 1.69
2011 11 7 3 18 0.520 638 35.52291 -96.76831 2.619 0.08
2011 11 7 3 18 52.297 639 35.51816 -96.78422 5.493 0.29
2011 11 7 3 19 5.922 640 35.49894 -96.81074 3.710 1.05
2011 11 7 3 19 15.754 641 35.52911 -96.76838 2.050 0.98
2011 11 7 3 21 3.619 648 35.50521 -96.76555 2.955 -0.04
2011 11 7 3 24 12.428 660 35.52895 -96.76378 5.222 0.10
2011 11 7 3 25 43.391 667 35.51974 -96.79635 4.827 0.24
2011 11 7 3 26 25.415 669 35.51933 -96.79500 4.866 0.48
2011 11 7 3 27 49.454 673 35.53066 -96.76235 5.296 -0.31
2011 11 7 3 27 59.051 674 35.53414 -96.76008 3.197 0.05
2011 11 7 3 28 36.166 676 35.51867 -96.78576 5.197 -0.48
2011 11 7 3 28 44.897 677 35.53916 -96.75599 2.856 -0.01
2011 11 7 3 28 58.548 678 35.52180 -96.77221 1.635 0.50
2011 11 7 3 29 39.635 681 35.51143 -96.78266 2.193 -0.18
2011 11 7 3 30 9.089 683 35.52512 -96.77287 3.970 -0.09
2011 11 7 3 30 53.927 685 35.53920 -96.75570 2.752 0.43
2011 11 7 3 31 20.021 687 35.51835 -96.78176 4.256 0.67
2011 11 7 3 31 38.937 688 35.49613 -96.81765 3.150 -0.34
2011 11 7 3 33 21.752 695 35.49634 -96.81962 3.769 0.36
2011 11 7 3 35 55.509 700 35.52714 -96.77092 5.173 0.72
2011 11 7 3 36 51.716 702 35.52894 -96.76319 5.386 0.70
2011 11 7 3 37 30.665 705 35.51648 -96.77777 1.453 2.55
2011 11 7 3 37 43.880 706 35.51571 -96.77978 1.544 1.42
2011 11 7 3 38 12.444 707 35.51603 -96.77969 1.584 1.16
2011 11 7 3 39 9.204 710 35.52566 -96.76981 5.168 -0.01
2011 11 7 3 39 55.477 714 35.52966 -96.76499 5.269 -0.15
2011 11 7 3 40 12.472 715 35.52946 -96.76504 5.219 1.35
2011 11 7 3 41 19.104 719 35.51575 -96.78038 3.179 -0.35
2011 11 7 3 41 29.972 720 35.53011 -96.76444 5.218 0.13
2011 11 7 3 45 0.388 733 35.49961 -96.86804 0.261 1.67
2011 11 7 3 46 48.665 741 35.52948 -96.76476 5.157 -0.53
2011 11 7 3 47 50.301 745 35.51989 -96.78068 4.968 0.21
2011 11 7 3 48 18.615 746 35.53040 -96.76192 4.658 0.36
2011 11 7 3 49 55.152 751 35.53177 -96.75570 3.900 0.55
2011 11 7 3 50 57.145 755 35.52993 -96.76464 5.113 0.47
2011 11 7 3 52 21.690 758 35.50316 -96.80672 3.160 0.47
2011 11 7 3 53 6.879 762 35.50331 -96.80555 2.840 0.22
2011 11 7 3 55 29.508 772 35.52372 -96.77177 3.200 -0.10
2011 11 7 3 56 10.023 774 35.50026 -96.81124 3.300 0.47
2011 11 7 3 56 41.909 775 35.51857 -96.77492 1.513 0.38
2011 11 7 3 57 57.027 777 35.52921 -96.76060 2.186 0.75
2011 11 7 3 58 36.280 779 35.51207 -96.78509 2.798 0.13
2011 11 7 3 59 27.164 781 35.53065 -96.76793 5.236 0.99
2011 11 7 3 59 44.595 782 35.52718 -96.76831 3.770 0.25
2011 11 7 4 3 20.859 797 35.49544 -96.82220 3.764 0.18
2011 11 7 4 3 29.352 798 35.52969 -96.76500 5.208 -0.43
2011 11 7 4 4 17.683 800 35.51954 -96.77266 3.237 1.78
2011 11 7 4 5 46.606 805 35.51952 -96.77795 3.380 -0.04
2011 11 7 4 6 23.859 807 35.50062 -96.80769 2.420 0.83
2011 11 7 4 7 0.112 808 35.50102 -96.81111 3.347 1.56
2011 11 7 4 8 53.161 812 35.52274 -96.77002 1.958 1.60
2011 11 7 4 9 18.680 813 35.49814 -96.81032 3.607 -0.46
2011 11 7 4 10 1.284 816 35.52987 -96.76368 5.123 0.04
2011 11 7 4 11 8.702 819 35.53987 -96.75222 4.367 0.86
2011 11 7 4 12 44.762 824 35.50950 -96.80063 4.932 0.54
2011 11 7 4 13 26.439 827 35.51938 -96.77322 3.208 0.35
2011 11 7 4 13 35.046 828 35.51774 -96.78441 5.405 0.47
2011 11 7 4 16 35.942 833 35.52960 -96.76471 5.255 -0.30
2011 11 7 4 17 5.160 834 35.52973 -96.76440 5.221 0.06
2011 11 7 4 17 14.132 835 35.52947 -96.76422 5.295 -0.07
2011 11 7 4 18 4.552 837 35.52966 -96.76405 5.187 0.08
2011 11 7 4 19 26.126 843 35.52278 -96.77313 3.994 0.18
2011 11 7 4 20 10.062 847 35.49504 -96.81984 3.581 0.14
2011 11 7 4 21 2.827 851 35.52339 -96.76901 3.081 -0.75
2011 11 7 4 21 12.480 852 35.51786 -96.77660 3.144 0.28
2011 11 7 4 21 45.661 854 35.52994 -96.75920 5.576 0.13
2011 11 7 4 23 57.561 860 35.52145 -96.77467 2.836 -0.53
2011 11 7 4 27 51.490 873 35.52014 -96.77396 1.578 0.03
2011 11 7 4 28 36.652 875 35.51896 -96.77517 3.115 -0.72
2011 11 7 4 28 52.227 876 35.53609 -96.75938 4.580 0.45
2011 11 7 4 30 33.180 880 35.53043 -96.76913 5.350 0.02
2011 11 7 4 31 21.175 884 35.53984 -96.75758 3.140 0.79
2011 11 7 4 31 44.177 885 35.52990 -96.76728 5.578 0.53
2011 11 7 4 32 18.380 886 35.54095 -96.76017 2.450 0.39
2011 11 7 4 33 31.607 891 35.54116 -96.76100 3.362 1.96
2011 11 7 4 33 45.262 892 35.50289 -96.80518 3.214 1.10
2011 11 7 4 35 20.133 896 35.49323 -96.82374 3.552 2.33
2011 11 7 4 36 24.039 898 35.52899 -96.76076 2.197 1.76
2011 11 7 4 37 36.149 900 35.53227 -96.75881 3.150 -0.35
2011 11 7 4 38 52.961 907 35.52368 -96.76208 5.986 0.77
2011 11 7 4 39 17.414 909 35.53317 -96.76494 3.699 1.65
2011 11 7 4 39 23.934 910 35.53428 -96.76176 5.185 0.40
2011 11 7 4 39 36.084 911 35.52802 -96.76715 4.514 -0.80
2011 11 7 4 41 56.472 919 35.54359 -96.75940 2.740 0.48
2011 11 7 4 42 42.799 922 35.51906 -96.77501 2.999 0.47
2011 11 7 4 44 17.522 930 35.53826 -96.74434 2.164 -0.26
2011 11 7 4 46 16.436 939 35.52088 -96.76975 2.784 -0.05
2011 11 7 4 48 45.184 949 35.52991 -96.76433 4.474 -0.25
2011 11 7 4 48 53.467 950 35.53032 -96.76335 5.119 -0.19
2011 11 7 4 49 26.025 951 35.53846 -96.73712 5.017 0.76
2011 11 7 4 55 0.366 968 35.53830 -96.74424 2.245 -0.85
2011 11 7 4 55 34.499 969 35.52648 -96.76996 5.049 1.39
2011 11 7 4 57 30.031 972 35.52644 -96.76997 5.074 1.44
2011 11 7 4 58 6.224 974 35.53383 -96.74949 2.364 -0.52
2011 11 7 5 1 49.897 988 35.51844 -96.77597 3.437 -1.26
2011 11 7 5 2 11.779 990 35.51864 -96.79423 4.812 2.15
2011 11 7 5 2 49.926 992 35.52893 -96.76042 2.204 1.13
2011 11 7 5 3 8.055 993 35.50285 -96.80648 3.043 0.31
2011 11 7 5 3 23.006 994 35.52960 -96.76095 2.173 0.76
2011 11 7 5 3 53.469 995 35.49741 -96.81463 2.910 0.87
2011 11 7 5 4 20.611 996 35.51915 -96.77473 1.606 -0.01
2011 11 7 5 5 37.856 1000 35.52119 -96.77209 1.392 1.10
2011 11 7 5 7 0.738 1003 35.52846 -96.76461 4.379 -0.83
2011 11 7 5 8 26.070 1009 35.55313 -96.75226 2.608 -0.12
2011 11 7 5 8 43.732 1010 35.53667 -96.75858 4.733 0.48
2011 11 7 5 8 56.436 1011 35.53122 -96.76109 5.688 0.20
2011 11 7 5 10 45.884 1017 35.51852 -96.77357 3.214 -0.29
2011 11 7 5 11 39.871 1020 35.48712 -96.83920 4.515 0.72
2011 11 7 5 12 46.010 1025 35.52182 -96.77177 1.603 -0.49
2011 11 7 5 13 16.858 1027 35.52162 -96.77109 1.532 -0.59
2011 11 7 5 13 28.167 1028 35.52774 -96.77008 4.702 -0.35
2011 11 7 5 14 7.846 1031 35.53391 -96.74980 2.529 -0.49
2011 11 7 5 14 28.385 1032 35.49654 -96.82213 3.224 0.51
2011 11 7 5 15 18.574 1034 35.53289 -96.76251 4.869 -0.26
2011 11 7 5 15 59.276 1035 35.51925 -96.77425 1.650 0.24
2011 11 7 5 16 21.800 1036 35.52926 -96.75913 2.395 0.07
2011 11 7 5 16 29.403 1037 35.49624 -96.81652 3.009 -0.05
2011 11 7 5 17 14.622 1039 35.52390 -96.77202 2.981 -0.54
2011 11 7 5 17 56.200 1042 35.55056 -96.75466 2.568 -0.37
2011 11 7 5 18 2.175 1043 35.52172 -96.77265 3.857 -0.04
2011 11 7 5 18 26.516 1044 35.53193 -96.76009 4.715 0.32
2011 11 7 5 18 57.986 1046 35.53822 -96.74481 2.144 0.32
2011 11 7 5 19 26.969 1047 35.51735 -96.78608 4.239 1.08
2011 11 7 5 20 8.192 1050 35.49830 -96.80993 3.853 1.45
2011 11 7 5 20 31.732 1051 35.51808 -96.78321 4.484 0.68
2011 11 7 5 22 14.620 1057 35.52110 -96.77187 1.565 0.51
2011 11 7 5 22 25.596 1058 35.52800 -96.76030 2.647 0.57
2011 11 7 5 23 1.581 1060 35.52203 -96.76913 2.558 0.67
2011 11 7 5 26 59.619 1075 35.50157 -96.80183 3.130 0.16
2011 11 7 5 27 27.848 1076 35.52190 -96.78195 6.143 0.66
2011 11 7 5 28 15.835 1079 35.52180 -96.78107 6.069 0.67
2011 11 7 5 28 57.212 1081 35.52937 -96.76035 2.169 0.98
2011 11 7 5 29 34.915 1085 35.52076 -96.77129 1.328 0.84
2011 11 7 5 30 1.676 1087 35.48738 -96.83831 4.449 1.76
2011 11 7 5 30 54.315 1088 35.52392 -96.77501 4.031 0.96
2011 11 7 5 31 31.786 1091 35.52339 -96.77063 4.007 -0.17
2011 11 7 5 31 47.660 1093 35.49325 -96.82118 1.069 0.54
2011 11 7 5 32 51.102 1097 35.52942 -96.76199 4.553 2.03
2011 11 7 5 33 9.927 1098 35.52926 -96.76171 4.533 0.18
2011 11 7 5 33 33.382 1099 35.49688 -96.81750 3.410 0.16
2011 11 7 5 33 45.945 1100 35.52863 -96.76073 2.138 1.62
2011 11 7 5 34 10.921 1102 35.53615 -96.75931 4.805 0.27
2011 11 7 5 38 41.815 1117 35.51920 -96.77356 3.330 -0.47
2011 11 7 5 39 30.345 1120 35.49913 -96.81369 3.107 -0.28
2011 11 7 5 40 16.222 1123 35.49563 -96.81807 3.370 1.87
2011 11 7 5 40 36.924 1124 35.54014 -96.75705 3.062 1.26
2011 11 7 5 43 18.387 1135 35.53505 -96.76060 4.703 -0.43
2011 11 7 5 43 24.452 1136 35.53010 -96.76346 5.215 -0.43
2011 11 7 5 43 42.082 1138 35.52080 -96.77077 3.137 0.88
2011 11 7 5 43 55.094 1139 35.52946 -96.75927 2.126 0.30
2011 11 7 5 45 19.036 1145 35.54076 -96.76038 3.006 0.68
2011 11 7 5 45 33.186 1146 35.52968 -96.76921 5.476 -0.66
2011 11 7 5 46 4.838 1148 35.52323 -96.76951 1.547 -0.29
2011 11 7 5 48 18.222 1153 35.52115 -96.77022 1.587 1.16
2011 11 7 5 51 3.537 1159 35.51731 -96.78978 4.423 0.13
2011 11 7 5 51 16.839 1160 35.52937 -96.76358 5.303 1.79
2011 11 7 5 52 47.708 1166 35.53837 -96.73715 5.009 1.64
2011 11 7 5 54 10.614 1171 35.52919 -96.76911 2.179 0.24
2011 11 7 5 54 52.188 1174 35.53800 -96.74448 2.197 -0.09
2011 11 7 5 55 41.164 1176 35.53051 -96.75996 5.121 -0.23
2011 11 7 5 55 56.560 1177 35.52009 -96.77338 3.164 0.23
2011 11 7 5 57 5.080 1180 35.52622 -96.77022 2.800 -0.69
2011 11 7 5 57 57.391 1184 35.53467 -96.75599 2.778 -0.71
2011 11 7 5 58 21.606 1185 35.51689 -96.77803 3.165 0.30
2011 11 7 5 58 59.329 1186 35.52860 -96.76073 2.121 1.58
2011 11 7 5 59 13.419 1187 35.46466 -96.87017 4.768 0.31
2011 11 7 5 59 43.060 1189 35.51831 -96.78543 5.382 2.02
2011 11 7 6 2 9.594 1199 35.49490 -96.81835 3.406 0.35
2011 11 7 6 2 29.293 1200 35.52914 -96.76041 2.300 0.51
2011 11 7 6 2 44.924 1201 35.53154 -96.75989 4.408 0.02
2011 11 7 6 3 5.057 1203 35.52302 -96.77947 3.569 -0.67
2011 11 7 6 3 54.120 1205 35.52937 -96.76127 2.378 0.76
2011 11 7 6 5 16.711 1208 35.51788 -96.78441 4.392 0.12
2011 11 7 6 6 1.615 1211 35.52593 -96.77178 4.282 0.78
2011 11 7 6 6 30.025 1214 35.50829 -96.80134 4.737 0.71
2011 11 7 6 8 21.992 1221 35.52462 -96.77068 2.951 0.44
2011 11 7 6 8 48.252 1223 35.51634 -96.77712 1.692 0.09
2011 11 7 6 9 30.816 1225 35.51668 -96.78253 1.643 -0.03
2011 11 7 6 10 31.603 1228 35.51835 -96.77519 2.900 0.49
2011 11 7 6 11 1.000 1230 35.52458 -96.77019 1.655 0.39
2011 11 7 6 12 12.991 1235 35.52037 -96.77183 1.338 -0.08
2011 11 7 6 13 2.683 1238 35.53134 -96.76661 5.877 0.27
2011 11 7 6 13 39.817 1239 35.49847 -96.81427 3.485 0.11
2011 11 7 6 13 56.157 1240 35.51843 -96.77544 1.627 0.82
2011 11 7 6 15 2.918 1245 35.52428 -96.76135 5.963 0.34
2011 11 7 6 15 25.903 1247 35.53365 -96.76063 3.208 0.07
2011 11 7 6 15 47.755 1248 35.53428 -96.75996 3.030 -0.21
2011 11 7 6 15 55.713 1249 35.53467 -96.75976 3.060 0.41
2011 11 7 6 16 58.986 1253 35.51706 -96.77706 3.115 0.75
2011 11 7 6 17 23.270 1254 35.51726 -96.77727 3.120 0.81
2011 11 7 6 18 19.650 1257 35.51191 -96.78238 2.380 0.84
2011 11 7 6 19 16.938 1260 35.51763 -96.78411 4.569 0.76
2011 11 7 6 19 44.207 1262 35.55576 -96.74946 2.599 0.87
2011 11 7 6 21 7.864 1268 35.52880 -96.76077 2.224 1.56
2011 11 7 6 21 52.588 1271 35.52948 -96.76192 5.279 -0.31
2011 11 7 6 22 13.228 1272 35.53945 -96.75693 1.936 2.40
2011 11 7 6 23 5.344 1273 35.52784 -96.76839 2.826 1.00
2011 11 7 6 23 45.391 1276 35.52949 -96.76108 2.190 1.54
2011 11 7 6 25 10.834 1284 35.54640 -96.75745 3.471 -1.14
2011 11 7 6 25 24.389 1285 35.51858 -96.79436 4.808 1.40
2011 11 7 6 26 55.864 1291 35.50763 -96.80024 5.061 1.12
2011 11 7 6 27 8.094 1292 35.51478 -96.78513 3.788 0.05
2011 11 7 6 27 27.633 1293 35.52850 -96.76102 2.332 1.07
2011 11 7 6 27 54.182 1295 35.52137 -96.77104 3.049 -0.69
2011 11 7 6 28 7.864 1296 35.52884 -96.76085 2.264 1.74
2011 11 7 6 29 3.130 1300 35.51682 -96.77781 2.903 1.33
2011 11 7 6 29 17.593 1301 35.51718 -96.77733 2.864 -0.49
2011 11 7 6 29 30.236 1302 35.52860 -96.77030 5.326 -0.28
2011 11 7 6 30 2.200 1304 35.52505 -96.77248 4.363 0.54
2011 11 7 6 31 28.170 1310 35.49361 -96.82897 4.659 1.54
2011 11 7 6 32 4.798 1313 35.55334 -96.75191 2.494 -0.00
2011 11 7 6 32 11.583 1314 35.51538 -96.77825 2.946 -0.38
2011 11 7 6 32 38.823 1316 35.53952 -96.75772 3.049 0.73
2011 11 7 6 34 28.853 1322 35.54015 -96.75790 2.971 0.01
2011 11 7 6 34 41.570 1323 35.53901 -96.75538 3.084 -0.12
2011 11 7 6 35 27.078 1326 35.52056 -96.77296 1.550 0.05
2011 11 7 6 35 59.433 1329 35.52032 -96.77345 1.714 -0.09
2011 11 7 6 36 58.760 1332 35.51767 -96.77657 3.187 0.29
2011 11 7 6 39 0.979 1336 35.49906 -96.80781 2.403 0.12
2011 11 7 6 39 9.160 1337 35.52071 -96.77671 3.047 -0.83
2011 11 7 6 39 34.853 1339 35.52926 -96.76043 2.281 0.93
2011 11 7 6 39 50.160 1341 35.51602 -96.77848 3.112 -0.68
2011 11 7 6 40 45.578 1345 35.53064 -96.76991 5.136 2.38
2011 11 7 6 42 27.923 1351 35.52945 -96.75943 2.140 0.14
2011 11 7 6 43 30.980 1355 35.52034 -96.77296 1.613 -0.39
2011 11 7 6 45 0.683 1359 35.53427 -96.76082 4.243 -0.09
2011 11 7 6 45 26.451 1360 35.50732 -96.79304 3.827 0.99
2011 11 7 6 45 57.602 1363 35.52979 -96.76323 5.328 -0.62
2011 11 7 6 47 13.905 1367 35.52904 -96.76132 2.230 0.84
2011 11 7 6 48 12.578 1372 35.53419 -96.76008 3.156 0.09
2011 11 7 6 49 10.421 1373 35.51112 -96.78279 2.402 1.28
2011 11 7 6 51 6.001 1383 35.53364 -96.74945 2.412 -0.05
2011 11 7 6 51 28.580 1385 35.50032 -96.80596 1.866 1.05
2011 11 7 6 52 16.372 1389 35.46693 -96.87590 3.857 0.75
2011 11 7 6 53 41.940 1394 35.55174 -96.75318 2.439 0.36
2011 11 7 6 54 47.196 1400 35.54560 -96.75770 3.374 -0.38
2011 11 7 6 56 33.404 1408 35.52174 -96.77347 1.646 1.32
2011 11 7 6 57 12.493 1411 35.52959 -96.76176 4.811 0.01
2011 11 7 6 58 13.690 1414 35.51828 -96.77727 2.000 1.20
2011 11 7 6 58 39.039 1415 35.52097 -96.77382 1.612 0.14
2011 11 7 6 58 50.649 1416 35.51960 -96.78068 4.671 1.27
2011 11 7 6 59 6.865 1417 35.52986 -96.76073 2.216 0.82
2011 11 7 6 59 22.062 1418 35.49670 -96.81724 3.281 1.80
2011 11 7 7 0 2.286 1419 35.49682 -96.81797 3.386 1.76
2011 11 7 7 1 57.881 1425 35.52956 -96.76415 4.954 -0.58
2011 11 7 7 2 37.828 1428 35.52599 -96.76711 3.509 0.90
2011 11 7 7 2 54.644 1430 35.52930 -96.76124 2.506 0.28
2011 11 7 7 3 18.216 1432 35.51409 -96.78073 2.775 -0.02
2011 11 7 7 6 12.184 1446 35.51599 -96.77898 2.928 1.15
2011 11 7 7 6 53.744 1448 35.49714 -96.81786 3.642 -0.16
2011 11 7 7 7 32.640 1450 35.52023 -96.77803 3.526 -0.23
2011 11 7 7 8 17.418 1453 35.51880 -96.77525 2.845 -0.21
2011 11 7 7 8 32.246 1454 35.49790 -96.81573 2.911 0.75
2011 11 7 7 9 1.453 1456 35.52410 -96.76970 3.545 1.19
2011 11 7 7 11 38.079 1466 35.51031 -96.78545 1.970 0.43
2011 11 7 7 13 13.182 1471 35.52649 -96.76817 4.400 -0.17
2011 11 7 7 14 0.190 1473 35.52173 -96.76688 2.734 1.61
2011 11 7 7 14 17.347 1474 35.49992 -96.80984 3.728 -0.36
2011 11 7 7 14 39.380 1476 35.53163 -96.76329 5.272 -0.42
2011 11 7 7 15 38.424 1479 35.54281 -96.75908 4.498 0.26
2011 11 7 7 16 31.643 1481 35.52987 -96.76477 5.107 0.09
2011 11 7 7 17 18.356 1483 35.51789 -96.78600 5.112 -0.37
2011 11 7 7 18 26.091 1486 35.53096 -96.76845 5.293 0.31
2011 11 7 7 19 9.556 1489 35.46800 -96.86157 3.106 0.97
2011 11 7 7 20 3.812 1491 35.49334 -96.84741 1.062 -0.01
2011 11 7 7 21 10.552 1494 35.52419 -96.76975 3.109 0.23
2011 11 7 7 22 2.335 1497 35.51813 -96.78477 4.573 0.99
2011 11 7 7 22 42.155 1499 35.51828 -96.78462 4.536 0.07
2011 11 7 7 25 18.024 1506 35.53469 -96.75980 4.689 -0.31
2011 11 7 7 25 36.900 1507 35.51385 -96.78372 2.977 -0.20
2011 11 7 7 25 55.445 1508 35.52287 -96.77022 1.408 -0.42
2011 11 7 7 27 4.382 1512 35.49850 -96.81487 2.834 0.63
2011 11 7 7 27 26.472 1514 35.53468 -96.76048 4.389 0.91
2011 11 7 7 27 36.493 1515 35.51515 -96.77960 3.101 0.40
2011 11 7 7 29 1.196 1521 35.49856 -96.81573 2.694 1.42
2011 11 7 7 30 31.669 1527 35.51216 -96.78063 2.352 0.72
2011 11 7 7 31 28.935 1530 35.52522 -96.76992 4.022 0.25
2011 11 7 7 32 3.447 1531 35.51337 -96.78374 2.997 1.40
2011 11 7 7 32 19.281 1532 35.51374 -96.78333 3.120 0.70
2011 11 7 7 32 55.730 1534 35.51350 -96.78359 2.974 -0.43
2011 11 7 7 33 25.844 1535 35.53449 -96.75632 2.861 0.04
2011 11 7 7 35 7.632 1540 35.52193 -96.77293 1.710 0.24
2011 11 7 7 35 31.935 1542 35.52902 -96.76049 2.264 0.68
2011 11 7 7 36 23.881 1546 35.52859 -96.76144 2.221 1.08
2011 11 7 7 37 1.874 1548 35.51645 -96.77845 2.848 -0.15
2011 11 7 7 38 31.704 1551 35.54427 -96.75855 2.674 -0.49
2011 11 7 7 38 44.652 1552 35.54579 -96.75690 3.184 -0.72
2011 11 7 7 39 1.632 1553 35.51727 -96.77742 3.161 0.00
2011 11 7 7 39 39.473 1556 35.49720 -96.81534 3.187 1.33
2011 11 7 7 40 18.916 1558 35.52977 -96.76421 5.133 2.11
2011 11 7 7 40 30.122 1559 35.53789 -96.73637 5.028 1.78
2011 11 7 7 40 47.605 1560 35.53832 -96.74439 2.134 -0.05
2011 11 7 7 42 52.707 1567 35.53805 -96.73886 4.999 0.27
2011 11 7 7 43 14.457 1568 35.52055 -96.77210 1.428 1.31
2011 11 7 7 43 39.774 1569 35.52958 -96.76422 5.169 -0.53
2011 11 7 7 45 12.312 1573 35.52933 -96.75980 2.133 1.40
2011 11 7 7 47 25.665 1580 35.53751 -96.74875 4.759 -0.59
2011 11 7 7 47 42.674 1581 35.53350 -96.74961 2.477 0.27
2011 11 7 7 48 42.769 1585 35.52949 -96.76063 2.192 0.52
2011 11 7 7 48 59.222 1586 35.52962 -96.76023 2.199 1.14
2011 11 7 7 50 13.856 1591 35.54552 -96.75795 3.278 1.40
2011 11 7 7 51 21.954 1595 35.52888 -96.76480 5.000 -0.20
2011 11 7 7 51 56.629 1597 35.51971 -96.77248 2.971 -0.32
2011 11 7 7 52 16.695 1598 35.51964 -96.77468 2.682 -0.72
2011 11 7 7 52 35.751 1600 35.53028 -96.76049 1.974 0.45
2011 11 7 7 53 0.784 1602 35.55625 -96.74896 2.588 0.62
2011 11 7 7 54 23.008 1608 35.51450 -96.78600 3.618 -0.06
2011 11 7 7 55 12.427 1611 35.52926 -96.76469 5.014 -0.16
2011 11 7 7 56 3.091 1615 35.49604 -96.81879 3.490 0.04
2011 11 7 7 56 46.446 1618 35.52127 -96.77766 3.724 -0.29
2011 11 7 7 57 0.574 1619 35.51676 -96.77845 3.260 0.97
2011 11 7 7 57 32.671 1620 35.51395 -96.78141 3.591 -0.17
2011 11 7 7 57 43.471 1621 35.52289 -96.76940 1.593 -0.80
2011 11 7 7 58 38.316 1623 35.49771 -96.81568 3.144 0.62
2011 11 7 7 59 22.509 1626 35.49196 -96.85085 1.357 0.26
2011 11 7 7 59 52.407 1627 35.51940 -96.77410 2.890 -0.29
2011 11 7 8 0 27.493 1629 35.45523 -96.74306 3.520 0.36
2011 11 7 8 0 46.197 1630 35.49091 -96.84948 1.798 0.99
2011 11 7 8 3 45.589 1634 35.51923 -96.77209 1.253 -0.20
2011 11 7 8 5 35.255 1640 35.46565 -96.86769 4.326 0.20
2011 11 7 8 6 13.511 1643 35.51898 -96.79026 4.245 -0.30
2011 11 7 8 6 50.656 1645 35.52917 -96.76367 5.260 1.32
2011 11 7 8 8 11.635 1649 35.52568 -96.76943 4.820 0.09
2011 11 7 8 8 49.523 1652 35.53382 -96.74934 2.355 0.66
2011 11 7 8 10 32.476 1659 35.50756 -96.80013 2.927 0.85
2011 11 7 8 10 46.176 1660 35.51887 -96.78198 4.733 0.21
2011 11 7 8 11 32.987 1663 35.52979 -96.76598 2.213 -0.19
2011 11 7 8 12 7.961 1665 35.51913 -96.77515 1.697 -0.07
2011 11 7 8 13 25.827 1669 35.52550 -96.77230 3.712 1.92
2011 11 7 8 14 5.671 1671 35.53947 -96.75705 1.938 3.51
2011 11 7 8 14 46.172 1673 35.51446 -96.78106 3.297 0.43
2011 11 7 8 15 11.546 1674 35.53425 -96.75997 3.175 1.19
2011 11 7 8 15 19.523 1675 35.53431 -96.75999 3.129 1.33
2011 11 7 8 15 42.981 1677 35.50292 -96.80615 2.947 0.53
2011 11 7 8 16 23.795 1679 35.50145 -96.80725 2.756 0.72
2011 11 7 8 17 3.235 1682 35.50114 -96.80738 2.831 0.22
2011 11 7 8 17 23.857 1683 35.51818 -96.77731 3.284 1.57
2011 11 7 8 17 44.747 1684 35.50264 -96.80682 2.920 0.75
2011 11 7 8 18 0.300 1685 35.52951 -96.75992 2.207 1.10
2011 11 7 8 19 10.580 1689 35.52189 -96.77062 3.527 2.25
2011 11 7 8 21 50.802 1693 35.53441 -96.75985 3.120 0.72
2011 11 7 8 22 47.984 1698 35.52165 -96.77154 2.883 0.86
2011 11 7 8 23 18.149 1700 35.53418 -96.76027 3.250 -0.15
2011 11 7 8 23 28.119 1701 35.45680 -96.74329 3.796 0.86
2011 11 7 8 23 49.845 1702 35.50361 -96.80552 3.120 0.46
2011 11 7 8 25 2.115 1705 35.52094 -96.77470 1.666 0.57
2011 11 7 8 25 12.292 1706 35.50289 -96.80637 2.757 -0.45
2011 11 7 8 26 33.821 1712 35.51988 -96.77338 2.846 -0.43
2011 11 7 8 26 42.661 1713 35.51904 -96.78922 4.373 2.42
2011 11 7 8 27 28.535 1714 35.52013 -96.79028 4.207 0.78
2011 11 7 8 28 52.466 1719 35.52932 -96.77025 5.233 0.86
2011 11 7 8 29 13.476 1720 35.52100 -96.77553 2.888 -0.16
2011 11 7 8 29 48.533 1722 35.51994 -96.76851 3.096 1.50
2011 11 7 8 31 1.217 1724 35.53911 -96.75558 2.810 0.24
2011 11 7 8 31 26.722 1725 35.52216 -96.77933 3.501 0.51
2011 11 7 8 31 39.558 1726 35.52101 -96.77238 1.571 0.31
2011 11 7 8 32 13.996 1727 35.50952 -96.78726 2.558 -0.12
2011 11 7 8 32 59.561 1728 35.51927 -96.77307 3.232 2.23
2011 11 7 8 34 57.528 1734 35.52140 -96.77442 3.737 0.78
2011 11 7 8 35 25.217 1737 35.51860 -96.78304 4.750 0.29
2011 11 7 8 37 15.656 1745 35.52107 -96.77316 2.603 -0.90
2011 11 7 8 37 38.619 1746 35.52274 -96.76735 2.592 0.44
2011 11 7 8 37 53.243 1747 35.51693 -96.77731 1.444 0.71
2011 11 7 8 38 2.820 1748 35.51633 -96.77754 1.498 -0.36
2011 11 7 8 38 17.826 1749 35.52140 -96.76807 2.584 -0.47
2011 11 7 8 39 54.520 1753 35.52016 -96.76614 2.108 0.12
2011 11 7 8 40 11.572 1754 35.52542 -96.76571 4.367 0.10
2011 11 7 8 41 50.530 1759 35.53516 -96.76407 3.593 1.08
2011 11 7 8 43 25.096 1764 35.52788 -96.76818 5.452 -0.80
2011 11 7 8 46 19.725 1777 35.51917 -96.77608 1.975 1.06
2011 11 7 8 47 11.451 1781 35.53429 -96.76007 3.099 -0.25
2011 11 7 8 47 36.138 1782 35.51602 -96.77839 2.887 -0.20
2011 11 7 8 47 57.905 1784 35.53433 -96.75981 3.159 1.51
2011 11 7 8 48 31.593 1786 35.50774 -96.79312 3.934 1.05
2011 11 7 8 49 5.611 1788 35.52507 -96.76879 4.028 -0.15
2011 11 7 8 49 27.921 1789 35.52891 -96.76076 2.244 1.79
2011 11 7 8 49 46.577 1790 35.53391 -96.74956 2.491 0.03
2011 11 7 8 49 56.166 1791 35.53063 -96.76024 2.144 0.46
2011 11 7 8 50 33.439 1793 35.52290 -96.77016 1.922 0.83
2011 11 7 8 50 48.645 1794 35.51218 -96.78621 2.464 1.80
2011 11 7 8 52 25.937 1801 35.49245 -96.84924 1.158 2.83
2011 11 7 8 53 19.178 1803 35.52422 -96.76869 3.886 0.60
2011 11 7 8 54 41.420 1808 35.52754 -96.77016 5.952 1.63
2011 11 7 8 54 59.025 1809 35.53428 -96.75980 3.112 -0.38
2011 11 7 8 56 11.509 1813 35.52868 -96.76087 2.204 2.20
2011 11 7 8 56 38.785 1815 35.52890 -96.77009 5.317 1.30
2011 11 7 8 56 47.060 1816 35.52275 -96.77041 2.052 0.11
2011 11 7 8 57 18.668 1818 35.52844 -96.76116 2.222 1.19
2011 11 7 8 58 22.859 1821 35.53395 -96.74930 2.350 -0.07
2011 11 7 8 58 36.309 1822 35.52879 -96.76106 2.190 2.49
2011 11 7 8 59 0.621 1824 35.52927 -96.76070 2.121 0.99
2011 11 7 8 59 8.960 1825 35.52871 -96.76068 2.184 1.37
2011 11 7 8 59 26.026 1826 35.53555 -96.75654 4.378 1.05
2011 11 7 9 0 31.978 1833 35.52144 -96.77454 3.362 -0.76
2011 11 7 9 2 13.822 1839 35.53415 -96.76019 3.149 0.23
2011 11 7 9 3 19.122 1844 35.49744 -96.81556 3.189 1.89
2011 11 7 9 4 7.835 1846 35.50268 -96.80645 3.027 0.38
2011 11 7 9 4 39.465 1848 35.52805 -96.76134 2.234 1.39
2011 11 7 9 4 54.793 1849 35.50308 -96.80699 3.097 0.11
2011 11 7 9 5 26.681 1850 35.53428 -96.76042 3.109 0.34
2011 11 7 9 6 38.577 1852 35.50794 -96.79263 3.894 0.32
2011 11 7 9 7 3.684 1853 35.51783 -96.78318 4.446 1.06
2011 11 7 9 9 54.127 1863 35.52863 -96.77030 5.234 -0.36
2011 11 7 9 10 49.715 1866 35.53379 -96.76023 3.201 0.42
2011 11 7 9 10 57.313 1867 35.53359 -96.76025 3.242 1.12
2011 11 7 9 11 30.216 1871 35.52952 -96.76472 5.125 1.73
2011 11 7 9 12 1.862 1874 35.52984 -96.76481 5.123 -0.09
2011 11 7 9 12 36.737 1876 35.52910 -96.76376 5.209 0.84
2011 11 7 9 12 49.674 1877 35.50012 -96.80697 2.483 1.37
2011 11 7 9 13 30.999 1879 35.53008 -96.76402 5.153 0.81
2011 11 7 9 13 41.286 1880 35.53801 -96.74409 2.209 0.54
2011 11 7 9 14 27.892 1883 35.51803 -96.77595 3.088 0.26
2011 11 7 9 14 42.534 1884 35.52953 -96.76443 5.090 -0.03
2011 11 7 9 15 0.982 1885 35.52968 -96.76440 4.991 -0.37
2011 11 7 9 15 22.065 1886 35.52897 -96.76518 5.071 -0.75
2011 11 7 9 17 55.219 1897 35.53453 -96.75604 2.769 0.82
2011 11 7 9 18 55.493 1900 35.52972 -96.76446 5.198 -0.34
2011 11 7 9 19 59.468 1905 35.49767 -96.81414 2.699 0.70
2011 11 7 9 20 23.768 1906 35.52599 -96.77411 5.289 0.45
2011 11 7 9 22 43.964 1911 35.52096 -96.77351 1.608 -0.17
2011 11 7 9 23 49.153 1915 35.53081 -96.76228 5.018 0.16
2011 11 7 9 24 14.977 1917 35.49525 -96.80716 3.592 0.38
2011 11 7 9 24 35.683 1919 35.51566 -96.78042 3.230 0.98
2011 11 7 9 24 45.874 1920 35.51562 -96.78010 3.303 -0.07
2011 11 7 9 25 1.907 1921 35.51566 -96.78011 3.233 0.45
2011 11 7 9 25 26.815 1923 35.49546 -96.87234 0.947 1.00
2011 11 7 9 25 44.681 1924 35.52809 -96.76728 5.027 1.25
2011 11 7 9 26 5.847 1925 35.53393 -96.76110 4.285 0.46
2011 11 7 9 26 32.734 1927 35.53031 -96.76186 4.987 -0.21
2011 11 7 9 27 53.611 1932 35.52599 -96.76959 3.227 0.13
2011 11 7 9 29 21.116 1935 35.53344 -96.74928 2.754 -0.21
2011 11 7 9 30 32.303 1938 35.53800 -96.73641 5.019 0.95
2011 11 7 9 31 20.703 1942 35.52931 -96.76063 5.140 -0.52
2011 11 7 9 31 54.118 1944 35.51885 -96.77447 1.514 1.92
2011 11 7 9 32 20.545 1946 35.52924 -96.76011 2.115 1.25
2011 11 7 9 32 44.360 1948 35.51721 -96.77527 1.729 0.27
2011 11 7 9 33 40.237 1951 35.51912 -96.77413 1.600 1.63
2011 11 7 9 34 45.694 1952 35.53056 -96.76120 4.736 1.33
2011 11 7 9 35 23.952 1954 35.51901 -96.79389 4.842 0.95
2011 11 7 9 35 33.504 1955 35.53023 -96.76328 5.138 -0.05
2011 11 7 9 36 52.344 1959 35.53357 -96.76030 3.299 0.79
2011 11 7 9 37 4.402 1960 35.55148 -96.75322 2.660 0.05
2011 11 7 9 37 10.801 1961 35.52488 -96.77001 3.144 -0.24
2011 11 7 9 39 12.250 1969 35.52376 -96.77111 3.521 1.00
2011 11 7 9 41 47.727 1979 35.53125 -96.76945 5.063 0.70
2011 11 7 9 43 27.053 1985 35.51895 -96.78649 5.149 -0.27
2011 11 7 9 44 25.713 1989 35.51453 -96.78231 1.510 0.94
2011 11 7 9 46 10.538 1995 35.52196 -96.76950 2.409 0.38
2011 11 7 9 46 48.280 1997 35.51502 -96.78160 1.426 0.17
2011 11 7 9 47 25.565 1999 35.51475 -96.78196 1.454 -0.63
2011 11 7 9 47 38.833 2000 35.50127 -96.81011 3.057 0.58
2011 11 7 9 47 51.828 2001 35.52973 -96.76502 5.129 0.36
2011 11 7 9 48 46.540 2004 35.52208 -96.77102 3.293 0.57
2011 11 7 9 51 53.269 2016 35.51916 -96.77434 1.321 0.64
2011 11 7 9 53 21.858 2020 35.52026 -96.78095 4.980 -0.18
2011 11 7 9 56 0.538 2029 35.51932 -96.78238 4.607 0.12
2011 11 7 9 58 25.904 2034 35.52786 -96.77058 5.274 1.42
2011 11 7 9 59 0.036 2037 35.52862 -96.76123 2.293 1.41
2011 11 7 9 59 31.757 2039 35.53013 -96.76343 5.092 0.33
2011 11 7 10 0 31.779 2043 35.51141 -96.78336 2.385 0.08
2011 11 7 10 1 16.965 2045 35.53846 -96.74344 2.187 1.11
2011 11 7 10 2 12.643 2048 35.53372 -96.74963 2.548 0.27
2011 11 7 10 4 18.918 2057 35.52902 -96.76486 5.142 0.67
2011 11 7 10 4 39.453 2058 35.51518 -96.77920 3.004 0.04
2011 11 7 10 5 2.754 2060 35.53873 -96.73679 4.940 -0.28
2011 11 7 10 5 19.910 2062 35.49857 -96.81423 2.782 0.27
2011 11 7 10 5 30.420 2063 35.46771 -96.86156 2.518 0.68
2011 11 7 10 5 50.004 2064 35.51386 -96.78083 2.822 0.17
2011 11 7 10 6 46.692 2067 35.52928 -96.76406 5.230 -0.29
2011 11 7 10 7 28.950 2069 35.52797 -96.77096 5.300 0.47
2011 11 7 10 8 19.948 2072 35.51558 -96.77968 2.907 -0.57
2011 11 7 10 9 27.541 2076 35.53428 -96.76181 4.095 0.07
2011 11 7 10 10 22.793 2079 35.51722 -96.78511 5.008 0.63
2011 11 7 10 11 34.104 2082 35.52909 -96.75894 1.746 -0.11
2011 11 7 10 12 32.587 2087 35.48781 -96.83913 4.810 1.50
2011 11 7 10 18 16.152 2104 35.50095 -96.81141 3.267 0.04
2011 11 7 10 18 33.713 2105 35.49672 -96.86948 0.896 1.46
2011 11 7 10 18 45.808 2106 35.50098 -96.81185 3.247 0.83
2011 11 7 10 19 13.604 2108 35.53850 -96.73562 5.052 0.08
2011 11 7 10 19 39.679 2109 35.49659 -96.81569 3.125 0.35
2011 11 7 10 20 11.427 2111 35.54074 -96.76058 3.133 -0.17
2011 11 7 10 20 31.850 2112 35.52927 -96.75967 2.143 0.10
2011 11 7 10 22 7.575 2118 35.53839 -96.74886 2.847 0.72
2011 11 7 10 22 46.932 2120 35.52621 -96.76950 3.709 0.47
2011 11 7 10 24 5.890 2124 35.49767 -96.81464 2.652 0.40
2011 11 7 10 26 28.654 2132 35.52800 -96.77084 5.332 0.14
2011 11 7 10 26 48.153 2134 35.52573 -96.76942 3.116 -0.16
2011 11 7 10 28 30.600 2138 35.52214 -96.77977 3.568 -0.08
2011 11 7 10 32 45.791 2150 35.52093 -96.77336 1.639 0.72
2011 11 7 10 34 39.773 2156 35.52084 -96.77376 1.607 -0.29
2011 11 7 10 37 14.760 2164 35.51032 -96.78144 1.877 0.03
2011 11 7 10 37 27.999 2165 35.52828 -96.76968 5.179 1.47
2011 11 7 10 39 6.678 2172 35.53886 -96.74269 2.404 -0.27
2011 11 7 10 39 30.124 2173 35.51775 -96.77707 3.192 -0.34
2011 11 7 10 41 25.936 2182 35.53392 -96.74908 2.352 1.37
2011 11 7 10 43 35.560 2191 35.54116 -96.76265 4.096 1.15
2011 11 7 10 43 55.273 2192 35.52889 -96.77041 5.395 -0.52
2011 11 7 10 44 19.183 2193 35.53094 -96.76825 5.267 -0.07
2011 11 7 10 45 8.318 2196 35.53213 -96.74973 1.994 0.16
2011 11 7 10 45 36.356 2197 35.52914 -96.76998 5.257 0.25
2011 11 7 10 49 6.617 2207 35.52385 -96.77135 2.963 0.06
2011 11 7 10 49 41.742 2210 35.51805 -96.77556 3.290 0.05
2011 11 7 10 49 49.780 2211 35.53352 -96.74944 2.495 1.79
2011 11 7 10 51 53.102 2216 35.52144 -96.77433 1.812 0.10
2011 11 7 10 53 43.752 2221 35.52481 -96.77181 3.335 -0.09
2011 11 7 10 54 35.307 2224 35.51670 -96.78253 1.688 -0.02
2011 11 7 10 56 12.710 2228 35.51793 -96.77529 3.193 1.03
2011 11 7 10 56 54.782 2231 35.51812 -96.77549 3.197 0.38
2011 11 7 10 57 34.804 2234 35.53342 -96.75048 2.299 0.29
2011 11 7 10 59 7.501 2239 35.55655 -96.74865 2.609 0.12
2011 11 7 10 59 16.264 2240 35.53109 -96.76264 5.705 0.41
2011 11 7 11 0 53.921 2242 35.51995 -96.77343 1.558 2.07
2011 11 7 11 1 7.159 2243 35.51932 -96.77399 1.607 0.52
2011 11 7 11 1 31.504 2244 35.51980 -96.77379 1.643 0.42
2011 11 7 11 2 29.960 2246 35.51860 -96.77151 2.729 0.25
2011 11 7 11 3 4.650 2248 35.51047 -96.78383 2.336 0.46
2011 11 7 11 4 43.975 2255 35.51831 -96.77555 3.234 0.30
2011 11 7 11 5 1.695 2256 35.54092 -96.76032 2.973 0.13
2011 11 7 11 6 12.147 2260 35.51803 -96.77597 3.115 0.68
2011 11 7 11 6 28.458 2261 35.53389 -96.74922 2.319 0.58
2011 11 7 11 8 3.788 2267 35.51046 -96.78611 2.804 -0.19
2011 11 7 11 8 45.623 2270 35.55693 -96.74812 2.634 0.60
2011 11 7 11 10 33.289 2276 35.54365 -96.75879 2.689 0.17
2011 11 7 11 11 2.011 2278 35.50091 -96.80723 2.591 0.43
2011 11 7 11 11 16.963 2279 35.51816 -96.77558 1.600 1.11
2011 11 7 11 12 15.519 2282 35.52644 -96.76758 4.290 0.35
2011 11 7 11 13 3.732 2286 35.52883 -96.76104 2.299 1.19
2011 11 7 11 13 37.036 2288 35.53384 -96.74942 2.488 0.58
2011 11 7 11 14 30.482 2290 35.52786 -96.77125 5.368 -0.20
2011 11 7 11 15 47.876 2294 35.53837 -96.74392 2.214 -0.23
2011 11 7 11 17 54.457 2300 35.48471 -96.84884 4.104 2.40
2011 11 7 11 21 29.520 2309 35.53430 -96.75989 4.822 -0.15
2011 11 7 11 21 54.159 2310 35.52749 -96.76432 3.982 0.18
2011 11 7 11 22 49.897 2314 35.53409 -96.74921 2.088 0.10
2011 11 7 11 23 31.012 2316 35.53132 -96.76195 4.870 0.33
2011 11 7 11 24 15.983 2318 35.53356 -96.74916 2.819 -0.28
2011 11 7 11 24 39.845 2320 35.50296 -96.80651 2.760 1.00
2011 11 7 11 25 27.279 2323 35.53240 -96.75795 4.829 0.14
2011 11 7 11 27 29.557 2329 35.52979 -96.76330 5.262 1.25
2011 11 7 11 27 47.359 2331 35.51735 -96.77737 3.145 -0.09
2011 11 7 11 28 44.092 2333 35.51360 -96.78338 3.020 0.21
2011 11 7 11 29 18.073 2334 35.50752 -96.79903 5.060 2.37
2011 11 7 11 29 56.280 2336 35.51744 -96.77664 1.525 0.01
2011 11 7 11 30 28.861 2338 35.55502 -96.75039 2.509 -0.06
2011 11 7 11 32 17.259 2344 35.51720 -96.77721 1.434 0.64
2011 11 7 11 32 57.303 2346 35.51795 -96.77648 1.562 0.51
2011 11 7 11 34 0.188 2350 35.52967 -96.76382 5.358 -0.39
2011 11 7 11 34 24.433 2352 35.49122 -96.85203 1.527 0.65
2011 11 7 11 35 40.154 2358 35.51030 -96.78726 3.628 1.09
2011 11 7 11 38 26.828 2369 35.50936 -96.78522 2.790 0.31
2011 11 7 11 38 55.806 2371 35.50782 -96.80112 4.939 1.15
2011 11 7 11 40 26.656 2374 35.50196 -96.81435 3.219 0.83
2011 11 7 11 41 8.645 2377 35.53010 -96.76298 5.257 1.33
2011 11 7 11 43 57.536 2382 35.49865 -96.81425 3.234 -0.06
2011 11 7 11 44 9.974 2383 35.50021 -96.81087 3.766 0.62
2011 11 7 11 45 6.246 2385 35.55724 -96.74753 2.664 -0.01
2011 11 7 11 46 20.280 2388 35.49662 -96.81836 3.578 -0.32
2011 11 7 11 48 47.519 2399 35.55671 -96.74814 2.672 1.25
2011 11 7 11 49 10.521 2400 35.53981 -96.75723 2.947 0.31
2011 11 7 11 51 33.834 2409 35.52545 -96.76960 3.755 2.30
2011 11 7 11 52 22.631 2411 35.54627 -96.75502 2.363 1.91
2011 11 7 11 54 32.767 2416 35.52413 -96.76448 4.777 -0.82
2011 11 7 11 55 7.978 2419 35.52607 -96.76915 5.015 -0.20
2011 11 7 11 55 19.073 2420 35.52315 -96.76487 6.448 0.46
2011 11 7 11 57 0.994 2424 35.54581 -96.75703 3.200 -0.23
2011 11 7 11 57 32.787 2425 35.51904 -96.78448 5.481 1.45
2011 11 7 11 57 41.281 2426 35.50144 -96.80696 2.438 0.96
2011 11 7 11 58 23.237 2429 35.51595 -96.77952 1.308 0.19
2011 11 7 11 58 30.143 2430 35.52948 -96.75948 2.075 0.66
2011 11 7 11 59 17.957 2432 35.50105 -96.80741 2.567 1.32
2011 11 7 12 0 14.473 2435 35.51596 -96.77732 3.474 0.45
2011 11 7 12 1 21.198 2437 35.51803 -96.77624 1.550 0.62
2011 11 7 12 2 41.457 2438 35.50007 -96.80988 2.158 0.98
2011 11 7 12 3 37.673 2443 35.55445 -96.75054 2.441 0.13
2011 11 7 12 4 25.879 2446 35.51119 -96.78244 2.397 0.52
2011 11 7 12 4 44.803 2448 35.53538 -96.75953 4.382 0.70
2011 11 7 12 6 28.743 2455 35.51454 -96.77936 3.338 0.25
2011 11 7 12 8 26.515 2460 35.51933 -96.77307 3.119 0.22
2011 11 7 12 8 49.736 2461 35.49787 -96.81540 3.362 0.19
2011 11 7 12 9 21.138 2462 35.52910 -96.75971 2.082 1.74
2011 11 7 12 10 13.234 2465 35.52047 -96.77226 1.697 0.17
2011 11 7 12 11 16.919 2469 35.52061 -96.77210 1.489 0.16
2011 11 7 12 13 55.572 2476 35.52887 -96.75939 2.301 1.28
2011 11 7 12 14 13.878 2478 35.52924 -96.75977 2.208 1.73
2011 11 7 12 15 46.969 2482 35.53433 -96.76147 5.182 0.40
2011 11 7 12 16 7.983 2483 35.50133 -96.80710 1.927 0.57
2011 11 7 12 16 27.028 2484 35.50065 -96.80662 1.802 0.84
2011 11 7 12 17 19.553 2488 35.51797 -96.78449 4.599 2.15
2011 11 7 12 18 56.660 2493 35.50071 -96.81063 3.182 2.47
2011 11 7 12 20 13.529 2496 35.51853 -96.78172 1.837 0.62
2011 11 7 12 20 34.608 2497 35.52953 -96.75983 2.056 1.68
2011 11 7 12 20 54.584 2499 35.51894 -96.78978 4.389 -0.22
2011 11 7 12 23 5.455 2506 35.52609 -96.76954 3.751 1.15
2011 11 7 12 24 9.986 2510 35.53025 -96.76479 5.421 -0.59
2011 11 7 12 24 45.531 2514 35.51701 -96.77717 1.409 0.65
2011 11 7 12 27 28.458 2521 35.51965 -96.77403 2.844 -0.32
2011 11 7 12 28 11.765 2523 35.54541 -96.75740 3.231 0.17
2011 11 7 12 28 23.680 2524 35.51640 -96.77890 2.875 1.59
2011 11 7 12 29 7.801 2525 35.54370 -96.75915 2.636 0.32
2011 11 7 12 29 18.384 2526 35.52937 -96.75942 2.167 -0.22
2011 11 7 12 29 31.918 2527 35.51832 -96.77677 3.243 1.34
2011 11 7 12 30 21.008 2530 35.51918 -96.78130 1.896 -0.02
2011 11 7 12 31 37.522 2534 35.52864 -96.76070 2.137 1.04
2011 11 7 12 32 33.521 2536 35.50083 -96.80694 1.860 0.18
2011 11 7 12 32 47.508 2537 35.51856 -96.79431 4.868 1.55
2011 11 7 12 33 0.981 2538 35.52013 -96.77233 1.592 -0.04
2011 11 7 12 33 45.717 2540 35.54364 -96.75919 2.714 0.01
2011 11 7 12 33 56.607 2541 35.52874 -96.76065 2.135 1.92
2011 11 7 12 34 7.034 2542 35.52892 -96.75939 1.518 1.21
2011 11 7 12 35 0.349 2545 35.52082 -96.77118 1.433 -0.07
2011 11 7 12 36 47.511 2550 35.51804 -96.78069 1.707 0.89
2011 11 7 12 39 9.239 2557 35.52000 -96.77356 3.342 -0.05
2011 11 7 12 39 27.750 2558 35.55141 -96.75209 2.942 -0.49
2011 11 7 12 39 34.492 2559 35.52476 -96.77252 4.372 0.36
2011 11 7 12 41 7.428 2562 35.51823 -96.78069 1.802 0.71
2011 11 7 12 42 28.716 2564 35.55704 -96.74830 2.642 0.61
2011 11 7 12 43 41.450 2569 35.50249 -96.80264 2.478 1.34
2011 11 7 12 43 52.694 2570 35.51513 -96.78026 3.001 0.51
2011 11 7 12 44 49.957 2574 35.52921 -96.75910 2.159 -0.36
2011 11 7 12 45 26.546 2577 35.53839 -96.74380 2.186 0.80
2011 11 7 12 45 43.662 2578 35.52940 -96.75933 2.135 0.13
2011 11 7 12 46 8.107 2579 35.53836 -96.74365 2.223 -0.04
2011 11 7 12 46 48.039 2581 35.52331 -96.77132 1.664 0.46
2011 11 7 12 48 8.411 2585 35.53817 -96.74399 2.242 2.96
2011 11 7 12 51 35.609 2591 35.51340 -96.78479 2.904 -0.17
2011 11 7 12 52 27.878 2594 35.50178 -96.80953 3.254 1.54
2011 11 7 12 53 43.198 2598 35.52110 -96.77694 6.107 0.24
2011 11 7 12 56 30.625 2606 35.53864 -96.73518 4.985 1.36
2011 11 7 12 57 39.765 2610 35.51807 -96.79415 4.908 1.28
2011 11 7 12 59 24.623 2615 35.52353 -96.76920 2.135 1.01
2011 11 7 13 1 23.079 2621 35.53870 -96.73537 5.105 -0.42
2011 11 7 13 2 34.519 2625 35.51711 -96.78225 4.259 -0.29
2011 11 7 13 2 52.715 2626 35.54055 -96.75982 2.944 1.02
2011 11 7 13 3 7.602 2628 35.53868 -96.73557 5.076 2.38
2011 11 7 13 4 9.738 2629 35.51803 -96.77741 3.280 1.42
2011 11 7 13 5 8.441 2632 35.52564 -96.77175 4.251 0.99
2011 11 7 13 7 16.682 2639 35.51858 -96.78530 5.334 0.24
2011 11 7 13 7 38.368 2640 35.52907 -96.75955 2.145 -0.46
2011 11 7 13 12 27.905 2651 35.51822 -96.77578 2.944 -0.47
2011 11 7 13 14 3.581 2654 35.51770 -96.77655 3.177 0.47
2011 11 7 13 15 10.729 2658 35.51804 -96.77584 3.213 0.61
2011 11 7 13 15 46.340 2660 35.51792 -96.78214 2.073 0.28
2011 11 7 13 17 7.497 2664 35.52295 -96.76858 2.619 1.54
2011 11 7 13 22 54.737 2679 35.52958 -96.75948 2.189 0.55
2011 11 7 13 25 29.852 2685 35.53930 -96.75701 1.969 2.35
2011 11 7 13 28 39.723 2694 35.54327 -96.76062 2.794 -0.51
2011 11 7 13 28 57.354 2695 35.53728 -96.75492 3.164 -0.39
2011 11 7 13 31 36.656 2701 35.51828 -96.77579 3.070 1.33
2011 11 7 13 31 57.996 2702 35.52955 -96.76218 4.768 0.37
2011 11 7 13 32 31.742 2705 35.52652 -96.76859 5.025 0.75
2011 11 7 13 33 41.033 2711 35.52490 -96.76954 2.333 -0.66
2011 11 7 13 35 35.904 2719 35.53691 -96.76081 4.764 0.45
2011 11 7 13 36 22.612 2721 35.52779 -96.76672 4.661 0.61
2011 11 7 13 37 10.881 2724 35.52944 -96.75928 2.172 0.07
2011 11 7 13 40 46.869 2732 35.52757 -96.77111 5.910 0.37
2011 11 7 13 44 32.849 2745 35.52685 -96.76741 4.038 0.20
2011 11 7 13 47 35.533 2753 35.52030 -96.77307 1.504 -0.37
2011 11 7 13 47 43.552 2754 35.52496 -96.77435 6.353 1.08
2011 11 7 13 54 0.516 2768 35.52142 -96.77412 1.636 0.69
2011 11 7 13 54 34.308 2770 35.50754 -96.80089 4.612 1.52
2011 11 7 13 54 48.697 2771 35.52597 -96.76960 3.501 0.59
2011 11 7 14 1 46.672 2781 35.51468 -96.78323 1.497 0.62
2011 11 7 14 2 10.485 2783 35.51598 -96.77937 1.564 -0.05
2011 11 7 14 3 28.012 2787 35.54012 -96.75789 3.021 0.15
2011 11 7 14 4 42.254 2789 35.52587 -96.76978 3.722 1.24
2011 11 7 14 6 43.483 2794 35.53053 -96.76867 5.094 -0.39
2011 11 7 14 10 10.109 2803 35.53082 -96.76144 4.991 0.58
2011 11 7 14 10 45.666 2806 35.52701 -96.77001 3.287 0.20
2011 11 7 14 12 13.795 2809 35.49632 -96.81799 3.348 0.24
2011 11 7 14 13 35.620 2813 35.50461 -96.80096 2.140 0.19
2011 11 7 14 14 52.421 2817 35.52002 -96.77213 1.411 -0.20
2011 11 7 14 16 25.210 2821 35.52847 -96.76981 5.262 0.60
2011 11 7 14 16 41.886 2822 35.53822 -96.76466 2.137 0.73
2011 11 7 14 17 17.547 2824 35.51723 -96.77772 3.187 1.35
2011 11 7 14 18 31.414 2825 35.51487 -96.78038 2.818 1.04
2011 11 7 14 18 53.536 2826 35.51574 -96.77945 3.005 0.78
2011 11 7 14 19 22.615 2828 35.51538 -96.78048 2.988 0.37
2011 11 7 14 19 31.639 2829 35.52765 -96.76859 5.135 0.30
2011 11 7 14 19 53.646 2831 35.51545 -96.77843 2.849 -0.27
2011 11 7 14 21 30.895 2835 35.51437 -96.78169 3.329 1.10
2011 11 7 14 21 42.639 2836 35.51952 -96.77242 2.591 1.26
2011 11 7 14 23 23.237 2843 35.51900 -96.77548 2.916 2.08
2011 11 7 14 23 54.495 2844 35.52917 -96.76161 5.228 0.47
2011 11 7 14 28 47.834 2860 35.51310 -96.77865 3.236 -0.36
2011 11 7 14 29 30.746 2862 35.50089 -96.81046 2.977 0.07
2011 11 7 14 33 18.406 2867 35.49770 -96.81633 3.012 0.81
2011 11 7 14 34 59.749 2871 35.53950 -96.75699 2.964 0.57
2011 11 7 14 35 53.616 2872 35.52013 -96.77677 1.810 0.12
2011 11 7 14 39 41.687 2880 35.53981 -96.75782 3.127 -0.18
2011 11 7 14 41 7.650 2882 35.53412 -96.76208 5.072 0.53
2011 11 7 14 41 37.663 2884 35.52928 -96.76552 3.725 1.36
2011 11 7 14 45 39.931 2891 35.49331 -96.82583 4.067 0.11
2011 11 7 14 46 57.841 2894 35.53092 -96.76853 6.271 0.20
2011 11 7 14 48 3.883 2898 35.51353 -96.78395 2.972 0.51
2011 11 7 14 50 18.601 2907 35.53368 -96.75075 2.265 0.57
2011 11 7 14 51 50.794 2910 35.53079 -96.76511 5.459 -0.21
2011 11 7 14 52 34.812 2912 35.49678 -96.81711 3.286 1.03
2011 11 7 14 54 45.388 2919 35.52591 -96.77025 4.538 0.94
2011 11 7 14 55 0.480 2920 35.53106 -96.76383 5.162 1.58
2011 11 7 14 55 34.464 2921 35.49764 -96.81489 2.940 1.45
2011 11 7 15 1 8.521 2934 35.51398 -96.78091 2.666 1.79
2011 11 7 15 1 15.432 2935 35.51855 -96.77501 1.664 1.19
2011 11 7 15 1 29.201 2936 35.53228 -96.76387 5.237 0.38
2011 11 7 15 2 43.626 2939 35.53018 -96.77115 5.248 0.87
2011 11 7 15 3 37.875 2942 35.53056 -96.76042 5.436 -0.34
2011 11 7 15 4 47.724 2944 35.53893 -96.74433 2.142 1.17
2011 11 7 15 5 14.863 2945 35.51602 -96.77831 2.815 -0.47
2011 11 7 15 5 29.827 2946 35.51866 -96.77470 1.466 0.40
2011 11 7 15 8 13.714 2954 35.52879 -96.76531 6.173 -0.01
2011 11 7 15 12 49.660 2964 35.52481 -96.77287 5.344 0.38
2011 11 7 15 14 50.739 2969 35.53482 -96.76044 4.716 0.39
2011 11 7 15 15 50.468 2971 35.49574 -96.81813 3.438 1.25
2011 11 7 15 16 58.291 2975 35.53822 -96.73783 5.024 0.19
2011 11 7 15 17 24.500 2977 35.51797 -96.77264 2.885 0.85
2011 11 7 15 20 49.885 2984 35.52054 -96.77276 3.395 1.52
2011 11 7 15 23 20.560 2991 35.49870 -96.81049 5.386 0.54
2011 11 7 15 24 31.540 2994 35.52446 -96.76898 1.596 0.37
2011 11 7 15 27 59.822 3000 35.52107 -96.77323 2.566 -0.29
2011 11 7 15 28 21.133 3002 35.51883 -96.77512 1.650 0.83
2011 11 7 15 32 25.646 3011 35.52806 -96.76788 4.932 2.12
2011 11 7 15 43 18.572 3031 35.52739 -96.77060 5.358 0.63
2011 11 7 15 44 31.661 3034 35.52889 -96.76940 5.295 0.23
2011 11 7 15 46 13.161 3037 35.52430 -96.77335 4.586 0.74
2011 11 7 15 47 17.762 3042 35.53411 -96.76216 5.082 0.75
2011 11 7 15 48 51.543 3047 35.52719 -96.77097 5.186 0.96
2011 11 7 15 50 6.544 3049 35.52681 -96.76731 4.252 1.26
2011 11 7 15 50 29.905 3050 35.52016 -96.77339 1.644 1.04
2011 11 7 15 50 39.211 3051 35.52028 -96.77296 1.472 0.05
2011 11 7 15 54 2.712 3058 35.52303 -96.77082 1.822 0.30
2011 11 7 15 54 17.625 3060 35.53966 -96.75749 3.012 1.24
2011 11 7 15 54 45.787 3061 35.49833 -96.81592 2.702 1.20
2011 11 7 15 57 27.963 3069 35.53231 -96.76093 4.749 -0.01
2011 11 7 15 58 29.679 3073 35.52940 -96.77106 5.280 2.25
2011 11 7 15 59 37.739 3076 35.52023 -96.77280 1.564 1.16
2011 11 7 16 7 10.955 3097 35.48613 -96.84158 4.425 2.11
2011 11 7 16 7 54.550 3099 35.51920 -96.77456 7.442 0.97
2011 11 7 16 10 34.549 3105 35.49838 -96.81623 2.677 1.03
2011 11 7 16 10 57.589 3107 35.49827 -96.81428 2.603 0.65
2011 11 7 16 13 26.749 3109 35.52942 -96.76765 4.216 0.73
2011 11 7 16 14 4.496 3110 35.49770 -96.81417 2.954 2.53
2011 11 7 16 16 43.177 3117 35.52843 -96.77099 5.427 2.91
2011 11 7 16 20 18.409 3122 35.52809 -96.76592 6.753 0.96
2011 11 7 16 22 3.681 3127 35.51906 -96.77424 1.481 1.66
2011 11 7 16 23 30.935 3131 35.51696 -96.77916 1.448 -0.01
2011 11 7 16 24 49.367 3135 35.53298 -96.76210 5.102 0.15
2011 11 7 16 28 56.051 3146 35.51320 -96.78361 2.980 1.12
2011 11 7 16 29 27.646 3148 35.52193 -96.77100 1.623 0.86
2011 11 7 16 30 32.713 3150 35.52354 -96.77036 1.954 0.45
2011 11 7 16 34 5.503 3161 35.55050 -96.75409 2.394 1.74
2011 11 7 16 34 39.891 3163 35.52776 -96.77119 5.380 0.85
2011 11 7 16 36 22.225 3170 35.46897 -96.87350 4.427 1.76
2011 11 7 16 38 25.187 3175 35.50342 -96.80663 1.777 0.81
2011 11 7 16 38 53.344 3178 35.54044 -96.75867 2.109 1.71
2011 11 7 16 43 37.634 3188 35.52686 -96.76994 5.184 0.09
2011 11 7 16 44 59.798 3192 35.52709 -96.77030 5.210 0.24
2011 11 7 16 47 15.522 3197 35.51956 -96.77365 1.453 -0.11
2011 11 7 16 48 52.286 3202 35.49318 -96.82578 4.028 1.30
2011 11 7 16 49 9.325 3203 35.52552 -96.76920 5.063 0.22
2011 11 7 16 51 10.552 3207 35.50075 -96.80825 2.396 2.11
2011 11 7 16 53 31.789 3210 35.49954 -96.80600 2.574 0.50
2011 11 7 16 54 24.544 3212 35.51507 -96.77757 2.990 -0.41
2011 11 7 16 58 15.520 3222 35.52335 -96.77083 1.722 -0.24
2011 11 7 17 0 2.788 3229 35.51370 -96.78380 2.902 0.96
2011 11 7 17 0 58.987 3232 35.51677 -96.77748 1.421 0.96
2011 11 7 17 1 56.003 3236 35.51330 -96.78456 2.949 0.18
2011 11 7 17 4 40.636 3241 35.51426 -96.78059 3.399 0.73
2011 11 7 17 7 43.483 3251 35.52931 -96.76483 5.162 0.09
2011 11 7 17 11 7.837 3261 35.50126 -96.81008 3.143 2.27
2011 11 7 17 13 24.785 3265 35.52962 -96.76509 5.172 0.20
2011 11 7 17 14 33.879 3267 35.51252 -96.77912 2.849 0.31
2011 11 7 17 15 15.204 3269 35.51997 -96.78198 4.566 3.23
2011 11 7 17 17 31.774 3272 35.51979 -96.77366 1.620 0.46
2011 11 7 17 20 35.814 3280 35.49803 -96.81067 3.556 0.48
2011 11 7 17 21 39.362 3282 35.51996 -96.77581 1.841 0.86
2011 11 7 17 25 14.650 3286 35.52292 -96.77094 1.709 0.82
2011 11 7 17 25 30.668 3287 35.53957 -96.75705 3.066 -0.45
2011 11 7 17 26 59.877 3290 35.51983 -96.77524 7.379 1.74
2011 11 7 17 31 24.931 3299 35.52274 -96.77036 2.074 -0.03
2011 11 7 17 32 24.958 3302 35.51959 -96.77471 1.742 0.98
2011 11 7 17 36 41.692 3312 35.51818 -96.78676 5.869 0.08
2011 11 7 17 37 39.557 3315 35.49646 -96.81609 2.988 1.47
2011 11 7 17 39 48.692 3320 35.50761 -96.79269 3.950 1.30
2011 11 7 17 42 10.975 3324 35.52210 -96.76785 2.525 1.06
2011 11 7 17 44 52.474 3330 35.52965 -96.75940 1.805 0.14
2011 11 7 17 48 4.367 3337 35.52297 -96.77107 1.985 0.65
2011 11 7 17 48 19.366 3338 35.53990 -96.75453 2.832 -0.32
2011 11 7 17 49 12.907 3339 35.52216 -96.77274 1.662 2.00
2011 11 7 17 49 41.037 3341 35.52223 -96.77275 1.747 0.74
2011 11 7 17 50 14.668 3343 35.51850 -96.78133 4.331 0.47
2011 11 7 17 54 26.155 3351 35.52260 -96.77251 1.650 0.50
2011 11 7 17 56 25.553 3355 35.53978 -96.75770 3.008 0.48
2011 11 7 17 57 21.144 3356 35.53448 -96.76119 5.102 1.04
2011 11 7 17 58 14.831 3357 35.53438 -96.76141 4.976 0.70
2011 11 7 18 0 55.467 3362 35.51752 -96.77681 1.305 0.56
2011 11 7 18 3 17.746 3367 35.52830 -96.77264 5.639 0.52
2011 11 7 18 4 30.721 3370 35.51921 -96.79417 4.852 0.87
2011 11 7 18 9 56.582 3381 35.51941 -96.79376 4.659 0.36
2011 11 7 18 11 2.913 3386 35.53129 -96.76895 5.115 0.54
2011 11 7 18 12 11.850 3390 35.52160 -96.77335 2.167 1.01
2011 11 7 18 13 55.518 3395 35.51993 -96.77387 2.751 -0.03
2011 11 7 18 17 22.919 3400 35.53712 -96.76192 3.392 0.51
2011 11 7 18 17 43.586 3401 35.52249 -96.77935 3.390 0.54
2011 11 7 18 23 15.874 3408 35.53718 -96.75886 4.541 1.17
2011 11 7 18 25 50.811 3412 35.53372 -96.74973 2.351 1.08
2011 11 7 18 26 49.479 3413 35.53183 -96.76426 3.933 0.43
2011 11 7 18 30 37.835 3416 35.51783 -96.77652 1.604 1.41
2011 11 7 18 31 4.535 3417 35.52102 -96.77044 2.719 1.40
2011 11 7 18 31 23.934 3418 35.52272 -96.77855 3.420 0.56
2011 11 7 18 40 30.077 3432 35.49693 -96.81583 3.106 1.78
2011 11 7 18 43 20.858 3437 35.53849 -96.76040 3.185 0.63
2011 11 7 18 45 11.310 3442 35.51824 -96.77535 1.589 0.74
2011 11 7 18 45 36.338 3443 35.51859 -96.77357 3.314 0.03
2011 11 7 18 47 5.488 3446 35.46592 -96.87828 4.021 2.09
2011 11 7 18 48 49.354 3451 35.46768 -96.87954 4.012 1.33
2011 11 7 18 49 11.766 3452 35.52001 -96.77339 1.600 0.83
2011 11 7 18 49 59.686 3453 35.49394 -96.81746 2.203 1.09
2011 11 7 18 50 42.602 3454 35.51821 -96.78518 4.946 0.62
2011 11 7 18 50 52.664 3455 35.55641 -96.74875 2.581 0.79
2011 11 7 18 51 11.530 3456 35.52837 -96.76083 2.338 0.02
2011 11 7 18 52 26.882 3458 35.50227 -96.80555 2.530 2.88
2011 11 7 18 55 40.069 3463 35.51078 -96.78207 2.405 0.90
2011 11 7 18 56 10.054 3464 35.45546 -96.74322 3.494 1.08
2011 11 7 18 59 54.564 3468 35.52834 -96.76744 4.771 0.94
2011 11 7 19 0 14.597 3469 35.52541 -96.76790 4.302 0.02
2011 11 7 19 0 56.506 3471 35.51777 -96.77695 3.304 1.04
2011 11 7 19 3 53.196 3477 35.51816 -96.77664 3.296 1.03
2011 11 7 19 5 35.666 3478 35.52902 -96.76608 4.815 -0.17
2011 11 7 19 5 45.955 3479 35.53029 -96.75954 2.094 -0.27
2011 11 7 19 6 8.518 3480 35.52373 -96.77129 1.866 0.10
2011 11 7 19 7 3.718 3481 35.55690 -96.74815 2.669 0.41
2011 11 7 19 10 31.413 3485 35.54377 -96.75917 2.720 0.69
2011 11 7 19 10 37.676 3486 35.54366 -96.75941 2.710 0.20
2011 11 7 19 10 51.545 3487 35.54113 -96.76110 3.591 0.54
2011 11 7 19 11 32.688 3488 35.51299 -96.78549 3.565 1.21
2011 11 7 19 16 33.979 3499 35.51991 -96.77290 2.041 -0.29
2011 11 7 19 16 56.741 3500 35.52391 -96.77964 4.120 0.25
2011 11 7 19 17 25.658 3503 35.51703 -96.78242 1.587 -0.00
2011 11 7 19 18 3.188 3506 35.51784 -96.78358 5.427 0.34
2011 11 7 19 18 23.687 3507 35.51633 -96.78289 1.679 0.05
2011 11 7 19 21 44.451 3513 35.51851 -96.77958 3.806 0.46
2011 11 7 19 24 17.696 3517 35.55432 -96.75170 2.074 0.08
2011 11 7 19 25 13.148 3519 35.51427 -96.78213 1.498 0.18
2011 11 7 19 26 57.825 3523 35.55406 -96.75066 2.279 1.04
2011 11 7 19 28 32.474 3527 35.49833 -96.81922 3.715 0.66
2011 11 7 19 30 27.884 3534 35.55480 -96.75030 2.496 0.28
2011 11 7 19 40 23.727 3552 35.54219 -96.75735 2.156 1.79
2011 11 7 19 41 36.879 3554 35.52954 -96.75942 2.032 0.35
2011 11 7 19 42 36.666 3556 35.53288 -96.76083 5.210 0.23
2011 11 7 19 53 1.822 3566 35.51917 -96.78312 4.569 2.02
2011 11 7 20 6 1.728 3586 35.52830 -96.76764 4.646 0.05
2011 11 7 20 6 45.966 3589 35.51254 -96.78075 2.518 0.64
2011 11 7 20 7 15.446 3591 35.53037 -96.76355 4.485 0.11
2011 11 7 20 11 34.251 3598 35.53130 -96.76267 4.398 0.97
2011 11 7 20 11 47.356 3600 35.51434 -96.78208 3.166 0.34
2011 11 7 20 18 47.343 3611 35.53052 -96.76971 5.263 1.15
2011 11 7 20 24 42.685 3621 35.51905 -96.77838 1.617 -0.07
2011 11 7 20 29 25.232 3623 35.52968 -96.76929 5.052 1.04
2011 11 7 20 31 27.823 3626 35.52495 -96.77132 3.309 0.85
2011 11 7 20 32 45.717 3629 35.51803 -96.78379 4.561 2.29
2011 11 7 20 36 57.335 3636 35.48664 -96.84019 4.540 3.01
2011 11 7 20 40 24.573 3639 35.50921 -96.78339 1.918 0.26
2011 11 7 20 42 55.772 3644 35.53113 -96.76044 4.867 1.26
2011 11 7 20 44 27.640 3646 35.51366 -96.78300 3.048 -0.05
2011 11 7 20 49 22.672 3655 35.52293 -96.76932 2.455 0.21
2011 11 7 20 49 33.661 3656 35.53007 -96.76919 5.232 2.24
2011 11 7 20 50 41.455 3660 35.52916 -96.76971 5.241 1.16
2011 11 7 20 51 7.952 3661 35.53074 -96.76967 5.338 0.16
2011 11 7 20 51 50.387 3662 35.51647 -96.77795 2.886 0.41
2011 11 7 20 58 35.016 3669 35.52193 -96.76928 3.532 0.34
2011 11 7 21 1 0.658 3671 35.52330 -96.77227 4.036 0.20
2011 11 7 21 1 27.559 3672 35.49830 -96.81304 5.324 1.55
2011 11 7 21 6 27.852 3678 35.51872 -96.79367 4.660 2.15
2011 11 7 21 7 7.786 3680 35.51901 -96.79502 4.623 0.68
2011 11 7 21 9 15.021 3684 35.52072 -96.77721 3.119 -0.54
2011 11 7 21 10 34.535 3689 35.49175 -96.82377 1.979 1.27
2011 11 7 21 11 36.276 3692 35.51343 -96.78379 3.033 0.54
2011 11 7 21 16 44.747 3701 35.51210 -96.78479 2.413 0.93
2011 11 7 21 19 7.799 3702 35.49840 -96.81288 5.089 0.87
2011 11 7 21 20 42.425 3706 35.52659 -96.76849 4.479 0.51
2011 11 7 21 24 0.937 3713 35.52838 -96.77035 5.293 0.18
2011 11 7 21 38 7.376 3734 35.50928 -96.78640 2.535 0.20
2011 11 7 21 38 18.715 3735 35.52943 -96.75941 2.194 0.82
2011 11 7 21 39 54.986 3739 35.54114 -96.75945 3.099 1.16
2011 11 7 21 42 39.389 3747 35.52690 -96.76762 4.211 1.05
2011 11 7 21 45 43.729 3748 35.53393 -96.74972 2.454 1.77
2011 11 7 21 49 36.591 3754 35.53021 -96.76204 4.876 0.75
2011 11 7 21 52 37.452 3756 35.52807 -96.77047 5.825 0.54
2011 11 7 21 53 11.324 3758 35.50065 -96.81279 3.374 0.65
2011 11 7 21 56 57.934 3762 35.51746 -96.77712 3.100 0.16
2011 11 7 21 59 8.803 3764 35.52156 -96.76964 2.429 0.77
2011 11 7 22 0 58.407 3766 35.53415 -96.76075 4.314 1.54
2011 11 7 22 5 38.295 3773 35.52381 -96.77176 3.803 0.34
2011 11 7 22 8 24.584 3778 35.49878 -96.80819 2.393 1.20
2011 11 7 22 9 55.636 3781 35.52147 -96.77082 1.568 0.96
2011 11 7 22 10 1.748 3782 35.52831 -96.77018 5.666 -0.05
2011 11 7 22 13 12.205 3786 35.52710 -96.76193 5.365 0.80
2011 11 7 22 16 27.915 3794 35.53690 -96.75663 4.733 0.35
2011 11 7 22 19 5.448 3800 35.51372 -96.78146 3.459 0.52
2011 11 7 22 19 43.395 3802 35.52747 -96.76791 4.082 0.29
2011 11 7 22 20 45.827 3805 35.52747 -96.77150 5.315 1.24
2011 11 7 22 21 27.470 3806 35.53544 -96.76159 5.109 1.06
2011 11 7 22 24 43.148 3811 35.52951 -96.76164 2.420 0.72
2011 11 7 22 26 51.225 3816 35.52926 -96.76475 6.040 -0.15
2011 11 7 22 35 47.713 3840 35.52507 -96.77395 6.196 0.64
2011 11 7 22 37 4.543 3844 35.45568 -96.74297 3.495 2.35
2011 11 7 22 40 16.441 3849 35.45727 -96.74437 3.911 0.79
2011 11 7 22 40 25.281 3850 35.50167 -96.80665 2.293 1.37
2011 11 7 22 40 48.770 3851 35.50142 -96.80692 2.603 1.14
2011 11 7 22 46 57.674 3866 35.50070 -96.80732 1.770 0.24
2011 11 7 22 52 42.889 3877 35.55237 -96.75249 2.491 0.44
2011 11 7 22 54 32.946 3881 35.51584 -96.77946 1.492 1.31
2011 11 7 22 54 57.448 3882 35.51667 -96.77804 2.874 0.28
2011 11 7 22 57 0.624 3890 35.52914 -96.76918 5.256 0.68
2011 11 7 22 57 22.714 3891 35.51661 -96.78632 5.090 0.89
2011 11 7 22 59 12.427 3893 35.51866 -96.77397 2.965 0.05
2011 11 7 23 0 19.424 3896 35.53985 -96.75745 3.099 -0.13
2011 11 7 23 1 23.185 3899 35.52837 -96.77134 5.301 0.74
2011 11 7 23 2 35.749 3902 35.49866 -96.81264 5.456 1.57
2011 11 7 23 4 13.541 3905 35.55706 -96.74778 2.709 0.24
2011 11 7 23 5 52.232 3909 35.52264 -96.76973 1.565 -0.16
2011 11 7 23 16 1.555 3925 35.49963 -96.80966 2.886 0.82
2011 11 7 23 16 33.626 3927 35.53985 -96.75779 2.979 0.59
2011 11 7 23 17 3.575 3929 35.52090 -96.77350 3.373 -0.23
2011 11 7 23 19 0.825 3934 35.49744 -96.81716 3.414 1.00
2011 11 7 23 21 56.584 3937 35.53335 -96.75575 2.835 0.46
2011 11 7 23 23 4.691 3940 35.52920 -96.76837 1.723 0.68
2011 11 7 23 26 33.475 3946 35.45534 -96.74348 3.517 1.34
2011 11 7 23 27 6.275 3947 35.49998 -96.80630 2.557 0.48
2011 11 7 23 29 53.336 3953 35.53160 -96.76168 5.535 0.29
2011 11 7 23 31 53.784 3955 35.55697 -96.74804 2.630 0.03
2011 11 7 23 32 11.867 3956 35.53064 -96.76479 5.481 0.15
2011 11 7 23 32 33.073 3957 35.53532 -96.75883 4.466 1.88
2011 11 7 23 33 23.996 3958 35.51632 -96.78313 1.662 0.70
2011 11 7 23 40 40.559 3967 35.52038 -96.77378 2.943 0.12
2011 11 7 23 43 40.705 3969 35.52341 -96.78030 4.092 0.43
2011 11 7 23 47 23.006 3973 35.50579 -96.76489 2.956 0.18
2011 11 7 23 53 35.232 3983 35.49605 -96.82170 3.686 0.56
2011 11 7 23 55 46.640 3988 35.51679 -96.77852 3.087 0.39
2011 11 8 0 0 14.132 3994 35.45764 -96.74104 4.046 0.64
2011 11 8 0 1 24.726 3996 35.50976 -96.77513 3.350 0.08
2011 11 8 0 1 35.099 3997 35.51627 -96.77862 2.971 0.25
2011 11 8 0 1 58.100 3998 35.51808 -96.78486 4.907 0.47
2011 11 8 0 3 32.199 4002 35.53478 -96.76108 4.062 -0.24
2011 11 8 0 3 41.050 4003 35.55506 -96.74973 2.549 0.36
2011 11 8 0 3 51.545 4004 35.53059 -96.76264 4.697 0.76
2011 11 8 0 6 46.523 4010 35.51766 -96.78234 1.650 0.04
2011 11 8 0 7 3.581 4011 35.51846 -96.77256 2.942 0.89
2011 11 8 0 13 27.393 4024 35.51707 -96.77735 2.838 -0.02
2011 11 8 0 13 54.101 4025 35.51602 -96.77803 2.808 -0.31
2011 11 8 0 15 22.237 4026 35.51660 -96.77750 2.844 -0.27
2011 11 8 0 15 57.466 4027 35.53002 -96.76356 4.011 2.24
2011 11 8 0 16 41.951 4028 35.51825 -96.78295 4.526 -0.06
2011 11 8 0 17 11.893 4029 35.52072 -96.77047 2.990 1.28
2011 11 8 0 18 2.293 4031 35.55428 -96.75031 2.505 0.51
2011 11 8 0 20 52.866 4035 35.54545 -96.75868 2.983 -0.10
2011 11 8 0 21 1.749 4036 35.53626 -96.75899 4.699 0.42
2011 11 8 0 21 52.519 4039 35.51969 -96.76955 3.249 0.31
2011 11 8 0 23 7.657 4042 35.52469 -96.77108 2.032 0.13
2011 11 8 0 24 30.666 4045 35.49312 -96.85113 1.724 2.02
2011 11 8 0 28 12.635 4050 35.51894 -96.78651 5.851 0.39
2011 11 8 0 28 38.487 4052 35.51832 -96.78382 4.337 0.35
2011 11 8 0 31 24.753 4058 35.53881 -96.74809 3.082 1.05
2011 11 8 0 32 43.569 4061 35.51106 -96.78336 2.206 0.10
2011 11 8 0 33 43.557 4063 35.51549 -96.77770 3.252 0.38
2011 11 8 0 34 1.768 4064 35.52185 -96.77007 2.586 1.18
2011 11 8 0 35 32.065 4067 35.51707 -96.77720 1.650 0.18
2011 11 8 0 40 10.564 4073 35.51805 -96.77643 1.574 0.80
2011 11 8 0 42 53.358 4076 35.52149 -96.77107 2.218 1.60
2011 11 8 0 46 29.378 4080 35.52765 -96.76777 4.432 0.22
2011 11 8 0 50 16.757 4084 35.51531 -96.78020 3.273 1.29
2011 11 8 0 51 19.408 4086 35.52855 -96.77045 5.692 0.80
2011 11 8 0 51 46.312 4087 35.51554 -96.77991 3.274 0.73
2011 11 8 0 53 53.715 4092 35.53846 -96.74880 2.869 0.96
2011 11 8 0 58 26.984 4096 35.52256 -96.76973 2.273 0.68
2011 11 8 0 59 4.520 4097 35.51431 -96.78425 1.589 1.39
2011 11 8 0 59 11.230 4098 35.51703 -96.78259 1.721 1.09
2011 11 8 1 2 11.865 4101 35.53004 -96.76013 5.752 0.36
2011 11 8 1 2 28.155 4102 35.51492 -96.78068 3.038 -0.20
2011 11 8 1 3 24.187 4103 35.51894 -96.77563 3.029 0.73
2011 11 8 1 3 36.167 4104 35.51586 -96.77996 3.112 1.25
2011 11 8 1 4 1.470 4105 35.51596 -96.77889 3.158 1.38
2011 11 8 1 6 56.732 4108 35.50478 -96.76503 2.853 0.74
2011 11 8 1 11 12.483 4111 35.50337 -96.80237 3.159 0.89
2011 11 8 1 11 40.938 4112 35.51719 -96.77726 3.164 0.25
2011 11 8 1 11 57.158 4113 35.53181 -96.76792 5.446 -0.20
2011 11 8 1 12 17.026 4114 35.51851 -96.78440 5.290 0.09
2011 11 8 1 12 28.787 4115 35.53215 -96.74983 1.961 1.24
2011 11 8 1 12 58.825 4116 35.50544 -96.76529 2.921 0.85
2011 11 8 1 14 49.661 4119 35.52340 -96.77383 4.194 1.05
2011 11 8 1 14 59.477 4120 35.52908 -96.76512 6.085 0.11
2011 11 8 1 15 36.052 4122 35.51880 -96.77996 1.830 0.99
2011 11 8 1 15 58.559 4123 35.50291 -96.80351 2.326 1.10
2011 11 8 1 20 0.918 4129 35.51995 -96.77359 1.724 -0.33
2011 11 8 1 20 12.066 4130 35.52929 -96.75918 2.002 0.60
2011 11 8 1 20 38.238 4131 35.50195 -96.80823 2.578 0.76
2011 11 8 1 22 7.857 4133 35.53327 -96.76546 6.062 0.61
2011 11 8 1 22 19.365 4134 35.52131 -96.77033 2.659 1.35
2011 11 8 1 24 45.186 4137 35.49578 -96.81874 3.352 1.14
2011 11 8 1 26 54.229 4142 35.49709 -96.81212 5.046 -0.58
2011 11 8 1 27 18.163 4143 35.49748 -96.81735 3.156 1.75
2011 11 8 1 33 20.380 4149 35.52195 -96.77734 5.828 1.00
2011 11 8 1 37 36.286 4155 35.51564 -96.77983 3.411 0.04
2011 11 8 1 37 49.773 4156 35.45600 -96.74267 3.557 0.42
2011 11 8 1 39 20.843 4160 35.45562 -96.74295 3.545 0.62
2011 11 8 1 41 25.317 4163 35.51590 -96.77949 3.061 0.89
2011 11 8 1 43 36.780 4166 35.52288 -96.77070 1.635 0.94
2011 11 8 1 45 49.289 4170 35.49624 -96.81747 3.233 1.02
2011 11 8 1 46 30.215 4173 35.52732 -96.77134 5.681 2.01
2011 11 8 1 52 0.806 4182 35.52552 -96.76980 2.944 0.19
2011 11 8 1 54 8.564 4186 35.51654 -96.77835 2.947 0.18
2011 11 8 1 56 54.834 4192 35.51889 -96.77810 1.733 -0.18
2011 11 8 1 58 45.780 4195 35.51993 -96.77674 3.509 0.75
2011 11 8 2 3 52.217 4202 35.51892 -96.78264 4.485 1.37
2011 11 8 2 5 43.018 4204 35.49873 -96.81470 3.497 1.00
2011 11 8 2 6 41.119 4205 35.53549 -96.75921 4.379 1.51
2011 11 8 2 7 37.928 4207 35.52447 -96.77789 5.545 0.74
2011 11 8 2 9 31.771 4209 35.50358 -96.80714 3.169 0.41
2011 11 8 2 9 44.068 4210 35.52728 -96.77120 5.869 1.08
2011 11 8 2 10 8.142 4212 35.52335 -96.77131 4.806 -0.46
2011 11 8 2 11 20.846 4214 35.53065 -96.76611 1.641 0.67
2011 11 8 2 13 22.857 4217 35.52952 -96.76911 5.176 2.10
2011 11 8 2 14 5.938 4218 35.49696 -96.81810 3.394 1.73
2011 11 8 2 15 40.455 4221 35.51484 -96.78743 2.939 0.51
2011 11 8 2 19 55.605 4225 35.51161 -96.78268 2.401 1.44
2011 11 8 2 21 29.456 4228 35.51928 -96.77285 3.292 0.98
2011 11 8 2 23 21.109 4234 35.53126 -96.76202 5.850 0.13
2011 11 8 2 24 1.618 4235 35.53413 -96.76200 5.198 0.93
2011 11 8 2 25 14.916 4237 35.53039 -96.76113 4.870 0.35
2011 11 8 2 25 38.753 4238 35.51546 -96.77940 2.923 0.04
2011 11 8 2 27 1.395 4241 35.51729 -96.77659 1.362 -0.01
2011 11 8 2 28 19.797 4243 35.50442 -96.79987 2.613 1.17
2011 11 8 2 28 33.310 4244 35.50847 -96.79872 3.258 0.68
2011 11 8 2 29 12.139 4246 35.52665 -96.76722 4.933 1.32
2011 11 8 2 31 10.015 4249 35.53904 -96.75549 4.634 -0.38
2011 11 8 2 31 56.742 4250 35.51264 -96.78766 3.642 0.65
2011 11 8 2 34 18.661 4251 35.52956 -96.77001 5.198 -0.30
2011 11 8 2 34 35.922 4252 35.53176 -96.76565 5.285 -0.19
2011 11 8 2 36 55.013 4258 35.54002 -96.76090 3.001 0.49
2011 11 8 2 37 23.247 4260 35.50050 -96.81224 3.173 0.83
2011 11 8 2 37 48.271 4261 35.52113 -96.77207 1.535 0.35
2011 11 8 2 40 31.772 4264 35.51780 -96.77722 2.950 2.19
2011 11 8 2 40 50.633 4265 35.51689 -96.78214 1.687 1.46
2011 11 8 2 49 27.736 4279 35.51964 -96.79391 4.252 2.54
2011 11 8 2 52 44.416 4286 35.51696 -96.78338 4.344 1.48
2011 11 8 2 53 40.982 4287 35.51753 -96.78399 4.360 1.82
2011 11 8 2 56 54.539 4295 35.49495 -96.82280 3.832 1.13
2011 11 8 2 57 21.444 4296 35.51792 -96.79675 4.765 1.29
2011 11 8 2 57 51.171 4298 35.52289 -96.76971 1.575 0.86
2011 11 8 2 58 20.246 4299 35.52981 -96.76826 5.187 -0.33
2011 11 8 2 58 49.340 4301 35.51724 -96.78402 4.455 1.89
2011 11 8 2 59 41.420 4304 35.51814 -96.78433 4.487 1.55
2011 11 8 3 0 11.544 4306 35.53393 -96.76155 4.996 0.99
2011 11 8 3 1 20.976 4310 35.52272 -96.77016 1.437 0.12
2011 11 8 3 2 52.031 4316 35.51743 -96.78455 4.397 0.39
2011 11 8 3 3 11.183 4317 35.51862 -96.78161 4.378 0.83
2011 11 8 3 3 42.910 4319 35.51812 -96.78389 4.401 2.07
2011 11 8 3 7 1.480 4329 35.51649 -96.78452 4.266 0.54
2011 11 8 3 10 18.832 4341 35.51878 -96.79663 4.117 1.28
2011 11 8 3 11 33.962 4346 35.53051 -96.76646 3.028 1.41
2011 11 8 3 14 45.370 4356 35.51893 -96.79449 4.136 -0.33
2011 11 8 3 16 7.845 4361 35.48710 -96.83850 4.577 2.65
2011 11 8 3 16 24.265 4362 35.52267 -96.77451 2.924 0.07
2011 11 8 3 17 49.328 4367 35.51696 -96.78588 4.573 0.25
2011 11 8 3 18 2.771 4368 35.51819 -96.78519 4.397 0.53
2011 11 8 3 21 6.110 4375 35.52230 -96.77099 1.524 -0.33
2011 11 8 3 22 2.463 4378 35.52028 -96.78223 3.760 0.87
2011 11 8 3 23 14.160 4380 35.51853 -96.78869 3.645 -0.06
2011 11 8 3 25 2.051 4384 35.52323 -96.77244 1.811 0.35
2011 11 8 3 28 27.266 4396 35.50990 -96.80062 4.852 1.34
2011 11 8 3 30 35.618 4402 35.51812 -96.78442 4.593 1.22
2011 11 8 3 31 42.710 4406 35.49526 -96.81655 3.201 1.12
2011 11 8 3 31 57.817 4407 35.52737 -96.76430 6.760 0.86
2011 11 8 3 33 47.570 4415 35.50731 -96.79306 3.853 1.53
2011 11 8 3 36 25.316 4424 35.54064 -96.76077 3.105 0.47
2011 11 8 3 36 56.411 4426 35.49508 -96.81296 5.136 2.29
2011 11 8 3 39 16.464 4433 35.51847 -96.79335 4.814 -0.19
2011 11 8 3 39 38.172 4435 35.51880 -96.79526 4.100 -0.31
2011 11 8 3 39 44.479 4436 35.49092 -96.84994 1.886 1.16
2011 11 8 3 41 14.819 4442 35.51856 -96.78325 4.102 0.57
2011 11 8 3 42 47.315 4448 35.51487 -96.78181 2.802 1.52
2011 11 8 3 43 43.319 4451 35.51817 -96.79114 3.538 0.89
2011 11 8 3 45 43.732 4456 35.52998 -96.76460 4.869 -0.22
2011 11 8 3 46 21.846 4460 35.50073 -96.80896 2.566 0.98
2011 11 8 3 46 47.720 4462 35.51879 -96.78178 4.922 0.56
2011 11 8 3 47 33.223 4465 35.51890 -96.79459 4.121 -0.44
2011 11 8 3 49 22.601 4472 35.51845 -96.78808 3.646 0.99
2011 11 8 3 50 1.773 4474 35.51747 -96.78442 4.373 -0.08
2011 11 8 3 50 13.526 4475 35.54607 -96.75639 3.280 0.06
2011 11 8 3 51 7.091 4477 35.50124 -96.80789 2.355 2.64
2011 11 8 3 51 47.433 4478 35.51909 -96.79235 4.418 1.20
2011 11 8 3 52 56.748 4483 35.51195 -96.78179 2.214 0.18
2011 11 8 3 54 57.165 4491 35.50137 -96.80518 1.793 1.76
2011 11 8 3 56 23.884 4497 35.55578 -96.74945 2.673 0.94
2011 11 8 3 58 6.789 4503 35.53873 -96.75815 5.097 -0.02
2011 11 8 3 58 23.079 4504 35.51993 -96.78381 3.850 0.97
2011 11 8 4 0 33.249 4512 35.51782 -96.78562 4.350 2.65
2011 11 8 4 3 46.948 4521 35.51175 -96.78177 2.195 0.14
2011 11 8 4 5 32.158 4526 35.49599 -96.82241 3.792 0.49
2011 11 8 4 7 33.378 4532 35.51958 -96.78144 3.638 1.99
2011 11 8 4 9 14.096 4537 35.52951 -96.76250 5.384 0.89
2011 11 8 4 10 32.399 4542 35.51817 -96.78553 4.313 2.61
2011 11 8 4 11 4.179 4544 35.51999 -96.78296 4.095 2.16
2011 11 8 4 12 57.650 4550 35.51800 -96.78968 4.348 1.27
2011 11 8 4 14 51.370 4555 35.52510 -96.77929 6.157 0.99
2011 11 8 4 15 26.498 4558 35.51752 -96.78437 4.372 0.63
2011 11 8 4 16 8.890 4560 35.51876 -96.78304 4.326 2.17
2011 11 8 4 16 50.790 4562 35.51808 -96.78507 3.680 0.46
2011 11 8 4 17 16.415 4564 35.52135 -96.77216 1.624 0.95
2011 11 8 4 18 6.515 4565 35.54605 -96.75589 3.253 0.62
2011 11 8 4 21 22.837 4576 35.51780 -96.78484 4.579 0.83
2011 11 8 4 22 37.688 4578 35.51790 -96.78467 4.341 0.86
2011 11 8 4 27 18.062 4589 35.52686 -96.76796 4.013 0.20
2011 11 8 4 28 55.775 4595 35.51331 -96.78276 2.443 1.66
2011 11 8 4 30 3.254 4599 35.51856 -96.78909 3.754 0.24
2011 11 8 4 30 26.964 4600 35.51833 -96.79729 5.360 0.43
2011 11 8 4 31 53.491 4604 35.51962 -96.79154 5.599 0.26
2011 11 8 4 33 9.192 4608 35.51764 -96.78430 4.596 1.12
2011 11 8 4 33 49.208 4610 35.52408 -96.77189 4.249 1.00
2011 11 8 4 34 20.136 4612 35.51703 -96.78477 4.291 -0.27
2011 11 8 4 34 34.246 4613 35.52914 -96.75959 2.060 0.04
2011 11 8 4 35 7.742 4615 35.51956 -96.78781 5.250 0.64
2011 11 8 4 37 56.564 4625 35.51226 -96.78504 3.144 0.03
2011 11 8 4 38 7.666 4626 35.52050 -96.77932 3.384 0.82
2011 11 8 4 39 20.134 4630 35.51961 -96.79414 4.205 -0.27
2011 11 8 4 39 37.050 4631 35.51753 -96.78408 4.450 1.21
2011 11 8 4 41 17.609 4636 35.54075 -96.76031 3.058 0.51
2011 11 8 4 42 28.770 4641 35.50591 -96.79824 2.884 0.36
2011 11 8 4 43 1.108 4642 35.49698 -96.87617 8.836 1.71
2011 11 8 4 43 36.556 4644 35.51757 -96.78369 4.406 0.04
2011 11 8 4 45 2.838 4650 35.51632 -96.78599 5.890 -0.36
2011 11 8 4 46 1.048 4651 35.54674 -96.75705 3.122 1.61
2011 11 8 4 46 44.948 4652 35.51730 -96.78438 4.301 1.69
2011 11 8 4 48 14.821 4655 35.51767 -96.78405 4.433 0.62
2011 11 8 4 50 21.917 4661 35.51713 -96.78507 4.302 2.38
2011 11 8 4 54 36.570 4670 35.50913 -96.78519 1.989 0.85
2011 11 8 4 58 58.910 4682 35.51770 -96.78507 5.402 -0.03
2011 11 8 5 1 3.520 4687 35.52462 -96.77110 3.314 -0.45
2011 11 8 5 5 13.688 4694 35.52063 -96.78096 4.496 0.33
2011 11 8 5 7 53.985 4698 35.51773 -96.78630 4.838 0.96
2011 11 8 5 9 21.198 4701 35.55636 -96.74881 2.557 1.20
2011 11 8 5 9 35.510 4702 35.53994 -96.75827 3.037 0.26
2011 11 8 5 12 39.948 4707 35.51792 -96.78447 5.124 0.26
2011 11 8 5 15 42.237 4716 35.53840 -96.75846 5.162 0.34
2011 11 8 5 15 54.905 4717 35.51433 -96.79108 3.214 0.38
2011 11 8 5 16 18.570 4719 35.49079 -96.85162 1.471 2.05
2011 11 8 5 20 24.523 4729 35.51967 -96.78288 4.009 1.04
2011 11 8 5 23 32.445 4739 35.51992 -96.77626 1.754 0.12
2011 11 8 5 25 23.030 4744 35.51863 -96.78398 3.672 0.07
2011 11 8 5 26 21.553 4747 35.51930 -96.77587 1.965 0.37
2011 11 8 5 28 1.493 4755 35.51024 -96.78329 2.231 0.09
2011 11 8 5 28 7.856 4756 35.51580 -96.78826 5.442 1.35
2011 11 8 5 31 6.463 4763 35.51803 -96.78594 3.495 -0.01
2011 11 8 5 32 4.298 4766 35.51797 -96.78453 5.529 -0.02
2011 11 8 5 38 34.673 4789 35.51875 -96.78983 4.150 0.74
2011 11 8 5 42 32.808 4802 35.51777 -96.78425 4.411 0.43
2011 11 8 5 42 57.472 4803 35.51091 -96.78390 2.406 0.32
2011 11 8 5 52 37.828 4823 35.51849 -96.78527 5.758 1.04
2011 11 8 5 53 26.124 4825 35.51751 -96.78276 4.421 0.78
2011 11 8 5 56 26.726 4830 35.52531 -96.77863 3.039 1.02
2011 11 8 6 2 41.568 4839 35.52909 -96.76303 5.151 0.19
2011 11 8 6 2 53.645 4840 35.51778 -96.78452 4.310 0.42
2011 11 8 6 8 19.452 4852 35.52940 -96.75980 2.106 0.00
2011 11 8 6 11 34.609 4860 35.52181 -96.77937 3.077 0.71
2011 11 8 6 13 49.253 4863 35.51999 -96.78310 3.797 0.97
2011 11 8 6 14 42.740 4866 35.51767 -96.78315 4.704 0.67
2011 11 8 6 20 45.331 4881 35.51768 -96.78283 4.137 2.56
2011 11 8 6 24 41.906 4890 35.52176 -96.77292 3.125 -0.54
2011 11 8 6 26 21.879 4895 35.53412 -96.76137 4.929 0.05
2011 11 8 6 27 43.026 4897 35.51777 -96.78391 4.384 0.04
2011 11 8 6 30 26.021 4901 35.52116 -96.77237 1.443 -0.32
2011 11 8 6 31 38.781 4906 35.55648 -96.74839 2.665 0.58
2011 11 8 6 32 1.238 4907 35.51476 -96.78452 1.703 1.25
2011 11 8 6 35 9.191 4920 35.51823 -96.78106 3.950 1.06
2011 11 8 6 36 18.855 4923 35.52490 -96.77000 5.939 2.57
2011 11 8 6 38 56.478 4929 35.51877 -96.78878 3.705 -0.37
2011 11 8 6 39 16.529 4930 35.51782 -96.78448 4.622 -0.23
2011 11 8 6 40 17.600 4934 35.51814 -96.78815 3.616 0.20
2011 11 8 6 41 10.049 4936 35.53191 -96.76184 4.738 0.31
2011 11 8 6 42 39.386 4940 35.51828 -96.78439 4.563 1.04
2011 11 8 6 43 44.019 4944 35.53029 -96.76192 4.886 -0.26
2011 11 8 6 45 35.774 4952 35.52024 -96.77597 2.758 -0.30
2011 11 8 6 47 54.804 4962 35.51582 -96.79518 3.370 -0.59
2011 11 8 6 49 52.721 4970 35.49517 -96.81569 4.765 1.42
2011 11 8 6 50 37.451 4971 35.52972 -96.76382 5.318 0.01
2011 11 8 6 52 13.093 4975 35.52342 -96.77086 3.501 0.22
2011 11 8 6 54 9.276 4981 35.52064 -96.78182 3.619 0.31
2011 11 8 6 55 9.468 4984 35.51192 -96.78227 2.362 1.05
2011 11 8 6 55 30.920 4986 35.51806 -96.78401 4.426 -0.49
2011 11 8 6 56 28.081 4990 35.52952 -96.75942 2.066 0.28
2011 11 8 6 59 4.614 4998 35.51770 -96.78451 4.372 0.79
2011 11 8 7 1 14.574 5006 35.52002 -96.77381 1.599 -0.45
2011 11 8 7 1 58.957 5009 35.53059 -96.76091 4.895 0.77
2011 11 8 7 4 13.376 5017 35.53903 -96.75597 2.941 1.91
2011 11 8 7 5 23.796 5020 35.51856 -96.78219 4.514 1.96
2011 11 8 7 6 22.309 5021 35.45595 -96.74229 3.357 0.94
2011 11 8 7 7 11.177 5023 35.53814 -96.75048 3.414 0.83
2011 11 8 7 10 15.744 5034 35.51750 -96.78422 4.632 1.37
2011 11 8 7 11 59.963 5039 35.52627 -96.77160 2.106 -0.14
2011 11 8 7 12 59.207 5043 35.51774 -96.78424 4.394 -0.67
2011 11 8 7 13 33.927 5045 35.50164 -96.80689 1.927 0.05
2011 11 8 7 14 2.240 5046 35.54020 -96.75872 2.631 -0.51
2011 11 8 7 14 59.477 5050 35.51357 -96.78067 2.809 0.32
2011 11 8 7 15 42.366 5052 35.52968 -96.76306 5.110 -0.30
2011 11 8 7 18 30.704 5059 35.51794 -96.77216 2.893 -0.16
2011 11 8 7 22 6.444 5070 35.51832 -96.78432 4.525 0.21
2011 11 8 7 23 12.145 5073 35.51105 -96.78290 2.184 -0.10
2011 11 8 7 25 56.924 5082 35.51801 -96.78279 4.922 0.05
2011 11 8 7 29 33.249 5093 35.49654 -96.81307 5.046 0.58
2011 11 8 7 31 12.817 5100 35.51733 -96.78466 4.700 2.67
2011 11 8 7 33 25.351 5105 35.52338 -96.77422 3.142 0.40
2011 11 8 7 42 38.950 5127 35.55592 -96.74899 2.633 2.09
2011 11 8 7 49 8.483 5143 35.51729 -96.78436 4.698 0.77
2011 11 8 7 49 31.309 5145 35.52688 -96.76925 4.521 -0.43
2011 11 8 7 52 3.177 5152 35.51764 -96.78604 5.317 -0.03
2011 11 8 7 53 15.129 5155 35.49435 -96.81995 3.413 -0.05
2011 11 8 7 54 52.678 5158 35.55565 -96.74930 2.673 2.41
2011 11 8 7 59 53.980 5169 35.52975 -96.76397 5.367 0.66
2011 11 8 8 1 4.735 5173 35.51645 -96.78604 4.764 0.59
2011 11 8 8 1 36.160 5174 35.45606 -96.74137 3.346 0.59
2011 11 8 8 3 57.890 5179 35.51730 -96.78492 4.611 0.92
2011 11 8 8 5 21.270 5182 35.52059 -96.77211 1.588 0.85
2011 11 8 8 6 0.687 5185 35.52972 -96.76343 5.231 0.21
2011 11 8 8 6 12.166 5186 35.50733 -96.79860 5.121 1.72
2011 11 8 8 6 37.976 5188 35.51785 -96.78396 4.315 0.94
2011 11 8 8 11 32.565 5201 35.52204 -96.77329 2.939 -0.67
2011 11 8 8 14 0.626 5208 35.53050 -96.76907 6.265 0.23
2011 11 8 8 15 32.268 5210 35.45587 -96.74361 3.708 0.60
2011 11 8 8 17 24.900 5213 35.53903 -96.75562 2.895 -0.35
2011 11 8 8 17 53.883 5214 35.51840 -96.78819 5.624 0.02
2011 11 8 8 18 30.209 5217 35.51982 -96.77366 1.651 -0.08
2011 11 8 8 19 32.857 5218 35.51800 -96.78399 4.644 0.38
2011 11 8 8 20 33.952 5220 35.49781 -96.81208 5.181 0.21
2011 11 8 8 22 5.020 5224 35.49927 -96.81327 5.201 -0.14
2011 11 8 8 24 22.776 5227 35.52073 -96.77179 1.628 0.76
2011 11 8 8 24 40.906 5229 35.51872 -96.78875 3.702 -0.35
2011 11 8 8 24 52.933 5230 35.51731 -96.78511 4.631 0.10
2011 11 8 8 27 3.139 5235 35.51553 -96.78360 1.705 0.12
2011 11 8 8 28 7.827 5237 35.52548 -96.77268 5.430 0.63
2011 11 8 8 28 23.301 5238 35.51794 -96.78463 4.427 -0.32
2011 11 8 8 29 37.521 5240 35.50894 -96.78525 2.122 0.07
2011 11 8 8 31 53.651 5245 35.51089 -96.78301 2.415 1.18
2011 11 8 8 33 50.631 5251 35.51891 -96.78412 5.026 0.98
2011 11 8 8 34 13.438 5253 35.51620 -96.78835 3.133 0.27
2011 11 8 8 34 20.399 5254 35.51758 -96.78456 4.428 -0.53
2011 11 8 8 34 49.182 5256 35.51966 -96.78269 4.275 -0.06
2011 11 8 8 37 13.481 5259 35.50260 -96.80860 3.305 0.09
2011 11 8 8 37 42.798 5260 35.51801 -96.79830 4.254 0.85
2011 11 8 8 38 9.538 5262 35.52011 -96.77313 1.514 -0.16
2011 11 8 8 40 21.213 5267 35.52857 -96.76561 5.514 -0.35
2011 11 8 8 41 57.363 5272 35.54706 -96.75608 2.927 -0.42
2011 11 8 8 44 58.078 5280 35.52131 -96.78119 3.556 0.28
2011 11 8 8 48 6.733 5290 35.49985 -96.81049 3.828 -0.40
2011 11 8 8 49 21.361 5292 35.52932 -96.76422 5.079 -0.80
2011 11 8 8 50 1.282 5295 35.52966 -96.76371 5.041 -0.17
2011 11 8 8 50 52.912 5298 35.51769 -96.79929 4.478 1.76
2011 11 8 8 52 12.823 5302 35.51440 -96.79036 3.084 0.56
2011 11 8 8 53 51.072 5308 35.50799 -96.79185 3.850 0.95
2011 11 8 8 54 59.152 5311 35.52707 -96.77095 5.324 -0.80
2011 11 8 8 55 5.903 5312 35.51852 -96.77514 1.585 -0.02
2011 11 8 8 57 9.935 5321 35.53201 -96.76657 5.335 -0.71
2011 11 8 8 57 27.255 5322 35.52985 -96.76348 5.272 0.51
2011 11 8 8 57 49.173 5324 35.50773 -96.79218 3.783 0.81
2011 11 8 8 59 12.020 5329 35.53082 -96.76704 5.352 -0.64
2011 11 8 8 59 45.032 5333 35.51826 -96.78441 3.671 0.06
2011 11 8 9 1 22.045 5339 35.52947 -96.76330 5.488 0.47
2011 11 8 9 1 37.944 5340 35.52028 -96.78611 4.359 1.61
2011 11 8 9 2 53.458 5344 35.53310 -96.76250 4.283 0.51
2011 11 8 9 3 0.670 5345 35.50722 -96.80174 4.670 0.70
2011 11 8 9 3 55.156 5349 35.52973 -96.76401 5.388 -0.80
2011 11 8 9 4 52.603 5353 35.52916 -96.76925 5.235 1.36
2011 11 8 9 7 19.673 5361 35.50635 -96.80171 4.952 -0.34
2011 11 8 9 11 40.269 5377 35.52196 -96.77342 3.105 -1.36
2011 11 8 9 11 48.070 5378 35.52881 -96.76973 5.254 -0.27
2011 11 8 9 13 23.315 5383 35.53093 -96.76670 5.314 -1.15
2011 11 8 9 13 51.577 5384 35.51901 -96.79393 3.866 2.43
2011 11 8 9 19 18.962 5400 35.52516 -96.77653 5.554 2.11
2011 11 8 9 21 44.019 5407 35.52783 -96.77067 5.307 0.30
2011 11 8 9 22 10.839 5408 35.51854 -96.78508 5.093 2.15
2011 11 8 9 22 34.392 5409 35.49124 -96.83213 4.887 1.15
2011 11 8 9 22 44.017 5410 35.52775 -96.77053 5.236 0.61
2011 11 8 9 26 20.633 5424 35.51936 -96.78078 4.214 0.25
2011 11 8 9 26 44.681 5425 35.53916 -96.75599 2.851 -0.24
2011 11 8 9 29 53.291 5432 35.52133 -96.76943 3.558 0.07
2011 11 8 9 36 59.167 5455 35.52676 -96.77088 5.114 -0.53
2011 11 8 9 39 33.503 5464 35.51650 -96.78417 4.773 0.60
2011 11 8 9 40 10.055 5466 35.51839 -96.78277 4.279 -0.28
2011 11 8 9 41 16.398 5469 35.52210 -96.77004 3.719 -0.12
2011 11 8 9 41 56.696 5471 35.51758 -96.77600 2.645 0.16
2011 11 8 9 42 56.470 5473 35.51713 -96.78412 4.250 -0.04
2011 11 8 9 43 13.642 5474 35.53867 -96.74876 3.129 0.53
2011 11 8 9 44 58.128 5479 35.51886 -96.78371 4.387 0.35
2011 11 8 9 45 27.961 5481 35.55431 -96.75099 2.547 1.06
2011 11 8 9 49 32.415 5494 35.51927 -96.78167 4.580 0.99
2011 11 8 9 50 32.748 5497 35.52083 -96.78217 4.049 0.02
2011 11 8 9 51 3.774 5498 35.51808 -96.78406 4.619 0.30
2011 11 8 9 51 28.083 5500 35.51170 -96.78219 2.392 1.94
2011 11 8 9 52 2.837 5501 35.51979 -96.77393 1.692 0.08
2011 11 8 9 52 52.017 5504 35.54086 -96.76022 3.170 0.07
2011 11 8 9 54 24.106 5510 35.52664 -96.77205 5.663 0.41
2011 11 8 9 59 12.798 5523 35.51270 -96.78593 3.143 -0.70
2011 11 8 10 0 33.578 5526 35.52945 -96.75981 2.412 0.20
2011 11 8 10 4 3.079 5532 35.51785 -96.78332 4.477 0.17
2011 11 8 10 8 21.623 5543 35.51861 -96.79285 5.668 0.74
2011 11 8 10 9 43.359 5545 35.52213 -96.77024 1.492 -0.13
2011 11 8 10 10 35.108 5549 35.51811 -96.77678 1.701 0.03
2011 11 8 10 11 27.434 5553 35.51818 -96.77633 3.020 1.03
2011 11 8 10 11 46.755 5554 35.51651 -96.77924 2.975 -0.63
2011 11 8 10 13 59.703 5561 35.50773 -96.79679 4.704 0.11
2011 11 8 10 16 23.532 5570 35.51979 -96.78026 4.378 0.38
2011 11 8 10 16 50.065 5571 35.51864 -96.78746 3.585 0.41
2011 11 8 10 18 45.633 5581 35.53010 -96.76800 5.265 -0.19
2011 11 8 10 20 48.770 5589 35.50990 -96.76755 2.428 1.48
2011 11 8 10 21 13.061 5591 35.53870 -96.74870 3.126 1.29
2011 11 8 10 24 39.785 5599 35.45660 -96.74393 3.398 0.23
2011 11 8 10 29 49.884 5614 35.55205 -96.75279 3.325 0.21
2011 11 8 10 30 11.232 5616 35.50704 -96.80102 4.858 0.76
2011 11 8 10 30 53.585 5619 35.52108 -96.78073 6.269 1.25
2011 11 8 10 33 57.466 5629 35.52054 -96.77200 1.324 0.24
2011 11 8 10 35 24.403 5631 35.51827 -96.78391 3.664 0.67
2011 11 8 10 38 2.839 5638 35.55374 -96.75142 2.550 0.26
2011 11 8 10 41 45.776 5648 35.53928 -96.75620 2.882 0.68
2011 11 8 10 44 1.023 5655 35.55446 -96.75087 2.518 0.81
2011 11 8 10 46 58.403 5661 35.52574 -96.77184 5.704 -0.69
2011 11 8 10 47 44.944 5665 35.48960 -96.83609 3.839 0.85
2011 11 8 10 48 14.409 5666 35.54063 -96.76048 2.968 0.17
2011 11 8 10 50 57.375 5673 35.53087 -96.76170 4.942 0.25
2011 11 8 10 51 4.322 5674 35.51776 -96.77658 3.136 0.74
2011 11 8 10 53 24.714 5681 35.51800 -96.78532 5.142 -0.07
2011 11 8 10 55 27.825 5688 35.53157 -96.76655 5.104 -1.07
2011 11 8 10 57 57.025 5694 35.52775 -96.77096 5.660 1.28
2011 11 8 10 58 17.062 5696 35.49192 -96.82842 4.245 0.17
2011 11 8 10 59 14.767 5698 35.53103 -96.76167 5.054 0.26
2011 11 8 11 0 40.000 5705 35.51833 -96.77374 2.300 0.48
2011 11 8 11 3 37.255 5710 35.51402 -96.78101 2.857 0.28
2011 11 8 11 3 43.492 5711 35.52966 -96.76375 5.380 1.71
2011 11 8 11 4 53.725 5715 35.50285 -96.79989 2.656 1.24
2011 11 8 11 5 2.498 5716 35.53881 -96.75625 3.001 0.83
2011 11 8 11 5 31.473 5717 35.50683 -96.80521 5.692 1.21
2011 11 8 11 7 45.941 5724 35.52794 -96.77020 5.387 -0.76
2011 11 8 11 9 18.428 5728 35.52983 -96.76376 5.383 -0.10
2011 11 8 11 9 42.624 5730 35.51702 -96.78444 4.393 -0.49
2011 11 8 11 10 24.700 5732 35.50184 -96.80177 3.093 0.35
2011 11 8 11 16 30.091 5751 35.51989 -96.77199 2.904 -1.00
2011 11 8 11 17 39.786 5755 35.53541 -96.75946 4.541 0.57
2011 11 8 11 21 28.417 5770 35.53057 -96.76969 5.219 0.69
2011 11 8 11 21 43.869 5771 35.51783 -96.78405 4.435 0.05
2011 11 8 11 25 8.551 5779 35.52277 -96.76924 2.540 -0.53
2011 11 8 11 25 42.684 5780 35.55176 -96.75304 2.444 0.72
2011 11 8 11 26 44.299 5785 35.45466 -96.74548 3.442 0.25
2011 11 8 11 27 43.926 5789 35.52650 -96.77079 5.271 0.03
2011 11 8 11 27 58.935 5790 35.52660 -96.77037 5.251 0.06
2011 11 8 11 30 34.025 5800 35.53932 -96.75571 3.083 -0.54
2011 11 8 11 31 15.494 5802 35.52942 -96.76479 5.149 -0.45
2011 11 8 11 35 10.915 5813 35.51638 -96.77845 2.920 -0.27
2011 11 8 11 35 48.252 5816 35.52155 -96.75191 2.999 1.02
2011 11 8 11 40 4.210 5823 35.51779 -96.78339 4.578 0.30
2011 11 8 11 43 52.410 5836 35.51916 -96.77668 3.054 -0.54
2011 11 8 11 44 14.732 5837 35.50114 -96.80790 2.580 1.13
2011 11 8 11 44 55.214 5841 35.52296 -96.77109 1.939 0.10
2011 11 8 11 46 2.397 5842 35.53453 -96.75608 2.632 -0.21
2011 11 8 11 46 35.278 5846 35.51848 -96.78472 5.224 -0.28
2011 11 8 11 46 48.781 5847 35.51784 -96.78541 4.179 0.60
2011 11 8 11 47 22.601 5848 35.51775 -96.78313 3.982 0.06
2011 11 8 11 49 12.254 5853 35.51880 -96.78925 3.791 0.56
2011 11 8 11 50 30.646 5858 35.52967 -96.76329 5.330 0.55
2011 11 8 11 50 53.510 5860 35.51873 -96.78456 5.334 2.25
2011 11 8 11 51 46.437 5861 35.45504 -96.74311 3.573 1.21
2011 11 8 11 54 31.919 5865 35.53073 -96.76122 4.898 0.55
2011 11 8 11 59 28.468 5877 35.53332 -96.75911 4.879 -0.05
2011 11 8 11 59 52.692 5878 35.50005 -96.81600 2.806 0.49
2011 11 8 12 0 14.828 5879 35.52853 -96.76338 5.139 0.59
2011 11 8 12 4 7.708 5887 35.52396 -96.77830 3.383 0.20
2011 11 8 12 5 3.389 5889 35.52605 -96.76903 2.976 0.20
2011 11 8 12 7 15.891 5897 35.52806 -96.77102 6.007 0.81
2011 11 8 12 8 25.304 5901 35.51789 -96.78455 4.345 -0.13
2011 11 8 12 9 33.884 5903 35.55692 -96.74790 2.676 0.64
2011 11 8 12 10 55.790 5905 35.53592 -96.75755 4.557 -0.03
2011 11 8 12 11 4.743 5906 35.52063 -96.78321 3.882 0.59
2011 11 8 12 14 34.597 5916 35.52592 -96.77056 5.486 0.20
2011 11 8 12 15 8.944 5918 35.54054 -96.76100 3.077 1.46
2011 11 8 12 17 37.539 5929 35.45483 -96.74340 3.410 0.76
2011 11 8 12 18 30.717 5933 35.51770 -96.79848 3.339 -0.16
2011 11 8 12 19 36.826 5934 35.54476 -96.75437 3.977 -1.04
2011 11 8 12 20 40.711 5938 35.51904 -96.77613 1.664 0.87
2011 11 8 12 23 6.489 5945 35.53556 -96.76049 4.462 1.96
2011 11 8 12 24 58.518 5949 35.52986 -96.76532 5.558 -0.29
2011 11 8 12 25 45.961 5951 35.53545 -96.75952 4.399 0.10
2011 11 8 12 29 19.852 5958 35.52732 -96.77111 5.219 0.02
2011 11 8 12 29 37.541 5959 35.52997 -96.76418 5.028 0.05
2011 11 8 12 30 16.563 5960 35.52956 -96.76449 5.091 0.36
2011 11 8 12 31 40.361 5966 35.52953 -96.76401 5.111 2.04
2011 11 8 12 31 53.733 5967 35.52931 -96.76529 5.215 0.77
2011 11 8 12 32 33.261 5969 35.52939 -96.76492 5.031 0.86
2011 11 8 12 33 17.382 5972 35.52943 -96.76391 5.114 -0.51
2011 11 8 12 34 9.068 5974 35.52979 -96.76778 4.329 0.10
2011 11 8 12 35 41.656 5977 35.52977 -96.76372 5.397 -0.01
2011 11 8 12 36 22.739 5978 35.54076 -96.75959 2.948 0.82
2011 11 8 12 38 12.487 5984 35.52287 -96.77343 4.214 -0.15
2011 11 8 12 39 12.246 5988 35.52968 -96.76488 5.079 1.04
2011 11 8 12 41 20.036 5996 35.51506 -96.78337 1.532 0.06
2011 11 8 12 41 38.661 5997 35.52498 -96.77115 3.189 -0.45
2011 11 8 12 42 42.040 6001 35.54075 -96.75931 3.078 0.34
2011 11 8 12 43 0.494 6002 35.55273 -96.75237 2.377 1.53
2011 11 8 12 43 16.079 6004 35.52967 -96.76406 5.256 -0.36
2011 11 8 12 45 53.696 6010 35.51910 -96.78871 5.192 0.18
2011 11 8 12 47 49.578 6014 35.52991 -96.76985 5.472 0.40
2011 11 8 12 50 38.436 6019 35.50579 -96.76526 2.958 1.22
2011 11 8 12 57 44.647 6035 35.55662 -96.74821 2.599 0.58
2011 11 8 12 58 41.052 6039 35.51988 -96.77783 1.593 0.35
2011 11 8 13 0 18.101 6041 35.51851 -96.78919 3.809 -0.12
2011 11 8 13 0 31.531 6043 35.53969 -96.75637 2.879 0.46
2011 11 8 13 0 50.453 6044 35.49910 -96.81273 5.191 -0.54
2011 11 8 13 4 1.427 6052 35.52449 -96.77168 3.229 -0.79
2011 11 8 13 4 21.363 6053 35.52906 -96.75963 1.946 -0.10
2011 11 8 13 6 35.657 6063 35.50108 -96.81486 3.139 0.44
2011 11 8 13 6 53.179 6065 35.53898 -96.75654 2.887 -0.52
2011 11 8 13 7 20.088 6067 35.53921 -96.75625 2.959 0.50
2011 11 8 13 8 42.232 6070 35.50177 -96.80184 3.141 0.72
2011 11 8 13 9 42.499 6072 35.51675 -96.78513 5.890 0.75
2011 11 8 13 10 36.181 6073 35.53006 -96.76438 5.177 1.13
2011 11 8 13 11 18.319 6074 35.51531 -96.78319 1.582 2.17
2011 11 8 13 14 7.298 6083 35.51246 -96.78525 3.263 1.62
2011 11 8 13 16 11.360 6088 35.52945 -96.76443 5.445 0.14
2011 11 8 13 19 57.126 6097 35.52441 -96.77201 5.048 -0.13
2011 11 8 13 21 58.447 6101 35.52973 -96.76456 5.117 0.04
2011 11 8 13 22 59.505 6105 35.52020 -96.77439 1.741 1.12
2011 11 8 13 24 12.823 6109 35.52056 -96.77275 1.731 0.54
2011 11 8 13 27 9.883 6119 35.53008 -96.76379 5.514 0.83
2011 11 8 13 28 0.461 6122 35.48929 -96.83395 5.111 2.64
2011 11 8 13 29 49.384 6125 35.52784 -96.76612 2.751 0.48
2011 11 8 13 33 58.225 6138 35.52996 -96.76410 5.365 1.13
2011 11 8 13 39 37.526 6149 35.51795 -96.78377 4.533 2.17
2011 11 8 13 40 54.339 6150 35.51790 -96.78460 4.356 1.32
2011 11 8 13 44 49.185 6163 35.50840 -96.79165 3.593 0.31
2011 11 8 13 45 36.407 6165 35.50685 -96.80143 4.738 0.39
2011 11 8 13 47 48.348 6170 35.54077 -96.76035 3.077 0.57
2011 11 8 13 51 32.971 6179 35.50597 -96.80610 7.743 0.31
2011 11 8 13 53 6.893 6183 35.49139 -96.85164 1.590 1.06
2011 11 8 13 55 33.338 6190 35.51214 -96.78554 2.384 0.10
2011 11 8 14 0 31.683 6206 35.53353 -96.75706 4.644 0.14
2011 11 8 14 0 55.761 6208 35.51145 -96.78342 2.398 1.15
2011 11 8 14 3 43.166 6216 35.52964 -96.76414 5.421 1.59
2011 11 8 14 6 19.886 6226 35.52883 -96.76443 4.484 -0.51
2011 11 8 14 7 2.501 6229 35.51843 -96.78326 4.474 0.72
2011 11 8 14 8 51.376 6234 35.51893 -96.79942 4.256 0.98
2011 11 8 14 9 0.414 6235 35.53009 -96.76410 5.195 0.27
2011 11 8 14 10 50.130 6242 35.55241 -96.75181 2.479 2.08
2011 11 8 14 11 20.478 6243 35.50965 -96.78249 2.401 0.34
2011 11 8 14 13 16.192 6248 35.52182 -96.77150 1.716 0.43
2011 11 8 14 14 9.003 6250 35.52966 -96.76381 5.228 0.98
2011 11 8 14 16 36.422 6254 35.51066 -96.78324 2.403 0.03
2011 11 8 14 19 23.831 6263 35.51801 -96.78500 5.196 0.17
2011 11 8 14 20 10.256 6265 35.51231 -96.78353 2.874 0.12
2011 11 8 14 23 47.776 6275 35.49489 -96.81638 5.163 -0.03
2011 11 8 14 26 48.372 6282 35.53040 -96.76222 6.531 0.72
2011 11 8 14 26 58.745 6283 35.51610 -96.80063 3.618 1.08
2011 11 8 14 32 4.342 6296 35.52976 -96.76346 5.250 0.31
2011 11 8 14 33 3.038 6298 35.51856 -96.78173 4.427 1.02
2011 11 8 14 38 58.115 6312 35.52926 -96.75922 1.852 0.71
2011 11 8 14 44 48.029 6333 35.55394 -96.75147 2.525 0.27
2011 11 8 14 46 7.862 6336 35.51634 -96.77822 2.961 -0.03
2011 11 8 14 48 28.405 6345 35.52763 -96.76569 4.505 1.61
2011 11 8 14 52 25.759 6357 35.50816 -96.79960 5.060 2.02
2011 11 8 14 53 12.222 6360 35.53522 -96.76001 4.312 1.18
2011 11 8 14 54 14.616 6363 35.52600 -96.76808 4.238 1.79
2011 11 8 14 55 29.825 6366 35.52466 -96.77211 2.393 -0.02
2011 11 8 14 57 7.507 6372 35.52014 -96.77327 1.579 0.22
2011 11 8 14 58 45.694 6376 35.52096 -96.77059 2.796 -0.29
2011 11 8 15 0 42.267 6379 35.55374 -96.75151 2.519 1.81
2011 11 8 15 1 11.949 6380 35.52016 -96.78354 3.965 0.50
2011 11 8 15 1 41.748 6381 35.55265 -96.75112 2.522 0.62
2011 11 8 15 2 2.057 6382 35.50306 -96.80645 3.069 1.30
2011 11 8 15 2 55.129 6384 35.51852 -96.78882 3.662 -0.22
2011 11 8 15 5 57.649 6387 35.49194 -96.85093 1.345 0.89
2011 11 8 15 14 12.256 6410 35.53097 -96.76497 5.409 -0.29
2011 11 8 15 14 36.780 6412 35.52993 -96.76344 5.359 0.58
2011 11 8 15 15 53.430 6413 35.53111 -96.76117 4.923 0.22
2011 11 8 15 23 0.807 6434 35.51760 -96.78439 4.697 0.84
2011 11 8 15 24 55.553 6440 35.52104 -96.77766 4.711 0.39
2011 11 8 15 26 17.888 6443 35.50999 -96.78262 2.051 -0.06
2011 11 8 15 26 40.209 6445 35.52981 -96.76928 5.330 0.65
2011 11 8 15 34 23.417 6461 35.53389 -96.75611 4.635 0.20
2011 11 8 15 34 48.314 6463 35.51906 -96.77078 3.180 1.02
2011 11 8 15 41 9.430 6473 35.53496 -96.75514 2.855 0.03
2011 11 8 15 41 36.304 6474 35.51051 -96.78343 1.949 0.71
2011 11 8 15 42 6.159 6475 35.53008 -96.76411 5.585 -0.60
2011 11 8 15 42 32.558 6477 35.54422 -96.75926 3.015 -0.66
2011 11 8 15 48 13.828 6484 35.55085 -96.75256 2.400 -0.23
2011 11 8 15 48 45.231 6487 35.55047 -96.85383 7.793 1.63
2011 11 8 15 49 34.473 6489 35.51856 -96.78829 3.693 -0.00
2011 11 8 15 54 33.240 6504 35.52851 -96.76949 4.510 0.50
2011 11 8 15 55 31.508 6506 35.53056 -96.76105 4.921 0.58
2011 11 8 15 57 33.218 6508 35.49891 -96.81356 5.025 0.49
2011 11 8 15 58 34.093 6510 35.53129 -96.76492 5.326 -0.14
2011 11 8 16 0 38.757 6516 35.45381 -96.74208 3.523 0.38
2011 11 8 16 2 51.120 6523 35.54686 -96.75679 2.820 0.21
2011 11 8 16 4 46.628 6528 35.50812 -96.78597 2.177 0.39
2011 11 8 16 7 33.784 6535 35.45569 -96.74210 3.418 0.45
2011 11 8 16 9 2.864 6539 35.52960 -96.76422 5.221 3.04
2011 11 8 16 9 27.852 6540 35.52975 -96.76456 5.100 0.83
2011 11 8 16 9 45.222 6541 35.52997 -96.76376 5.266 1.26
2011 11 8 16 10 6.176 6542 35.52956 -96.76560 5.161 1.53
2011 11 8 16 14 50.728 6551 35.49557 -96.81826 3.327 2.41
2011 11 8 16 18 42.872 6562 35.51846 -96.78368 4.044 0.10
2011 11 8 16 19 50.651 6565 35.53020 -96.76433 5.280 0.05
2011 11 8 16 20 20.141 6567 35.52825 -96.76645 5.268 -0.41
2011 11 8 16 23 22.464 6570 35.52127 -96.75763 5.684 1.05
2011 11 8 16 23 37.328 6571 35.53001 -96.76390 5.333 1.25
2011 11 8 16 23 49.159 6572 35.51841 -96.77508 1.821 1.94
2011 11 8 16 24 19.759 6573 35.52994 -96.76285 5.201 -0.02
2011 11 8 16 25 57.426 6578 35.53473 -96.76424 4.058 -0.10
2011 11 8 16 26 16.057 6579 35.55498 -96.75152 2.731 -0.10
2011 11 8 16 29 19.891 6588 35.52817 -96.76762 5.178 0.29
2011 11 8 16 31 47.335 6595 35.52975 -96.76386 5.372 -0.22
2011 11 8 16 32 0.867 6596 35.54012 -96.76350 3.115 -0.24
2011 11 8 16 32 27.147 6598 35.52955 -96.76397 5.350 0.02
2011 11 8 16 33 8.263 6601 35.51757 -96.78398 3.995 0.54
2011 11 8 16 33 18.079 6602 35.51947 -96.78101 4.383 1.79
2011 11 8 16 34 34.968 6604 35.52806 -96.76332 5.483 0.09
2011 11 8 16 35 33.254 6607 35.52888 -96.76406 5.221 -0.70
2011 11 8 16 35 45.587 6608 35.52626 -96.75889 3.155 0.45
2011 11 8 16 37 49.982 6617 35.51828 -96.78862 3.610 0.30
2011 11 8 16 38 2.992 6618 35.52244 -96.77047 1.581 0.07
2011 11 8 16 42 20.673 6629 35.51603 -96.81307 4.233 1.87
2011 11 8 16 42 47.601 6631 35.52990 -96.76385 5.283 0.71
2011 11 8 16 44 6.943 6636 35.53948 -96.75723 3.049 -0.59
2011 11 8 16 44 20.713 6637 35.53011 -96.76333 5.302 1.01
2011 11 8 16 44 46.197 6639 35.53057 -96.76928 5.346 0.53
2011 11 8 16 44 57.844 6640 35.52980 -96.76308 5.258 1.00
2011 11 8 16 45 20.540 6641 35.46882 -96.86683 4.326 1.89
2011 11 8 16 46 17.443 6644 35.51182 -96.78366 2.406 1.21
2011 11 8 16 48 48.154 6653 35.50237 -96.81448 3.384 0.16
2011 11 8 16 50 23.630 6658 35.53105 -96.76921 5.406 1.62
2011 11 8 16 52 3.830 6661 35.52989 -96.76417 5.299 0.75
2011 11 8 16 52 19.296 6663 35.52299 -96.77068 1.953 0.27
2011 11 8 16 54 42.899 6669 35.51287 -96.78402 2.451 0.07
2011 11 8 16 54 53.551 6670 35.54561 -96.75648 2.516 0.00
2011 11 8 16 55 13.338 6671 35.45614 -96.74222 3.440 0.65
2011 11 8 17 1 19.045 6684 35.51025 -96.78175 2.118 0.58
2011 11 8 17 5 17.920 6692 35.52680 -96.76769 4.559 0.65
2011 11 8 17 5 58.478 6693 35.51812 -96.77586 1.624 0.94
2011 11 8 17 6 6.105 6694 35.52044 -96.76920 2.480 1.21
2011 11 8 17 6 51.199 6695 35.52735 -96.76814 4.310 -0.23
2011 11 8 17 8 43.917 6700 35.54539 -96.76784 4.924 0.45
2011 11 8 17 11 55.451 6710 35.51845 -96.78336 4.223 1.87
2011 11 8 17 12 37.698 6711 35.51830 -96.78422 4.529 -0.07
2011 11 8 17 13 22.082 6713 35.51595 -96.77874 2.946 -0.08
2011 11 8 17 16 14.538 6721 35.52332 -96.76962 1.547 0.19
2011 11 8 17 18 17.411 6726 35.51787 -96.78665 5.433 0.13
2011 11 8 17 18 48.774 6729 35.51794 -96.78181 4.607 0.36
2011 11 8 17 21 26.326 6733 35.51978 -96.77277 3.129 0.11
2011 11 8 17 23 57.552 6737 35.45499 -96.74359 3.397 2.41
2011 11 8 17 27 52.082 6742 35.51793 -96.78441 4.477 0.23
2011 11 8 17 28 29.109 6743 35.52085 -96.77044 2.910 -0.06
2011 11 8 17 31 7.469 6747 35.51854 -96.77508 2.927 -0.02
2011 11 8 17 33 55.620 6752 35.52490 -96.77141 2.863 -0.99
2011 11 8 17 35 16.137 6757 35.51856 -96.79355 5.603 0.65
2011 11 8 17 35 43.105 6759 35.52398 -96.78126 1.855 0.31
2011 11 8 17 36 13.619 6761 35.53102 -96.76920 6.442 0.05
2011 11 8 17 40 38.076 6774 35.53019 -96.76312 5.300 -0.04
2011 11 8 17 44 15.094 6781 35.52601 -96.76829 3.403 -0.07
2011 11 8 17 51 11.588 6795 35.45509 -96.74546 3.453 0.88
2011 11 8 17 52 39.901 6801 35.55686 -96.74788 2.668 1.17
2011 11 8 17 55 7.571 6806 35.52117 -96.77809 4.569 0.46
2011 11 8 17 55 35.113 6809 35.52926 -96.75963 1.920 -0.03
2011 11 8 17 55 47.843 6810 35.51991 -96.77368 1.646 0.28
2011 11 8 17 57 24.896 6813 35.52250 -96.77093 1.726 2.18
2011 11 8 18 0 27.508 6818 35.52845 -96.75968 4.848 -0.15
2011 11 8 18 0 44.698 6819 35.51940 -96.78244 4.188 1.11
2011 11 8 18 1 31.385 6820 35.51765 -96.78526 4.367 -0.27
2011 11 8 18 2 30.239 6823 35.52297 -96.77039 1.558 -0.07
2011 11 8 18 2 54.210 6824 35.51939 -96.78064 1.874 0.22
2011 11 8 18 6 21.915 6831 35.52623 -96.77275 3.541 2.11
2011 11 8 18 8 10.122 6835 35.51840 -96.78754 3.630 0.42
2011 11 8 18 14 8.140 6849 35.51745 -96.78434 4.573 0.33
2011 11 8 18 17 38.186 6858 35.52799 -96.76340 5.065 1.40
2011 11 8 18 18 53.946 6860 35.52090 -96.78186 3.697 0.77
2011 11 8 18 20 24.625 6865 35.51987 -96.77395 2.898 -0.52
2011 11 8 18 23 21.209 6876 35.53923 -96.75879 3.205 0.13
2011 11 8 18 23 27.824 6877 35.52820 -96.76321 5.160 -0.40
2011 11 8 18 25 38.247 6882 35.53091 -96.76080 4.873 0.41
2011 11 8 18 28 47.873 6891 35.53824 -96.74788 4.680 0.21
2011 11 8 18 29 48.915 6893 35.51723 -96.77718 1.555 0.18
2011 11 8 18 30 57.950 6897 35.51109 -96.78282 2.274 1.45
2011 11 8 18 37 37.381 6909 35.51667 -96.78581 4.869 1.15
2011 11 8 18 39 20.125 6916 35.52361 -96.77123 4.362 -0.40
2011 11 8 18 44 41.260 6930 35.51833 -96.77751 1.602 0.43
2011 11 8 18 45 21.885 6933 35.51040 -96.78268 2.184 0.45
2011 11 8 18 48 24.817 6937 35.45610 -96.74177 3.388 0.68
2011 11 8 18 48 37.474 6938 35.53082 -96.76923 5.235 0.89
2011 11 8 18 50 26.693 6945 35.53971 -96.75721 3.133 1.90
2011 11 8 18 51 14.008 6948 35.53090 -96.76212 4.997 0.96
2011 11 8 18 54 13.881 6954 35.53924 -96.75725 3.022 0.08
2011 11 8 18 54 54.868 6955 35.53952 -96.75710 3.029 -0.18
2011 11 8 18 56 15.319 6959 35.52426 -96.77101 4.293 1.65
2011 11 8 18 57 51.644 6961 35.53879 -96.75640 3.126 -0.17
2011 11 8 18 59 19.500 6964 35.51980 -96.77596 1.929 -0.00
2011 11 8 19 7 28.154 6977 35.50197 -96.80950 3.266 1.84
2011 11 8 19 13 41.481 6988 35.51795 -96.78475 4.456 -0.15
2011 11 8 19 14 14.986 6989 35.52927 -96.76482 5.289 -0.08
2011 11 8 19 14 36.875 6990 35.52017 -96.77429 2.942 0.07
2011 11 8 19 14 53.893 6992 35.54202 -96.76019 3.205 -0.11
2011 11 8 19 18 35.575 6999 35.53072 -96.76035 5.813 0.98
2011 11 8 19 19 49.969 7001 35.51681 -96.78445 4.393 0.54
2011 11 8 19 21 58.462 7006 35.52981 -96.76338 5.192 -0.10
2011 11 8 19 28 18.357 7020 35.52991 -96.76369 5.038 -0.31
2011 11 8 19 28 49.611 7022 35.54002 -96.75751 3.027 -0.08
2011 11 8 19 29 9.484 7023 35.45489 -96.74439 3.439 0.85
2011 11 8 19 32 26.582 7030 35.53031 -96.76351 5.319 -0.07
2011 11 8 19 34 36.567 7033 35.52147 -96.77410 2.875 -0.37
2011 11 8 19 36 15.272 7036 35.51714 -96.78537 5.022 0.05
2011 11 8 19 39 31.606 7045 35.52956 -96.75900 1.785 -0.06
2011 11 8 19 40 3.768 7046 35.45382 -96.74474 3.460 0.45
2011 11 8 19 45 32.236 7056 35.52471 -96.77680 3.765 0.19
2011 11 8 19 45 48.460 7057 35.53130 -96.76233 6.175 0.16
2011 11 8 19 47 35.434 7064 35.53016 -96.77074 5.248 1.70
2011 11 8 19 48 41.858 7066 35.53886 -96.75630 2.938 0.73
2011 11 8 19 49 38.331 7068 35.45514 -96.74491 3.522 1.13
2011 11 8 19 51 18.605 7072 35.51758 -96.77619 2.460 1.12
2011 11 8 19 52 39.578 7077 35.52157 -96.77408 7.369 0.52
2011 11 8 19 53 14.854 7079 35.53359 -96.74975 2.401 1.56
2011 11 8 19 59 46.052 7095 35.52881 -96.76209 2.338 0.52
2011 11 8 20 1 58.523 7099 35.52206 -96.76929 3.478 0.15
2011 11 8 20 2 21.012 7100 35.52007 -96.78259 4.960 0.25
2011 11 8 20 5 46.481 7111 35.51658 -96.77821 2.919 -0.59
2011 11 8 20 6 42.183 7113 35.54422 -96.75431 3.010 0.28
2011 11 8 20 13 16.100 7124 35.52779 -96.76735 4.551 0.23
2011 11 8 20 14 58.427 7130 35.50240 -96.80621 3.027 0.88
2011 11 8 20 16 36.085 7134 35.51810 -96.78370 4.522 0.85
2011 11 8 20 17 4.092 7135 35.52415 -96.77784 5.435 0.34
2011 11 8 20 20 1.903 7141 35.53362 -96.74962 2.503 1.32
2011 11 8 20 20 37.853 7142 35.51819 -96.78473 4.378 0.47
2011 11 8 20 21 53.996 7145 35.52805 -96.76851 2.996 1.12
2011 11 8 20 23 11.533 7147 35.55187 -96.75280 2.483 0.10
2011 11 8 20 25 29.319 7150 35.51696 -96.77773 3.146 -0.13
2011 11 8 20 25 42.539 7151 35.52983 -96.76376 5.273 0.71
2011 11 8 20 28 14.491 7157 35.51174 -96.78238 2.312 0.53
2011 11 8 20 28 53.637 7160 35.51781 -96.78458 4.465 0.39
2011 11 8 20 29 16.059 7161 35.54874 -96.75632 3.381 0.49
2011 11 8 20 32 49.651 7164 35.54321 -96.76006 4.300 1.10
2011 11 8 20 41 19.753 7172 35.52601 -96.77150 5.092 1.03
2011 11 8 20 43 28.108 7176 35.52033 -96.77305 1.446 0.83
2011 11 8 20 44 58.310 7180 35.53037 -96.76968 6.165 0.46
2011 11 8 20 46 0.507 7183 35.54115 -96.75871 2.962 -0.24
2011 11 8 20 46 8.794 7184 35.52418 -96.76997 4.291 0.62
2011 11 8 20 46 34.856 7185 35.51648 -96.78615 4.688 0.37
2011 11 8 20 47 42.182 7188 35.45510 -96.74505 3.591 1.82
2011 11 8 20 48 20.899 7190 35.52125 -96.77229 1.492 1.31
2011 11 8 20 53 43.673 7198 35.51585 -96.78209 2.643 -0.21
2011 11 8 20 54 42.503 7199 35.55650 -96.74865 2.615 1.71
2011 11 8 20 55 33.615 7201 35.55627 -96.74897 2.569 0.82
2011 11 8 20 58 36.339 7208 35.55657 -96.74844 2.684 1.28
2011 11 8 20 58 52.118 7209 35.55641 -96.74871 2.581 0.18
2011 11 8 21 2 16.676 7216 35.45322 -96.74585 3.514 0.54
2011 11 8 21 3 18.810 7217 35.51935 -96.78176 4.293 0.54
2011 11 8 21 7 22.242 7221 35.51808 -96.78235 3.915 2.09
2011 11 8 21 9 37.877 7227 35.49109 -96.84926 1.654 1.84
2011 11 8 21 11 4.892 7229 35.51651 -96.77779 2.885 -0.24
2011 11 8 21 25 49.979 7245 35.53494 -96.76076 4.688 0.27
2011 11 8 21 26 4.993 7246 35.45413 -96.74466 3.483 0.43
2011 11 8 21 28 0.459 7247 35.51641 -96.78308 1.658 0.57
2011 11 8 21 29 23.746 7250 35.51355 -96.78848 3.751 0.63
2011 11 8 21 40 23.494 7262 35.52799 -96.77127 2.086 0.77
2011 11 8 21 41 13.680 7264 35.53260 -96.76586 3.643 0.89
2011 11 8 21 43 57.084 7270 35.51646 -96.78355 1.589 0.14
2011 11 8 21 45 45.376 7275 35.52898 -96.76335 5.473 1.38
2011 11 8 21 50 26.631 7280 35.52972 -96.76400 5.274 0.55
2011 11 8 21 53 8.661 7285 35.51625 -96.78229 1.609 -0.21
2011 11 8 21 54 26.475 7286 35.51640 -96.78294 1.597 0.32
2011 11 8 21 59 22.816 7293 35.51643 -96.77837 2.888 0.31
2011 11 8 21 59 42.513 7294 35.52477 -96.76762 2.649 0.30
2011 11 8 22 4 3.512 7302 35.51843 -96.78810 3.688 -0.35
2011 11 8 22 5 27.385 7303 35.51831 -96.77209 2.947 0.80
2011 11 8 22 8 4.614 7305 35.53607 -96.75912 4.654 1.20
2011 11 8 22 12 26.552 7312 35.51596 -96.77912 2.920 0.17
2011 11 8 22 14 26.739 7314 35.53240 -96.76058 5.081 0.59
2011 11 8 22 15 42.689 7315 35.53379 -96.74963 2.497 0.36
2011 11 8 22 16 47.802 7316 35.52711 -96.76937 2.958 0.47
2011 11 8 22 20 6.888 7319 35.51095 -96.78126 1.810 -0.02
2011 11 8 22 21 58.004 7322 35.51896 -96.77452 1.556 0.39
2011 11 8 22 22 40.690 7323 35.50343 -96.80610 3.101 0.72
2011 11 8 22 24 35.332 7325 35.53027 -96.76415 5.049 0.02
2011 11 8 22 25 14.787 7327 35.53584 -96.76007 4.749 0.77
2011 11 8 22 27 4.442 7330 35.51803 -96.78486 4.688 0.85
2011 11 8 22 28 36.992 7332 35.52123 -96.78144 4.786 0.15
2011 11 8 22 37 12.605 7342 35.51852 -96.78817 3.706 -0.11
2011 11 8 22 37 55.869 7343 35.51801 -96.77676 1.578 0.07
2011 11 8 22 39 14.344 7346 35.51579 -96.78333 1.630 0.15
2011 11 8 22 40 50.245 7348 35.50626 -96.80237 4.795 0.54
2011 11 8 22 41 40.989 7350 35.52738 -96.77106 4.326 0.80
2011 11 8 22 41 49.263 7351 35.49305 -96.81911 5.275 -0.23
2011 11 8 22 57 8.078 7370 35.52618 -96.76605 4.064 0.82
2011 11 8 22 57 57.139 7371 35.54967 -96.75260 2.326 0.10
2011 11 8 23 5 12.883 7380 35.52635 -96.77074 5.079 1.10
2011 11 8 23 6 10.305 7383 35.50790 -96.78521 2.578 0.11
2011 11 8 23 6 32.628 7385 35.50114 -96.80565 1.849 0.98
2011 11 8 23 8 40.073 7387 35.54101 -96.76094 3.061 1.83
2011 11 8 23 11 55.379 7391 35.51409 -96.78113 2.909 1.36
2011 11 8 23 12 55.840 7392 35.53367 -96.76125 4.342 0.62
2011 11 8 23 14 36.239 7395 35.52966 -96.76415 5.282 0.23
2011 11 8 23 18 3.259 7399 35.53869 -96.74797 3.139 1.25
2011 11 8 23 24 7.945 7407 35.51684 -96.78158 3.696 1.24
2011 11 8 23 24 40.903 7408 35.51647 -96.78118 3.661 0.51
2011 11 8 23 26 15.838 7410 35.51765 -96.78388 4.403 0.19
2011 11 8 23 30 7.597 7415 35.52989 -96.75575 3.399 0.31
2011 11 8 23 30 13.831 7416 35.52715 -96.77053 5.827 0.53
2011 11 8 23 31 38.362 7417 35.52940 -96.75930 2.132 -0.05
2011 11 8 23 34 18.263 7420 35.51875 -96.78532 5.021 0.21
2011 11 8 23 39 42.803 7424 35.49622 -96.81399 5.068 -0.50
2011 11 8 23 40 58.810 7427 35.52329 -96.77135 3.825 0.28
2011 11 8 23 41 13.624 7428 35.53022 -96.76217 4.847 1.53
2011 11 8 23 44 29.525 7431 35.52934 -96.75870 1.594 0.29
2011 11 8 23 47 2.060 7433 35.52628 -96.77032 5.064 -0.30
2011 11 8 23 50 43.569 7436 35.52822 -96.76779 4.571 -0.13
2011 11 10 0 2 33.915 7440 35.51797 -96.78499 4.483 -0.02
2011 11 10 0 6 55.403 7441 35.51769 -96.78552 3.631 -0.19
2011 11 10 0 17 17.359 7447 35.52931 -96.76802 4.737 -0.18
2011 11 10 0 19 40.556 7448 35.51764 -96.78386 4.509 -0.02
2011 11 10 0 21 20.427 7450 35.51664 -96.77775 2.846 -0.34
2011 11 10 0 29 54.283 7455 35.55105 -96.75336 2.520 1.21
2011 11 10 0 30 28.884 7456 35.54671 -96.75551 3.689 -0.80
2011 11 10 0 33 9.045 7459 35.52145 -96.77687 2.739 -0.42
2011 11 10 0 33 22.040 7460 35.52343 -96.77481 4.397 0.15
2011 11 10 0 39 9.055 7461 35.51837 -96.78509 4.634 -0.34
2011 11 10 0 43 11.834 7463 35.52770 -96.76713 5.242 0.05
2011 11 10 0 45 16.343 7465 35.51208 -96.78583 3.421 0.48
2011 11 10 0 47 3.804 7466 35.51878 -96.78292 3.646 0.06
2011 11 10 0 53 22.904 7467 35.51805 -96.78829 4.866 0.01
2011 11 10 0 57 39.390 7469 35.53790 -96.75909 4.248 0.54
2011 11 10 0 57 45.823 7470 35.53726 -96.75787 4.182 0.37
2011 11 10 1 1 34.913 7471 35.51780 -96.78825 4.717 1.17
2011 11 10 1 3 19.256 7472 35.45737 -96.74063 3.582 0.08
2011 11 10 1 3 52.334 7473 35.54831 -96.75665 3.358 -0.78
2011 11 10 1 4 25.800 7474 35.52997 -96.76373 5.298 -0.22
2011 11 10 1 5 17.387 7475 35.51812 -96.78632 5.378 -0.24
2011 11 10 1 6 28.082 7476 35.53070 -96.76168 4.767 0.24
2011 11 10 1 15 53.248 7477 35.50985 -96.78994 3.518 0.77
2011 11 10 1 23 59.436 7480 35.52631 -96.76932 3.542 0.06
2011 11 10 1 24 24.635 7481 35.45480 -96.74362 3.484 1.04
2011 11 10 1 27 59.890 7485 35.51178 -96.78699 3.564 -0.08
2011 11 10 1 28 28.377 7486 35.51655 -96.77809 3.015 0.07
2011 11 10 1 38 21.430 7487 35.52566 -96.76847 3.741 -0.15
2011 11 10 1 42 19.136 7490 35.52550 -96.77220 5.328 0.37
2011 11 10 1 43 11.792 7491 35.52892 -96.76683 4.871 0.22
2011 11 10 1 45 20.587 7492 35.54548 -96.75434 4.119 -0.21
2011 11 10 1 45 57.292 7493 35.51644 -96.77775 2.896 -0.15
2011 11 10 1 47 20.457 7495 35.51874 -96.78611 4.909 -0.17
2011 11 10 1 52 38.764 7496 35.52493 -96.77019 4.196 1.18
2011 11 10 1 53 41.230 7497 35.51825 -96.78692 3.650 -0.07
2011 11 10 1 58 2.569 7499 35.51872 -96.79076 3.807 0.19
2011 11 10 1 59 15.693 7500 35.52835 -96.76669 4.755 0.24
2011 11 10 2 1 13.170 7502 35.53486 -96.76185 4.560 -0.30
2011 11 10 2 3 6.294 7503 35.51807 -96.78503 4.361 -0.42
2011 11 10 2 4 36.320 7504 35.52432 -96.77196 3.153 0.34
2011 11 10 2 5 26.112 7506 35.53855 -96.75909 3.778 0.73
2011 11 10 2 7 24.439 7508 35.53493 -96.75844 8.954 0.05
2011 11 10 2 10 47.578 7510 35.53012 -96.76348 5.199 0.06
2011 11 10 2 14 58.297 7512 35.51866 -96.78456 4.338 -0.34
2011 11 10 2 15 27.072 7513 35.51535 -96.78557 6.186 -0.05
2011 11 10 2 16 39.459 7516 35.51791 -96.78865 4.712 -0.12
2011 11 10 2 17 26.100 7517 35.53432 -96.76097 5.255 -0.01
2011 11 10 2 19 41.696 7518 35.53856 -96.75907 3.580 1.00
2011 11 10 2 21 10.952 7520 35.52741 -96.77166 5.380 0.20
2011 11 10 2 30 50.372 7525 35.52994 -96.76397 5.230 -0.46
2011 11 10 2 31 25.467 7526 35.52927 -96.77100 5.866 -0.07
2011 11 10 2 32 49.905 7528 35.50002 -96.81094 3.828 1.00
2011 11 10 2 33 40.045 7529 35.52573 -96.77243 5.348 -0.28
2011 11 10 2 36 31.584 7531 35.52994 -96.76345 5.251 0.16
2011 11 10 2 37 8.291 7533 35.53131 -96.76190 4.896 -0.47
2011 11 10 2 40 11.336 7535 35.51288 -96.78476 2.879 0.85
2011 11 10 2 52 45.495 7542 35.51909 -96.78620 7.288 -0.27
2011 11 10 2 56 27.091 7543 35.53682 -96.75754 5.089 -0.21
2011 11 10 3 3 56.415 7545 35.51855 -96.78911 3.715 0.92
2011 11 10 3 5 49.617 7546 35.52978 -96.76823 5.046 0.02
2011 11 10 3 6 16.077 7547 35.51832 -96.78744 3.689 -0.11
2011 11 10 3 12 57.785 7548 35.51822 -96.78817 3.695 -0.22
2011 11 10 3 14 41.291 7550 35.51909 -96.79191 3.313 0.07
2011 11 10 3 16 4.816 7551 35.51862 -96.78754 3.712 0.65
2011 11 10 3 16 37.647 7552 35.51833 -96.78679 3.596 -0.25
2011 11 10 3 18 6.744 7553 35.52975 -96.76417 5.236 -0.47
2011 11 10 3 18 51.577 7554 35.45666 -96.74175 3.499 0.95
2011 11 10 3 19 26.757 7555 35.51838 -96.78803 3.702 -0.28
2011 11 10 3 19 33.131 7556 35.51843 -96.78732 3.719 -0.23
2011 11 10 3 20 21.787 7559 35.51834 -96.78813 3.680 -0.25
2011 11 10 3 21 13.360 7560 35.45630 -96.74147 3.554 -0.53
2011 11 10 3 21 36.556 7561 35.51852 -96.78800 3.757 -0.23
2011 11 10 3 23 42.605 7564 35.53979 -96.75742 4.483 -0.14
2011 11 10 3 32 3.805 7566 35.51850 -96.78769 3.661 -0.43
2011 11 10 3 37 10.700 7567 35.51861 -96.78757 3.497 -0.05
2011 11 10 3 39 5.391 7568 35.51824 -96.78820 3.717 -0.07
2011 11 10 3 48 2.087 7572 35.51530 -96.77975 3.296 -0.31
2011 11 10 3 54 35.785 7577 35.51859 -96.78896 3.693 -0.29
2011 11 10 3 57 57.879 7579 35.52969 -96.76441 5.308 -0.32
2011 11 10 4 0 36.090 7580 35.51861 -96.78934 3.533 -0.22
2011 11 10 4 2 10.085 7582 35.53577 -96.75794 4.910 -0.05
2011 11 10 4 3 15.111 7583 35.51576 -96.77937 3.175 -0.47
2011 11 10 4 3 24.319 7584 35.51563 -96.77963 3.135 0.10
2011 11 10 4 3 46.176 7585 35.52564 -96.77028 4.958 -0.72
2011 11 10 4 10 9.508 7588 35.52618 -96.76836 4.349 0.50
2011 11 10 4 11 16.902 7589 35.52954 -96.76443 5.263 -0.13
2011 11 10 4 12 7.187 7591 35.51884 -96.79075 3.575 -0.44
2011 11 10 4 16 37.814 7593 35.51836 -96.78574 3.552 -0.39
2011 11 10 4 18 5.785 7595 35.54021 -96.75690 3.240 0.74
2011 11 10 4 21 9.675 7596 35.51223 -96.78608 3.243 1.16
2011 11 10 4 22 2.431 7597 35.51206 -96.78675 3.262 0.79
2011 11 10 4 23 41.705 7600 35.52942 -96.76491 5.131 0.31
2011 11 10 4 24 35.314 7601 35.52910 -96.76497 5.080 0.41
2011 11 10 4 25 28.691 7603 35.52947 -96.76441 5.132 -0.24
2011 11 10 4 26 25.299 7604 35.52920 -96.76526 5.123 -0.22
2011 11 10 4 27 6.507 7606 35.52910 -96.76545 5.086 -0.12
2011 11 10 4 28 7.425 7608 35.52910 -96.76546 5.046 -0.33
2011 11 10 4 30 2.318 7609 35.52876 -96.76610 4.964 -0.58
2011 11 10 4 30 23.898 7610 35.52887 -96.76552 5.139 -0.30
2011 11 10 4 31 15.893 7612 35.45650 -96.74227 3.427 -0.51
2011 11 10 4 44 36.841 7616 35.51792 -96.78376 4.460 0.94
2011 11 10 4 47 48.913 7619 35.45735 -96.74304 3.419 -0.28
2011 11 10 4 52 38.063 7621 35.53083 -96.76450 5.484 -0.26
2011 11 10 4 56 36.876 7622 35.53363 -96.76226 4.252 0.61
2011 11 10 4 56 57.135 7623 35.51236 -96.78470 3.383 0.19
2011 11 10 5 2 19.967 7626 35.53414 -96.76199 5.128 -0.24
2011 11 10 5 3 59.017 7627 35.53318 -96.76307 5.377 -0.61
2011 11 10 5 5 21.970 7630 35.45611 -96.74180 3.536 -0.42
2011 11 10 5 5 40.369 7631 35.45684 -96.73928 3.722 -0.49
2011 11 10 5 7 34.259 7632 35.52694 -96.77031 6.302 -0.46
2011 11 10 5 9 59.661 7634 35.52954 -96.76446 5.312 -0.55
2011 11 10 5 12 10.171 7636 35.53234 -96.76911 6.216 0.12
2011 11 10 5 12 23.548 7637 35.52981 -96.76415 5.227 0.85
2011 11 10 5 13 42.745 7639 35.52973 -96.76437 5.219 0.44
2011 11 10 5 13 57.811 7640 35.52956 -96.76451 5.212 0.66
2011 11 10 5 15 21.303 7642 35.52920 -96.76561 5.197 0.98
2011 11 10 5 15 30.594 7643 35.52537 -96.76874 3.014 0.43
2011 11 10 5 16 57.518 7645 35.52947 -96.76665 5.157 0.04
2011 11 10 5 17 22.458 7646 35.52982 -96.76416 5.194 -0.32
2011 11 10 5 17 36.098 7647 35.52923 -96.76503 5.235 -0.31
2011 11 10 5 18 12.016 7648 35.52535 -96.77005 2.848 -0.48
2011 11 10 5 18 24.028 7649 35.52991 -96.76415 5.215 0.07
2011 11 10 5 18 31.015 7650 35.52974 -96.76420 5.207 0.06
2011 11 10 5 23 52.258 7652 35.52978 -96.76414 5.220 0.34
2011 11 10 5 24 5.727 7653 35.52973 -96.76439 5.170 -0.35
2011 11 10 5 25 55.725 7654 35.52950 -96.76496 5.189 0.10
2011 11 10 5 28 58.259 7656 35.52582 -96.76962 2.869 -0.27
2011 11 10 5 31 32.741 7657 35.51654 -96.77816 2.564 -0.07
2011 11 10 5 31 57.446 7658 35.45643 -96.74195 3.492 1.27
2011 11 10 5 32 58.699 7659 35.53097 -96.76117 4.759 0.51
2011 11 10 5 33 5.338 7660 35.45577 -96.74186 3.662 0.01
2011 11 10 5 35 48.635 7663 35.53153 -96.76193 4.822 -1.03
2011 11 10 5 36 4.655 7664 35.51788 -96.79831 4.552 1.31
2011 11 10 5 52 6.713 7671 35.51848 -96.78417 5.312 0.38
2011 11 10 5 54 40.410 7674 35.45394 -96.72730 2.931 0.20
2011 11 10 5 54 58.059 7675 35.51854 -96.78403 5.348 0.06
2011 11 10 5 55 59.092 7676 35.52017 -96.77299 7.329 -0.08
2011 11 10 5 57 56.540 7677 35.52790 -96.77021 5.317 -0.41
2011 11 10 5 59 52.858 7680 35.52890 -96.76537 3.618 -0.03
2011 11 10 6 0 52.061 7681 35.52687 -96.76840 5.018 0.24
2011 11 10 6 1 15.057 7682 35.52693 -96.76848 5.028 0.02
2011 11 10 6 1 22.122 7683 35.52682 -96.76773 5.142 0.01
2011 11 10 6 2 23.894 7684 35.51548 -96.78029 2.933 0.38
2011 11 10 6 2 30.642 7685 35.52524 -96.77417 7.604 -0.31
2011 11 10 6 5 39.369 7688 35.52964 -96.76460 5.073 0.06
2011 11 10 6 6 52.965 7689 35.53193 -96.76153 4.910 -0.84
2011 11 10 6 7 48.867 7690 35.53804 -96.74660 4.483 0.16
2011 11 10 6 11 3.460 7692 35.51842 -96.78951 3.554 -0.27
2011 11 10 6 15 44.469 7695 35.53017 -96.76318 5.184 -0.41
2011 11 10 6 17 18.026 7697 35.52693 -96.76837 5.025 -0.24
2011 11 10 6 22 45.713 7699 35.52728 -96.76646 4.833 -0.17
2011 11 10 6 25 29.236 7701 35.52706 -96.76959 5.143 0.82
2011 11 10 6 27 26.899 7702 35.52874 -96.76663 4.901 -0.57
2011 11 10 6 27 33.739 7703 35.52728 -96.76918 5.177 0.16
2011 11 10 6 27 53.940 7704 35.52680 -96.76923 5.112 0.02
2011 11 10 6 28 0.889 7705 35.52739 -96.76940 5.118 -0.51
2011 11 10 6 32 55.323 7709 35.51846 -96.78278 5.527 0.62
2011 11 10 6 33 15.084 7710 35.52700 -96.76966 5.232 -0.41
2011 11 10 6 38 20.212 7711 35.51846 -96.78981 3.790 -0.12
2011 11 10 6 39 18.275 7712 35.52570 -96.76994 4.730 -0.24
2011 11 10 6 48 54.918 7716 35.51827 -96.78377 4.370 -0.14
2011 11 10 6 50 6.419 7717 35.51744 -96.77633 3.205 0.89
2011 11 10 6 50 47.742 7719 35.51531 -96.77995 3.371 0.35
2011 11 10 6 59 11.518 7723 35.55242 -96.75268 2.559 0.68
2011 11 10 7 5 34.827 7726 35.51572 -96.78668 8.297 0.67
2011 11 10 7 6 50.210 7727 35.45510 -96.74314 3.545 -0.29
2011 11 10 7 10 34.926 7729 35.52848 -96.76561 4.898 -0.40
2011 11 10 7 11 54.991 7730 35.52852 -96.76550 4.974 0.88
2011 11 10 7 15 6.893 7733 35.51341 -96.78466 3.255 1.28
2011 11 10 7 18 3.677 7736 35.51352 -96.78481 3.236 0.75
2011 11 10 7 20 22.096 7737 35.51981 -96.78120 4.954 -0.29
2011 11 10 7 21 42.122 7738 35.51824 -96.78337 5.462 0.51
2011 11 10 7 23 27.394 7739 35.51357 -96.78396 3.375 -0.18
2011 11 10 7 25 3.163 7741 35.51757 -96.78385 5.499 0.93
2011 11 10 7 27 38.276 7744 35.53851 -96.74689 4.395 -0.45
2011 11 10 7 31 44.559 7746 35.52788 -96.77069 5.596 -0.73
2011 11 10 7 32 16.820 7748 35.54445 -96.75432 3.674 0.23
2011 11 10 7 33 3.589 7749 35.51310 -96.78524 3.280 -0.17
2011 11 10 7 34 14.227 7750 35.52796 -96.76907 2.977 -0.05
2011 11 10 7 34 36.144 7751 35.52262 -96.77376 3.480 -0.03
2011 11 10 7 35 40.671 7753 35.52668 -96.76899 3.429 -0.45
2011 11 10 7 36 51.934 7754 35.51335 -96.78489 3.237 0.24
2011 11 10 7 38 29.068 7755 35.53063 -96.76112 5.118 -0.38
2011 11 10 7 39 20.809 7756 35.53112 -96.75810 4.937 -0.03
2011 11 10 7 41 28.865 7757 35.53038 -96.76179 5.391 -0.42
2011 11 10 7 50 51.319 7760 35.45435 -96.74266 3.212 0.60
2011 11 10 7 56 53.263 7764 35.51545 -96.77950 3.298 0.45
2011 11 10 7 57 34.684 7765 35.48073 -96.85089 3.706 -0.54
2011 11 10 8 3 53.687 7766 35.51250 -96.78494 3.770 -0.02
2011 11 10 8 6 40.840 7769 35.51799 -96.78427 4.503 -0.32
2011 11 10 8 8 3.507 7771 35.51558 -96.77934 3.522 0.43
2011 11 10 8 11 26.346 7772 35.51279 -96.78439 3.436 -0.10
2011 11 10 8 13 11.400 7773 35.51589 -96.77919 3.434 -0.25
2011 11 10 8 14 48.792 7774 35.51095 -96.78873 3.683 -0.35
2011 11 10 8 23 27.160 7776 35.53230 -96.76917 6.140 -0.07
2011 11 10 8 23 51.429 7777 35.52743 -96.77005 5.457 -0.22
2011 11 10 8 27 6.342 7779 35.47878 -96.85141 3.888 -0.03
2011 11 10 8 28 8.984 7781 35.45577 -96.74052 3.185 0.21
2011 11 10 8 31 46.499 7784 35.51280 -96.78556 3.258 0.27
2011 11 10 8 31 53.212 7785 35.53249 -96.75961 3.925 0.32
2011 11 10 8 32 35.000 7786 35.52952 -96.76431 4.867 0.15
2011 11 10 8 40 15.999 7792 35.51312 -96.78545 3.295 0.62
2011 11 10 8 41 36.295 7794 35.47968 -96.85326 3.812 -0.11
2011 11 10 8 43 15.294 7797 35.45606 -96.74229 3.196 0.30
2011 11 10 8 45 48.878 7800 35.47639 -96.85454 4.262 0.25
2011 11 10 8 46 8.333 7801 35.47940 -96.85284 3.695 0.50
2011 11 10 8 48 51.098 7803 35.47952 -96.85325 3.828 0.19
2011 11 10 8 49 37.963 7805 35.47855 -96.85427 3.882 -0.05
2011 11 10 8 51 1.248 7806 35.53332 -96.76168 5.016 0.07
2011 11 10 8 51 41.137 7807 35.52559 -96.76928 4.504 -0.31
2011 11 10 8 52 37.352 7809 35.51846 -96.78830 3.635 -0.53
2011 11 10 8 56 11.095 7812 35.47978 -96.85084 4.237 -0.19
2011 11 10 8 58 18.387 7815 35.52743 -96.77070 5.327 -0.37
2011 11 10 9 5 19.316 7820 35.52683 -96.77146 4.980 -0.30
2011 11 10 9 13 30.987 7828 35.45563 -96.74305 3.527 0.27
2011 11 10 9 13 51.132 7829 35.51865 -96.78431 4.315 -0.49
2011 11 10 9 14 10.413 7830 35.45470 -96.74154 3.234 0.60
2011 11 10 9 16 26.910 7833 35.47909 -96.85158 4.147 -0.41
2011 11 10 9 18 59.318 7838 35.45538 -96.74238 3.595 -0.18
2011 11 10 9 20 48.961 7840 35.45356 -96.74516 3.492 -0.39
2011 11 10 9 21 4.756 7841 35.45461 -96.74364 3.496 -0.35
2011 11 10 9 22 12.209 7843 35.45638 -96.74113 3.438 -0.26
2011 11 10 9 24 1.608 7844 35.48103 -96.85212 3.488 -0.59
2011 11 10 9 28 15.939 7849 35.53064 -96.76057 4.823 0.29
2011 11 10 9 28 33.131 7850 35.47969 -96.85312 3.822 0.31
2011 11 10 9 29 36.426 7853 35.47977 -96.85241 3.628 0.98
2011 11 10 9 30 0.629 7854 35.53112 -96.76115 4.886 -0.36
2011 11 10 9 30 14.835 7855 35.45532 -96.74266 3.528 -0.25
2011 11 10 9 33 37.088 7858 35.54019 -96.75680 3.458 -0.42
2011 11 10 9 33 55.649 7859 35.45352 -96.74262 3.790 -0.35
2011 11 10 9 34 45.100 7860 35.52059 -96.77445 2.847 -0.03
2011 11 10 9 36 57.098 7861 35.51833 -96.78427 5.153 0.41
2011 11 10 9 37 6.085 7862 35.45463 -96.74373 3.552 -0.05
2011 11 10 9 37 21.630 7863 35.47991 -96.85248 3.708 -0.27
2011 11 10 9 37 58.841 7864 35.45617 -96.74175 3.545 -0.29
2011 11 10 9 46 6.599 7867 35.51882 -96.78708 4.406 -0.36
2011 11 10 9 48 22.891 7869 35.47931 -96.85355 3.742 -0.44
2011 11 10 9 48 42.848 7870 35.51154 -96.78630 4.294 0.31
2011 11 10 9 50 11.409 7871 35.51264 -96.78422 3.023 -0.03
2011 11 10 9 51 16.071 7872 35.45706 -96.74124 3.418 -0.20
2011 11 10 9 51 25.991 7873 35.51775 -96.78400 5.233 -0.39
2011 11 10 9 52 50.375 7874 35.51561 -96.78703 7.941 0.29
2011 11 10 9 53 33.173 7875 35.52250 -96.77368 3.620 -0.20
2011 11 10 9 55 21.489 7877 35.52672 -96.76841 4.467 1.02
2011 11 10 9 55 28.282 7878 35.52632 -96.76926 4.241 0.07
2011 11 10 9 56 2.579 7879 35.53031 -96.76296 5.243 -0.05
2011 11 10 9 57 21.966 7880 35.45344 -96.74582 3.471 -0.04
2011 11 10 9 59 6.287 7882 35.52669 -96.76821 4.457 -0.47
2011 11 10 10 1 11.290 7884 35.53388 -96.76025 4.870 -0.36
2011 11 10 10 2 58.596 7885 35.45331 -96.74548 3.430 0.32
2011 11 10 10 3 37.676 7886 35.54565 -96.75759 3.125 0.08
2011 11 10 10 5 9.934 7888 35.52808 -96.77120 5.460 -0.01
2011 11 10 10 6 9.298 7889 35.52664 -96.76807 3.856 -0.15
2011 11 10 10 7 25.827 7890 35.53323 -96.76123 5.152 -0.55
2011 11 10 10 9 15.590 7891 35.53024 -96.76304 5.294 -0.27
2011 11 10 10 10 55.856 7893 35.51766 -96.78333 4.408 0.99
2011 11 10 10 12 32.821 7895 35.51907 -96.78930 3.896 -0.36
2011 11 10 10 12 45.916 7896 35.52681 -96.76795 4.276 -0.16
2011 11 10 10 13 41.120 7897 35.53014 -96.76316 5.158 -0.38
2011 11 10 10 14 20.453 7898 35.52547 -96.77016 4.402 -0.27
2011 11 10 10 18 4.847 7900 35.51537 -96.79315 8.201 0.87
2011 11 10 10 19 44.083 7901 35.52541 -96.77039 4.454 -0.27
2011 11 10 10 21 37.304 7902 35.54014 -96.75821 4.033 -0.16
2011 11 10 10 22 22.920 7904 35.52976 -96.76348 5.402 -0.66
2011 11 10 10 23 15.742 7905 35.52541 -96.77023 4.578 -0.26
2011 11 10 10 26 6.225 7907 35.53095 -96.76518 5.363 -0.29
2011 11 10 10 29 2.410 7908 35.52574 -96.77207 5.320 0.03
2011 11 10 10 32 9.122 7911 35.51265 -96.78491 3.653 1.45
2011 11 10 10 39 34.408 7916 35.51843 -96.78840 3.709 0.20
2011 11 10 10 40 28.267 7917 35.51273 -96.78510 3.312 0.33
2011 11 10 10 41 11.429 7918 35.52498 -96.77468 4.448 -0.11
2011 11 10 10 44 17.023 7921 35.52997 -96.76407 5.249 -0.42
2011 11 10 10 47 26.774 7923 35.52139 -96.76977 2.623 0.08
2011 11 10 10 49 6.635 7924 35.54023 -96.75258 4.894 -0.27
2011 11 10 10 50 51.754 7925 35.51611 -96.77798 2.977 -0.48
2011 11 10 10 54 25.127 7927 35.51793 -96.78408 4.414 0.62
2011 11 10 10 57 20.529 7929 35.45576 -96.74252 3.468 0.59
2011 11 10 10 59 52.546 7930 35.54212 -96.75274 4.804 0.73
2011 11 10 11 1 50.312 7932 35.51700 -96.77773 2.856 0.64
2011 11 10 11 12 5.245 7939 35.53506 -96.76914 3.150 0.22
2011 11 10 11 15 36.374 7940 35.53059 -96.76196 4.744 -0.30
2011 11 10 11 21 5.894 7944 35.51201 -96.78689 2.727 1.00
2011 11 10 11 26 45.172 7946 35.53045 -96.76728 5.277 -0.73
2011 11 10 11 27 15.954 7947 35.53569 -96.76001 4.762 0.38
2011 11 10 11 29 4.891 7948 35.47040 -96.86998 4.292 0.23
2011 11 10 11 32 18.035 7951 35.51949 -96.77203 7.306 -0.47
2011 11 10 11 34 52.778 7952 35.52563 -96.77246 5.225 -0.44
2011 11 10 11 34 59.658 7953 35.51879 -96.78887 3.552 0.46
2011 11 10 11 35 22.169 7954 35.51867 -96.78253 3.609 -0.35
2011 11 10 11 35 58.476 7955 35.51336 -96.78394 3.363 0.14
2011 11 10 11 36 19.666 7956 35.52981 -96.76380 5.159 -0.51
2011 11 10 11 38 22.050 7957 35.52978 -96.76383 5.044 -0.44
2011 11 10 11 44 23.372 7960 35.52908 -96.76526 8.747 -0.13
2011 11 10 11 54 56.217 7961 35.52991 -96.76537 5.540 -0.33
2011 11 10 12 4 4.225 7965 35.53027 -96.76315 5.169 -0.39
2011 11 10 12 8 9.589 7969 35.54779 -96.75375 4.342 0.66
2011 11 10 12 11 3.475 7970 35.51614 -96.77864 2.980 1.32
2011 11 10 12 14 50.858 7971 35.52109 -96.77419 3.427 -0.04
2011 11 10 12 15 32.250 7972 35.51604 -96.77851 2.891 0.29
2011 11 10 12 20 5.911 7974 35.54765 -96.75316 4.285 0.05
2011 11 10 12 30 29.021 7976 35.51711 -96.78749 4.783 0.44
2011 11 10 12 37 46.565 7978 35.54394 -96.75453 3.472 0.69
2011 11 10 12 38 51.594 7979 35.52768 -96.77007 5.570 -0.49
2011 11 10 12 49 56.231 7985 35.53003 -96.76317 5.112 0.13
2011 11 10 12 50 38.572 7986 35.45575 -96.74247 3.191 0.23
2011 11 10 12 52 4.380 7987 35.47628 -96.85596 4.303 1.87
2011 11 10 13 0 0.375 7988 35.52457 -96.77061 7.743 1.09
2011 11 10 13 3 5.436 7991 35.51695 -96.77776 2.882 0.05
2011 11 10 13 7 11.019 7993 35.51170 -96.78613 3.137 0.32
2011 11 10 13 13 30.757 7994 35.52087 -96.77286 3.411 -0.18
2011 11 10 13 23 42.308 7999 35.51196 -96.78623 3.628 1.07
2011 11 10 13 26 3.030 8000 35.53100 -96.76953 5.414 -0.26
2011 11 10 13 29 23.813 8002 35.52574 -96.76906 2.916 0.61
2011 11 10 13 32 55.685 8005 35.45671 -96.74162 3.521 0.45
2011 11 10 13 33 22.057 8006 35.45640 -96.74080 3.728 -0.23
2011 11 10 13 37 17.951 8007 35.54372 -96.75428 4.058 -0.49
2011 11 10 13 47 7.963 8008 35.51833 -96.78390 4.399 1.58
2011 11 10 13 52 58.156 8009 35.53449 -96.76138 5.271 0.04
2011 11 10 13 54 56.785 8010 35.52591 -96.76928 5.816 1.69
2011 11 10 14 2 53.308 8012 35.47887 -96.85439 4.368 1.34
2011 11 10 14 4 41.603 8013 35.51853 -96.78902 3.580 -0.06
2011 11 10 14 4 47.556 8014 35.51871 -96.78864 3.724 -0.08
2011 11 10 14 14 34.156 8017 35.51844 -96.78954 3.715 -0.07
2011 11 10 14 16 39.507 8018 35.47957 -96.85422 4.499 0.76
2011 11 10 14 23 51.813 8024 35.52915 -96.76429 4.840 -0.11
2011 11 10 14 29 20.950 8026 35.47963 -96.85289 3.967 -0.03
2011 11 10 14 32 13.893 8028 35.45333 -96.74646 3.546 0.58
2011 11 10 14 36 4.763 8030 35.45649 -96.74239 3.548 -0.34
2011 11 10 14 36 57.737 8031 35.54105 -96.75703 3.981 -0.18
2011 11 10 14 39 49.107 8032 35.51832 -96.78860 3.740 -0.14
2011 11 10 14 39 58.770 8033 35.51184 -96.78692 3.320 -0.04
2011 11 10 14 40 8.336 8034 35.51861 -96.78878 3.553 0.01
2011 11 10 14 40 27.878 8035 35.52965 -96.76351 5.143 -0.39
2011 11 10 14 41 5.491 8036 35.52488 -96.77044 4.380 -0.21
2011 11 10 14 50 25.727 8038 35.53068 -96.76478 5.404 -0.15
2011 11 10 14 54 41.269 8039 35.51049 -96.78945 3.224 0.05
2011 11 10 14 56 27.765 8041 35.52567 -96.77537 4.861 -0.16
2011 11 10 14 59 25.222 8042 35.51859 -96.78292 5.570 -0.02
2011 11 10 15 9 23.845 8043 35.53092 -96.76772 5.418 -0.46
2011 11 10 15 10 15.218 8044 35.52769 -96.76734 5.413 0.42
2011 11 10 15 11 7.147 8045 35.52316 -96.77446 8.345 0.68
2011 11 10 15 16 0.944 8050 35.51683 -96.77778 2.901 -0.05
2011 11 10 15 19 33.870 8053 35.53260 -96.76308 5.115 0.22
2011 11 10 15 19 40.872 8054 35.54093 -96.75944 3.263 0.47
2011 11 10 15 21 8.590 8056 35.53250 -96.76290 5.125 -0.03
2011 11 10 15 22 51.168 8059 35.52710 -96.76970 9.164 -0.23
2011 11 10 15 23 27.557 8060 35.45653 -96.74174 3.445 0.36
2011 11 10 15 34 52.826 8063 35.52850 -96.77135 5.955 0.33
2011 11 10 15 39 33.870 8065 35.51849 -96.78855 3.606 -0.17
2011 11 10 15 40 38.455 8067 35.52137 -96.77173 3.638 0.01
2011 11 10 15 42 43.452 8068 35.51816 -96.78476 4.407 -0.22
2011 11 10 15 42 50.610 8069 35.53974 -96.76067 3.298 -0.06
2011 11 10 15 44 9.523 8070 35.45674 -96.74129 3.507 -0.27
2011 11 10 15 46 10.794 8072 35.51659 -96.77821 2.961 -0.03
2011 11 10 15 48 11.674 8074 35.47879 -96.85209 4.357 -0.30
2011 11 10 15 48 54.941 8075 35.54759 -96.75396 4.329 0.71
2011 11 10 15 50 8.830 8076 35.47875 -96.85217 4.380 0.60
2011 11 10 16 1 10.976 8078 35.51676 -96.77679 2.671 -0.25
2011 11 10 16 1 27.330 8079 35.51949 -96.78348 5.578 -0.03
2011 11 10 16 2 34.832 8080 35.52615 -96.76801 4.593 -0.14
2011 11 10 16 3 26.858 8081 35.52964 -96.76444 4.743 0.65
2011 11 10 16 5 42.904 8082 35.51868 -96.78372 4.348 -0.39
2011 11 10 16 6 16.219 8083 35.51915 -96.77675 3.059 -0.06
2011 11 10 16 7 10.834 8084 35.45634 -96.74210 3.401 0.09
2011 11 10 16 9 33.240 8086 35.52136 -96.76999 3.339 0.06
2011 11 10 16 12 40.202 8088 35.45630 -96.74311 3.479 -0.16
2011 11 10 16 14 7.350 8089 35.45636 -96.74057 3.463 -0.22
2011 11 10 16 16 9.894 8090 35.53274 -96.76333 5.192 -0.29
2011 11 10 16 29 27.426 8092 35.51854 -96.78479 4.267 -0.09
2011 11 10 16 29 52.093 8093 35.52561 -96.76896 4.260 0.15
2011 11 10 16 30 21.042 8094 35.53488 -96.75499 5.245 -0.27
2011 11 10 16 32 57.424 8095 35.52861 -96.76545 4.721 0.19
2011 11 10 16 33 5.844 8096 35.45666 -96.74169 3.455 0.30
2011 11 10 16 35 50.702 8098 35.51909 -96.78730 5.315 -0.32
2011 11 10 16 41 8.122 8100 35.54777 -96.75392 4.324 0.67
2011 11 10 16 43 28.422 8101 35.51879 -96.78239 4.647 -0.41
2011 11 10 16 48 4.153 8102 35.45647 -96.74192 3.490 0.78
2011 11 10 16 49 4.699 8104 35.51721 -96.77732 2.885 0.17
2011 11 10 16 50 3.439 8105 35.45673 -96.74240 3.476 0.29
2011 11 10 16 58 44.359 8107 35.53122 -96.76944 5.931 0.13
2011 11 10 17 0 1.131 8109 35.51752 -96.78179 3.432 0.71
2011 11 10 17 0 50.774 8110 35.52528 -96.76856 4.958 0.54
2011 11 10 17 2 53.918 8111 35.53804 -96.75792 5.184 -0.24
2011 11 10 17 8 3.486 8113 35.52817 -96.77117 5.339 0.89
2011 11 10 17 9 9.510 8114 35.53090 -96.77005 5.230 0.29
2011 11 10 17 9 41.274 8115 35.52259 -96.77032 3.425 0.11
2011 11 10 17 10 17.973 8116 35.45682 -96.74181 3.490 1.04
2011 11 10 17 12 7.865 8118 35.45617 -96.74195 3.417 -0.11
2011 11 10 17 20 0.990 8120 35.52660 -96.76681 4.472 -0.41
2011 11 10 17 23 59.102 8122 35.45711 -96.73920 3.409 0.10
2011 11 10 17 24 31.562 8123 35.52848 -96.77063 5.366 0.29
2011 11 10 17 32 22.441 8127 35.45655 -96.74183 3.462 1.15
2011 11 10 17 34 45.303 8128 35.45645 -96.74184 3.477 1.69
2011 11 10 17 35 5.331 8129 35.45684 -96.74090 3.428 0.81
2011 11 10 17 35 12.008 8130 35.45630 -96.73809 3.864 0.25
2011 11 10 17 35 25.582 8132 35.51140 -96.78826 2.957 0.35
2011 11 10 17 35 44.097 8133 35.45657 -96.74179 3.396 0.73
2011 11 10 17 36 45.428 8134 35.45725 -96.74066 3.417 0.79
2011 11 10 17 36 59.254 8135 35.45473 -96.73840 3.997 -0.24
2011 11 10 17 41 6.406 8139 35.45721 -96.74091 3.465 0.04
2011 11 10 17 45 35.767 8141 35.45744 -96.74094 3.438 0.42
2011 11 10 17 45 48.638 8142 35.53079 -96.76081 4.910 1.13
2011 11 10 17 48 9.987 8143 35.45678 -96.74196 3.397 0.00
2011 11 10 17 51 53.566 8145 35.45751 -96.73999 3.361 0.45
2011 11 10 17 53 36.897 8147 35.52992 -96.76344 5.111 -0.15
2011 11 10 18 2 26.033 8152 35.51263 -96.78567 2.593 -0.06
2011 11 10 18 7 42.208 8155 35.45544 -96.73989 3.731 -0.39
2011 11 10 18 9 22.898 8156 35.53235 -96.76998 6.146 0.30
2011 11 10 18 17 42.212 8158 35.51888 -96.78938 3.865 -0.13
2011 11 10 18 19 50.222 8159 35.52283 -96.77682 4.826 0.59
2011 11 10 18 21 14.299 8160 35.45604 -96.74105 3.531 -0.25
2011 11 10 18 21 36.860 8161 35.53196 -96.76002 5.893 -0.02
2011 11 10 18 22 30.264 8162 35.53136 -96.76181 4.814 -0.43
2011 11 10 18 24 21.590 8163 35.45427 -96.74424 3.557 0.63
2011 11 10 18 28 10.435 8164 35.52958 -96.76281 5.335 -0.33
2011 11 10 18 30 39.056 8166 35.53012 -96.76307 5.202 0.90
2011 11 10 18 31 10.461 8167 35.53000 -96.76293 5.179 -0.14
2011 11 10 18 31 47.561 8168 35.51890 -96.78350 5.225 -0.10
2011 11 10 18 32 4.840 8169 35.53013 -96.76302 5.278 -0.41
2011 11 10 18 35 41.675 8174 35.51849 -96.78406 5.778 -0.29
2011 11 10 18 36 50.708 8175 35.52990 -96.76349 5.135 0.83
2011 11 10 18 36 58.024 8176 35.51100 -96.78884 3.140 0.37
2011 11 10 18 42 28.716 8178 35.54068 -96.74462 4.367 -0.13
2011 11 10 18 44 43.115 8180 35.45622 -96.74252 3.499 0.56
2011 11 10 18 45 7.411 8181 35.52651 -96.76862 3.134 1.31
2011 11 10 18 48 30.123 8184 35.45525 -96.74345 3.478 0.51
2011 11 10 18 59 6.271 8189 35.52981 -96.76363 5.084 0.10
2011 11 10 19 3 11.182 8190 35.45461 -96.74366 3.509 0.17
2011 11 10 19 3 23.227 8191 35.45437 -96.74254 3.665 -0.05
2011 11 10 19 3 54.114 8192 35.45748 -96.74098 3.550 0.94
2011 11 10 19 4 53.060 8193 35.45713 -96.74096 3.384 1.30
2011 11 10 19 9 21.773 8195 35.47618 -96.85503 4.338 0.08
2011 11 10 19 11 16.899 8196 35.45713 -96.74127 3.509 0.21
2011 11 10 19 11 52.946 8197 35.54773 -96.75347 4.280 0.39
2011 11 10 19 12 46.487 8198 35.51691 -96.77821 3.019 0.22
2011 11 10 19 15 26.718 8201 35.53133 -96.76120 5.955 0.44
2011 11 10 19 15 35.755 8202 35.53040 -96.76111 4.759 0.08
2011 11 10 19 17 6.138 8203 35.53112 -96.76275 4.893 -0.07
2011 11 10 19 20 40.220 8205 35.45609 -96.74177 3.537 -0.07
2011 11 10 19 22 41.278 8207 35.53084 -96.76162 4.716 0.01
2011 11 10 19 23 24.509 8208 35.52900 -96.76434 5.730 -0.28
2011 11 10 19 25 39.870 8210 35.52993 -96.76124 4.802 0.75
2011 11 10 19 26 49.205 8211 35.52084 -96.78197 5.113 0.10
2011 11 10 19 32 37.166 8214 35.53141 -96.75823 4.786 -0.01
2011 11 10 19 34 54.094 8215 35.53133 -96.75811 4.776 0.06
2011 11 10 19 37 40.239 8216 35.52037 -96.77462 2.923 0.70
2011 11 10 19 37 52.072 8217 35.45479 -96.74149 3.559 0.15
2011 11 10 19 38 30.550 8218 35.53174 -96.75964 4.852 -0.08
2011 11 10 19 39 20.496 8219 35.45704 -96.74160 3.533 0.15
2011 11 10 19 40 43.240 8221 35.53054 -96.76193 4.793 0.63
2011 11 10 19 41 42.041 8222 35.53079 -96.76231 4.753 -0.19
2011 11 10 19 42 18.528 8223 35.53038 -96.76161 4.710 -0.27
2011 11 10 19 43 7.079 8224 35.52967 -96.76414 4.957 -0.22
2011 11 10 19 43 22.136 8225 35.53095 -96.75916 4.842 0.20
2011 11 10 19 47 1.784 8228 35.53117 -96.75822 4.788 1.07
2011 11 10 19 47 48.886 8230 35.45621 -96.74099 3.561 -0.21
2011 11 10 19 49 47.962 8232 35.45660 -96.74145 3.506 0.11
2011 11 10 19 50 24.001 8233 35.45558 -96.74151 3.552 0.17
2011 11 10 19 52 14.721 8234 35.45584 -96.74308 3.557 0.38
2011 11 10 19 57 26.495 8237 35.52299 -96.77250 3.700 -0.09
2011 11 10 19 58 12.998 8238 35.54716 -96.75367 4.400 -0.05
2011 11 10 19 59 23.199 8241 35.52839 -96.77092 5.501 0.23
2011 11 10 20 2 14.187 8242 35.54740 -96.75332 4.377 0.21
2011 11 10 20 3 12.782 8243 35.45725 -96.74046 3.347 0.36
2011 11 10 20 4 45.953 8245 35.45682 -96.74186 3.414 0.41
2011 11 10 20 5 15.941 8247 35.45645 -96.74071 3.540 -0.22
2011 11 10 20 8 32.985 8249 35.45710 -96.74048 3.343 1.14
2011 11 10 20 21 23.534 8254 35.52998 -96.76351 5.137 0.27
2011 11 10 20 28 15.274 8260 35.53003 -96.76333 5.149 -0.05
2011 11 10 20 40 26.414 8262 35.53728 -96.74738 4.511 0.97
2011 11 10 20 41 26.768 8263 35.45709 -96.74070 3.356 0.85
2011 11 10 20 41 58.536 8265 35.53797 -96.74759 4.344 -0.19
2011 11 10 20 45 10.065 8267 35.52969 -96.76443 5.287 -0.02
2011 11 10 20 53 16.260 8270 35.51816 -96.78345 4.733 0.42
2011 11 10 20 53 34.387 8271 35.51848 -96.78806 3.582 0.03
2011 11 10 20 54 57.213 8274 35.51455 -96.78923 8.179 0.10
2011 11 10 20 58 25.962 8275 35.54779 -96.75383 4.357 0.78
2011 11 10 21 1 23.755 8276 35.52756 -96.76616 4.705 -0.34
2011 11 10 21 2 15.552 8278 35.55605 -96.74890 2.492 1.35
2011 11 10 21 2 50.570 8279 35.45788 -96.74102 3.369 0.15
2011 11 10 21 10 15.848 8280 35.51855 -96.78807 3.707 0.13
2011 11 10 21 10 57.183 8281 35.51867 -96.78910 3.696 -0.08
2011 11 10 21 11 42.494 8284 35.53100 -96.76026 4.844 0.55
2011 11 10 21 12 46.353 8286 35.52554 -96.77222 5.146 -0.09
2011 11 10 21 19 0.902 8287 35.45357 -96.74595 3.441 -0.03
2011 11 10 21 19 52.138 8288 35.53060 -96.76314 5.361 0.03
2011 11 10 21 20 48.112 8289 35.51773 -96.78349 4.459 0.38
2011 11 10 21 38 2.913 8290 35.45717 -96.74050 3.361 1.67
2011 11 10 21 42 33.999 8292 35.52610 -96.77181 5.489 0.49
2011 11 10 21 52 39.570 8300 35.45755 -96.74106 3.453 0.44
2011 11 10 21 53 24.685 8302 35.45629 -96.74056 3.637 0.11
2011 11 10 21 53 51.201 8303 35.45428 -96.73911 3.626 0.31
2011 11 10 21 54 20.962 8304 35.45773 -96.74081 3.413 0.26
2011 11 10 21 57 23.839 8305 35.45871 -96.74240 3.427 0.30
2011 11 10 21 57 31.145 8306 35.52546 -96.76293 4.779 0.05
2011 11 10 21 59 21.618 8307 35.51708 -96.77767 3.016 -0.11
2011 11 10 21 59 27.400 8308 35.52732 -96.76665 4.848 0.31
2011 11 10 22 4 40.630 8311 35.45731 -96.74075 3.539 0.35
2011 11 10 22 4 51.558 8312 35.45595 -96.74210 3.525 0.33
2011 11 10 22 8 24.397 8319 35.45562 -96.74310 3.556 0.22
2011 11 10 22 14 10.675 8322 35.45558 -96.74266 3.435 0.24
2011 11 10 22 14 18.213 8323 35.45420 -96.74429 3.565 0.91
2011 11 10 22 14 29.562 8324 35.51528 -96.78032 3.138 -0.14
2011 11 10 22 20 16.959 8326 35.53020 -96.76942 5.210 -0.60
2011 11 10 22 22 38.975 8328 35.51840 -96.78195 5.121 0.98
2011 11 10 22 26 35.818 8330 35.53073 -96.76182 4.769 0.20
2011 11 10 22 27 11.799 8331 35.45522 -96.74104 3.934 0.16
2011 11 10 22 35 12.120 8333 35.45726 -96.74219 3.355 -0.12
2011 11 10 22 38 27.800 8335 35.45656 -96.74089 3.553 -0.22
2011 11 10 22 40 31.156 8336 35.52548 -96.77282 5.515 0.17
2011 11 10 22 43 20.205 8337 35.45737 -96.74043 3.300 0.79
2011 11 10 22 48 31.722 8339 35.51206 -96.78687 2.910 0.50
2011 11 10 22 49 8.580 8340 35.53143 -96.76120 5.318 -0.23
2011 11 10 22 50 5.904 8342 35.45723 -96.74139 3.513 0.89
2011 11 10 22 52 55.499 8343 35.45699 -96.74218 3.624 0.31
2011 11 10 23 0 50.467 8345 35.53103 -96.76200 4.858 0.30
2011 11 10 23 4 17.839 8347 35.45773 -96.74036 3.520 0.44
2011 11 10 23 6 48.360 8348 35.45738 -96.74079 3.337 1.82
2011 11 10 23 10 3.042 8349 35.45335 -96.74511 3.598 0.26
2011 11 10 23 20 15.040 8351 35.45699 -96.74208 3.554 -0.21
2011 11 10 23 23 14.437 8352 35.45468 -96.74058 3.669 0.07
2011 11 10 23 24 13.159 8353 35.52000 -96.77046 7.469 0.01
2011 11 10 23 39 29.434 8355 35.45704 -96.74109 3.445 0.33
2011 11 10 23 42 41.265 8356 35.52573 -96.76897 2.795 0.42
2011 11 10 23 48 33.863 8357 35.45716 -96.74188 3.601 -0.07
2011 11 10 23 50 21.382 8358 35.45715 -96.74063 3.612 0.07
2011 11 11 0 2 55.228 8362 35.52108 -96.77583 3.009 -0.24
2011 11 11 0 3 32.171 8363 35.53423 -96.75818 5.380 -0.21
2011 11 11 0 7 11.602 8364 35.53400 -96.76236 3.713 -0.39
2011 11 11 0 10 48.395 8365 35.53065 -96.77014 5.544 -0.60
2011 11 11 0 19 19.803 8366 35.54259 -96.76077 3.240 -0.51
2011 11 11 0 22 24.033 8367 35.51577 -96.77959 3.008 0.10
2011 11 11 0 34 12.154 8370 35.51793 -96.78865 3.449 -0.24
2011 11 11 0 34 21.987 8371 35.51215 -96.78421 2.805 0.47
2011 11 11 0 36 51.396 8374 35.52855 -96.77029 5.328 0.10
2011 11 11 0 41 47.985 8376 35.51896 -96.78313 5.468 -0.21
2011 11 11 0 44 15.604 8378 35.54991 -96.75368 2.480 0.33
2011 11 11 0 45 52.457 8380 35.53102 -96.75950 4.787 0.64
2011 11 11 0 46 41.973 8381 35.52128 -96.77548 2.964 -0.55
2011 11 11 0 46 55.089 8382 35.54980 -96.75383 2.476 0.22
2011 11 11 0 48 50.980 8383 35.45674 -96.74155 3.459 0.15
2011 11 11 0 49 1.158 8384 35.45706 -96.74147 3.441 0.74
2011 11 11 0 52 2.278 8387 35.52557 -96.76910 2.889 -0.80
2011 11 11 0 53 56.441 8388 35.45424 -96.74487 3.580 0.27
2011 11 11 0 57 18.388 8390 35.53011 -96.76304 5.241 -0.37
2011 11 11 1 0 27.734 8393 35.45551 -96.74365 3.266 0.33
2011 11 11 1 3 50.189 8397 35.51680 -96.77783 2.793 -0.32
2011 11 11 1 6 58.354 8399 35.52778 -96.77071 5.329 0.29
2011 11 11 1 7 46.873 8401 35.51509 -96.77867 3.575 -0.22
2011 11 11 1 9 11.274 8402 35.53129 -96.76722 5.406 -0.03
2011 11 11 1 11 46.599 8405 35.53488 -96.75615 4.437 0.70
2011 11 11 1 12 10.535 8406 35.53033 -96.77068 5.271 -0.04
2011 11 11 1 17 18.551 8407 35.51133 -96.78647 3.470 -0.07
2011 11 11 1 17 32.904 8408 35.51120 -96.78688 3.439 -0.47
2011 11 11 1 18 54.538 8409 35.52428 -96.77568 8.584 -0.21
2011 11 11 1 20 19.479 8411 35.51794 -96.78771 5.201 -0.69
2011 11 11 1 20 31.685 8412 35.52268 -96.77228 2.913 -0.49
2011 11 11 1 23 29.931 8414 35.53993 -96.75591 2.861 -0.56
2011 11 11 1 34 57.166 8420 35.49502 -96.81445 4.751 0.26
2011 11 11 1 36 31.630 8421 35.52543 -96.76952 2.814 -0.49
2011 11 11 1 36 39.830 8422 35.52550 -96.76959 2.725 -0.58
2011 11 11 1 40 38.533 8423 35.53251 -96.76892 6.332 -0.28
2011 11 11 1 49 50.248 8425 35.52957 -96.76846 4.824 0.22
2011 11 11 1 58 12.036 8427 35.52571 -96.76977 2.815 -0.77
2011 11 11 2 0 27.801 8429 35.52855 -96.77048 5.330 0.08
2011 11 11 2 0 42.691 8430 35.53083 -96.76658 4.694 -0.08
2011 11 11 2 1 18.898 8431 35.51820 -96.78410 4.462 -0.36
2011 11 11 2 2 38.177 8433 35.51825 -96.78511 4.450 -0.41
2011 11 11 2 3 17.433 8435 35.47738 -96.86082 3.731 0.19
2011 11 11 2 7 3.181 8436 35.53090 -96.75915 4.860 0.02
2011 11 11 2 11 54.178 8439 35.51278 -96.78612 3.274 -0.02
2011 11 11 2 20 25.153 8441 35.53089 -96.75932 4.823 0.13
2011 11 11 2 22 35.814 8443 35.53115 -96.76407 5.357 -0.50
2011 11 11 2 26 58.672 8446 35.52604 -96.76948 3.442 0.07
2011 11 11 2 27 41.771 8448 35.53121 -96.77159 5.841 -0.15
2011 11 11 2 28 13.076 8449 35.51558 -96.78071 7.157 -0.34
2011 11 11 2 30 38.279 8450 35.52620 -96.76897 3.416 0.19
2011 11 11 2 31 8.594 8451 35.53003 -96.77053 5.304 -0.47
2011 11 11 2 32 7.827 8454 35.54774 -96.75426 4.335 0.73
2011 11 11 2 36 13.868 8456 35.45452 -96.74389 3.212 1.14
2011 11 11 2 40 50.903 8457 35.52629 -96.76887 3.486 -0.18
2011 11 11 2 44 29.604 8459 35.52672 -96.76924 3.392 0.01
2011 11 11 2 44 42.738 8460 35.54758 -96.75335 4.382 -0.14
2011 11 11 2 45 12.624 8461 35.45606 -96.74292 3.553 0.93
2011 11 11 2 45 56.090 8462 35.51676 -96.77821 3.079 0.53
2011 11 11 2 48 44.529 8463 35.54267 -96.75985 3.050 -0.49
2011 11 11 2 50 34.284 8464 35.51825 -96.78743 3.867 -0.29
2011 11 11 2 52 18.161 8465 35.51696 -96.77773 3.030 0.67
2011 11 11 2 56 31.660 8466 35.51834 -96.78691 5.309 -0.18
2011 11 11 2 58 48.522 8467 35.53057 -96.76084 4.977 -0.48
2011 11 11 2 58 57.052 8468 35.53051 -96.76049 5.038 -0.67
2011 11 11 2 59 15.731 8470 35.45759 -96.74039 3.222 0.47
2011 11 11 3 0 22.309 8471 35.53383 -96.75448 4.701 -0.08
2011 11 11 3 1 12.454 8472 35.51821 -96.78496 4.315 -0.50
2011 11 11 3 8 13.712 8477 35.51698 -96.77788 2.982 -0.41
2011 11 11 3 8 43.251 8478 35.53534 -96.76207 3.751 -0.13
2011 11 11 3 9 45.162 8479 35.51699 -96.77726 2.809 0.13
2011 11 11 3 11 15.403 8480 35.53005 -96.76314 5.108 0.32
2011 11 11 3 12 54.109 8482 35.52985 -96.76342 5.191 -0.68
2011 11 11 3 19 59.509 8484 35.52587 -96.76910 3.487 0.50
2011 11 11 3 20 12.889 8485 35.52593 -96.76957 3.481 -0.42
2011 11 11 3 22 34.892 8486 35.52960 -96.76252 4.749 1.02
2011 11 11 3 24 7.309 8487 35.52632 -96.76938 3.423 -0.09
2011 11 11 3 24 19.735 8488 35.51114 -96.78694 3.521 -0.22
2011 11 11 3 24 59.989 8489 35.45737 -96.74507 3.508 -0.39
2011 11 11 3 25 17.344 8490 35.52559 -96.76951 3.501 -0.20
2011 11 11 3 28 2.324 8491 35.52094 -96.78197 5.150 -0.45
2011 11 11 3 31 10.879 8495 35.51918 -96.78297 5.481 -0.38
2011 11 11 3 33 29.762 8497 35.53069 -96.76128 4.676 -0.53
2011 11 11 3 33 37.600 8498 35.53191 -96.76254 4.359 -0.04
2011 11 11 3 34 16.901 8499 35.52574 -96.76979 3.449 -0.18
2011 11 11 3 36 54.138 8502 35.52965 -96.76934 5.324 0.08
2011 11 11 3 37 6.694 8503 35.52130 -96.77546 3.062 -0.74
2011 11 11 3 37 14.883 8504 35.52962 -96.76956 5.475 -0.75
2011 11 11 3 38 12.053 8505 35.54234 -96.75893 3.059 -0.70
2011 11 11 3 39 18.903 8507 35.52990 -96.76360 5.061 0.01
2011 11 11 3 39 55.396 8508 35.47765 -96.85470 3.962 0.58
2011 11 11 3 41 0.645 8509 35.52978 -96.76369 5.084 -0.43
2011 11 11 3 49 38.911 8511 35.52720 -96.76826 3.416 -0.47
2011 11 11 3 51 31.265 8512 35.51688 -96.77768 2.789 -0.39
2011 11 11 3 52 24.036 8513 35.51903 -96.78224 4.656 -0.55
2011 11 11 3 53 41.333 8515 35.53093 -96.76012 5.437 0.06
2011 11 11 3 55 28.055 8516 35.52105 -96.78176 5.335 -0.15
2011 11 11 3 57 42.394 8518 35.51789 -96.78601 4.764 -0.11
2011 11 11 4 2 2.073 8520 35.53108 -96.76640 5.259 -0.27
2011 11 11 4 6 24.216 8522 35.51846 -96.78394 4.229 -0.34
2011 11 11 4 12 26.478 8525 35.51826 -96.78850 3.805 -0.04
2011 11 11 4 13 23.807 8527 35.51632 -96.77796 2.834 -0.14
2011 11 11 4 15 22.707 8528 35.52424 -96.76976 3.044 1.84
2011 11 11 4 23 51.289 8530 35.45764 -96.74093 3.691 0.01
2011 11 11 4 30 18.261 8533 35.53025 -96.76323 5.154 0.41
2011 11 11 4 35 55.736 8536 35.51140 -96.78749 3.425 -0.06
2011 11 11 4 41 15.709 8540 35.52726 -96.76749 4.223 -0.15
2011 11 11 4 44 30.489 8542 35.51784 -96.78766 5.487 -0.36
2011 11 11 4 47 45.106 8543 35.54779 -96.75364 4.383 0.10
2011 11 11 4 48 20.560 8544 35.51884 -96.78394 5.666 1.71
2011 11 11 4 48 40.662 8545 35.51819 -96.78421 4.395 0.47
2011 11 11 4 48 53.889 8546 35.51958 -96.78162 5.120 0.08
2011 11 11 4 49 58.736 8547 35.52595 -96.76978 3.332 -0.51
2011 11 11 4 50 6.813 8548 35.52679 -96.76925 3.355 0.19
2011 11 11 4 50 23.000 8549 35.51787 -96.78882 4.711 -0.20
2011 11 11 4 50 32.931 8550 35.52773 -96.77054 5.259 -0.16
2011 11 11 4 55 20.440 8552 35.53084 -96.76479 5.398 -0.02
2011 11 11 4 55 40.935 8553 35.52994 -96.76030 4.779 -0.76
2011 11 11 4 56 45.616 8554 35.53183 -96.76853 5.606 -0.15
2011 11 11 4 59 35.815 8555 35.53127 -96.76123 5.011 -0.65
2011 11 11 5 2 59.044 8556 35.52045 -96.78106 5.083 -0.49
2011 11 11 5 3 24.895 8557 35.52730 -96.76071 5.038 0.12
2011 11 11 5 7 41.321 8558 35.52639 -96.76864 3.368 0.69
2011 11 11 5 8 25.932 8559 35.52665 -96.76915 3.365 0.06
2011 11 11 5 9 18.443 8561 35.51787 -96.78361 4.550 -0.02
2011 11 11 5 12 43.979 8563 35.51279 -96.78607 2.743 0.25
2011 11 11 5 13 37.850 8564 35.52682 -96.76913 3.424 -0.08
2011 11 11 5 15 17.502 8566 35.52341 -96.77604 4.533 -0.46
2011 11 11 5 19 40.674 8567 35.51834 -96.78793 3.761 -0.12
2011 11 11 5 19 50.164 8568 35.51324 -96.78511 3.261 1.94
2011 11 11 5 27 24.983 8569 35.52554 -96.76953 2.961 0.37
2011 11 11 5 28 32.251 8570 35.53103 -96.76153 4.898 -0.60
2011 11 11 5 32 28.639 8571 35.52921 -96.76494 5.060 -0.27
2011 11 11 5 34 53.039 8572 35.52703 -96.77219 5.747 -0.22
2011 11 11 5 37 12.514 8573 35.51150 -96.78719 3.679 0.67
2011 11 11 5 37 41.781 8574 35.51176 -96.78702 3.678 -0.04
2011 11 11 5 38 26.883 8575 35.51821 -96.78779 3.818 -0.27
2011 11 11 5 38 35.660 8576 35.51832 -96.78747 3.622 -0.34
2011 11 11 5 40 48.242 8578 35.53205 -96.76404 4.043 0.32
2011 11 11 5 41 6.273 8579 35.51831 -96.78993 3.812 0.16
2011 11 11 5 41 55.286 8580 35.51733 -96.79256 3.750 -0.30
2011 11 11 5 44 8.450 8583 35.53059 -96.77097 5.286 -0.34
2011 11 11 5 44 17.593 8584 35.52640 -96.76955 3.452 -0.19
2011 11 11 5 45 3.523 8585 35.51850 -96.78445 4.307 0.18
2011 11 11 5 50 48.804 8587 35.52604 -96.77157 5.331 0.37
2011 11 11 5 51 26.067 8588 35.51723 -96.78795 4.647 0.04
2011 11 11 5 53 27.681 8591 35.51915 -96.78665 5.170 -0.87
2011 11 11 5 56 30.044 8593 35.51139 -96.78677 3.748 0.30
2011 11 11 5 57 12.375 8594 35.52614 -96.77170 5.241 0.85
2011 11 11 6 0 56.423 8596 35.51843 -96.78361 5.688 1.78
2011 11 11 6 3 22.058 8598 35.51821 -96.78880 3.709 -0.33
2011 11 11 6 4 4.667 8599 35.52535 -96.77320 5.017 0.01
2011 11 11 6 4 37.918 8600 35.51834 -96.79001 3.873 -0.21
2011 11 11 6 10 31.689 8602 35.51855 -96.79013 3.777 -0.25
2011 11 11 6 15 51.747 8604 35.53811 -96.75482 3.108 -0.35
2011 11 11 6 17 14.701 8605 35.52994 -96.76425 5.128 -0.15
2011 11 11 6 19 50.959 8606 35.52446 -96.77311 4.633 0.04
2011 11 11 6 25 26.625 8608 35.53897 -96.75493 3.065 0.02
2011 11 11 6 28 55.535 8609 35.51799 -96.78526 5.389 0.05
2011 11 11 6 30 23.900 8611 35.53620 -96.75984 3.807 0.33
2011 11 11 6 33 14.451 8613 35.53851 -96.75547 2.857 0.20
2011 11 11 6 33 27.564 8614 35.52787 -96.77004 6.503 -0.39
2011 11 11 6 34 39.462 8615 35.51832 -96.78718 3.696 -0.21
2011 11 11 6 39 34.935 8616 35.53391 -96.76414 3.648 -0.22
2011 11 11 6 40 48.851 8617 35.52998 -96.76027 5.010 -0.31
2011 11 11 6 43 22.860 8618 35.54745 -96.75266 4.400 -0.21
2011 11 11 6 49 26.167 8620 35.53788 -96.74832 4.372 -0.43
2011 11 11 6 56 13.296 8624 35.53499 -96.75268 4.722 1.01
2011 11 11 6 56 23.223 8625 35.54607 -96.75776 3.341 1.51
2011 11 11 6 58 10.432 8626 35.51782 -96.78851 4.664 0.66
2011 11 11 6 58 21.490 8627 35.53482 -96.75329 4.692 -0.26
2011 11 11 6 59 28.249 8628 35.51798 -96.78831 4.702 0.01
2011 11 11 7 7 30.986 8631 35.53001 -96.76115 4.687 -0.01
2011 11 11 7 7 46.353 8632 35.52987 -96.76155 4.740 -0.10
2011 11 11 7 7 58.300 8633 35.51640 -96.77834 2.943 -0.33
2011 11 11 7 11 34.754 8634 35.51818 -96.78737 3.677 -0.32
2011 11 11 7 12 6.288 8636 35.48021 -96.85159 4.202 0.08
2011 11 11 7 17 20.541 8641 35.52482 -96.77379 7.294 0.51
2011 11 11 7 20 18.982 8642 35.51830 -96.78530 5.491 0.16
2011 11 11 7 21 8.782 8643 35.52961 -96.76447 5.298 0.24
2011 11 11 7 21 17.864 8644 35.52712 -96.77013 4.507 0.11
2011 11 11 7 21 47.009 8645 35.52971 -96.76439 5.379 -0.31
2011 11 11 7 22 9.746 8646 35.52971 -96.76443 5.424 -0.57
2011 11 11 7 25 11.622 8648 35.54461 -96.75698 3.776 -0.34
2011 11 11 7 25 25.010 8649 35.51831 -96.78998 3.686 -0.28
2011 11 11 7 41 7.487 8658 35.52990 -96.76116 4.727 0.07
2011 11 11 7 42 40.094 8659 35.51759 -96.78752 4.006 0.47
2011 11 11 7 44 5.039 8660 35.52981 -96.76096 4.804 0.04
2011 11 11 7 46 35.828 8661 35.51566 -96.77955 2.941 -0.09
2011 11 11 7 47 2.184 8663 35.52989 -96.76397 4.853 -0.46
2011 11 11 7 47 8.059 8664 35.51772 -96.77598 2.545 0.82
2011 11 11 7 56 25.995 8665 35.51873 -96.78718 3.586 -0.32
2011 11 11 8 3 10.698 8667 35.45432 -96.74419 3.297 0.05
2011 11 11 8 3 44.875 8668 35.52944 -96.75865 4.065 -0.42
2011 11 11 8 3 51.946 8669 35.52336 -96.77683 7.945 -0.08
2011 11 11 8 7 32.225 8671 35.51121 -96.78769 3.493 0.02
2011 11 11 8 7 42.748 8672 35.53246 -96.76908 6.100 0.21
2011 11 11 8 16 20.879 8677 35.52734 -96.77118 5.717 0.35
2011 11 11 8 17 4.152 8678 35.52394 -96.77073 4.321 -0.46
2011 11 11 8 18 45.998 8679 35.52269 -96.77226 2.960 -0.17
2011 11 11 8 19 25.078 8680 35.52998 -96.76581 5.160 -0.30
2011 11 11 8 22 21.600 8681 35.51750 -96.78622 5.053 -0.31
2011 11 11 8 24 42.857 8682 35.45483 -96.74341 3.631 0.00
2011 11 11 8 27 39.802 8683 35.50728 -96.80183 4.634 -0.09
2011 11 11 8 31 41.817 8686 35.53175 -96.76248 4.773 -0.64
2011 11 11 8 36 4.956 8687 35.52959 -96.76494 5.065 -0.17
2011 11 11 8 36 37.367 8688 35.53079 -96.76213 4.711 -0.17
2011 11 11 8 46 11.868 8690 35.53449 -96.75315 4.595 0.20
2011 11 11 8 46 22.530 8691 35.52623 -96.76904 3.555 -0.41
2011 11 11 8 46 30.725 8692 35.52915 -96.76492 3.987 0.01
2011 11 11 8 47 30.682 8693 35.51198 -96.78644 3.310 0.02
2011 11 11 8 48 1.420 8694 35.52559 -96.77079 5.828 -0.41
2011 11 11 8 54 38.201 8699 35.52983 -96.76375 5.411 -0.46
2011 11 11 8 56 37.705 8701 35.52645 -96.77137 5.531 -0.76
2011 11 11 8 56 45.366 8702 35.51859 -96.78788 3.711 -0.45
2011 11 11 8 57 33.765 8703 35.52968 -96.76429 5.301 -0.29
2011 11 11 8 59 6.179 8704 35.52989 -96.76432 5.300 1.86
2011 11 11 9 0 46.831 8705 35.53001 -96.76311 5.273 -0.60
2011 11 11 9 2 10.619 8706 35.51848 -96.78290 4.483 0.55
2011 11 11 9 5 52.604 8708 35.52977 -96.76417 5.495 -0.57
2011 11 11 9 8 10.697 8709 35.53380 -96.75247 4.510 0.00
2011 11 11 9 8 22.231 8710 35.52996 -96.76088 4.818 -0.42
2011 11 11 9 8 32.468 8711 35.53049 -96.76351 5.478 -0.58
2011 11 11 9 9 51.571 8712 35.45527 -96.74382 3.583 -0.16
2011 11 11 9 10 39.776 8713 35.52157 -96.77582 2.989 -0.88
2011 11 11 9 11 22.383 8714 35.52657 -96.77088 5.354 -0.48
2011 11 11 9 19 9.343 8717 35.50748 -96.80173 4.990 0.04
2011 11 11 9 20 44.488 8718 35.52989 -96.76423 5.240 -0.52
2011 11 11 9 20 56.583 8719 35.52965 -96.76442 5.279 -0.69
2011 11 11 9 21 26.111 8720 35.52991 -96.76426 5.169 -0.63
2011 11 11 9 26 28.587 8724 35.54769 -96.75989 3.695 -0.18
2011 11 11 9 30 57.336 8726 35.53407 -96.75948 9.276 -0.30
2011 11 11 9 33 8.022 8727 35.52883 -96.76604 6.065 0.05
2011 11 11 9 41 27.876 8729 35.52393 -96.77240 4.219 -0.07
2011 11 11 9 42 49.606 8730 35.51831 -96.78426 4.340 -0.55
2011 11 11 9 45 9.882 8731 35.51774 -96.78839 4.663 0.27
2011 11 11 9 48 27.286 8732 35.45776 -96.74077 3.429 0.63
2011 11 11 9 53 24.227 8733 35.52416 -96.79671 7.408 0.61
2011 11 11 9 55 27.204 8736 35.52719 -96.77201 5.411 -0.68
2011 11 11 9 56 20.507 8737 35.53861 -96.75707 2.705 -0.43
2011 11 11 9 57 24.599 8738 35.52218 -96.77480 3.635 -0.18
2011 11 11 10 8 30.740 8742 35.52040 -96.78299 5.184 0.24
2011 11 11 10 12 11.012 8744 35.45610 -96.74169 3.409 -0.14
2011 11 11 10 12 25.004 8745 35.51866 -96.78279 4.236 1.12
2011 11 11 10 20 29.869 8747 35.53001 -96.76331 5.139 -0.01
2011 11 11 10 31 36.670 8755 35.52206 -96.77522 2.915 -0.36
2011 11 11 10 33 23.784 8756 35.52222 -96.77479 2.841 -0.63
2011 11 11 10 33 34.187 8757 35.52089 -96.77568 3.315 -0.53
2011 11 11 10 33 59.780 8758 35.52176 -96.77594 3.004 -0.74
2011 11 11 10 35 8.947 8760 35.52089 -96.77479 2.852 -0.44
2011 11 11 10 35 42.277 8761 35.52133 -96.77539 2.869 -0.53
2011 11 11 10 36 52.178 8762 35.52158 -96.77518 2.993 -0.46
2011 11 11 10 37 58.444 8763 35.52157 -96.77586 2.885 -0.79
2011 11 11 10 38 5.968 8764 35.52814 -96.76483 5.868 -0.56
2011 11 11 10 38 31.304 8765 35.52082 -96.77302 7.395 0.11
2011 11 11 10 39 10.661 8766 35.51015 -96.78543 3.631 -0.29
2011 11 11 10 39 20.360 8767 35.52088 -96.77544 2.898 0.14
2011 11 11 10 39 49.166 8768 35.52196 -96.77430 2.957 -0.43
2011 11 11 10 40 0.606 8769 35.52152 -96.77556 2.858 -0.76
2011 11 11 10 41 19.832 8770 35.53307 -96.74931 2.080 0.67
2011 11 11 10 41 42.417 8771 35.53053 -96.76169 4.883 -0.44
2011 11 11 10 43 6.848 8774 35.52112 -96.77591 2.655 -0.53
2011 11 11 10 43 29.250 8775 35.52097 -96.77526 2.892 -0.11
2011 11 11 10 45 20.890 8776 35.45387 -96.74508 3.434 0.51
2011 11 11 10 46 16.055 8777 35.51861 -96.78643 5.138 0.78
2011 11 11 10 46 23.511 8778 35.52460 -96.77374 4.723 1.29
2011 11 11 10 46 47.185 8780 35.52163 -96.77558 2.925 0.04
2011 11 11 10 46 57.703 8781 35.51484 -96.78190 3.151 1.66
2011 11 11 10 50 47.127 8782 35.52222 -96.77507 2.812 -0.50
2011 11 11 10 51 8.053 8783 35.52055 -96.77364 7.393 -0.33
2011 11 11 10 52 12.563 8786 35.53330 -96.76130 4.274 0.76
2011 11 11 10 55 2.427 8788 35.53018 -96.76006 4.747 -0.27
2011 11 11 10 59 54.281 8790 35.51983 -96.77401 7.623 -0.39
2011 11 11 11 0 31.029 8791 35.51796 -96.79938 4.545 -0.13
2011 11 11 11 1 26.100 8792 35.51746 -96.78519 4.083 -0.27
2011 11 11 11 5 27.964 8794 35.52060 -96.77349 7.400 0.85
2011 11 11 11 8 3.176 8797 35.51218 -96.78634 3.565 -0.07
2011 11 11 11 11 48.567 8798 35.52707 -96.77180 5.458 -0.58
2011 11 11 11 12 26.915 8799 35.47986 -96.85227 3.744 0.53
2011 11 11 11 16 50.917 8801 35.52093 -96.77341 2.544 -0.64
2011 11 11 11 19 17.706 8802 35.51820 -96.78829 3.612 -0.31
2011 11 11 11 22 17.097 8805 35.52638 -96.77082 5.391 -0.51
2011 11 11 11 22 30.128 8806 35.52661 -96.77203 9.064 -0.43
2011 11 11 11 22 44.793 8807 35.53137 -96.75934 5.133 0.88
2011 11 11 11 29 45.273 8808 35.52977 -96.76431 5.292 -0.59
2011 11 11 11 29 54.711 8809 35.52972 -96.76406 5.311 -0.64
2011 11 11 11 31 25.942 8810 35.52658 -96.76925 3.554 -0.19
2011 11 11 11 31 40.533 8811 35.52651 -96.76888 3.514 -0.30
2011 11 11 11 32 31.082 8812 35.52787 -96.76088 5.744 0.77
2011 11 11 11 33 35.074 8813 35.52090 -96.77559 2.927 -0.48
2011 11 11 11 33 44.114 8814 35.52956 -96.76424 5.079 0.82
2011 11 11 11 35 39.743 8817 35.52862 -96.77086 5.377 -0.56
2011 11 11 11 46 46.183 8821 35.52644 -96.77129 5.131 -0.28
2011 11 11 11 47 22.032 8822 35.51870 -96.78850 3.695 -0.28
2011 11 11 11 49 28.020 8823 35.52623 -96.74672 3.098 -0.46
2011 11 11 11 58 34.158 8826 35.53021 -96.76184 4.765 -0.57
2011 11 11 11 58 42.206 8827 35.52187 -96.77451 3.289 -0.67
2011 11 11 12 6 58.994 8828 35.52793 -96.77061 5.348 0.13
2011 11 11 12 17 13.276 8831 35.54181 -96.75382 4.604 -0.27
2011 11 11 12 19 55.143 8832 35.53112 -96.76906 5.422 -0.61
2011 11 11 12 25 5.646 8833 35.54241 -96.75772 4.545 0.16
2011 11 11 12 25 23.056 8835 35.52639 -96.76843 3.436 0.08
2011 11 11 12 33 34.244 8840 35.52848 -96.74303 5.282 -0.13
2011 11 11 12 38 38.932 8841 35.52995 -96.76385 5.444 -0.35
2011 11 11 12 43 13.695 8844 35.53746 -96.76143 3.888 0.64
2011 11 11 12 48 13.834 8847 35.52753 -96.77072 5.323 -0.27
2011 11 11 12 50 23.440 8848 35.52928 -96.76478 5.853 1.29
2011 11 11 12 58 58.626 8850 35.52485 -96.75883 5.209 -0.07
2011 11 11 12 59 9.788 8851 35.53158 -96.76063 5.654 1.00
2011 11 11 13 4 58.265 8854 35.53138 -96.76270 4.785 -0.10
2011 11 11 13 6 42.660 8855 35.52836 -96.76328 4.643 1.26
2011 11 11 13 17 27.600 8857 35.45676 -96.74245 3.685 -0.13
2011 11 11 13 23 41.292 8858 35.51822 -96.78391 4.469 0.05
2011 11 11 13 25 58.129 8859 35.51828 -96.78431 4.365 -0.14
2011 11 11 13 37 16.136 8861 35.51829 -96.78544 5.544 0.76
2011 11 11 13 48 28.960 8864 35.51851 -96.78490 5.243 -0.09
2011 11 11 13 49 48.371 8865 35.52802 -96.76773 5.426 0.03
2011 11 11 13 54 3.832 8866 35.52248 -96.77306 3.791 -0.02
2011 11 11 14 11 5.857 8869 35.52131 -96.77596 2.989 -0.34
2011 11 11 14 16 21.939 8870 35.51663 -96.77807 2.769 -0.04
2011 11 11 14 21 54.497 8871 35.53003 -96.76370 5.380 0.08
2011 11 11 14 33 18.057 8873 35.51991 -96.77492 3.044 -0.06
2011 11 11 14 34 42.051 8874 35.53192 -96.76329 5.206 0.07
2011 11 11 14 38 10.509 8875 35.54783 -96.75446 4.288 0.37
2011 11 11 14 52 21.723 8879 35.54784 -96.75442 4.311 0.19
2011 11 11 14 55 3.069 8880 35.53070 -96.75895 4.713 -0.24
2011 11 11 14 56 17.575 8881 35.51755 -96.78910 4.600 0.07
2011 11 11 15 3 32.287 8883 35.51616 -96.77863 2.988 0.02
2011 11 11 15 10 12.057 8885 35.51848 -96.78782 3.685 0.10
2011 11 11 15 16 24.142 8887 35.45517 -96.74496 3.515 0.30
2011 11 11 15 20 12.612 8888 35.52132 -96.77186 3.698 0.43
2011 11 11 15 20 18.957 8889 35.51329 -96.78384 3.365 0.52
2011 11 11 15 21 8.110 8890 35.52520 -96.77131 5.301 2.15
2011 11 11 15 22 51.950 8891 35.51436 -96.77970 3.743 0.05
2011 11 11 15 31 44.168 8892 35.45518 -96.74436 3.567 0.65
2011 11 11 15 42 46.142 8894 35.51834 -96.78386 5.461 1.73
2011 11 11 15 44 58.846 8896 35.52378 -96.77393 2.915 0.25
2011 11 11 15 46 46.809 8897 35.51855 -96.78820 3.698 0.07
2011 11 11 15 47 17.227 8898 35.52505 -96.77186 5.319 2.34
2011 11 11 16 6 54.037 8901 35.52624 -96.76906 3.362 0.91
2011 11 11 16 8 4.532 8902 35.53003 -96.76361 5.115 0.02
2011 11 11 16 8 55.062 8903 35.49678 -96.80994 5.725 1.54
2011 11 11 16 33 21.754 8907 35.52959 -96.76566 5.161 0.02
2011 11 11 16 34 35.908 8908 35.51829 -96.78606 5.754 1.58
2011 11 11 16 43 11.930 8910 35.53522 -96.76095 4.021 0.38
2011 11 11 16 45 52.339 8912 35.53023 -96.76166 4.738 0.11
2011 11 11 16 51 20.031 8913 35.53395 -96.76388 3.799 0.91
2011 11 11 17 2 43.532 8915 35.51637 -96.77875 2.939 -0.01
2011 11 11 17 4 43.310 8916 35.53104 -96.76921 5.279 -0.12
2011 11 11 17 5 44.320 8917 35.45789 -96.74071 3.438 1.80
2011 11 11 17 7 39.138 8918 35.52702 -96.76806 3.701 0.78
2011 11 11 17 8 36.557 8919 35.51149 -96.78743 3.595 0.52
2011 11 11 17 16 47.841 8920 35.45717 -96.74036 3.347 2.64
2011 11 11 17 18 8.511 8922 35.45665 -96.74197 3.378 0.36
2011 11 11 17 23 13.644 8925 35.51645 -96.77811 2.820 0.04
2011 11 11 17 25 44.939 8926 35.51517 -96.78030 3.339 0.70
2011 11 11 17 26 7.685 8927 35.51522 -96.78018 3.326 0.06
2011 11 11 17 26 29.202 8928 35.54743 -96.75339 4.489 0.04
2011 11 11 17 29 23.211 8929 35.51514 -96.77901 3.351 0.06
2011 11 11 17 34 11.458 8930 35.45688 -96.74164 3.369 0.45
2011 11 11 17 51 7.058 8933 35.51502 -96.78304 8.081 0.35
2011 11 11 17 55 8.261 8934 35.52581 -96.77106 5.004 1.67
2011 11 11 17 57 0.044 8935 35.52572 -96.77174 5.028 -0.03
2011 11 11 17 57 37.941 8936 35.52592 -96.77163 5.003 -0.12
2011 11 11 17 58 29.211 8937 35.52584 -96.77310 5.258 -0.28
2011 11 11 17 58 43.964 8938 35.53135 -96.76262 4.747 0.12
2011 11 11 18 2 14.332 8939 35.45806 -96.74019 3.407 1.11
2011 11 11 18 4 16.881 8940 35.52787 -96.77048 5.258 0.58
2011 11 11 18 37 1.332 8941 35.52206 -96.77179 1.996 0.88
2011 11 11 18 40 15.226 8944 35.51629 -96.77876 2.960 0.17
2011 11 11 18 40 52.935 8945 35.45787 -96.74062 3.450 1.68
2011 11 11 18 53 14.591 8949 35.53092 -96.76050 4.913 1.11
2011 11 11 18 53 56.668 8950 35.45892 -96.73893 3.621 0.68
2011 11 11 18 54 48.471 8951 35.53091 -96.75975 4.970 -0.32
2011 11 11 19 1 39.081 8952 35.53203 -96.76906 6.044 0.35
2011 11 11 19 3 18.065 8953 35.51690 -96.78672 4.666 0.80
2011 11 11 19 3 23.999 8954 35.52057 -96.77643 2.878 -0.07
2011 11 11 19 11 30.486 8957 35.52973 -96.76039 5.031 -0.06
2011 11 11 19 11 38.342 8958 35.52978 -96.76132 5.005 1.02
2011 11 11 19 22 17.842 8961 35.52980 -96.76095 4.827 1.54
2011 11 11 19 22 48.012 8962 35.52988 -96.76101 4.877 0.56
2011 11 11 19 23 7.253 8963 35.52972 -96.76033 4.899 -0.28
2011 11 11 19 25 17.673 8965 35.53032 -96.76137 4.535 0.35
2011 11 11 19 26 19.579 8966 35.52981 -96.75986 4.400 -0.42
2011 11 11 19 29 7.644 8968 35.52969 -96.76123 4.810 0.84
2011 11 11 19 31 34.284 8969 35.53061 -96.75959 4.611 -0.34
2011 11 11 19 32 54.138 8971 35.52985 -96.76115 4.819 -0.01
2011 11 11 19 39 46.377 8973 35.52976 -96.75938 4.600 0.59
2011 11 11 19 41 26.842 8974 35.53112 -96.76182 4.599 -0.34
2011 11 11 19 42 29.468 8975 35.52946 -96.75922 4.528 -0.35
2011 11 11 19 42 50.781 8976 35.53100 -96.76059 4.706 -0.56
2011 11 11 19 44 40.721 8977 35.51833 -96.78583 5.190 0.96
2011 11 11 19 48 30.464 8979 35.53066 -96.76036 4.504 -0.53
2011 11 11 19 51 32.108 8981 35.51860 -96.78379 4.318 1.34
2011 11 11 19 54 25.573 8983 35.52999 -96.76436 5.315 0.11
2011 11 11 19 56 38.822 8984 35.53108 -96.76075 5.338 -0.12
2011 11 11 19 57 35.318 8985 35.54767 -96.75352 4.417 0.19
2011 11 11 20 8 51.812 8987 35.53046 -96.76113 4.480 -0.27
2011 11 11 20 9 41.497 8988 35.53206 -96.75275 5.224 0.12
2011 11 11 20 11 28.228 8989 35.53031 -96.75954 4.671 0.52
2011 11 11 20 27 40.486 8992 35.52219 -96.77352 3.215 -0.47
2011 11 11 20 28 59.123 8993 35.53654 -96.76358 3.550 0.42
2011 11 11 20 36 52.310 8994 35.54713 -96.75410 4.230 0.15
2011 11 11 20 37 25.402 8995 35.51654 -96.77758 2.879 -0.08
2011 11 11 20 49 30.519 8996 35.52317 -96.77237 3.091 1.00
2011 11 11 21 2 49.574 9001 35.53596 -96.75706 4.884 0.08
2011 11 11 21 7 40.530 9003 35.51758 -96.78598 4.973 0.58
2011 11 11 21 20 12.034 9007 35.53026 -96.76329 5.156 -0.34
2011 11 11 21 23 11.522 9008 35.52533 -96.77254 2.939 0.13
2011 11 11 21 23 36.278 9009 35.45690 -96.74178 3.683 0.04
2011 11 11 21 24 53.551 9010 35.51698 -96.77728 2.840 0.14
2011 11 11 21 25 10.839 9011 35.51675 -96.77753 2.859 0.37
2011 11 11 21 26 24.963 9013 35.51693 -96.77801 2.747 0.01
2011 11 11 21 26 53.397 9014 35.51672 -96.77823 2.853 0.21
2011 11 11 21 28 4.337 9015 35.53080 -96.76113 4.459 -0.43
2011 11 11 21 33 7.709 9016 35.53016 -96.75964 4.590 -0.24
2011 11 11 21 36 52.481 9018 35.53154 -96.76036 5.739 0.06
2011 11 11 21 44 55.500 9019 35.52785 -96.77107 5.645 0.12
2011 11 11 21 50 30.564 9021 35.51685 -96.78587 4.398 0.79
2011 11 11 21 52 51.083 9022 35.51817 -96.78749 4.170 -0.07
2011 11 11 21 57 24.045 9023 35.52951 -96.76831 5.039 -0.47
2011 11 11 21 59 17.402 9024 35.52995 -96.76091 5.074 -0.18
2011 11 11 22 2 35.008 9026 35.51574 -96.78723 5.416 0.57
2011 11 11 22 3 40.204 9027 35.53067 -96.76072 4.397 -0.27
2011 11 11 22 6 10.498 9029 35.52896 -96.76578 6.092 2.10
2011 11 11 22 11 50.292 9031 35.52880 -96.76535 5.992 0.09
2011 11 11 22 15 27.166 9032 35.52858 -96.76689 6.028 0.25
2011 11 11 22 18 29.763 9034 35.52727 -96.77114 5.438 -0.20
2011 11 11 22 23 50.551 9035 35.52666 -96.76889 3.354 1.43
2011 11 11 22 25 19.671 9036 35.52217 -96.77310 3.731 0.27
2011 11 11 22 38 50.012 9038 35.51829 -96.78464 4.399 0.33
2011 11 11 22 40 51.897 9039 35.52804 -96.77201 5.391 -0.33
2011 11 11 22 48 38.891 9041 35.52958 -96.76456 5.327 -0.01
2011 11 11 22 49 56.763 9042 35.53395 -96.75730 4.563 -0.10
2011 11 11 22 51 8.109 9043 35.52962 -96.76442 5.378 -0.13
2011 11 11 23 6 3.774 9045 35.53011 -96.76430 5.494 -0.11
2011 11 11 23 10 32.123 9046 35.53017 -96.76303 5.153 0.00
2011 11 11 23 10 43.904 9047 35.52974 -96.76361 5.394 -0.06
2011 11 11 23 11 57.566 9048 35.52978 -96.76440 5.290 0.56
2011 11 11 23 12 46.628 9049 35.52969 -96.76436 5.170 -0.33
2011 11 11 23 17 53.863 9052 35.53033 -96.76475 3.922 0.30
2011 11 11 23 19 24.222 9054 35.51767 -96.78423 4.381 0.03
2011 11 11 23 22 56.976 9055 35.53007 -96.75995 4.540 -0.57
2011 11 11 23 37 37.047 9058 35.53186 -96.76344 4.073 -0.17
2011 11 11 23 38 9.299 9059 35.53160 -96.76061 5.642 0.49
2011 11 11 23 42 59.254 9060 35.52608 -96.76895 2.937 -0.66
2011 11 11 23 46 23.124 9061 35.52109 -96.77482 3.846 0.24
2011 11 11 23 53 17.357 9062 35.53051 -96.76201 5.573 -0.25
2011 11 12 0 3 56.756 9067 35.52977 -96.76460 4.708 0.83
2011 11 12 0 4 29.055 9068 35.52032 -96.78160 3.981 0.67
2011 11 12 0 12 33.617 9075 35.52088 -96.77188 1.456 0.95
2011 11 12 0 15 10.168 9079 35.51836 -96.78564 4.330 0.41
2011 11 12 0 17 6.234 9084 35.54002 -96.76068 3.410 0.51
2011 11 12 0 28 4.848 9097 35.51937 -96.78412 4.566 -0.03
2011 11 12 0 44 48.329 9111 35.51854 -96.78300 4.005 1.16
2011 11 12 0 46 18.279 9113 35.53178 -96.76129 5.658 0.70
2011 11 12 0 47 27.894 9115 35.51961 -96.78142 5.242 -0.48
2011 11 12 0 48 0.348 9117 35.51754 -96.78387 4.065 0.13
2011 11 12 0 48 48.190 9119 35.51620 -96.77906 2.942 2.01
2011 11 12 0 51 16.570 9125 35.51675 -96.77846 2.981 0.43
2011 11 12 0 54 19.234 9127 35.45749 -96.74126 3.424 0.54
2011 11 12 1 2 51.029 9136 35.52718 -96.76727 4.588 1.46
2011 11 12 1 3 26.201 9137 35.53268 -96.74965 1.959 0.28
2011 11 12 1 7 57.770 9144 35.51723 -96.77728 1.458 0.53
2011 11 12 1 14 1.861 9155 35.52588 -96.77233 5.919 0.17
2011 11 12 1 23 12.310 9174 35.51690 -96.77779 2.871 0.43
2011 11 12 1 26 6.377 9178 35.52297 -96.77067 1.964 0.24
2011 11 12 1 31 39.086 9189 35.53137 -96.76034 5.671 0.67
2011 11 12 1 42 40.819 9204 35.53009 -96.76340 5.167 1.17
2011 11 12 1 43 4.591 9206 35.53003 -96.76333 5.121 0.60
2011 11 12 1 44 1.220 9211 35.52992 -96.76288 5.118 0.28
2011 11 12 1 44 13.131 9212 35.53010 -96.76331 5.169 0.94
2011 11 12 1 44 25.895 9213 35.52970 -96.76289 5.242 0.97
2011 11 12 1 46 0.729 9219 35.53275 -96.74224 5.203 0.40
2011 11 12 1 46 43.319 9220 35.52998 -96.76349 5.062 1.06
2011 11 12 1 48 10.551 9224 35.53046 -96.76254 5.182 0.94
2011 11 12 1 48 48.177 9226 35.53031 -96.76107 4.877 1.18
2011 11 12 1 50 6.878 9229 35.53035 -96.76398 5.286 0.60
2011 11 12 1 54 18.011 9234 35.53099 -96.76796 4.781 -0.46
2011 11 12 1 55 0.971 9236 35.45415 -96.74588 3.616 0.25
2011 11 12 1 55 46.519 9240 35.53697 -96.76420 3.076 0.82
2011 11 12 2 0 12.751 9248 35.53024 -96.76277 5.280 0.29
2011 11 12 2 2 41.090 9253 35.53026 -96.76348 5.105 0.74
2011 11 12 2 3 47.954 9255 35.53014 -96.76162 4.757 2.10
2011 11 12 2 6 10.167 9258 35.53035 -96.76273 5.014 0.00
2011 11 12 2 9 11.153 9262 35.52697 -96.77110 4.948 -0.40
2011 11 12 2 10 1.678 9265 35.52848 -96.76724 5.122 0.74
2011 11 12 2 13 27.965 9272 35.52241 -96.77082 1.467 0.34
2011 11 12 2 15 12.533 9275 35.50064 -96.80560 2.466 2.10
2011 11 12 2 18 17.630 9279 35.50199 -96.80947 5.294 0.45
2011 11 12 2 19 6.898 9280 35.52970 -96.76394 5.231 0.84
2011 11 12 2 20 52.979 9284 35.53016 -96.76204 4.880 0.49
2011 11 12 2 21 11.054 9285 35.53033 -96.76338 5.143 0.17
2011 11 12 2 21 18.192 9286 35.53024 -96.76434 5.272 0.79
2011 11 12 2 27 4.051 9295 35.53012 -96.76258 5.210 0.04
2011 11 12 2 27 25.885 9296 35.53576 -96.75885 4.683 1.14
2011 11 12 2 31 3.418 9299 35.53635 -96.75868 4.563 0.51
2011 11 12 2 31 50.906 9301 35.51822 -96.78575 3.690 -0.32
2011 11 12 2 34 36.435 9305 35.53434 -96.76151 4.215 0.69
2011 11 12 2 38 44.997 9309 35.51227 -96.78298 2.666 0.10
2011 11 12 2 40 19.829 9311 35.50266 -96.79829 2.726 0.24
2011 11 12 2 41 58.186 9312 35.45420 -96.74459 3.644 -0.01
2011 11 12 2 42 55.560 9313 35.53373 -96.76197 4.289 0.93
2011 11 12 2 48 17.093 9316 35.52915 -96.76403 5.013 1.16
2011 11 12 2 50 5.353 9317 35.53007 -96.76279 5.283 0.12
2011 11 12 2 55 13.086 9322 35.53017 -96.76265 5.207 1.79
2011 11 12 2 56 18.206 9325 35.53025 -96.76317 5.178 1.07
2011 11 12 3 0 17.501 9329 35.53390 -96.76113 4.314 1.21
2011 11 12 3 1 33.942 9332 35.53435 -96.76121 4.371 -0.08
2011 11 12 3 1 48.233 9333 35.53412 -96.76167 4.247 0.46
2011 11 12 3 3 13.569 9335 35.52715 -96.77150 5.850 0.21
2011 11 12 3 3 36.975 9336 35.52964 -96.77042 5.562 1.26
2011 11 12 3 4 29.041 9337 35.53455 -96.76031 4.014 1.09
2011 11 12 3 6 34.669 9338 35.53186 -96.76112 5.314 -0.02
2011 11 12 3 8 48.026 9341 35.51866 -96.78298 4.918 -0.12
2011 11 12 3 12 26.376 9345 35.50776 -96.80200 5.273 0.63
2011 11 12 3 12 50.727 9346 35.54548 -96.75595 3.878 0.45
2011 11 12 3 24 56.842 9360 35.52541 -96.77243 4.273 0.37
2011 11 12 3 26 1.618 9361 35.52519 -96.77179 4.502 1.66
2011 11 12 3 26 10.002 9362 35.52605 -96.77288 4.150 0.42
2011 11 12 3 26 40.163 9363 35.52571 -96.77179 4.288 0.18
2011 11 12 3 31 22.198 9369 35.52557 -96.77144 4.388 1.25
2011 11 12 3 31 48.708 9370 35.54038 -96.75817 3.145 1.54
2011 11 12 3 34 22.043 9374 35.54090 -96.76101 4.538 0.83
2011 11 12 3 37 46.380 9379 35.52560 -96.77216 4.314 0.82
2011 11 12 3 39 21.907 9380 35.52586 -96.77154 4.338 0.58
2011 11 12 3 40 10.077 9382 35.50894 -96.78474 2.104 -0.02
2011 11 12 3 40 25.426 9383 35.52829 -96.76903 3.256 -0.13
2011 11 12 3 42 38.493 9384 35.52843 -96.76611 4.030 -0.18
2011 11 12 3 44 25.715 9386 35.52205 -96.78115 4.162 0.22
2011 11 12 3 49 43.463 9388 35.53949 -96.74222 4.190 0.12
2011 11 12 3 50 58.585 9390 35.52555 -96.76946 2.987 -0.78
2011 11 12 3 52 58.618 9394 35.55420 -96.75083 2.516 0.28
2011 11 12 3 53 38.037 9396 35.45590 -96.74279 3.418 1.05
2011 11 12 3 54 13.574 9397 35.52177 -96.77186 1.585 1.96
2011 11 12 4 4 16.157 9406 35.52907 -96.75383 4.084 1.00
2011 11 12 4 9 29.622 9410 35.52006 -96.78712 5.552 -0.13
2011 11 12 4 10 10.508 9411 35.53024 -96.76250 5.176 0.00
2011 11 12 4 11 6.175 9412 35.50503 -96.76559 2.974 0.32
2011 11 12 4 15 17.361 9416 35.52164 -96.77145 1.632 0.82
2011 11 12 4 19 19.353 9420 35.53025 -96.76309 5.252 0.29
2011 11 12 4 23 46.645 9423 35.53466 -96.76104 4.021 0.99
2011 11 12 4 24 46.892 9427 35.54104 -96.76100 3.523 0.96
2011 11 12 4 26 48.677 9431 35.55755 -96.74749 2.641 0.37
2011 11 12 4 27 46.307 9432 35.52167 -96.77126 1.643 0.81
2011 11 12 4 27 58.964 9433 35.52256 -96.77158 1.643 0.51
2011 11 12 4 29 48.891 9434 35.52111 -96.77216 1.603 0.74
2011 11 12 4 30 22.595 9435 35.52952 -96.76433 5.237 0.27
2011 11 12 4 30 58.445 9436 35.52585 -96.77125 4.940 0.58
2011 11 12 4 33 47.670 9440 35.53355 -96.76534 3.733 0.44
2011 11 12 4 35 47.916 9442 35.53790 -96.76177 4.019 0.84
2011 11 12 4 38 49.816 9445 35.53075 -96.76094 4.923 1.36
2011 11 12 4 43 12.663 9450 35.45772 -96.74167 3.458 0.31
2011 11 12 4 44 11.498 9452 35.55687 -96.74853 2.559 0.59
2011 11 12 4 45 34.918 9455 35.53252 -96.76532 3.472 2.17
2011 11 12 4 46 16.898 9459 35.51290 -96.78439 2.704 -0.01
2011 11 12 4 47 45.407 9461 35.53320 -96.76533 3.400 1.13
2011 11 12 4 48 2.365 9462 35.53334 -96.76437 3.364 0.64
2011 11 12 4 48 37.038 9464 35.53300 -96.76565 3.455 0.69
2011 11 12 4 54 24.809 9466 35.52967 -96.75908 1.881 0.12
2011 11 12 4 57 31.517 9467 35.53286 -96.74964 1.925 0.00
2011 11 12 5 0 58.857 9468 35.52986 -96.76368 5.352 0.51
2011 11 12 5 2 10.656 9469 35.53125 -96.76322 4.265 1.04
2011 11 12 5 2 38.666 9470 35.49660 -96.81304 3.000 0.20
2011 11 12 5 4 43.909 9473 35.52143 -96.77152 1.618 1.27
2011 11 12 5 7 50.182 9476 35.52586 -96.76945 2.925 -0.08
2011 11 12 5 9 54.899 9478 35.52543 -96.76941 3.121 -0.73
2011 11 12 5 11 31.379 9480 35.49440 -96.81905 2.210 0.50
2011 11 12 5 11 50.200 9481 35.52939 -96.76280 5.362 0.56
2011 11 12 5 17 1.527 9486 35.51682 -96.78415 4.597 1.40
2011 11 12 5 18 14.598 9487 35.52642 -96.77055 4.998 1.01
2011 11 12 5 23 37.770 9492 35.52642 -96.76866 2.363 1.46
2011 11 12 5 24 6.201 9493 35.51773 -96.78769 5.772 0.16
2011 11 12 5 27 28.297 9495 35.53036 -96.76273 5.225 1.11
2011 11 12 5 28 17.148 9497 35.52530 -96.77365 4.299 1.71
2011 11 12 5 37 38.064 9505 35.53996 -96.75881 3.631 0.34
2011 11 12 5 39 46.956 9508 35.45631 -96.74228 3.440 2.03
2011 11 12 5 40 35.631 9509 35.45582 -96.74242 3.358 1.56
2011 11 12 5 42 29.725 9513 35.45661 -96.74090 3.437 -0.05
2011 11 12 5 43 21.786 9516 35.45504 -96.74222 3.512 0.16
2011 11 12 5 44 38.850 9519 35.49434 -96.81443 5.267 0.83
2011 11 12 5 47 1.430 9522 35.52616 -96.76874 4.116 0.58
2011 11 12 5 47 46.158 9524 35.52159 -96.77200 1.451 0.37
2011 11 12 5 48 18.412 9526 35.55040 -96.75396 2.500 0.83
2011 11 12 5 49 8.381 9528 35.51815 -96.77532 1.458 -0.16
2011 11 12 5 50 32.446 9531 35.52981 -96.75758 4.388 0.18
2011 11 12 5 50 43.774 9532 35.45714 -96.74135 3.472 1.03
2011 11 12 5 51 26.067 9535 35.45744 -96.74175 3.379 0.25
2011 11 12 5 51 43.145 9536 35.54090 -96.76000 3.909 -0.12
2011 11 12 5 55 22.358 9541 35.54606 -96.75620 3.289 2.01
2011 11 12 5 58 34.318 9548 35.51232 -96.78253 2.392 0.13
2011 11 12 6 8 25.832 9554 35.51760 -96.78434 4.422 0.01
2011 11 12 6 8 54.607 9555 35.52911 -96.76648 5.026 0.26
2011 11 12 6 10 11.693 9557 35.53414 -96.76130 4.324 1.08
2011 11 12 6 11 33.932 9558 35.52033 -96.78092 6.115 1.30
2011 11 12 6 20 17.661 9567 35.52616 -96.76829 4.858 -0.03
2011 11 12 6 24 10.054 9574 35.53919 -96.74175 4.032 2.19
2011 11 12 6 34 10.718 9582 35.45736 -96.74072 3.486 -0.30
2011 11 12 6 39 52.131 9585 35.51141 -96.78322 1.921 0.12
2011 11 12 6 41 35.917 9588 35.51774 -96.77728 1.604 0.12
2011 11 12 6 41 59.089 9589 35.51396 -96.78255 1.736 -0.17
2011 11 12 6 43 40.543 9590 35.51419 -96.78156 3.212 1.29
2011 11 12 6 45 44.586 9595 35.52071 -96.77275 1.519 0.31
2011 11 12 6 48 33.450 9600 35.53014 -96.76300 5.216 -0.31
2011 11 12 6 49 57.810 9601 35.55713 -96.74779 2.588 1.44
2011 11 12 6 50 23.937 9602 35.55695 -96.74841 2.575 0.06
2011 11 12 6 52 29.880 9605 35.51528 -96.78169 1.459 0.10
2011 11 12 6 53 15.701 9606 35.51806 -96.77714 1.706 0.37
2011 11 12 6 53 42.898 9607 35.51709 -96.78146 1.558 0.95
2011 11 12 6 54 53.863 9610 35.52830 -96.77058 5.429 0.25
2011 11 12 6 55 47.357 9611 35.53009 -96.76238 5.279 -0.33
2011 11 12 6 57 50.078 9614 35.52251 -96.77348 4.077 0.60
2011 11 12 7 1 23.307 9620 35.45620 -96.74238 3.549 0.08
2011 11 12 7 6 8.704 9625 35.52542 -96.77155 5.539 0.37
2011 11 12 7 7 26.334 9628 35.52995 -96.76443 5.030 -0.05
2011 11 12 7 10 15.296 9631 35.52883 -96.76716 2.037 0.20
2011 11 12 7 15 4.376 9633 35.51931 -96.77420 1.462 -0.02
2011 11 12 7 20 13.313 9636 35.53037 -96.76285 5.182 1.36
2011 11 12 7 20 28.054 9638 35.53020 -96.76268 5.212 0.29
2011 11 12 7 21 48.255 9639 35.53045 -96.76273 5.173 1.60
2011 11 12 7 25 18.607 9643 35.50097 -96.80774 2.645 0.65
2011 11 12 7 26 13.455 9645 35.45585 -96.74392 3.580 0.21
2011 11 12 7 30 49.540 9648 35.52699 -96.76694 6.405 0.08
2011 11 12 7 46 3.895 9667 35.52186 -96.77372 3.314 0.60
2011 11 12 7 48 57.332 9672 35.52631 -96.76996 4.868 0.77
2011 11 12 7 49 24.353 9673 35.55757 -96.74751 2.508 -0.31
2011 11 12 7 49 48.625 9674 35.52403 -96.77034 1.878 0.56
2011 11 12 7 52 29.213 9677 35.52327 -96.77205 3.481 0.99
2011 11 12 7 53 4.068 9679 35.51436 -96.78046 2.806 0.19
2011 11 12 7 53 33.973 9680 35.54078 -96.76017 3.109 0.69
2011 11 12 7 53 57.088 9682 35.53409 -96.76105 4.321 0.33
2011 11 12 7 54 49.323 9685 35.53134 -96.76158 5.038 0.37
2011 11 12 7 57 35.320 9688 35.53436 -96.76085 4.292 -0.11
2011 11 12 7 57 49.578 9689 35.54792 -96.75346 4.420 1.61
2011 11 12 7 58 16.495 9690 35.52295 -96.77953 3.392 0.59
2011 11 12 7 58 37.611 9691 35.52268 -96.77058 1.566 0.17
2011 11 12 8 1 35.421 9695 35.50985 -96.78534 2.394 -0.08
2011 11 12 8 2 32.410 9696 35.45685 -96.74152 3.428 -0.01
2011 11 12 8 10 12.491 9702 35.52996 -96.76311 5.169 0.22
2011 11 12 8 12 27.183 9708 35.53180 -96.76903 6.255 0.26
2011 11 12 8 13 36.142 9709 35.53128 -96.76045 5.680 0.25
2011 11 12 8 18 15.691 9715 35.54130 -96.76034 3.249 0.51
2011 11 12 8 20 10.660 9718 35.53024 -96.76832 4.811 0.61
2011 11 12 8 30 7.559 9726 35.55244 -96.75189 2.541 -0.21
2011 11 12 8 31 54.097 9728 35.52791 -96.76778 3.971 0.49
2011 11 12 8 32 38.346 9729 35.52112 -96.76945 3.416 0.48
2011 11 12 8 41 56.499 9738 35.45689 -96.74153 3.610 -0.39
2011 11 12 8 44 18.242 9740 35.53563 -96.76566 3.084 -0.20
2011 11 12 8 45 44.100 9742 35.51828 -96.78936 3.546 -0.37
2011 11 12 8 45 59.957 9743 35.52752 -96.77096 5.284 -0.12
2011 11 12 8 52 15.700 9748 35.52582 -96.77018 4.713 -0.01
2011 11 12 9 3 4.647 9757 35.52902 -96.76625 6.153 -0.05
2011 11 12 9 5 59.828 9761 35.50090 -96.81234 4.374 0.98
2011 11 12 9 6 46.106 9763 35.52653 -96.77129 5.161 0.04
2011 11 12 9 7 4.345 9764 35.49551 -96.82302 3.842 0.48
2011 11 12 9 8 3.861 9766 35.51203 -96.78164 2.201 0.14
2011 11 12 9 10 42.555 9767 35.52515 -96.76823 4.393 1.08
2011 11 12 9 16 42.785 9779 35.51807 -96.78361 4.224 2.09
2011 11 12 9 19 13.248 9783 35.53381 -96.74844 2.259 -0.37
2011 11 12 9 20 42.963 9785 35.54059 -96.73984 6.247 -0.60
2011 11 12 9 25 23.124 9788 35.51842 -96.78486 5.027 0.02
2011 11 12 9 33 48.958 9799 35.52150 -96.77355 3.284 -0.39
2011 11 12 9 36 7.196 9800 35.51729 -96.78472 4.661 1.15
2011 11 12 9 38 25.116 9803 35.49228 -96.85048 1.221 0.60
2011 11 12 9 38 38.980 9804 35.52471 -96.77822 5.360 0.92
2011 11 12 9 39 4.276 9805 35.52149 -96.77348 3.634 0.07
2011 11 12 9 40 9.578 9806 35.54288 -96.76037 3.030 0.11
2011 11 12 9 47 7.608 9813 35.55663 -96.74924 2.642 0.80
2011 11 12 9 49 32.303 9816 35.53184 -96.76525 5.198 0.34
2011 11 12 9 51 41.697 9819 35.54754 -96.75440 4.294 0.80
2011 11 12 9 53 58.749 9821 35.45628 -96.74204 3.568 -0.10
2011 11 12 9 55 55.791 9823 35.52506 -96.77090 4.799 -0.22
2011 11 12 9 57 2.096 9824 35.52989 -96.76234 5.209 -0.58
2011 11 12 10 3 58.799 9830 35.53392 -96.76367 4.051 1.19
2011 11 12 10 6 7.890 9834 35.52816 -96.77119 5.350 0.14
2011 11 12 10 13 13.927 9843 35.51797 -96.78495 4.411 -0.15
2011 11 12 10 15 7.188 9846 35.51798 -96.78485 4.398 0.33
2011 11 12 10 21 23.554 9851 35.52363 -96.77308 3.971 0.20
2011 11 12 10 22 41.345 9852 35.51853 -96.78519 5.513 0.86
2011 11 12 10 25 17.504 9853 35.52456 -96.77075 3.271 0.92
2011 11 12 10 26 7.936 9854 35.51857 -96.78751 3.760 -0.01
2011 11 12 10 30 2.616 9858 35.53459 -96.76070 4.350 1.49
2011 11 12 10 30 35.191 9860 35.53434 -96.76122 5.037 0.49
2011 11 12 10 37 7.297 9868 35.51058 -96.78278 1.826 0.71
2011 11 12 10 51 23.426 9885 35.51798 -96.79951 4.566 -0.19
2011 11 12 10 54 1.631 9887 35.54275 -96.76016 4.388 0.42
2011 11 12 10 54 10.850 9888 35.53107 -96.76042 5.731 0.17
2011 11 12 10 55 41.120 9890 35.51985 -96.77381 3.412 -0.15
2011 11 12 10 57 42.162 9892 35.45552 -96.74435 3.636 -0.02
2011 11 12 10 59 17.236 9896 35.53013 -96.76335 5.121 0.29
2011 11 12 11 0 11.912 9898 35.52073 -96.77199 1.448 -0.09
2011 11 12 11 1 25.278 9901 35.51432 -96.78584 3.646 0.18
2011 11 12 11 2 24.485 9902 35.52602 -96.77089 4.917 0.97
2011 11 12 11 6 43.527 9908 35.54081 -96.76044 3.132 0.78
2011 11 12 11 8 36.868 9912 35.51934 -96.77457 1.726 0.73
2011 11 12 11 9 10.879 9914 35.51245 -96.78607 2.898 0.19
2011 11 12 11 11 28.927 9916 35.53640 -96.76334 3.586 0.62
2011 11 12 11 16 32.576 9921 35.52032 -96.77136 1.313 -0.45
2011 11 12 11 18 2.940 9922 35.52641 -96.76961 4.296 -0.21
2011 11 12 11 18 38.287 9923 35.52029 -96.77059 2.927 0.93
2011 11 12 11 24 28.596 9929 35.51881 -96.78543 4.981 -0.24
2011 11 12 11 24 44.383 9930 35.52986 -96.76376 5.242 1.29
2011 11 12 11 25 3.160 9931 35.53012 -96.76342 5.231 0.85
2011 11 12 11 25 45.005 9932 35.52930 -96.76400 5.381 0.03
2011 11 12 11 26 29.808 9933 35.51915 -96.77429 1.657 1.04
2011 11 12 11 30 40.261 9936 35.53078 -96.76083 4.785 0.64
2011 11 12 11 32 41.132 9938 35.51485 -96.78245 1.558 0.65
2011 11 12 11 38 15.048 9940 35.53986 -96.75370 3.192 0.23
2011 11 12 11 42 57.932 9945 35.51699 -96.78166 3.966 0.92
2011 11 12 11 49 18.808 9953 35.53737 -96.75834 4.637 0.32
2011 11 12 11 49 29.235 9954 35.52944 -96.76499 5.215 0.60
2011 11 12 11 49 50.775 9955 35.52931 -96.76522 5.282 0.35
2011 11 12 11 53 45.675 9961 35.52942 -96.76441 5.179 0.12
2011 11 12 12 13 8.672 9975 35.52927 -96.76506 5.301 0.54
2011 11 12 12 17 55.480 9979 35.52557 -96.77236 5.543 0.59
2011 11 12 12 35 48.096 9992 35.52292 -96.77078 1.498 -0.07
2011 11 12 12 49 40.845 9998 35.51121 -96.78350 2.334 0.22
2011 11 12 12 52 58.504 10001 35.51866 -96.78180 5.090 -0.08
2011 11 12 12 55 26.528 10003 35.51824 -96.78690 3.758 -0.13
2011 11 12 12 59 26.475 10005 35.54299 -96.75895 3.126 1.51
2011 11 12 13 14 45.744 10022 35.52312 -96.77070 1.659 0.78
2011 11 12 13 17 50.581 10026 35.51842 -96.78976 3.837 0.17
2011 11 12 13 18 55.018 10028 35.52219 -96.77131 1.510 1.24
2011 11 12 13 20 24.119 10029 35.52233 -96.77160 1.677 -0.01
2011 11 12 13 20 46.779 10030 35.52677 -96.77135 5.653 0.73
2011 11 12 13 22 45.282 10032 35.51402 -96.78286 2.972 0.70
2011 11 12 13 23 20.575 10033 35.52404 -96.77051 4.081 0.40
2011 11 12 13 23 49.076 10034 35.51451 -96.78263 2.938 -0.31
2011 11 12 13 27 23.761 10038 35.53972 -96.76209 3.337 0.27
2011 11 12 13 31 31.387 10043 35.51380 -96.78951 3.123 0.29
2011 11 12 13 31 59.478 10044 35.54213 -96.76319 2.216 0.35
2011 11 12 13 35 18.668 10050 35.51269 -96.80319 2.968 0.09
2011 11 12 13 38 44.232 10053 35.51900 -96.78992 3.844 0.56
2011 11 12 13 38 57.405 10054 35.53082 -96.76118 4.839 0.23
2011 11 12 13 39 53.955 10057 35.53067 -96.76170 4.844 0.78
2011 11 12 13 41 8.947 10058 35.51560 -96.77918 2.893 0.85
2011 11 12 13 42 54.206 10061 35.52957 -96.76244 5.282 2.21
2011 11 12 13 43 31.074 10063 35.53898 -96.75606 3.155 -0.19
2011 11 12 13 44 46.436 10065 35.53891 -96.75623 3.206 -0.32
2011 11 12 13 45 51.394 10066 35.54114 -96.75481 2.561 -0.33
2011 11 12 13 47 20.648 10068 35.51847 -96.78784 3.742 -0.22
2011 11 12 13 47 41.681 10069 35.53415 -96.76145 4.343 -0.06
2011 11 12 13 55 1.484 10075 35.52496 -96.77028 1.679 0.24
2011 11 12 13 56 41.578 10077 35.53100 -96.76136 4.905 0.58
2011 11 12 13 58 52.749 10079 35.51647 -96.77902 3.094 0.21
2011 11 12 14 1 26.050 10082 35.52954 -96.76360 5.272 0.65
2011 11 12 14 4 7.078 10086 35.51823 -96.78706 3.741 -0.02
2011 11 12 14 4 55.489 10088 35.51837 -96.78777 3.689 0.02
2011 11 12 14 5 25.846 10089 35.51839 -96.78871 3.678 -0.00
2011 11 12 14 7 7.385 10090 35.51816 -96.78832 3.763 0.05
2011 11 12 14 9 40.238 10093 35.52902 -96.76900 6.005 0.57
2011 11 12 14 13 6.689 10098 35.51513 -96.78003 3.251 -0.23
2011 11 12 14 18 17.646 10102 35.51915 -96.77223 3.041 0.97
2011 11 12 14 21 30.174 10107 35.51848 -96.78894 3.994 0.01
2011 11 12 14 23 43.833 10110 35.52997 -96.76352 5.198 0.12
2011 11 12 14 28 31.186 10112 35.53486 -96.76544 3.432 1.60
2011 11 12 14 33 13.557 10116 35.51892 -96.79010 3.794 0.30
2011 11 12 14 41 47.842 10126 35.51825 -96.79208 5.614 0.88
2011 11 12 14 50 25.047 10132 35.51883 -96.77631 1.614 -0.01
2011 11 12 14 54 58.388 10137 35.52109 -96.77244 1.533 1.77
2011 11 12 15 1 40.966 10141 35.51821 -96.78633 5.379 -0.00
2011 11 12 15 4 10.910 10144 35.51365 -96.78427 2.854 -0.47
2011 11 12 15 12 35.792 10147 35.51840 -96.78268 1.618 0.89
2011 11 12 15 24 43.860 10151 35.52963 -96.76391 5.352 0.90
2011 11 12 15 25 43.562 10153 35.53910 -96.75597 2.866 0.13
2011 11 12 15 30 56.850 10154 35.52529 -96.76845 3.754 0.63
2011 11 12 15 41 8.236 10157 35.52745 -96.77137 6.165 0.68
2011 11 12 16 6 57.212 10175 35.50187 -96.80722 2.656 0.63
2011 11 12 16 22 54.698 10179 35.55460 -96.75067 2.521 0.09
2011 11 12 16 27 51.389 10182 35.51541 -96.78043 3.314 0.51
2011 11 12 16 29 54.937 10183 35.51031 -96.78501 2.072 0.77
2011 11 12 16 31 25.429 10184 35.51389 -96.78133 3.156 0.62
2011 11 12 16 35 7.473 10187 35.52421 -96.76993 3.490 0.71
2011 11 12 16 36 10.224 10188 35.52935 -96.76954 5.346 0.62
2011 11 12 16 37 54.181 10191 35.52491 -96.76884 1.952 1.10
2011 11 12 16 52 19.301 10194 35.51538 -96.77972 3.252 0.20
2011 11 12 17 8 26.050 10203 35.53032 -96.76059 4.486 0.72
2011 11 12 17 18 21.233 10208 35.53678 -96.76307 3.747 0.80
2011 11 12 17 19 41.446 10209 35.51545 -96.77964 3.115 0.63
2011 11 12 18 4 47.933 10223 35.52627 -96.77035 3.269 0.61
2011 11 12 18 7 20.257 10226 35.51437 -96.78065 2.800 1.08
2011 11 12 18 12 50.873 10228 35.45880 -96.73867 3.651 0.35
2011 11 12 18 20 58.665 10234 35.52928 -96.76251 5.386 1.21
2011 11 12 18 24 32.319 10237 35.52621 -96.76043 5.665 0.64
2011 11 12 18 29 28.281 10240 35.45557 -96.74358 3.548 0.21
2011 11 12 18 34 22.181 10241 35.53023 -96.76341 5.268 -0.15
2011 11 12 18 35 3.699 10242 35.52459 -96.76977 4.346 1.94
2011 11 12 18 37 25.219 10245 35.53007 -96.76324 5.263 0.78
2011 11 12 18 49 30.589 10248 35.53003 -96.76314 5.373 0.49
2011 11 12 18 50 47.439 10249 35.52969 -96.76582 5.380 0.33
2011 11 12 18 53 22.530 10254 35.52978 -96.76473 5.529 0.39
2011 11 12 19 2 21.109 10259 35.45638 -96.74164 3.485 0.16
2011 11 12 19 3 49.105 10260 35.52264 -96.77023 1.518 0.41
2011 11 12 19 17 56.613 10267 35.53035 -96.76959 2.032 0.53
2011 11 12 19 24 12.377 10272 35.53532 -96.75942 5.111 0.33
2011 11 12 19 39 25.786 10275 35.53071 -96.76898 5.348 0.77
2011 11 12 19 45 39.722 10279 35.51863 -96.78339 5.141 0.95
2011 11 12 20 9 8.164 10288 35.52085 -96.78021 5.216 0.76
2011 11 12 20 30 29.966 10290 35.50158 -96.80596 1.830 1.72
2011 11 12 21 12 32.881 10297 35.55455 -96.75113 2.896 0.87
2011 11 12 21 33 22.910 10305 35.51923 -96.79462 3.971 1.29
2011 11 12 21 36 4.969 10306 35.53382 -96.76008 5.005 0.56
2011 11 12 21 39 36.627 10309 35.49136 -96.84944 1.526 3.13
2011 11 12 21 40 42.550 10310 35.52552 -96.77340 4.275 0.46
2011 11 12 21 46 12.901 10311 35.53074 -96.76133 4.646 -0.65
2011 11 12 21 52 18.172 10313 35.52696 -96.76270 5.403 1.10
2011 11 12 21 55 52.663 10314 35.51822 -96.78171 4.374 1.91
2011 11 12 22 4 20.849 10320 35.52984 -96.76391 5.222 0.94
2011 11 12 22 6 51.226 10321 35.45463 -96.74414 3.501 0.97
2011 11 12 22 31 21.951 10332 35.52589 -96.77137 4.397 0.53
2011 11 12 22 32 53.026 10333 35.52590 -96.77137 4.292 1.55
2011 11 12 22 42 5.045 10336 35.52466 -96.76232 5.884 1.02
2011 11 12 22 43 52.390 10337 35.51622 -96.77780 2.834 0.64
2011 11 12 22 46 9.058 10338 35.52291 -96.77101 1.663 0.16
2011 11 12 22 47 33.811 10340 35.52299 -96.77210 1.643 0.99
2011 11 12 22 47 48.976 10341 35.52251 -96.77231 1.689 0.69
2011 11 12 22 50 43.625 10343 35.53558 -96.75931 5.049 0.51
2011 11 12 22 51 32.102 10344 35.49142 -96.85132 1.504 2.19
2011 11 12 22 57 17.298 10352 35.51277 -96.78708 3.637 0.13
2011 11 12 23 3 16.401 10361 35.52991 -96.76325 5.196 0.41
2011 11 12 23 10 48.359 10369 35.51702 -96.77761 2.865 0.32
2011 11 12 23 18 38.137 10375 35.52207 -96.77009 1.494 0.71
2011 11 12 23 25 55.109 10379 35.52757 -96.76870 2.951 0.02
2011 11 12 23 26 32.499 10380 35.50112 -96.80662 2.447 1.66
2011 11 12 23 30 7.272 10384 35.51187 -96.78583 3.516 1.12
2011 11 12 23 32 21.434 10386 35.49370 -96.81408 5.313 2.63
2011 11 12 23 38 6.972 10389 35.51931 -96.77403 1.519 1.16
2011 11 12 23 46 3.574 10397 35.49527 -96.81916 3.464 1.54
2011 11 13 0 11 7.285 10408 35.53074 -96.75947 4.202 -0.89
2011 11 13 0 21 0.123 10413 35.51797 -96.78121 1.690 1.19
2011 11 13 0 26 44.403 10416 35.52156 -96.77279 1.161 0.55
2011 11 13 0 27 1.173 10417 35.53533 -96.76377 4.036 1.43
2011 11 13 0 32 4.787 10422 35.54104 -96.76074 2.852 0.29
2011 11 13 0 36 41.444 10426 35.51781 -96.78143 1.700 -0.34
2011 11 13 0 37 3.577 10427 35.53132 -96.76018 4.698 1.40
2011 11 13 0 38 4.629 10428 35.53664 -96.75875 4.786 0.17
2011 11 13 0 42 37.234 10433 35.51829 -96.78311 4.131 1.47
2011 11 13 0 44 19.629 10434 35.52595 -96.77187 4.378 1.57
2011 11 13 1 5 50.285 10449 35.52949 -96.76424 5.266 0.66
2011 11 13 1 12 33.836 10456 35.52249 -96.77245 1.684 1.94
2011 11 13 1 19 10.974 10462 35.52237 -96.77305 1.852 -0.01
2011 11 13 1 20 15.925 10463 35.51843 -96.77609 3.044 0.49
2011 11 13 1 34 9.395 10469 35.50835 -96.80062 5.098 0.32
2011 11 13 1 37 23.565 10470 35.52947 -96.76368 5.265 0.53
2011 11 13 1 39 32.913 10472 35.53009 -96.76371 5.237 0.43
2011 11 13 1 39 56.697 10473 35.52994 -96.76364 5.305 -0.48
2011 11 13 1 58 9.699 10483 35.55403 -96.75094 2.150 1.37
2011 11 13 1 58 33.546 10484 35.47883 -96.85867 3.842 0.13
2011 11 13 2 22 56.669 10502 35.52745 -96.77120 5.861 -0.61
2011 11 13 2 32 0.017 10510 35.51881 -96.77861 1.656 -0.09
2011 11 13 2 35 30.419 10512 35.53212 -96.75665 4.659 0.39
2011 11 13 2 43 17.339 10521 35.53657 -96.75456 4.887 0.63
2011 11 13 2 53 54.880 10528 35.53332 -96.76434 3.407 0.57
2011 11 13 3 3 50.675 10534 35.52310 -96.77012 1.697 0.22
2011 11 13 3 6 25.500 10537 35.51785 -96.78137 1.757 0.41
2011 11 13 3 10 23.089 10539 35.52853 -96.77079 5.530 0.19
2011 11 13 3 22 36.039 10549 35.53269 -96.76143 5.216 -0.27
2011 11 13 3 31 21.751 10558 35.51346 -96.78366 3.725 0.11
2011 11 13 3 33 4.506 10560 35.51717 -96.78112 1.625 -0.12
2011 11 13 3 33 33.000 10562 35.52779 -96.77110 5.336 1.14
2011 11 13 3 52 46.606 10584 35.51684 -96.77741 1.384 0.34
2011 11 13 3 56 15.759 10586 35.52283 -96.77131 1.669 0.35
2011 11 13 3 57 32.476 10587 35.52000 -96.77256 1.474 2.23
2011 11 13 4 2 56.570 10590 35.51757 -96.77653 2.947 0.13
2011 11 13 4 11 11.388 10596 35.51759 -96.78449 4.290 0.93
2011 11 13 4 16 46.233 10601 35.53026 -96.76123 4.597 0.36
2011 11 13 4 19 55.184 10603 35.51896 -96.77549 1.390 1.02
2011 11 13 4 23 7.823 10605 35.51840 -96.77520 1.528 0.37
2011 11 13 4 26 42.391 10610 35.51543 -96.78010 3.244 1.11
2011 11 13 4 27 7.162 10612 35.51550 -96.77992 3.183 1.21
2011 11 13 4 27 25.101 10613 35.51569 -96.77951 3.207 1.32
2011 11 13 4 31 31.955 10614 35.55456 -96.75043 2.448 0.77
2011 11 13 4 53 3.103 10636 35.51788 -96.78421 4.355 0.39
2011 11 13 4 57 20.669 10637 35.51357 -96.78486 3.459 0.20
2011 11 13 5 15 48.130 10644 35.51076 -96.78851 3.494 -0.07
2011 11 13 5 22 53.144 10648 35.45597 -96.74260 3.348 2.21
2011 11 13 5 27 16.227 10652 35.51726 -96.77725 1.331 0.59
2011 11 13 5 41 8.319 10662 35.51574 -96.77965 3.072 0.59
2011 11 13 5 53 0.721 10667 35.55451 -96.75061 2.406 0.56
2011 11 13 6 2 49.315 10671 35.52305 -96.77069 1.930 0.54
2011 11 13 6 8 36.147 10674 35.52643 -96.77134 4.697 0.40
2011 11 13 6 16 58.523 10678 35.52984 -96.76316 5.259 -0.24
2011 11 13 6 23 51.280 10680 35.51964 -96.78588 3.876 -0.31
2011 11 13 6 26 15.343 10682 35.52293 -96.77082 1.898 0.72
2011 11 13 6 28 31.455 10685 35.52648 -96.76084 5.167 2.00
2011 11 13 6 29 59.946 10687 35.53122 -96.75988 4.813 1.26
2011 11 13 6 34 12.160 10691 35.51834 -96.78429 4.380 1.84
2011 11 13 6 34 57.101 10692 35.54679 -96.75167 3.325 0.38
2011 11 13 6 35 49.717 10693 35.52570 -96.76989 3.000 -0.31
2011 11 13 6 43 54.540 10697 35.45828 -96.74034 3.567 0.20
2011 11 13 6 51 1.153 10701 35.53011 -96.76364 5.163 1.06
2011 11 13 6 53 46.160 10703 35.52159 -96.77265 3.357 -0.37
2011 11 13 6 56 48.376 10707 35.46004 -96.73904 3.568 0.17
2011 11 13 7 3 39.703 10709 35.53017 -96.76343 5.250 1.06
2011 11 13 7 5 36.420 10711 35.52972 -96.76427 5.199 0.32
2011 11 13 7 7 39.286 10712 35.52852 -96.76548 5.658 0.73
2011 11 13 7 10 58.333 10715 35.53020 -96.76709 2.095 0.51
2011 11 13 7 13 12.180 10716 35.51892 -96.77432 1.529 0.69
2011 11 13 7 31 55.670 10722 35.53077 -96.76267 5.095 0.71
2011 11 13 7 34 2.211 10726 35.53246 -96.76347 5.187 0.82
2011 11 13 7 35 57.268 10728 35.45699 -96.74195 3.569 -0.19
2011 11 13 7 38 4.644 10731 35.53146 -96.76242 5.493 1.34
2011 11 13 7 38 19.181 10732 35.53062 -96.76318 5.179 1.11
2011 11 13 7 39 14.831 10733 35.51825 -96.78234 3.828 0.97
2011 11 13 7 48 48.858 10744 35.53259 -96.76323 5.288 0.17
2011 11 13 7 58 6.675 10748 35.52789 -96.77100 5.616 -0.09
2011 11 13 8 2 4.017 10751 35.54631 -96.75615 2.988 0.47
2011 11 13 8 3 58.529 10752 35.54049 -96.76126 3.463 0.62
2011 11 13 8 12 38.129 10756 35.52999 -96.76413 5.677 0.01
2011 11 13 8 19 6.656 10759 35.53476 -96.75860 8.991 -0.42
2011 11 13 8 34 23.090 10766 35.51070 -96.78289 2.079 1.65
2011 11 13 8 34 45.003 10767 35.51077 -96.78324 2.072 0.53
2011 11 13 8 37 38.562 10771 35.54778 -96.75378 4.352 0.09
2011 11 13 8 37 59.561 10772 35.53006 -96.76373 5.168 0.65
2011 11 13 8 42 48.500 10775 35.53487 -96.76500 3.379 1.40
2011 11 13 8 57 23.936 10784 35.45924 -96.73901 3.641 0.25
2011 11 13 9 29 24.349 10802 35.52785 -96.76977 3.811 0.78
2011 11 13 9 41 35.904 10805 35.49708 -96.81866 3.534 0.59
2011 11 13 9 46 44.538 10808 35.51148 -96.78168 2.108 0.79
2011 11 13 10 36 59.730 10836 35.53083 -96.76224 4.457 1.22
2011 11 13 10 38 25.798 10837 35.52622 -96.76726 1.859 -0.06
2011 11 13 10 51 24.185 10841 35.52329 -96.77170 1.762 0.58
2011 11 13 11 1 34.935 10848 35.45785 -96.74087 3.416 1.85
2011 11 13 11 3 32.515 10851 35.51881 -96.77479 1.259 0.16
2011 11 13 11 4 48.534 10852 35.51840 -96.78433 5.115 1.21
2011 11 13 11 11 6.283 10854 35.51823 -96.78802 4.733 -0.03
2011 11 13 11 15 25.959 10856 35.52253 -96.77101 4.002 0.56
2011 11 13 11 24 13.457 10861 35.52361 -96.77014 4.022 0.79
2011 11 13 12 8 55.933 10888 35.52455 -96.77401 6.298 0.69
2011 11 13 12 26 46.540 10896 35.51932 -96.78007 1.733 -0.17
2011 11 13 12 33 23.554 10899 35.45899 -96.74033 3.336 0.28
2011 11 13 12 41 52.355 10904 35.51065 -96.78264 2.177 0.09
2011 11 13 12 49 26.943 10909 35.51838 -96.78822 5.213 0.11
2011 11 13 12 51 17.405 10910 35.50457 -96.80432 3.155 0.18
2011 11 13 12 53 3.992 10911 35.52963 -96.76369 5.421 -0.34
2011 11 13 12 57 6.924 10916 35.46146 -96.73627 3.625 0.68
2011 11 13 13 4 32.365 10920 35.51730 -96.79460 4.878 -0.08
2011 11 13 13 7 40.694 10921 35.52980 -96.76294 5.355 -0.03
2011 11 13 13 13 46.604 10926 35.51866 -96.77481 1.278 0.68
2011 11 13 13 31 1.803 10936 35.51855 -96.77419 3.545 0.64
2011 11 13 13 34 9.366 10939 35.52105 -96.77227 1.495 0.57
2011 11 13 13 45 16.698 10946 35.52579 -96.76966 2.922 -0.06
2011 11 13 14 11 37.331 10960 35.51847 -96.78095 4.469 0.36
2011 11 13 14 37 27.058 10968 35.53860 -96.76399 2.107 0.25
2011 11 13 14 40 13.161 10970 35.53176 -96.76228 4.698 0.19
2011 11 13 14 41 36.932 10971 35.51849 -96.77635 2.845 0.99
2011 11 13 14 42 19.797 10972 35.51792 -96.77699 2.903 0.55
2011 11 13 14 43 10.577 10975 35.52357 -96.77272 4.086 -0.02
2011 11 13 14 52 53.727 10980 35.45857 -96.74001 3.642 0.35
2011 11 13 14 53 16.527 10981 35.45912 -96.73946 3.647 0.99
2011 11 13 15 16 30.224 10990 35.53084 -96.76795 5.026 0.34
2011 11 13 15 16 47.852 10991 35.52801 -96.76996 5.169 1.86
2011 11 13 15 17 47.263 10995 35.52867 -96.76942 5.210 1.72
2011 11 13 15 23 43.377 10999 35.46809 -96.86206 2.915 1.57
2011 11 13 15 28 20.692 11003 35.52815 -96.77029 5.225 1.18
2011 11 13 15 29 55.417 11005 35.51822 -96.77710 1.751 0.95
2011 11 13 15 39 31.321 11009 35.51526 -96.77978 3.221 0.58
2011 11 13 15 54 18.557 11012 35.53920 -96.75578 3.042 0.14
2011 11 13 15 57 4.208 11013 35.53415 -96.75439 2.705 0.74
2011 11 13 15 59 4.817 11017 35.52778 -96.77038 5.172 0.43
2011 11 13 15 59 27.852 11018 35.52879 -96.77049 5.004 0.16
2011 11 13 16 12 44.097 11029 35.52789 -96.77070 5.173 2.62
2011 11 13 16 17 51.563 11039 35.52779 -96.77126 5.367 -0.49
2011 11 13 16 18 44.776 11041 35.52745 -96.76995 5.348 0.09
2011 11 13 16 24 56.618 11048 35.52803 -96.77154 5.306 0.22
2011 11 13 16 27 11.207 11051 35.51802 -96.78250 1.702 1.00
2011 11 13 16 32 35.290 11055 35.52775 -96.77050 5.437 0.58
2011 11 13 16 35 44.708 11056 35.52709 -96.76737 5.412 0.36
2011 11 13 16 36 8.883 11057 35.52870 -96.77173 5.369 0.57
2011 11 13 16 37 5.065 11058 35.52281 -96.77171 3.677 0.87
2011 11 13 16 37 20.109 11059 35.53784 -96.76037 2.588 0.77
2011 11 13 16 40 30.726 11063 35.51835 -96.78919 3.721 0.19
2011 11 13 16 42 6.690 11064 35.52715 -96.76918 4.561 0.61
2011 11 13 16 50 4.223 11068 35.52574 -96.77127 5.586 0.68
2011 11 13 16 59 17.587 11070 35.52981 -96.76961 5.143 2.24
2011 11 13 17 2 19.197 11071 35.45582 -96.74396 3.545 0.66
2011 11 13 17 8 50.027 11076 35.54061 -96.76062 3.095 0.88
2011 11 13 17 21 25.148 11084 35.51886 -96.78152 4.203 0.33
2011 11 13 17 28 18.944 11088 35.45871 -96.73991 3.618 0.44
2011 11 13 17 36 58.845 11093 35.52728 -96.76907 4.396 0.54
2011 11 13 17 38 25.019 11094 35.53955 -96.76146 3.219 0.58
2011 11 13 17 47 15.157 11098 35.54108 -96.76034 3.467 0.47
2011 11 13 17 54 9.010 11102 35.45823 -96.73938 3.670 0.37
2011 11 13 17 56 10.371 11103 35.45964 -96.73922 3.475 0.82
2011 11 13 17 58 15.594 11104 35.45978 -96.73871 3.436 0.17
2011 11 13 18 5 20.155 11108 35.52906 -96.76973 5.245 0.71
2011 11 13 18 9 8.848 11112 35.45392 -96.74334 3.492 0.19
2011 11 13 18 21 0.296 11118 35.45871 -96.73950 3.625 0.29
2011 11 13 18 27 33.023 11124 35.52443 -96.77729 3.365 1.65
2011 11 13 18 48 12.854 11143 35.53378 -96.76141 4.261 1.13
2011 11 13 19 1 19.303 11149 35.51939 -96.77575 3.212 0.61
2011 11 13 19 5 39.143 11151 35.54591 -96.75869 2.766 2.40
2011 11 13 19 45 8.179 11170 35.45413 -96.74154 3.489 0.33
2011 11 13 20 0 0.013 11175 35.55367 -96.75113 2.428 0.57
2011 11 13 20 5 49.049 11180 35.52989 -96.76339 5.224 -0.20
2011 11 13 20 11 4.660 11184 35.52442 -96.77386 4.562 0.80
2011 11 13 20 12 13.346 11185 35.52041 -96.77345 2.832 0.29
2011 11 13 20 15 24.576 11189 35.53083 -96.75956 4.386 0.28
2011 11 13 20 16 5.585 11190 35.52754 -96.77115 5.775 -0.28
2011 11 13 20 16 12.934 11191 35.53034 -96.76051 4.497 0.42
2011 11 13 20 23 35.821 11199 35.51650 -96.77712 1.370 0.84
2011 11 13 20 25 14.741 11201 35.54337 -96.75746 2.910 1.18
2011 11 13 20 32 18.231 11205 35.52964 -96.76292 4.243 -0.09
2011 11 13 20 44 49.882 11207 35.52977 -96.76392 5.373 0.54
2011 11 13 20 47 1.442 11208 35.53325 -96.76148 4.506 -0.26
2011 11 13 20 49 25.628 11209 35.45542 -96.74218 3.468 0.43
2011 11 13 21 16 9.168 11224 35.51692 -96.78063 2.806 0.08
2011 11 13 21 17 7.694 11225 35.52153 -96.77198 1.171 0.05
2011 11 13 21 29 36.673 11227 35.54228 -96.75956 4.268 1.26
2011 11 13 21 40 42.045 11233 35.52098 -96.77318 1.780 0.53
2011 11 13 21 48 54.239 11235 35.51086 -96.78564 2.446 1.04
2011 11 13 22 1 22.631 11239 35.51814 -96.78892 3.883 -0.06
2011 11 13 22 9 38.309 11245 35.51411 -96.80330 3.486 1.01
2011 11 13 22 18 46.846 11249 35.45956 -96.73892 3.455 0.30
2011 11 13 22 19 31.765 11250 35.51704 -96.77758 2.903 1.17
2011 11 13 22 32 0.203 11256 35.52564 -96.76898 3.042 -0.15
2011 11 13 22 36 7.104 11258 35.52843 -96.76422 5.509 -0.30
2011 11 13 22 37 35.132 11259 35.51823 -96.77616 1.627 1.31
2011 11 13 22 43 34.984 11261 35.51838 -96.79000 3.809 0.01
2011 11 13 22 45 53.858 11263 35.51180 -96.78279 2.580 1.33
2011 11 13 22 52 24.935 11266 35.52808 -96.77057 5.769 0.86
2011 11 13 22 55 3.518 11267 35.52187 -96.77391 3.302 0.32
2011 11 13 22 56 2.861 11269 35.51098 -96.78227 2.154 0.72
2011 11 13 23 39 54.989 11282 35.53560 -96.76184 3.659 -0.43
2011 11 13 23 44 7.673 11284 35.53234 -96.76221 4.960 -0.19
2011 11 14 0 24 19.547 11307 35.45440 -96.74373 3.185 0.61
2011 11 14 0 33 49.268 11315 35.53065 -96.76824 6.014 1.09
2011 11 14 0 37 1.294 11317 35.51968 -96.77262 1.433 0.22
2011 11 14 0 39 55.273 11318 35.53995 -96.75858 3.064 0.65
2011 11 14 0 50 36.129 11321 35.45568 -96.74381 3.409 0.81
2011 11 14 0 53 29.142 11325 35.53915 -96.75581 2.797 0.75
2011 11 14 0 54 33.263 11326 35.52467 -96.76848 3.687 0.64
2011 11 14 0 59 2.749 11330 35.45426 -96.74475 3.568 0.42
2011 11 14 1 4 30.091 11334 35.45510 -96.74332 3.453 0.44
2011 11 14 1 10 2.422 11340 35.52555 -96.76922 2.211 0.83
2011 11 14 1 12 11.157 11344 35.45568 -96.74379 3.407 0.14
2011 11 14 1 15 22.209 11347 35.51300 -96.78397 2.847 -0.11
2011 11 14 1 24 35.116 11355 35.45436 -96.74410 3.219 0.57
2011 11 14 1 25 53.848 11357 35.52213 -96.77434 3.533 0.51
2011 11 14 1 31 34.732 11360 35.52042 -96.77190 2.706 0.01
2011 11 14 1 41 22.951 11367 35.51810 -96.78500 4.239 1.02
2011 11 14 2 2 14.352 11384 35.51802 -96.78878 4.123 -0.17
2011 11 14 2 2 38.570 11385 35.53123 -96.76023 4.929 1.51
2011 11 14 2 4 39.490 11388 35.52993 -96.76350 5.252 0.72
2011 11 14 2 6 0.916 11390 35.53444 -96.75508 4.549 0.48
2011 11 14 2 9 47.545 11394 35.52957 -96.76237 5.315 2.42
2011 11 14 2 9 55.499 11395 35.52900 -96.76415 5.771 0.77
2011 11 14 2 12 4.836 11399 35.51842 -96.78918 3.587 -0.21
2011 11 14 2 12 13.396 11400 35.52987 -96.76311 5.256 1.26
2011 11 14 2 12 31.420 11402 35.52961 -96.76285 5.348 1.89
2011 11 14 2 16 7.410 11406 35.53997 -96.75824 2.925 0.06
2011 11 14 2 16 32.720 11407 35.51456 -96.80670 2.984 0.06
2011 11 14 2 19 41.367 11412 35.52594 -96.76835 4.130 -0.10
2011 11 14 2 34 28.780 11426 35.45421 -96.74391 3.184 0.68
2011 11 14 2 36 25.638 11429 35.52648 -96.77161 5.514 0.92
2011 11 14 2 40 36.355 11433 35.53033 -96.76297 5.243 1.08
2011 11 14 2 42 56.786 11435 35.52988 -96.76359 5.225 0.21
2011 11 14 2 45 28.258 11438 35.52125 -96.77364 1.637 0.18
2011 11 14 2 49 37.300 11442 35.52762 -96.77065 5.696 0.74
2011 11 14 2 52 9.434 11443 35.51674 -96.78246 1.655 0.57
2011 11 14 3 3 14.949 11452 35.52177 -96.77176 1.599 0.92
2011 11 14 3 13 6.477 11456 35.51779 -96.77571 1.551 0.47
2011 11 14 3 24 38.544 11465 35.45490 -96.74396 3.458 0.68
2011 11 14 3 39 2.397 11473 35.53932 -96.75556 2.893 0.13
2011 11 14 3 45 21.146 11477 35.51201 -96.78634 3.171 0.51
2011 11 14 3 49 35.120 11481 35.46152 -96.73599 3.537 0.56
2011 11 14 3 52 37.462 11485 35.52980 -96.76344 5.475 0.11
2011 11 14 3 53 13.247 11486 35.53102 -96.76197 4.751 1.34
2011 11 14 3 55 45.946 11488 35.45487 -96.74398 3.485 0.83
2011 11 14 3 56 14.330 11490 35.53005 -96.76351 5.124 0.89
2011 11 14 3 56 33.122 11491 35.51902 -96.77430 1.700 0.30
2011 11 14 4 6 5.904 11497 35.52542 -96.77325 4.140 0.15
2011 11 14 4 6 34.107 11498 35.52561 -96.77236 4.582 -0.07
2011 11 14 4 7 45.552 11500 35.51828 -96.78710 3.584 -0.16
2011 11 14 4 16 11.845 11501 35.53034 -96.76169 4.671 0.51
2011 11 14 4 16 46.914 11502 35.45496 -96.74389 3.482 -0.05
2011 11 14 4 23 42.021 11504 35.52661 -96.77242 4.428 0.46
2011 11 14 4 29 57.121 11507 35.45768 -96.74164 3.215 -0.27
2011 11 14 4 37 13.864 11510 35.51830 -96.78180 4.239 1.56
2011 11 14 4 37 26.262 11511 35.51869 -96.78246 4.414 0.33
2011 11 14 4 40 25.511 11513 35.45498 -96.74373 3.529 0.09
2011 11 14 4 41 9.482 11514 35.45782 -96.73866 3.588 -0.19
2011 11 14 4 50 1.186 11518 35.52181 -96.77227 1.577 0.27
2011 11 14 5 4 4.826 11524 35.45471 -96.74382 3.503 0.24
2011 11 14 5 8 30.688 11529 35.51874 -96.77655 1.625 0.93
2011 11 14 5 9 56.297 11531 35.51797 -96.78387 4.198 -0.38
2011 11 14 5 22 34.532 11542 35.52349 -96.76954 1.583 -0.29
2011 11 14 5 22 45.149 11543 35.52538 -96.77267 4.819 -0.21
2011 11 14 5 35 26.206 11563 35.50168 -96.80676 2.853 0.45
2011 11 14 5 39 3.320 11571 35.52487 -96.77259 4.188 -0.17
2011 11 14 5 53 3.444 11586 35.50934 -96.78950 2.884 0.58
2011 11 14 6 4 13.939 11597 35.45494 -96.74348 3.585 -0.17
2011 11 14 6 4 56.768 11599 35.51880 -96.79060 3.695 -0.28
2011 11 14 6 6 13.251 11602 35.52421 -96.76963 1.680 -0.47
2011 11 14 6 8 23.725 11604 35.51912 -96.77432 1.150 -0.37
2011 11 14 6 11 33.641 11609 35.52833 -96.77076 5.346 0.13
2011 11 14 6 16 32.584 11612 35.51850 -96.77523 2.067 0.50
2011 11 14 6 18 4.476 11614 35.51632 -96.77942 3.263 -0.09
2011 11 14 6 24 36.402 11621 35.52663 -96.77279 4.430 -0.24
2011 11 14 6 29 41.980 11625 35.45501 -96.74431 3.480 -0.18
2011 11 14 6 34 5.370 11628 35.51757 -96.77999 1.738 1.65
2011 11 14 6 36 18.463 11631 35.51807 -96.77658 3.144 -0.14
2011 11 14 6 38 3.210 11632 35.52079 -96.78277 5.744 1.58
2011 11 14 6 47 33.266 11636 35.52382 -96.76733 3.576 0.41
2011 11 14 6 50 54.733 11639 35.52160 -96.77276 1.582 1.16
2011 11 14 6 58 44.986 11654 35.49234 -96.82233 1.443 0.68
2011 11 14 7 0 37.962 11657 35.53050 -96.75877 3.656 0.89
2011 11 14 7 2 6.000 11658 35.50874 -96.78803 2.370 0.28
2011 11 14 7 4 9.503 11660 35.53953 -96.76102 4.379 0.35
2011 11 14 7 9 17.657 11664 35.54094 -96.76045 4.204 1.45
2011 11 14 7 11 31.772 11670 35.53919 -96.76134 3.841 0.65
2011 11 14 7 13 50.231 11671 35.52149 -96.77194 1.514 0.40
2011 11 14 7 17 45.844 11679 35.52107 -96.77233 1.517 0.60
2011 11 14 7 22 23.646 11681 35.53130 -96.76242 4.802 -0.45
2011 11 14 7 26 36.351 11684 35.46158 -96.73564 3.535 1.09
2011 11 14 7 28 34.534 11686 35.51860 -96.77528 3.051 0.65
2011 11 14 7 28 44.401 11687 35.54134 -96.75987 4.317 1.73
2011 11 14 7 29 41.062 11688 35.52979 -96.76431 5.297 0.12
2011 11 14 7 34 32.267 11693 35.52942 -96.76419 5.407 -0.26
2011 11 14 7 38 25.465 11696 35.53033 -96.76925 5.412 -0.04
2011 11 14 7 41 1.877 11699 35.46106 -96.73715 3.613 0.05
2011 11 14 7 42 6.188 11701 35.53038 -96.76266 5.363 1.12
2011 11 14 7 49 16.230 11707 35.53047 -96.76337 5.292 0.21
2011 11 14 7 54 5.044 11711 35.52746 -96.76649 4.434 0.74
2011 11 14 7 55 56.444 11714 35.53082 -96.76262 5.287 -0.12
2011 11 14 7 57 11.894 11715 35.51814 -96.77616 1.548 0.22
2011 11 14 7 57 22.853 11716 35.52642 -96.77098 5.333 -0.52
2011 11 14 8 9 31.406 11724 35.50839 -96.79993 5.083 0.87
2011 11 14 8 13 20.013 11725 35.52750 -96.77132 5.358 0.41
2011 11 14 8 24 8.615 11732 35.51821 -96.77649 3.027 1.01
2011 11 14 8 25 46.271 11735 35.53412 -96.76015 4.873 0.36
2011 11 14 8 40 56.002 11752 35.45408 -96.74042 3.764 -0.21
2011 11 14 8 43 57.815 11754 35.53025 -96.75964 4.475 0.91
2011 11 14 8 56 34.387 11761 35.52791 -96.77052 5.309 -0.50
2011 11 14 8 57 10.320 11762 35.52975 -96.76433 4.913 0.25
2011 11 14 8 58 46.470 11764 35.52812 -96.76841 5.085 0.07
2011 11 14 9 15 5.668 11778 35.52327 -96.77342 3.764 0.77
2011 11 14 9 17 15.435 11780 35.53457 -96.76275 4.725 0.14
2011 11 14 9 17 53.346 11782 35.45851 -96.73936 3.620 0.26
2011 11 14 9 22 13.376 11786 35.53046 -96.75975 4.362 0.23
2011 11 14 9 27 4.730 11791 35.51488 -96.78178 1.409 -0.24
2011 11 14 9 36 44.614 11799 35.52813 -96.76657 4.835 1.56
2011 11 14 9 47 35.546 11806 35.52510 -96.76786 4.048 0.98
2011 11 14 10 2 54.681 11812 35.50078 -96.80749 2.573 1.42
2011 11 14 10 3 55.499 11815 35.55552 -96.75154 2.680 -0.07
2011 11 14 10 6 1.696 11818 35.51126 -96.78646 2.297 0.74
2011 11 14 10 7 51.292 11819 35.49249 -96.84938 1.207 2.39
2011 11 14 10 11 29.770 11824 35.51589 -96.77857 1.653 -0.45
2011 11 14 10 16 0.391 11830 35.54065 -96.75768 3.120 -0.24
2011 11 14 10 24 21.549 11834 35.52525 -96.77135 4.743 1.12
2011 11 14 10 25 38.545 11835 35.53579 -96.76377 3.583 0.36
2011 11 14 10 28 3.784 11838 35.51238 -96.78475 3.240 0.23
2011 11 14 10 29 25.991 11840 35.53593 -96.76433 3.463 1.68
2011 11 14 10 29 46.985 11841 35.53672 -96.76479 3.607 0.39
2011 11 14 10 30 25.113 11842 35.54559 -96.75487 3.061 0.67
2011 11 14 10 30 31.240 11843 35.52360 -96.77064 4.300 0.86
2011 11 14 10 36 50.797 11850 35.52133 -96.77166 1.538 -0.08
2011 11 14 10 37 12.942 11851 35.52511 -96.76942 2.665 -0.19
2011 11 14 10 49 46.772 11859 35.53717 -96.76187 4.183 0.63
2011 11 14 10 51 28.488 11860 35.53245 -96.75950 4.727 -0.03
2011 11 14 11 11 33.925 11869 35.53929 -96.76233 3.379 0.42
2011 11 14 11 19 13.590 11871 35.52646 -96.76598 3.633 0.16
2011 11 14 11 22 4.960 11872 35.52574 -96.76730 3.933 1.70
2011 11 14 11 22 44.115 11873 35.45748 -96.74052 3.653 -0.14
2011 11 14 11 38 34.230 11883 35.52280 -96.77014 1.592 0.10
2011 11 14 11 39 17.056 11886 35.51845 -96.79251 4.005 -0.31
2011 11 14 11 44 38.027 11888 35.51796 -96.79932 4.579 0.15
2011 11 14 11 45 16.295 11889 35.51408 -96.78436 2.897 0.05
2011 11 14 12 4 9.289 11894 35.52686 -96.77037 5.491 0.53
2011 11 14 12 15 28.647 11899 35.52968 -96.76423 5.186 0.55
2011 11 14 12 15 43.010 11900 35.52993 -96.76374 5.198 1.43
2011 11 14 12 17 8.627 11904 35.52967 -96.76418 5.202 1.86
2011 11 14 12 18 42.900 11911 35.52943 -96.76462 5.245 1.86
2011 11 14 12 21 8.012 11915 35.51126 -96.78264 2.389 1.34
2011 11 14 12 23 36.557 11923 35.52991 -96.76307 5.272 -0.06
2011 11 14 12 30 32.709 11925 35.52885 -96.77020 5.304 0.19
2011 11 14 12 36 1.737 11927 35.52849 -96.77018 5.219 -0.06
2011 11 14 12 46 29.284 11932 35.46811 -96.86159 2.407 2.48
2011 11 14 13 34 18.015 11960 35.52756 -96.76823 5.162 0.41
2011 11 14 13 37 11.165 11962 35.46002 -96.73984 3.560 0.58
2011 11 14 13 40 8.932 11964 35.52845 -96.76800 5.073 0.56
2011 11 14 13 41 2.786 11966 35.52811 -96.76771 4.744 1.07
2011 11 14 13 41 46.353 11967 35.52782 -96.76764 5.034 -0.47
2011 11 14 13 44 24.032 11972 35.51420 -96.78455 3.012 0.18
2011 11 14 13 49 13.847 11979 35.52850 -96.76759 5.174 0.13
2011 11 14 13 51 46.551 11983 35.52932 -96.76403 5.544 1.14
2011 11 14 13 53 21.794 11985 35.53220 -96.76362 5.111 1.19
2011 11 14 13 55 56.089 11988 35.53489 -96.75470 4.560 1.85
2011 11 14 14 9 45.853 11998 35.51922 -96.77559 1.612 0.31
2011 11 14 14 29 59.812 12016 35.51876 -96.77428 1.613 -0.27
2011 11 14 14 31 50.247 12021 35.52610 -96.77106 4.258 0.73
2011 11 14 14 39 31.358 12029 35.52405 -96.77019 3.848 0.82
2011 11 14 14 53 59.598 12041 35.53057 -96.76351 5.143 0.22
2011 11 14 15 0 51.951 12044 35.45492 -96.74561 3.406 0.26
2011 11 14 15 1 29.546 12045 35.54208 -96.75232 4.874 0.05
2011 11 14 15 13 43.240 12049 35.52998 -96.77050 5.549 1.75
2011 11 14 15 20 43.350 12054 35.52153 -96.77085 1.802 -0.03
2011 11 14 15 26 30.968 12056 35.52880 -96.76592 6.215 0.78
2011 11 14 15 31 6.765 12060 35.53533 -96.76057 5.118 -0.16
2011 11 14 15 51 4.948 12067 35.50135 -96.80734 2.652 1.23
2011 11 14 15 56 12.287 12068 35.53378 -96.76288 5.474 -0.42
2011 11 14 16 0 2.851 12069 35.52114 -96.78023 5.228 0.54
2011 11 14 16 0 45.267 12071 35.52860 -96.76611 6.425 -0.04
2011 11 14 16 1 24.900 12072 35.45916 -96.73912 3.603 0.45
2011 11 14 16 2 26.069 12073 35.51077 -96.78248 2.104 0.05
2011 11 14 16 12 23.377 12084 35.52971 -96.76375 5.201 1.22
2011 11 14 16 13 12.787 12087 35.52822 -96.76443 5.520 -0.27
2011 11 14 16 25 36.211 12099 35.53019 -96.76392 5.149 0.40
2011 11 14 16 25 50.547 12100 35.52750 -96.76963 5.246 0.90
2011 11 14 16 31 46.057 12106 35.45956 -96.73938 3.493 0.67
2011 11 14 16 37 35.276 12110 35.52677 -96.76800 1.849 -0.03
2011 11 14 16 42 12.475 12115 35.52574 -96.77032 3.262 2.23
2011 11 14 16 42 53.074 12116 35.52961 -96.76351 5.115 0.14
2011 11 14 16 46 53.369 12120 35.52291 -96.76973 1.492 -0.31
2011 11 14 16 47 46.932 12122 35.53699 -96.75834 4.554 1.11
2011 11 14 16 55 10.616 12125 35.45548 -96.74434 3.563 1.29
2011 11 14 16 58 48.025 12128 35.52632 -96.76848 2.341 0.84
2011 11 14 17 10 55.176 12132 35.53108 -96.76717 5.944 0.49
2011 11 14 17 18 48.167 12137 35.51831 -96.78468 5.334 0.34
2011 11 14 17 19 45.718 12138 35.51838 -96.79927 4.429 0.86
2011 11 14 17 30 22.403 12145 35.52483 -96.76131 5.866 0.63
2011 11 14 17 33 30.004 12149 35.52979 -96.76019 4.637 0.70
2011 11 14 17 39 41.643 12154 35.45928 -96.73871 3.491 0.02
2011 11 14 17 45 58.456 12157 35.52492 -96.77032 3.248 1.49
2011 11 14 17 54 59.073 12160 35.45540 -96.74354 3.431 0.15
2011 11 14 17 57 24.364 12161 35.52883 -96.77073 5.570 0.06
2011 11 14 18 26 52.324 12177 35.52235 -96.77295 1.709 1.87
2011 11 14 18 28 29.319 12179 35.52858 -96.76245 4.994 0.59
2011 11 14 18 31 35.443 12182 35.52181 -96.77309 1.528 0.55
2011 11 14 18 32 47.500 12184 35.53081 -96.76309 5.156 0.41
2011 11 14 18 36 8.534 12186 35.45824 -96.74045 3.603 0.23
2011 11 14 18 38 26.914 12188 35.52240 -96.78234 5.561 -0.18
2011 11 14 18 39 46.602 12189 35.52239 -96.77269 1.711 0.24
2011 11 14 18 50 38.432 12199 35.52087 -96.78195 5.041 0.68
2011 11 14 18 54 58.996 12201 35.45749 -96.73980 3.802 -0.18
2011 11 14 19 2 3.198 12204 35.53670 -96.76321 4.015 0.82
2011 11 14 19 4 8.298 12208 35.51884 -96.78431 5.353 0.06
2011 11 14 19 21 10.585 12217 35.51869 -96.78250 4.747 1.62
2011 11 14 19 30 36.754 12222 35.51791 -96.78424 5.048 0.61
2011 11 14 19 32 40.020 12223 35.55645 -96.74849 2.655 0.42
2011 11 14 19 36 0.365 12224 35.52539 -96.77256 4.602 -0.06
2011 11 14 19 50 46.375 12237 35.52157 -96.77309 3.502 0.36
2011 11 14 19 56 5.905 12239 35.52020 -96.77527 3.055 -0.12
2011 11 14 19 56 27.608 12240 35.53295 -96.76295 4.183 0.39
2011 11 14 19 59 57.417 12242 35.52913 -96.77049 5.273 -0.09
2011 11 14 20 3 8.516 12244 35.52876 -96.76998 5.283 0.74
2011 11 14 20 3 35.848 12245 35.55317 -96.75187 2.457 2.13
2011 11 14 20 11 22.177 12247 35.51582 -96.78016 1.489 1.37
2011 11 14 20 14 49.715 12248 35.53071 -96.76859 5.434 -0.14
2011 11 14 20 15 12.631 12249 35.52842 -96.77176 5.669 0.25
2011 11 14 20 35 33.869 12257 35.51631 -96.77952 1.502 0.86
2011 11 14 20 37 48.076 12260 35.54255 -96.75666 4.398 0.90
2011 11 14 20 43 32.561 12267 35.50064 -96.81229 3.327 0.43
2011 11 14 20 51 4.615 12269 35.45502 -96.74388 3.763 0.12
2011 11 14 20 52 37.375 12271 35.51823 -96.78480 4.316 1.87
2011 11 14 20 59 43.880 12277 35.51649 -96.77886 2.874 1.35
2011 11 14 21 7 22.924 12278 35.52053 -96.77546 1.703 0.52
2011 11 14 21 21 51.626 12280 35.51867 -96.77530 1.616 0.80
2011 11 14 21 23 57.433 12283 35.55132 -96.75257 2.425 0.13
2011 11 14 21 36 11.376 12292 35.52189 -96.77230 1.602 0.89
2011 11 14 21 55 40.994 12303 35.54096 -96.75967 2.956 0.18
2011 11 14 21 58 9.308 12306 35.52785 -96.77110 5.377 0.30
2011 11 14 22 5 17.307 12312 35.51832 -96.77520 1.512 1.05
2011 11 14 22 42 8.282 12328 35.52757 -96.76751 4.797 0.97
2011 11 14 22 47 17.419 12331 35.53992 -96.75842 2.881 0.33
2011 11 14 22 58 9.408 12343 35.52917 -96.76325 5.497 1.38
2011 11 14 23 1 55.994 12349 35.52204 -96.77134 3.877 0.79
2011 11 14 23 5 5.991 12358 35.52278 -96.77053 3.895 0.46
2011 11 14 23 16 56.779 12367 35.47039 -96.87233 4.059 0.14
2011 11 14 23 17 27.855 12370 35.52218 -96.77153 3.907 1.11
2011 11 14 23 20 45.818 12371 35.52998 -96.76352 5.166 1.49
2011 11 14 23 21 30.346 12373 35.53003 -96.76274 5.173 0.35
2011 11 14 23 22 37.864 12375 35.55191 -96.75173 2.853 0.13
2011 11 14 23 25 24.661 12379 35.53005 -96.76250 5.177 0.57
2011 11 14 23 26 20.722 12380 35.51839 -96.77506 1.545 -0.13
2011 11 14 23 28 22.351 12381 35.53005 -96.76322 5.303 -0.06
2011 11 14 23 29 7.924 12384 35.53016 -96.76374 5.214 0.57
2011 11 14 23 29 29.540 12385 35.53013 -96.76347 5.218 1.09
2011 11 14 23 32 51.510 12386 35.52237 -96.77118 3.594 1.06
2011 11 14 23 37 11.448 12388 35.52977 -96.76382 5.258 1.36
2011 11 14 23 38 2.191 12389 35.53004 -96.76270 5.225 0.15
2011 11 14 23 42 1.294 12393 35.52864 -96.76950 5.233 0.63
2011 11 14 23 43 7.256 12394 35.52947 -96.77040 5.262 0.13
2011 11 14 23 49 17.219 12396 35.46834 -96.87126 3.807 1.05
2011 11 15 0 7 52.789 12406 35.53908 -96.75624 2.862 0.11
2011 11 15 0 12 24.855 12410 35.52172 -96.76991 4.775 1.28
2011 11 15 0 16 16.508 12416 35.52181 -96.77097 1.274 0.46
2011 11 15 0 19 5.013 12421 35.52413 -96.76966 1.640 0.09
2011 11 15 0 21 53.294 12423 35.53031 -96.76382 5.184 -0.50
2011 11 15 0 30 36.417 12433 35.53088 -96.76278 6.666 0.64
2011 11 15 0 33 20.605 12434 35.52875 -96.76536 5.819 0.46
2011 11 15 0 37 38.327 12436 35.53031 -96.76315 5.279 -0.02
2011 11 15 0 38 9.014 12437 35.52350 -96.77263 4.340 0.16
2011 11 15 0 41 36.010 12439 35.52400 -96.77202 1.594 0.20
2011 11 15 0 42 47.515 12440 35.51831 -96.77583 1.534 0.33
2011 11 15 0 44 10.931 12442 35.51829 -96.77579 1.596 0.11
2011 11 15 0 46 46.151 12444 35.52382 -96.77185 3.968 0.90
2011 11 15 0 47 16.005 12445 35.52935 -96.76470 5.413 0.90
2011 11 15 0 52 46.694 12456 35.52942 -96.76487 5.812 0.40
2011 11 15 1 2 26.098 12466 35.53871 -96.75574 1.801 -0.27
2011 11 15 1 3 43.206 12469 35.52432 -96.77079 3.848 0.36
2011 11 15 1 5 5.887 12471 35.51712 -96.77749 3.111 0.05
2011 11 15 1 24 26.360 12487 35.45493 -96.74256 3.551 -0.03
2011 11 15 1 25 6.579 12489 35.53895 -96.75570 3.039 0.08
2011 11 15 1 42 11.195 12505 35.53212 -96.76793 6.108 0.92
2011 11 15 1 44 4.163 12509 35.51387 -96.78343 2.906 -0.27
2011 11 15 2 22 34.092 12527 35.51975 -96.77395 1.628 2.02
2011 11 15 2 24 22.609 12528 35.51807 -96.78409 4.094 0.28
2011 11 15 2 30 55.044 12533 35.53909 -96.76135 3.871 1.27
2011 11 15 2 31 39.271 12534 35.52131 -96.77309 1.579 -0.50
2011 11 15 2 33 8.687 12535 35.53025 -96.76755 5.469 0.15
2011 11 15 2 36 32.516 12539 35.52444 -96.76947 1.696 0.59
2011 11 15 2 41 4.080 12544 35.55367 -96.75173 2.469 0.46
2011 11 15 2 42 0.829 12545 35.52104 -96.77548 4.021 -0.02
2011 11 15 2 42 28.458 12546 35.52151 -96.77160 1.655 0.50
2011 11 15 2 52 15.122 12550 35.55386 -96.75146 2.162 0.39
2011 11 15 3 4 4.281 12557 35.52299 -96.77026 1.679 -0.44
2011 11 15 3 4 39.164 12559 35.52708 -96.77043 4.340 0.19
2011 11 15 3 11 34.393 12562 35.55704 -96.74831 3.293 0.54
2011 11 15 3 14 1.348 12563 35.52488 -96.77134 3.192 0.11
2011 11 15 3 20 55.619 12569 35.55353 -96.75165 2.422 0.17
2011 11 15 3 21 39.756 12570 35.52633 -96.76820 4.186 0.69
2011 11 15 3 23 54.952 12571 35.51672 -96.78067 1.994 0.50
2011 11 15 3 27 42.213 12572 35.52179 -96.77131 1.551 0.14
2011 11 15 3 27 52.495 12573 35.45748 -96.74078 3.515 0.32
2011 11 15 3 30 14.660 12575 35.52828 -96.77101 5.247 0.76
2011 11 15 3 32 48.117 12578 35.51653 -96.77893 1.281 -0.14
2011 11 15 3 35 34.924 12580 35.51606 -96.77902 1.472 -0.23
2011 11 15 3 36 21.160 12581 35.51673 -96.78267 1.710 -0.42
2011 11 15 3 40 16.457 12583 35.52233 -96.77051 1.591 0.27
2011 11 15 3 45 8.283 12591 35.45570 -96.74400 3.532 0.39
2011 11 15 3 47 16.740 12593 35.53608 -96.75925 5.072 0.19
2011 11 15 3 56 39.822 12599 35.52060 -96.77478 1.626 0.20
2011 11 15 4 1 15.738 12602 35.51979 -96.78274 4.937 0.24
2011 11 15 4 4 58.921 12603 35.51884 -96.78313 5.086 0.11
2011 11 15 4 10 28.346 12607 35.53084 -96.76142 4.232 -0.08
2011 11 15 4 18 34.097 12611 35.52797 -96.77153 5.381 0.06
2011 11 15 4 19 38.190 12614 35.51963 -96.77374 1.457 -0.67
2011 11 15 4 29 14.713 12622 35.52010 -96.77381 1.717 -0.18
2011 11 15 4 37 30.577 12631 35.52135 -96.77165 1.472 -0.16
2011 11 15 4 39 45.518 12634 35.52184 -96.77785 5.072 -0.20
2011 11 15 4 40 2.887 12635 35.52775 -96.77064 5.291 0.29
2011 11 15 4 45 37.290 12638 35.52976 -96.76432 5.015 -0.34
2011 11 15 4 47 57.285 12640 35.53184 -96.77106 6.023 1.44
2011 11 15 4 52 25.623 12650 35.52430 -96.77472 5.162 0.03
2011 11 15 4 59 3.681 12658 35.50111 -96.80627 1.811 0.57
2011 11 15 5 2 47.569 12660 35.50169 -96.80750 1.977 0.28
2011 11 15 5 12 20.322 12666 35.51914 -96.78189 4.990 0.36
2011 11 15 5 13 36.071 12667 35.52110 -96.77273 1.588 0.02
2011 11 15 5 17 1.617 12670 35.51731 -96.77690 3.135 -0.25
2011 11 15 5 18 29.031 12672 35.51961 -96.78251 4.888 0.66
2011 11 15 5 20 16.484 12676 35.52186 -96.77757 5.015 0.35
2011 11 15 5 22 15.924 12678 35.52720 -96.76468 6.551 0.37
2011 11 15 5 25 20.505 12680 35.49210 -96.82329 1.614 1.24
2011 11 15 5 32 53.489 12686 35.51720 -96.78164 1.694 -0.27
2011 11 15 5 46 7.035 12693 35.54245 -96.75945 3.043 0.95
2011 11 15 5 51 29.839 12696 35.53343 -96.76121 4.268 -0.25
2011 11 15 5 57 57.189 12703 35.54248 -96.73343 4.886 1.33
2011 11 15 6 0 47.430 12707 35.50828 -96.79738 3.178 0.58
2011 11 15 6 2 40.785 12709 35.52766 -96.76930 3.385 1.64
2011 11 15 6 9 25.495 12712 35.52127 -96.77212 1.660 0.77
2011 11 15 6 13 21.113 12715 35.52989 -96.76252 5.189 -0.58
2011 11 15 6 18 17.230 12722 35.45992 -96.73923 3.506 -0.23
2011 11 15 6 20 12.027 12724 35.52995 -96.76754 5.772 0.52
2011 11 15 6 25 30.025 12729 35.51654 -96.78486 4.929 -0.26
2011 11 15 6 26 51.795 12732 35.51032 -96.78307 2.169 0.30
2011 11 15 6 36 27.791 12745 35.52139 -96.77203 1.519 0.23
2011 11 15 6 42 7.132 12750 35.51089 -96.78649 2.385 0.60
2011 11 15 6 53 21.801 12758 35.52195 -96.77074 1.505 -0.07
2011 11 15 6 57 45.963 12761 35.52947 -96.76755 4.409 0.71
2011 11 15 6 59 41.419 12764 35.52668 -96.76809 4.393 -0.38
2011 11 15 7 3 8.897 12768 35.51644 -96.77853 3.210 -0.69
2011 11 15 7 3 17.686 12769 35.51732 -96.78511 4.792 0.19
2011 11 15 7 4 51.952 12770 35.51701 -96.77758 1.453 -0.15
2011 11 15 7 9 59.740 12778 35.52627 -96.77204 4.944 -0.42
2011 11 15 7 10 12.049 12779 35.52946 -96.76914 5.273 0.58
2011 11 15 7 10 38.509 12780 35.52133 -96.77230 1.470 0.89
2011 11 15 7 11 31.016 12782 35.50764 -96.80219 5.271 0.86
2011 11 15 7 11 51.076 12783 35.50689 -96.80144 4.723 0.27
2011 11 15 7 12 28.889 12785 35.52097 -96.77168 1.983 -0.48
2011 11 15 7 14 7.483 12789 35.48809 -96.81324 5.232 -0.10
2011 11 15 7 17 15.593 12793 35.52272 -96.77295 3.648 -0.23
2011 11 15 7 18 31.780 12796 35.50700 -96.80122 4.744 0.46
2011 11 15 7 19 39.509 12798 35.52549 -96.76933 4.104 0.39
2011 11 15 7 21 46.333 12802 35.54522 -96.75825 3.148 -0.26
2011 11 15 7 24 19.923 12806 35.51997 -96.77355 1.622 0.77
2011 11 15 7 27 21.475 12811 35.52256 -96.76972 1.579 -0.48
2011 11 15 7 35 35.757 12818 35.49414 -96.81989 3.327 0.27
2011 11 15 7 37 42.599 12819 35.52641 -96.77151 4.253 0.18
2011 11 15 7 47 31.206 12833 35.45297 -96.74088 3.773 -0.37
2011 11 15 7 47 40.023 12834 35.52982 -96.76981 5.156 1.65
2011 11 15 7 49 54.180 12837 35.52286 -96.77163 1.492 -0.67
2011 11 15 7 51 9.900 12840 35.51024 -96.79774 3.158 -0.09
2011 11 15 7 57 17.923 12845 35.45500 -96.74433 3.527 -0.21
2011 11 15 8 6 25.581 12854 35.51506 -96.78187 1.474 1.67
2011 11 15 8 7 18.421 12856 35.51819 -96.78365 4.454 0.10
2011 11 15 8 8 46.427 12858 35.51455 -96.78226 1.476 -0.37
2011 11 15 8 17 37.209 12865 35.52995 -96.76962 5.121 0.85
2011 11 15 8 20 33.522 12867 35.52108 -96.76866 2.893 0.43
2011 11 15 8 25 59.194 12870 35.53037 -96.76258 6.316 0.29
2011 11 15 8 26 30.021 12872 35.52277 -96.77004 1.481 -0.44
2011 11 15 8 29 50.832 12876 35.51931 -96.77395 2.146 -0.07
2011 11 15 8 40 0.606 12883 35.45499 -96.74363 3.593 -0.14
2011 11 15 8 40 28.719 12884 35.52967 -96.76438 5.446 0.68
2011 11 15 8 40 43.955 12885 35.53001 -96.76360 5.017 0.45
2011 11 15 8 42 47.936 12889 35.53107 -96.75976 4.870 0.20
2011 11 15 8 44 17.436 12891 35.52023 -96.77347 1.538 1.38
2011 11 15 8 45 14.094 12893 35.52746 -96.76854 3.724 0.51
2011 11 15 8 51 40.258 12900 35.54529 -96.75594 3.158 0.35
2011 11 15 8 54 21.577 12903 35.51956 -96.77315 2.680 -0.39
2011 11 15 8 54 47.549 12904 35.51760 -96.78575 5.387 0.54
2011 11 15 8 58 30.595 12908 35.51870 -96.77551 2.840 0.02
2011 11 15 9 0 27.057 12911 35.51806 -96.77611 1.577 0.28
2011 11 15 9 2 53.440 12916 35.45536 -96.74325 3.490 0.15
2011 11 15 9 6 41.238 12920 35.51987 -96.77417 2.772 -0.57
2011 11 15 9 9 58.853 12921 35.53082 -96.76220 4.949 -0.18
2011 11 15 9 17 0.903 12926 35.51953 -96.77412 1.638 0.57
2011 11 15 9 18 47.195 12929 35.52403 -96.77048 1.058 -0.30
2011 11 15 9 23 54.032 12936 35.52240 -96.77210 4.052 0.11
2011 11 15 9 29 31.710 12940 35.54087 -96.75938 4.682 0.08
2011 11 15 9 41 0.073 12950 35.52828 -96.76593 4.414 0.13
2011 11 15 9 44 53.702 12952 35.54407 -96.75890 2.693 0.33
2011 11 15 9 47 16.857 12956 35.53308 -96.76151 5.044 1.00
2011 11 15 9 48 31.772 12959 35.53348 -96.76108 5.038 0.22
2011 11 15 9 49 17.240 12961 35.52758 -96.77153 5.711 0.08
2011 11 15 9 51 14.487 12964 35.45966 -96.73894 3.418 0.42
2011 11 15 9 53 25.544 12966 35.52999 -96.76748 2.107 -0.03
2011 11 15 9 56 55.262 12968 35.50726 -96.80144 4.728 -0.04
2011 11 15 10 0 29.533 12974 35.53287 -96.76168 5.100 -0.60
2011 11 15 10 1 24.841 12975 35.51792 -96.78426 4.412 0.20
2011 11 15 10 2 7.934 12977 35.54055 -96.75780 4.213 0.20
2011 11 15 10 6 23.632 12980 35.52594 -96.76954 2.935 -0.13
2011 11 15 10 7 16.619 12982 35.53526 -96.75868 5.380 -0.04
2011 11 15 10 9 58.159 12985 35.45489 -96.74428 3.705 -0.30
2011 11 15 10 12 46.754 12989 35.51841 -96.78770 5.296 -0.35
2011 11 15 10 17 23.279 12993 35.53409 -96.76370 5.313 0.15
2011 11 15 10 18 42.633 12994 35.52086 -96.78307 4.627 0.57
2011 11 15 10 22 28.735 12998 35.45428 -96.74468 3.477 0.58
2011 11 15 10 30 22.121 13005 35.52012 -96.77594 1.914 0.45
2011 11 15 10 30 35.887 13006 35.45734 -96.74048 3.651 -0.34
2011 11 15 10 32 11.002 13007 35.45791 -96.73993 3.536 -0.31
2011 11 15 10 36 57.341 13011 35.51931 -96.77404 1.517 1.09
2011 11 15 10 37 20.845 13012 35.45762 -96.74081 3.598 0.13
2011 11 15 10 44 51.559 13018 35.51136 -96.78348 2.403 1.59
2011 11 15 10 45 41.134 13020 35.51128 -96.78346 2.400 0.42
2011 11 15 10 47 55.264 13023 35.45745 -96.74106 3.571 -0.27
2011 11 15 10 53 50.036 13030 35.51894 -96.77556 2.951 0.84
2011 11 15 11 5 15.209 13042 35.55417 -96.75216 2.358 0.77
2011 11 15 11 9 39.216 13044 35.52461 -96.76921 4.296 -0.32
2011 11 15 11 12 44.273 13048 35.53010 -96.76328 5.185 0.41
2011 11 15 11 13 52.952 13050 35.51786 -96.78435 4.339 -0.14
2011 11 15 11 24 27.573 13061 35.45568 -96.74294 3.508 1.27
2011 11 15 11 25 0.397 13063 35.45538 -96.74345 3.439 0.84
2011 11 15 11 25 19.675 13064 35.45532 -96.74313 3.440 0.37
2011 11 15 11 27 54.960 13068 35.52133 -96.77151 2.897 0.23
2011 11 15 11 32 46.800 13074 35.45623 -96.74228 3.379 -0.30
2011 11 15 11 39 40.150 13081 35.52522 -96.78209 4.950 0.27
2011 11 15 11 45 28.232 13090 35.45633 -96.74146 3.438 -0.42
2011 11 15 11 48 12.183 13097 35.51993 -96.77952 6.182 1.25
2011 11 15 11 50 33.168 13098 35.52429 -96.76856 1.566 -0.41
2011 11 15 11 52 57.951 13100 35.52794 -96.76634 4.879 -0.22
2011 11 15 11 57 16.270 13103 35.53026 -96.76495 6.614 -0.61
2011 11 15 11 58 42.401 13104 35.45735 -96.74007 3.575 -0.37
2011 11 15 12 5 51.972 13111 35.52142 -96.77252 1.807 0.35
2011 11 15 12 7 31.992 13113 35.54029 -96.75835 3.356 0.56
2011 11 15 12 16 37.035 13117 35.45791 -96.74034 3.522 -0.03
2011 11 15 12 17 18.948 13118 35.53018 -96.76148 4.835 0.50
2011 11 15 12 31 35.012 13126 35.53914 -96.76148 3.901 0.53
2011 11 15 12 31 50.178 13127 35.53985 -96.76102 3.713 1.16
2011 11 15 12 40 52.516 13133 35.52838 -96.76185 2.319 1.49
2011 11 15 12 43 57.519 13138 35.45596 -96.74286 3.470 0.60
2011 11 15 12 53 25.946 13146 35.52525 -96.77146 5.370 0.39
2011 11 15 13 13 18.168 13151 35.45475 -96.74392 3.457 0.80
2011 11 15 13 15 59.806 13152 35.49479 -96.81678 3.037 0.76
2011 11 15 13 28 41.201 13163 35.52949 -96.77011 5.168 1.65
2011 11 15 13 29 45.302 13164 35.52761 -96.77025 5.812 0.55
2011 11 15 14 12 34.932 13187 35.53458 -96.76538 3.604 0.16
2011 11 15 14 19 50.442 13192 35.53114 -96.76209 4.782 0.50
2011 11 15 14 33 30.629 13203 35.45577 -96.74303 3.554 0.56
2011 11 15 14 35 7.520 13206 35.52993 -96.76320 5.212 0.79
2011 11 15 14 36 40.820 13208 35.51080 -96.75831 5.109 0.88
2011 11 15 14 38 31.531 13210 35.53407 -96.75566 3.016 0.66
2011 11 15 14 40 4.502 13212 35.52054 -96.77306 1.463 -0.03
2011 11 15 14 55 0.708 13223 35.51721 -96.77715 1.547 0.01
2011 11 15 14 55 58.406 13225 35.52463 -96.76919 1.548 -0.40
2011 11 15 14 58 58.046 13226 35.52263 -96.77180 1.675 0.21
2011 11 15 15 4 37.923 13229 35.52314 -96.77270 3.919 0.30
2011 11 15 15 13 35.151 13237 35.51894 -96.78910 4.922 0.10
2011 11 15 15 31 22.639 13242 35.53072 -96.76196 4.983 -0.20
2011 11 15 15 44 8.775 13246 35.45231 -96.75049 4.059 0.17
2011 11 15 15 45 56.539 13248 35.51891 -96.77414 2.782 0.10
2011 11 15 15 51 5.561 13251 35.45788 -96.74097 3.548 -0.14
2011 11 15 15 51 56.692 13252 35.53153 -96.76513 6.195 1.21
2011 11 15 15 54 23.193 13253 35.45777 -96.74034 3.460 0.21
2011 11 15 15 56 20.544 13254 35.45796 -96.74009 3.529 0.30
2011 11 15 16 43 31.684 13274 35.52760 -96.76791 3.223 0.28
2011 11 15 16 48 1.085 13275 35.52063 -96.77278 1.590 0.04
2011 11 15 17 5 19.801 13283 35.52771 -96.76827 4.615 1.20
2011 11 15 17 25 17.589 13295 35.45360 -96.74665 3.657 0.52
2011 11 15 17 32 12.872 13297 35.52500 -96.77558 3.737 0.15
2011 11 15 17 40 52.935 13299 35.52752 -96.76863 2.219 0.41
2011 11 15 17 47 28.290 13302 35.53893 -96.75635 2.758 0.10
2011 11 15 17 55 7.746 13305 35.52635 -96.76970 2.773 0.99
2011 11 15 17 59 24.685 13308 35.51734 -96.78421 4.229 0.89
2011 11 15 18 10 34.095 13312 35.49868 -96.81569 2.689 0.81
2011 11 15 18 11 41.687 13313 35.53649 -96.75637 4.858 0.43
2011 11 15 18 24 20.118 13319 35.50172 -96.81443 3.331 0.54
2011 11 15 18 32 40.259 13322 35.45519 -96.74365 3.508 0.68
2011 11 15 18 38 10.566 13328 35.52046 -96.77196 1.560 -0.56
2011 11 15 18 43 14.329 13333 35.45353 -96.74511 3.431 0.21
2011 11 15 18 45 3.224 13336 35.53455 -96.75993 4.731 0.90
2011 11 15 18 59 2.661 13344 35.52367 -96.77109 3.687 0.10
2011 11 15 19 2 26.081 13346 35.52339 -96.77227 3.856 0.32
2011 11 15 19 2 40.930 13347 35.52994 -96.76309 5.151 0.40
2011 11 15 19 11 35.247 13352 35.55360 -96.75154 2.509 -0.24
2011 11 15 19 13 10.948 13353 35.51696 -96.77694 1.453 1.02
2011 11 15 19 32 23.130 13363 35.53653 -96.75823 4.766 0.41
2011 11 15 19 51 18.137 13376 35.52776 -96.76753 4.999 0.07
2011 11 15 20 3 28.898 13384 35.54511 -96.75526 3.868 0.28
2011 11 15 20 10 42.481 13389 35.53437 -96.76057 4.775 0.74
2011 11 15 20 24 27.847 13395 35.52403 -96.77166 3.941 0.70
2011 11 15 20 37 17.250 13398 35.53923 -96.75581 2.709 0.02
2011 11 15 20 40 7.791 13401 35.53892 -96.75594 2.850 0.14
2011 11 15 20 42 15.875 13403 35.55274 -96.75151 2.425 0.49
2011 11 15 20 42 34.369 13404 35.53926 -96.75564 2.950 -0.13
2011 11 15 21 6 13.136 13418 35.52704 -96.76794 4.496 0.77
2011 11 15 21 27 28.400 13427 35.52797 -96.76988 5.688 0.58
2011 11 15 21 33 58.241 13432 35.55352 -96.75174 2.533 0.36
2011 11 15 21 36 41.877 13436 35.55445 -96.75041 2.492 0.33
2011 11 15 21 37 4.114 13437 35.51696 -96.78364 1.639 -0.50
2011 11 15 21 58 35.892 13446 35.52172 -96.77144 1.599 0.37
2011 11 15 22 0 28.711 13449 35.51905 -96.77412 3.089 1.44
2011 11 15 22 34 26.649 13461 35.51804 -96.78499 4.345 1.53
2011 11 15 23 5 5.584 13471 35.50632 -96.80250 4.798 1.13
2011 11 15 23 8 29.153 13474 35.51892 -96.78050 4.152 1.96
2011 11 15 23 17 24.843 13477 35.52625 -96.77212 4.195 0.91
2011 11 15 23 19 31.094 13479 35.54014 -96.75774 4.365 0.99
2011 11 15 23 21 34.065 13481 35.54066 -96.76013 2.962 0.92
2011 11 15 23 32 46.058 13483 35.54079 -96.75971 2.927 0.37
2011 11 15 23 34 58.742 13485 35.53355 -96.75533 4.850 0.57
2011 11 15 23 35 20.566 13486 35.52630 -96.76814 3.753 0.68
2011 11 16 0 11 28.156 13494 35.52611 -96.76910 2.950 0.14
2011 11 16 0 20 13.917 13497 35.45616 -96.74444 3.496 -0.09
2011 11 16 0 21 59.088 13498 35.53024 -96.76937 5.497 -0.61
2011 11 16 0 24 51.764 13499 35.51795 -96.77562 2.525 0.54
2011 11 16 0 35 37.559 13502 35.45476 -96.74404 3.512 -0.09
2011 11 16 0 43 5.673 13506 35.52631 -96.75878 5.990 -0.34
2011 11 16 0 54 24.803 13510 35.52716 -96.77138 5.570 1.53
2011 11 16 0 59 10.935 13511 35.52595 -96.76883 2.961 -0.62
2011 11 16 1 0 33.717 13512 35.51123 -96.78771 3.718 0.39
2011 11 16 1 27 1.551 13518 35.52804 -96.77078 5.683 -0.61
2011 11 16 1 28 48.526 13519 35.52390 -96.77089 4.225 -0.43
2011 11 16 1 36 44.475 13520 35.45856 -96.74033 3.395 0.73
2011 11 16 1 40 33.880 13522 35.45417 -96.74421 3.528 0.25
2011 11 16 1 42 18.595 13523 35.52729 -96.77163 5.757 -0.49
2011 11 16 1 52 38.358 13525 35.52972 -96.76787 4.737 0.54
2011 11 16 1 59 44.440 13527 35.52988 -96.76154 4.692 -0.43
2011 11 16 2 11 26.121 13529 35.52827 -96.77112 5.387 0.30
2011 11 16 2 22 54.701 13531 35.53011 -96.76864 5.344 -0.67
2011 11 16 2 23 59.887 13533 35.51823 -96.78694 5.236 -0.12
2011 11 16 2 32 57.300 13539 35.52604 -96.76995 3.435 -0.29
2011 11 16 2 38 18.668 13540 35.52562 -96.76947 3.416 -0.39
2011 11 16 2 41 39.501 13543 35.52188 -96.77549 3.988 -0.04
2011 11 16 2 52 10.011 13546 35.51930 -96.78099 4.563 0.61
2011 11 16 2 53 34.694 13548 35.51809 -96.78434 4.230 1.48
2011 11 16 3 3 7.624 13554 35.52999 -96.76045 4.641 -0.20
2011 11 16 3 17 56.284 13555 35.52718 -96.77159 5.727 -0.47
2011 11 16 3 37 50.887 13558 35.52626 -96.77596 5.122 -0.04
2011 11 16 3 50 54.880 13559 35.50895 -96.77699 2.296 1.12
2011 11 16 3 56 50.247 13561 35.52691 -96.77194 5.380 0.01
2011 11 16 4 4 51.917 13563 35.51480 -96.78213 3.280 -0.55
2011 11 16 4 5 27.211 13564 35.45447 -96.74200 3.810 -0.35
2011 11 16 4 8 31.087 13565 35.52006 -96.78159 5.211 -0.22
2011 11 16 4 13 7.507 13567 35.45747 -96.74100 3.410 0.20
2011 11 16 4 13 22.604 13568 35.53110 -96.76149 4.901 -0.69
2011 11 16 4 15 55.526 13570 35.52058 -96.78146 5.142 -0.39
2011 11 16 4 21 35.397 13573 35.51854 -96.79071 3.745 0.06
2011 11 16 4 25 55.167 13577 35.45626 -96.74025 3.483 -0.17
2011 11 16 4 28 6.404 13580 35.45848 -96.74183 3.252 -0.03
2011 11 16 4 32 50.235 13584 35.53146 -96.75882 4.847 -0.59
2011 11 16 4 37 6.989 13585 35.53155 -96.75934 4.793 0.28
2011 11 16 4 38 10.538 13587 35.53322 -96.76415 4.189 0.41
2011 11 16 4 44 38.489 13590 35.51746 -96.78597 5.297 -0.19
2011 11 16 4 45 32.513 13591 35.45754 -96.75394 3.742 -0.35
2011 11 16 4 50 35.203 13594 35.52967 -96.76403 5.190 -0.60
2011 11 16 4 57 39.182 13598 35.52772 -96.76898 4.741 -0.96
2011 11 16 4 59 19.058 13600 35.51472 -96.77849 7.486 1.28
2011 11 16 5 0 37.839 13601 35.45504 -96.74429 3.516 -0.21
2011 11 16 5 5 21.331 13602 35.52819 -96.77055 5.328 0.31
2011 11 16 5 5 27.449 13603 35.53839 -96.76215 3.419 1.09
2011 11 16 5 6 37.614 13605 35.45474 -96.74310 3.719 -0.12
2011 11 16 5 7 5.452 13606 35.53407 -96.75878 4.748 -0.31
2011 11 16 5 7 21.055 13607 35.53827 -96.76241 3.453 0.61
2011 11 16 5 16 32.989 13610 35.45564 -96.74227 4.030 -0.24
2011 11 16 5 20 22.480 13613 35.51830 -96.78723 4.479 0.01
2011 11 16 5 23 26.017 13615 35.52050 -96.78525 5.352 -0.65
2011 11 16 5 36 21.567 13621 35.55295 -96.75025 2.786 0.50
2011 11 16 5 36 56.837 13622 35.52681 -96.77147 5.453 -0.47
2011 11 16 5 52 32.563 13626 35.53064 -96.76773 5.169 -0.45
2011 11 16 5 54 21.197 13627 35.52606 -96.77168 5.350 -0.10
2011 11 16 5 55 50.708 13628 35.52881 -96.76650 4.999 -0.68
2011 11 16 6 1 25.514 13630 35.45467 -96.74352 3.578 -0.19
2011 11 16 6 2 14.656 13631 35.45783 -96.73909 3.520 -0.14
2011 11 16 6 14 35.492 13633 35.45374 -96.74470 3.576 0.03
2011 11 16 6 24 6.071 13636 35.52949 -96.75772 5.077 -0.72
2011 11 16 6 25 20.465 13637 35.51814 -96.78447 4.412 -0.11
2011 11 16 6 26 50.897 13638 35.45861 -96.73907 3.474 0.52
2011 11 16 6 28 9.696 13639 35.46034 -96.73893 3.541 0.19
2011 11 16 6 35 35.496 13642 35.46027 -96.73895 3.564 1.35
2011 11 16 6 38 0.016 13643 35.52786 -96.77114 5.787 -0.31
2011 11 16 6 41 51.360 13645 35.46077 -96.73825 3.373 -0.23
2011 11 16 6 42 4.136 13646 35.46027 -96.73820 3.448 0.28
2011 11 16 6 50 31.402 13648 35.51680 -96.77805 2.840 -0.35
2011 11 16 6 52 18.691 13649 35.45303 -96.74633 3.520 1.26
2011 11 16 6 54 6.554 13650 35.46096 -96.73812 3.415 -0.25
2011 11 16 6 54 26.997 13651 35.46015 -96.73924 3.584 0.15
2011 11 16 6 55 52.226 13652 35.45356 -96.74658 3.558 0.67
2011 11 16 6 57 2.026 13653 35.45357 -96.74513 3.371 -0.10
2011 11 16 6 59 23.183 13654 35.45333 -96.74634 3.522 0.74
2011 11 16 7 1 9.024 13655 35.52998 -96.76387 4.804 -0.54
2011 11 16 7 1 15.458 13656 35.45311 -96.74494 3.568 0.14
2011 11 16 7 4 30.240 13658 35.46131 -96.73799 3.250 -0.30
2011 11 16 7 8 42.978 13661 35.53627 -96.76258 3.826 0.55
2011 11 16 7 10 42.438 13662 35.45386 -96.74569 3.460 0.44
2011 11 16 7 11 6.752 13663 35.46050 -96.73828 3.567 0.71
2011 11 16 7 12 11.769 13664 35.53088 -96.75925 4.734 -0.71
2011 11 16 7 12 59.746 13665 35.51469 -96.78045 3.035 -0.22
2011 11 16 7 16 1.096 13666 35.46053 -96.73816 3.538 0.23
2011 11 16 7 32 14.331 13671 35.46000 -96.73938 3.588 1.55
2011 11 16 7 32 35.682 13672 35.53296 -96.75739 5.037 0.01
2011 11 16 7 32 49.816 13673 35.55601 -96.74909 2.480 0.14
2011 11 16 7 33 19.811 13676 35.52682 -96.76650 3.758 0.83
2011 11 16 7 36 11.566 13678 35.51832 -96.78699 5.270 0.46
2011 11 16 7 37 50.742 13679 35.51828 -96.79081 4.578 -0.07
2011 11 16 7 38 15.880 13680 35.53225 -96.76874 6.133 0.23
2011 11 16 7 49 20.208 13682 35.51582 -96.78172 5.497 0.06
2011 11 16 7 53 20.029 13683 35.45319 -96.74611 3.481 0.60
2011 11 16 8 1 21.298 13686 35.45374 -96.74522 3.494 -0.30
2011 11 16 8 9 13.141 13690 35.53096 -96.76190 5.107 -0.18
2011 11 16 8 11 22.564 13691 35.53374 -96.76118 5.100 0.09
2011 11 16 8 15 0.711 13693 35.46158 -96.74085 4.105 0.34
2011 11 16 8 22 8.282 13695 35.51581 -96.77897 2.537 1.93
2011 11 16 8 28 31.128 13696 35.53097 -96.76129 4.928 1.09
2011 11 16 8 32 30.598 13698 35.52358 -96.77220 2.416 1.17
2011 11 16 8 33 21.431 13699 35.53217 -96.76296 9.479 0.14
2011 11 16 8 37 36.794 13701 35.53012 -96.76047 4.507 -0.20
2011 11 16 8 40 47.729 13703 35.52287 -96.77227 2.928 -0.08
2011 11 16 8 42 59.299 13706 35.53094 -96.76229 5.233 -0.34
2011 11 16 8 47 6.633 13707 35.51369 -96.78390 3.134 -0.15
2011 11 16 9 10 29.057 13715 35.54805 -96.75290 4.450 0.25
2011 11 16 9 16 9.157 13716 35.53023 -96.76352 5.247 1.28
2011 11 16 9 24 28.701 13718 35.52089 -96.77210 7.040 -0.28
2011 11 16 9 26 31.180 13719 35.52732 -96.77171 5.441 -0.46
2011 11 16 9 26 36.748 13720 35.53012 -96.76349 5.374 -0.58
2011 11 16 9 27 15.392 13721 35.53004 -96.76348 5.396 -0.57
2011 11 16 9 29 34.748 13724 35.52997 -96.76365 5.266 -0.18
2011 11 16 9 36 58.850 13726 35.45297 -96.74678 3.572 0.69
2011 11 16 9 48 28.223 13729 35.45941 -96.73843 3.587 0.06
2011 11 16 9 48 55.678 13730 35.45955 -96.73932 3.458 0.10
2011 11 16 9 52 10.672 13731 35.46003 -96.73773 3.659 -0.19
2011 11 16 9 57 22.707 13733 35.53122 -96.76020 4.718 -0.58
2011 11 16 9 59 56.521 13734 35.52829 -96.77076 5.460 -0.26
2011 11 16 10 0 41.075 13736 35.51814 -96.78359 4.369 0.10
2011 11 16 10 3 51.764 13737 35.51791 -96.78423 4.370 -0.09
2011 11 16 10 6 51.407 13738 35.53481 -96.76209 4.215 -0.26
2011 11 16 10 7 48.286 13739 35.52542 -96.77239 3.537 0.25
2011 11 16 10 10 10.745 13740 35.53163 -96.76016 4.735 0.31
2011 11 16 10 14 46.736 13742 35.52763 -96.77081 5.619 -0.76
2011 11 16 10 23 43.997 13743 35.45786 -96.74162 3.420 0.33
2011 11 16 10 28 7.617 13745 35.51701 -96.78792 4.540 0.68
2011 11 16 10 33 37.620 13746 35.54585 -96.75428 4.045 -0.26
2011 11 16 10 46 24.826 13748 35.53208 -96.76963 6.153 0.07
2011 11 16 10 56 29.623 13751 35.55253 -96.75189 2.462 -0.30
2011 11 16 10 59 44.627 13752 35.45317 -96.74624 3.513 1.30
2011 11 16 11 11 4.441 13756 35.54150 -96.75901 2.638 -0.46
2011 11 16 11 12 23.457 13757 35.46117 -96.73816 3.375 -0.13
2011 11 16 11 25 52.161 13760 35.50683 -96.80173 5.246 1.13
2011 11 16 11 48 57.575 13763 35.51697 -96.78647 8.526 0.32
2011 11 16 11 57 2.625 13766 35.52998 -96.76304 5.394 -0.38
2011 11 16 11 58 55.546 13767 35.52796 -96.76840 8.379 0.01
2011 11 16 12 1 32.054 13769 35.51913 -96.78509 5.128 -0.01
2011 11 16 12 3 45.438 13770 35.51382 -96.78557 2.991 0.14
2011 11 16 12 17 11.054 13773 35.53635 -96.76158 3.846 -0.47
2011 11 16 12 17 21.659 13774 35.53025 -96.76502 9.221 -0.08
2011 11 16 12 56 18.726 13780 35.53395 -96.76132 5.104 -0.36
2011 11 16 13 3 55.821 13781 35.46105 -96.73764 3.507 1.11
2011 11 16 13 14 31.772 13782 35.51665 -96.78089 7.053 0.62
2011 11 16 13 23 46.417 13783 35.52166 -96.77481 3.663 0.20
2011 11 16 13 37 31.674 13785 35.53809 -96.75958 3.781 0.23
2011 11 16 13 39 27.777 13786 35.52714 -96.76709 3.709 1.67
2011 11 16 13 44 10.389 13787 35.52703 -96.76688 3.748 1.23
2011 11 16 13 47 45.694 13788 35.52991 -96.76453 5.116 -0.09
2011 11 16 13 52 20.976 13790 35.51782 -96.78956 3.511 -0.01
2011 11 16 14 6 23.233 13793 35.51466 -96.78417 7.651 0.99
2011 11 16 14 20 39.489 13796 35.51577 -96.78340 8.291 1.21
2011 11 16 14 30 30.023 13797 35.51398 -96.78380 3.100 0.81
2011 11 16 14 36 26.092 13798 35.53035 -96.76281 5.348 -0.11
2011 11 16 14 46 39.935 13799 35.45505 -96.74343 3.755 0.23
2011 11 16 14 57 41.846 13800 35.52333 -96.77172 3.526 1.27
2011 11 16 15 8 28.739 13801 35.53016 -96.76318 5.196 0.04
2011 11 16 15 14 59.415 13802 35.51287 -96.78575 2.816 0.24
2011 11 16 15 18 34.384 13804 35.51890 -96.78300 5.144 1.86
2011 11 16 15 20 49.179 13805 35.52592 -96.77072 3.124 -0.07
2011 11 16 15 34 15.001 13808 35.51580 -96.77782 7.607 0.51
2011 11 16 15 41 46.369 13809 35.51848 -96.78415 4.355 0.22
2011 11 16 15 45 55.093 13812 35.51792 -96.78528 5.126 1.24
2011 11 16 15 55 57.605 13814 35.55288 -96.75100 2.510 0.28
2011 11 16 15 59 38.963 13815 35.52980 -96.75962 4.548 0.51
2011 11 16 16 12 43.038 13817 35.51876 -96.78630 5.149 1.16
2011 11 16 16 21 37.923 13818 35.51835 -96.78434 4.501 -0.12
2011 11 16 16 42 38.310 13820 35.53302 -96.76188 4.306 1.06
2011 11 16 16 44 12.288 13821 35.52648 -96.76940 3.300 0.31
2011 11 16 16 55 16.468 13822 35.51869 -96.78731 5.215 1.03
2011 11 16 17 16 8.931 13824 35.51830 -96.78799 3.649 0.24
2011 11 16 17 33 8.014 13825 35.52355 -96.77087 3.957 0.20
2011 11 16 17 43 38.719 13829 35.51732 -96.78856 5.153 0.39
2011 11 16 18 0 42.624 13831 35.53116 -96.76110 4.806 -0.38
2011 11 16 18 6 7.082 13832 35.51837 -96.78842 3.613 0.26
2011 11 16 18 9 1.993 13833 35.53125 -96.76954 5.213 0.27
2011 11 16 18 11 15.834 13834 35.52953 -96.76831 4.859 0.19
2011 11 16 18 16 5.047 13835 35.46097 -96.73932 3.552 0.45
2011 11 16 18 53 22.603 13837 35.51841 -96.78762 3.759 0.53
2011 11 16 18 53 50.123 13838 35.51804 -96.78780 3.750 0.20
2011 11 16 19 7 55.819 13841 35.46147 -96.73739 3.580 1.00
2011 11 16 19 17 3.104 13843 35.51813 -96.78835 3.867 0.18
2011 11 16 20 2 59.547 13846 35.51846 -96.78714 3.698 0.33
2011 11 16 20 4 54.765 13847 35.52089 -96.75592 4.184 0.26
2011 11 16 20 32 54.792 13849 35.52322 -96.77153 3.964 0.46
2011 11 16 21 3 36.994 13850 35.54615 -96.75398 4.061 -0.65
2011 11 16 21 14 9.418 13852 35.49307 -96.80751 5.871 1.15
2011 11 16 21 18 59.879 13854 35.52013 -96.77906 5.495 0.04
2011 11 16 22 4 49.334 13855 35.52259 -96.77351 3.754 0.71
2011 11 16 22 6 42.682 13856 35.52674 -96.76873 4.831 0.05
2011 11 16 23 9 35.009 13858 35.55384 -96.75037 2.907 1.20
2011 11 17 0 2 2.323 13860 35.51953 -96.77348 7.525 -0.03
2011 11 17 0 2 48.027 13861 35.51798 -96.78820 3.542 0.10
2011 11 17 0 18 20.863 13863 35.46170 -96.74055 3.989 1.18
2011 11 17 0 22 30.282 13864 35.45319 -96.74630 3.396 1.58
2011 11 17 0 27 32.423 13866 35.51729 -96.77721 2.862 -0.24
2011 11 17 0 36 57.347 13867 35.45494 -96.74660 3.207 0.08
2011 11 17 0 38 51.207 13868 35.53080 -96.76860 6.352 1.21
2011 11 17 1 7 41.228 13875 35.53075 -96.75931 5.034 -0.36
2011 11 17 1 8 10.839 13876 35.53961 -96.75987 3.297 0.02
2011 11 17 1 9 44.589 13877 35.55181 -96.75262 2.595 0.55
2011 11 17 1 22 6.318 13879 35.53090 -96.76051 4.976 -0.17
2011 11 17 1 46 41.423 13882 35.54140 -96.75833 3.160 0.51
2011 11 17 1 47 17.483 13883 35.54004 -96.75908 3.134 0.69
2011 11 17 1 53 7.474 13886 35.53160 -96.76000 4.710 0.29
2011 11 17 1 57 30.597 13888 35.53110 -96.75894 4.383 -0.02
2011 11 17 2 11 59.368 13892 35.54577 -96.75450 4.079 -0.49
2011 11 17 2 14 39.690 13893 35.52320 -96.77147 3.729 -0.35
2011 11 17 2 26 6.643 13896 35.54565 -96.75431 4.017 0.34
2011 11 17 2 27 16.972 13897 35.54606 -96.75368 4.022 -0.90
2011 11 17 2 27 56.581 13898 35.51782 -96.77603 2.501 0.87
2011 11 17 2 29 49.836 13900 35.51902 -96.78230 5.059 -0.22
2011 11 17 2 35 6.182 13901 35.52967 -96.76412 4.972 -0.30
2011 11 17 2 40 48.327 13904 35.53537 -96.76035 5.022 -0.01
2011 11 17 2 40 58.640 13905 35.53086 -96.76105 4.875 1.16
2011 11 17 2 42 42.252 13906 35.53114 -96.76095 4.992 -0.81
2011 11 17 2 44 24.812 13908 35.53076 -96.76112 4.852 -0.43
2011 11 17 2 45 50.732 13909 35.51153 -96.78652 2.893 0.19
2011 11 17 2 49 56.200 13910 35.52587 -96.76899 2.981 -0.63
2011 11 17 2 52 57.150 13912 35.49801 -96.80952 5.565 -0.02
2011 11 17 2 58 41.727 13913 35.50674 -96.80195 4.807 0.28
2011 11 17 3 2 16.956 13915 35.53493 -96.75710 5.295 0.37
2011 11 17 3 9 1.180 13916 35.54586 -96.75435 3.937 -0.69
2011 11 17 3 9 12.150 13917 35.53087 -96.76086 4.905 1.03
2011 11 17 3 19 4.803 13919 35.52589 -96.76914 4.679 -0.36
2011 11 17 3 22 24.361 13921 35.52975 -96.76204 4.830 -0.38
2011 11 17 3 24 55.690 13923 35.52474 -96.77379 4.759 -0.07
2011 11 17 3 32 56.865 13926 35.52783 -96.77198 5.503 -0.11
2011 11 17 3 44 29.741 13928 35.52629 -96.77101 4.908 -0.40
2011 11 17 3 59 59.891 13930 35.54338 -96.75848 3.257 -0.05
2011 11 17 4 6 39.823 13933 35.52778 -96.77156 5.517 0.37
2011 11 17 4 7 2.559 13934 35.53382 -96.76024 3.888 -0.22
2011 11 17 4 31 29.545 13937 35.46125 -96.73750 3.654 0.43
2011 11 17 4 34 19.802 13938 35.51804 -96.78625 5.118 -0.38
2011 11 17 4 42 16.781 13943 35.51811 -96.78412 4.491 0.20
2011 11 17 4 42 40.024 13944 35.52607 -96.76822 3.864 0.15
2011 11 17 4 55 39.119 13946 35.53475 -96.75862 5.007 -0.16
2011 11 17 5 8 15.481 13949 35.53230 -96.76285 4.175 -0.40
2011 11 17 5 8 21.696 13950 35.53192 -96.76817 6.028 -0.27
2011 11 17 5 40 41.427 13956 35.52414 -96.77086 3.459 0.33
2011 11 17 5 48 48.678 13958 35.52916 -96.76438 4.848 0.29
2011 11 17 5 50 4.539 13959 35.52387 -96.77355 4.753 0.29
2011 11 17 5 53 19.135 13960 35.52998 -96.76301 4.566 -0.26
2011 11 17 5 56 4.552 13961 35.53978 -96.75683 2.909 -0.47
2011 11 17 6 5 5.285 13962 35.53393 -96.75334 4.630 -0.29
2011 11 17 6 7 58.331 13963 35.52610 -96.77147 5.514 -0.49
2011 11 17 6 8 55.343 13964 35.45909 -96.73909 3.546 -0.08
2011 11 17 6 27 54.796 13967 35.52767 -96.76444 5.937 -0.50
2011 11 17 6 32 1.781 13969 35.53373 -96.75862 5.078 -0.13
2011 11 17 6 32 29.733 13970 35.53094 -96.75742 3.965 -0.25
2011 11 17 6 36 34.724 13971 35.53402 -96.75862 5.030 -0.17
2011 11 17 6 40 59.655 13973 35.51817 -96.78382 4.373 -0.43
2011 11 17 6 45 13.494 13975 35.45715 -96.74168 3.701 -0.42
2011 11 17 6 51 21.620 13976 35.51816 -96.78542 5.214 -0.46
2011 11 17 6 52 54.142 13978 35.52713 -96.77142 5.400 -0.25
2011 11 17 6 55 56.400 13979 35.52156 -96.77348 3.094 -0.34
2011 11 17 6 57 36.168 13980 35.52610 -96.76950 2.967 0.96
2011 11 17 7 2 27.745 13982 35.52834 -96.77096 5.655 -0.16
2011 11 17 7 4 44.473 13984 35.53041 -96.76116 4.858 -0.33
2011 11 17 7 8 59.117 13985 35.54577 -96.75389 4.210 -0.89
2011 11 17 7 31 19.129 13987 35.52997 -96.76192 5.246 -0.23
2011 11 17 7 37 16.087 13988 35.52182 -96.77342 3.275 -0.39
2011 11 17 7 40 36.984 13989 35.53138 -96.76439 6.246 -0.44
2011 11 17 7 51 12.850 13990 35.55249 -96.75110 2.881 0.20
2011 11 17 7 55 1.974 13991 35.52419 -96.77168 4.180 -0.49
2011 11 17 7 57 52.746 13992 35.53089 -96.76323 9.125 -0.11
2011 11 17 8 4 32.405 13994 35.55269 -96.75126 2.882 -0.15
2011 11 17 8 10 53.855 13998 35.53227 -96.77615 6.320 0.25
2011 11 17 8 23 17.288 14000 35.51801 -96.78403 4.372 -0.49
2011 11 17 8 37 28.419 14003 35.52966 -96.76785 4.989 -0.30
2011 11 17 8 45 33.904 14006 35.52542 -96.77360 2.439 -0.06
2011 11 17 8 46 13.771 14007 35.51847 -96.77511 7.353 -0.10
2011 11 17 8 47 30.802 14008 35.51861 -96.79280 5.591 -0.78
2011 11 17 8 54 24.701 14010 35.52775 -96.77133 5.496 -0.43
2011 11 17 8 54 44.617 14011 35.52870 -96.75712 3.556 0.60
2011 11 17 8 55 9.143 14012 35.53186 -96.76915 5.307 -0.00
2011 11 17 9 4 12.099 14014 35.52274 -96.77496 3.112 -0.49
2011 11 17 9 9 9.666 14015 35.51711 -96.78963 5.614 0.18
2011 11 17 9 25 9.375 14018 35.52725 -96.76773 3.541 1.49
2011 11 17 9 30 35.092 14020 35.51789 -96.78683 5.328 0.62
2011 11 17 9 31 22.212 14021 35.52711 -96.76780 3.523 0.86
2011 11 17 9 35 1.773 14023 35.51808 -96.78439 4.286 -0.33
2011 11 17 9 41 13.890 14025 35.52716 -96.76888 3.376 -0.53
2011 11 17 9 42 55.590 14026 35.53517 -96.75845 4.902 -0.20
2011 11 17 9 50 56.080 14031 35.53090 -96.76057 5.108 -0.50
2011 11 17 10 19 50.777 14033 35.51590 -96.78962 6.026 0.10
2011 11 17 10 32 58.627 14037 35.51807 -96.78541 5.307 0.25
2011 11 17 10 40 19.370 14039 35.52975 -96.76999 4.300 -0.46
2011 11 17 10 44 52.531 14040 35.55288 -96.75053 2.806 1.35
2011 11 17 10 45 37.554 14041 35.55476 -96.75024 2.335 -0.18
2011 11 17 10 57 41.194 14044 35.53051 -96.76886 5.328 0.96
2011 11 17 11 3 20.762 14046 35.53479 -96.76882 8.777 -0.69
2011 11 17 11 8 38.956 14049 35.51734 -96.78449 5.893 -0.61
2011 11 17 11 10 41.913 14050 35.50689 -96.80160 4.805 0.12
2011 11 17 11 14 27.819 14052 35.52858 -96.76620 9.189 -0.78
2011 11 17 11 17 22.010 14053 35.55290 -96.75107 2.979 0.26
2011 11 17 11 28 15.456 14055 35.53235 -96.76196 5.783 -0.01
2011 11 17 11 36 16.400 14056 35.53132 -96.76200 4.799 0.80
2011 11 17 11 39 54.854 14057 35.53102 -96.76245 4.806 -0.66
2011 11 17 11 44 25.950 14059 35.53070 -96.76800 5.462 -0.41
2011 11 17 11 48 26.317 14060 35.45552 -96.74370 3.512 -0.18
2011 11 17 11 48 58.984 14061 35.51517 -96.78000 2.877 0.09
2011 11 17 11 56 28.877 14065 35.53139 -96.76270 4.778 -0.52
2011 11 17 11 57 46.202 14066 35.52790 -96.77117 5.664 0.24
2011 11 17 12 0 51.362 14068 35.53106 -96.76250 4.891 -0.60
2011 11 17 12 1 2.229 14070 35.52915 -96.76991 5.481 1.04
2011 11 17 12 7 22.791 14076 35.51793 -96.78878 5.418 1.95
2011 11 17 12 14 24.145 14077 35.52304 -96.77270 3.839 -0.18
2011 11 17 12 15 19.088 14078 35.52817 -96.76761 5.156 0.41
2011 11 17 12 15 56.769 14079 35.52791 -96.77077 5.684 -0.19
2011 11 17 12 16 43.744 14080 35.52835 -96.76778 5.157 -0.23
2011 11 17 12 17 42.921 14081 35.52792 -96.76748 5.156 -0.01
2011 11 17 12 29 44.507 14084 35.53064 -96.76175 4.666 -0.38
2011 11 17 12 31 15.482 14085 35.53035 -96.76065 4.675 -0.92
2011 11 17 12 43 59.760 14088 35.52138 -96.77930 5.344 0.41
2011 11 17 12 44 37.868 14089 35.53179 -96.77132 6.138 -0.06
2011 11 17 12 45 0.523 14090 35.53151 -96.76147 4.835 0.01
2011 11 17 12 49 6.460 14091 35.52960 -96.76409 5.046 -0.41
2011 11 17 12 52 37.770 14092 35.52228 -96.77879 5.116 -0.50
2011 11 17 12 53 7.701 14093 35.52231 -96.77928 5.132 -0.26
2011 11 17 12 55 39.623 14094 35.51796 -96.78879 4.698 0.17
2011 11 17 13 26 16.715 14097 35.52530 -96.76808 5.556 -0.72
2011 11 17 13 26 47.586 14098 35.51841 -96.78590 5.555 0.19
2011 11 17 13 33 13.475 14100 35.52799 -96.76876 2.976 0.67
2011 11 17 13 34 58.776 14102 35.45491 -96.74331 3.385 0.38
2011 11 17 13 44 36.669 14103 35.52280 -96.77374 3.941 -0.01
2011 11 17 13 45 27.323 14104 35.51812 -96.79969 3.866 1.15
2011 11 17 14 8 18.301 14108 35.53065 -96.76183 4.699 -0.10
2011 11 17 14 11 1.775 14109 35.52598 -96.76901 4.471 0.94
2011 11 17 14 12 7.826 14110 35.52601 -96.76942 4.569 0.03
2011 11 17 14 14 47.383 14112 35.52585 -96.76842 4.281 -0.35
2011 11 17 14 33 37.669 14115 35.53021 -96.76414 5.336 -0.10
2011 11 17 14 35 59.840 14116 35.52994 -96.76373 5.336 0.07
2011 11 17 14 38 40.348 14118 35.45608 -96.74304 3.562 0.61
2011 11 17 14 39 22.684 14119 35.53005 -96.76413 5.324 0.00
2011 11 17 14 39 37.773 14120 35.53001 -96.76369 5.415 0.17
2011 11 17 14 41 36.201 14121 35.53001 -96.76337 5.336 -0.33
2011 11 17 14 45 36.280 14122 35.52758 -96.77094 5.556 0.32
2011 11 17 14 56 58.948 14125 35.52948 -96.76355 5.330 -0.18
2011 11 17 14 58 52.000 14127 35.53537 -96.75824 4.944 0.16
2011 11 17 15 1 0.130 14128 35.53010 -96.76335 5.497 -0.34
2011 11 17 15 2 15.308 14129 35.51869 -96.78442 3.620 0.41
2011 11 17 15 11 25.723 14130 35.53113 -96.76243 4.764 -0.28
2011 11 17 15 15 1.523 14131 35.52585 -96.76975 4.469 0.09
2011 11 17 15 17 46.400 14133 35.53114 -96.76168 4.709 -0.49
2011 11 17 15 33 43.472 14136 35.53597 -96.75932 4.706 -0.11
2011 11 17 15 37 36.769 14138 35.52978 -96.76398 5.340 -0.36
2011 11 17 15 40 32.692 14139 35.53353 -96.76182 5.333 0.39
2011 11 17 15 47 24.144 14140 35.52905 -96.76571 5.256 -0.28
2011 11 17 15 47 30.046 14141 35.52903 -96.76625 5.226 0.23
2011 11 17 15 52 3.494 14143 35.51864 -96.78400 3.647 0.38
2011 11 17 16 2 11.293 14145 35.52893 -96.76577 5.301 -0.12
2011 11 17 16 19 26.421 14147 35.45646 -96.74313 3.504 -0.05
2011 11 17 16 20 51.083 14148 35.53192 -96.76342 5.257 0.27
2011 11 17 16 24 24.233 14150 35.51571 -96.78717 5.245 0.53
2011 11 17 16 29 5.845 14151 35.52600 -96.76276 4.589 -0.12
2011 11 17 16 49 40.934 14152 35.52220 -96.75689 4.626 -0.03
2011 11 17 17 57 6.380 14156 35.52772 -96.76778 3.511 0.48
2011 11 17 18 13 56.370 14159 35.51625 -96.77870 2.831 0.04
2011 11 17 18 33 6.523 14162 35.51781 -96.78518 5.402 -0.15
2011 11 17 18 42 58.019 14164 35.51794 -96.78872 5.384 0.64
2011 11 17 18 43 46.440 14165 35.52563 -96.76945 8.828 0.37
2011 11 17 18 58 20.098 14167 35.53300 -96.76726 5.271 -0.03
2011 11 17 19 6 47.628 14169 35.52384 -96.77168 4.262 -0.38
2011 11 17 19 10 25.067 14170 35.53085 -96.76331 4.177 0.08
2011 11 17 19 17 35.275 14172 35.51416 -96.78287 3.273 -0.17
2011 11 17 19 22 39.020 14173 35.54010 -96.75587 3.868 -0.07
2011 11 17 20 17 53.865 14177 35.53924 -96.75618 3.646 0.31
2011 11 17 20 19 12.004 14179 35.52028 -96.77550 3.124 0.17
2011 11 17 20 34 57.188 14180 35.52356 -96.77540 6.399 0.84
2011 11 17 20 42 12.587 14182 35.53181 -96.76364 3.882 -0.19
2011 11 17 20 56 25.110 14186 35.52900 -96.76540 6.060 0.32
2011 11 17 21 5 12.681 14189 35.53005 -96.76388 5.174 0.98
2011 11 17 21 5 36.889 14190 35.53380 -96.75999 4.940 0.60
2011 11 17 21 9 51.648 14191 35.51643 -96.77860 2.835 0.22
2011 11 17 21 10 3.163 14192 35.52994 -96.76396 5.177 -0.09
2011 11 17 21 37 30.324 14195 35.52812 -96.77071 5.636 0.14
2011 11 17 21 39 51.643 14196 35.47065 -96.87188 4.010 1.03
2011 11 17 21 43 26.274 14197 35.51754 -96.78450 4.540 0.23
2011 11 17 22 35 3.125 14198 35.53090 -96.76294 6.274 0.25
2011 11 17 22 42 44.208 14201 35.47923 -96.85357 3.798 -0.04
2011 11 17 22 56 13.452 14203 35.53027 -96.76338 5.175 -0.04
2011 11 17 23 0 49.531 14204 35.53008 -96.76327 5.187 -0.17
2011 11 17 23 3 50.637 14205 35.51867 -96.78296 4.225 0.51
2011 11 17 23 4 18.160 14206 35.52786 -96.77122 5.744 -0.44
2011 11 17 23 12 38.702 14207 35.53312 -96.76074 5.092 0.04
2011 11 17 23 14 16.129 14208 35.45778 -96.74512 3.388 0.24
2011 11 17 23 20 1.241 14209 35.52777 -96.77047 5.399 0.21
2011 11 17 23 28 35.295 14213 35.53339 -96.76086 4.990 -0.21
2011 11 17 23 37 24.683 14214 35.51768 -96.78861 5.380 0.39
2011 11 17 23 44 21.646 14216 35.51756 -96.78420 4.202 0.64
2011 11 17 23 45 39.635 14217 35.53102 -96.76943 5.525 -0.51
2011 11 18 0 25 36.239 14229 35.53152 -96.76813 5.355 0.29
2011 11 18 1 0 35.298 14248 35.52024 -96.77407 1.233 0.23
2011 11 18 1 4 3.943 14251 35.51260 -96.78587 3.115 0.06
2011 11 18 1 4 51.775 14252 35.51254 -96.78623 3.204 0.02
2011 11 18 1 25 10.254 14263 35.54023 -96.75689 3.041 0.22
2011 11 18 1 28 4.832 14266 35.52979 -96.76466 5.101 0.14
2011 11 18 1 54 8.972 14283 35.52407 -96.76936 3.688 0.85
2011 11 18 1 56 24.247 14287 35.52259 -96.77041 1.944 0.43
2011 11 18 2 9 19.338 14292 35.52194 -96.77426 3.343 0.78
2011 11 18 2 14 53.540 14295 35.51288 -96.78556 3.212 0.26
2011 11 18 2 26 6.271 14303 35.51063 -96.78586 2.544 0.68
2011 11 18 2 48 9.265 14316 35.45576 -96.74422 3.591 0.27
2011 11 18 2 57 40.960 14320 35.52237 -96.77399 3.412 0.09
2011 11 18 4 21 58.113 14351 35.52803 -96.76159 2.208 2.12
2011 11 18 4 43 45.618 14359 35.52951 -96.76157 1.586 1.79
2011 11 18 4 49 29.125 14364 35.53354 -96.75620 4.512 1.00
2011 11 18 4 54 3.521 14367 35.52842 -96.76636 4.759 0.69
2011 11 18 5 22 8.020 14383 35.51838 -96.78435 4.417 -0.39
2011 11 18 5 29 31.211 14388 35.52618 -96.76874 5.022 2.77
2011 11 18 5 32 50.910 14392 35.52823 -96.76839 5.173 0.02
2011 11 18 5 33 37.065 14393 35.51686 -96.78818 5.899 -0.04
2011 11 18 5 36 7.404 14394 35.52775 -96.76773 4.904 -0.23
2011 11 18 5 37 27.197 14396 35.52775 -96.76750 5.087 0.61
2011 11 18 5 37 56.530 14399 35.52000 -96.77748 3.104 0.78
2011 11 18 5 44 33.776 14403 35.52479 -96.76973 4.332 0.36
2011 11 18 6 23 48.776 14426 35.52310 -96.77060 1.971 0.23
2011 11 18 6 38 4.315 14428 35.49299 -96.84905 1.059 0.78
2011 11 18 7 0 2.733 14432 35.51316 -96.78460 2.775 0.90
2011 11 18 7 4 17.561 14433 35.53440 -96.76086 4.536 2.71
2011 11 18 7 26 30.135 14443 35.55487 -96.74924 2.555 0.67
2011 11 18 7 45 36.475 14447 35.53592 -96.75918 8.825 0.17
2011 11 18 7 49 38.739 14449 35.55373 -96.75167 2.433 0.36
2011 11 18 7 59 40.947 14455 35.53435 -96.76189 4.564 0.55
2011 11 18 8 16 43.583 14459 35.53581 -96.76077 4.176 1.11
2011 11 18 8 57 39.788 14469 35.53305 -96.76587 3.672 0.29
2011 11 18 8 58 15.415 14471 35.52656 -96.76870 6.927 0.53
2011 11 18 8 58 49.148 14472 35.53583 -96.75856 8.912 -0.03
2011 11 18 9 5 18.044 14474 35.53541 -96.75880 8.763 -0.27
2011 11 18 9 31 46.327 14486 35.51945 -96.78836 4.315 -0.46
2011 11 18 9 40 38.216 14489 35.52337 -96.77205 3.705 0.64
2011 11 18 9 48 59.355 14491 35.51466 -96.78547 3.705 0.54
2011 11 18 9 57 0.943 14494 35.52774 -96.76177 1.827 1.85
2011 11 18 10 3 26.212 14495 35.51765 -96.78494 4.374 1.38
2011 11 18 10 6 13.095 14497 35.53661 -96.75837 8.898 -0.31
2011 11 18 10 29 18.966 14507 35.52280 -96.77226 1.742 1.53
2011 11 18 10 42 20.500 14510 35.51674 -96.77789 1.528 0.77
2011 11 18 10 51 51.630 14512 35.51228 -96.78439 3.730 0.23
2011 11 18 10 51 56.758 14513 35.51208 -96.78434 3.734 0.27
2011 11 18 10 52 12.999 14514 35.52644 -96.76888 4.666 0.40
2011 11 18 11 8 40.327 14519 35.50786 -96.80117 4.995 0.86
2011 11 18 11 11 43.433 14521 35.46111 -96.73731 3.588 0.78
2011 11 18 11 19 10.001 14522 35.54474 -96.76259 4.174 0.07
2011 11 18 11 23 26.982 14523 35.50691 -96.80162 4.783 0.61
2011 11 18 12 24 35.900 14541 35.52942 -96.75928 2.180 1.20
2011 11 18 12 34 44.066 14546 35.53641 -96.76022 4.094 1.75
2011 11 18 12 40 27.208 14549 35.51424 -96.78347 2.961 0.51
2011 11 18 12 42 47.303 14552 35.52913 -96.75950 2.189 0.27
2011 11 18 12 43 18.146 14553 35.51733 -96.78401 4.300 0.54
2011 11 18 12 45 17.098 14554 35.52931 -96.75956 2.129 -0.10
2011 11 18 12 48 45.861 14557 35.52953 -96.75949 2.063 0.54
2011 11 18 12 56 31.087 14562 35.52770 -96.77318 5.695 0.47
2011 11 18 14 48 16.291 14591 35.51678 -96.77340 2.253 1.16
2011 11 18 14 48 33.186 14592 35.52101 -96.77052 2.958 0.55
2011 11 18 15 37 46.605 14605 35.51104 -96.78222 2.159 0.88
2011 11 18 15 41 33.467 14606 35.52630 -96.77091 4.901 0.91
2011 11 18 15 44 3.641 14607 35.53005 -96.76052 2.259 0.38
2011 11 18 16 4 41.426 14612 35.53030 -96.75992 5.007 2.18
2011 11 18 16 4 48.144 14613 35.53068 -96.76005 4.961 1.50
2011 11 18 16 26 13.033 14622 35.53167 -96.76058 4.815 0.96
2011 11 18 16 32 40.173 14624 35.52643 -96.76783 2.117 1.12
2011 11 18 16 43 40.271 14625 35.52396 -96.77087 3.420 0.86
2011 11 18 16 47 14.766 14626 35.51873 -96.78399 4.431 0.01
2011 11 18 17 49 21.346 14639 35.52836 -96.76645 4.523 0.74
2011 11 18 17 50 1.734 14640 35.53121 -96.76260 4.732 -0.38
2011 11 18 17 59 34.058 14642 35.52690 -96.76710 1.016 0.97
2011 11 18 18 22 24.829 14647 35.52852 -96.76917 5.362 0.52
2011 11 18 19 0 37.092 14652 35.52333 -96.77196 4.046 2.82
2011 11 18 20 5 16.418 14673 35.53140 -96.76092 4.783 0.47
2011 11 18 20 12 56.076 14677 35.52752 -96.76856 5.302 0.46
2011 11 18 20 19 10.914 14679 35.53400 -96.76265 4.247 1.26
2011 11 18 21 14 12.472 14687 35.52892 -96.76321 5.189 0.88
2011 11 18 22 15 40.714 14703 35.52850 -96.76806 4.850 0.81
2011 11 18 23 13 35.828 14710 35.45535 -96.74322 3.541 0.37
2011 11 18 23 14 14.341 14711 35.53130 -96.76027 4.738 0.21
2011 11 18 23 28 45.109 14717 35.52831 -96.76748 4.493 1.49
2011 11 19 1 4 40.302 14767 35.51844 -96.78379 4.696 -0.28
2011 11 19 3 19 33.887 14869 35.51788 -96.78415 4.399 2.09
2011 11 19 4 12 4.436 14887 35.52896 -96.76024 2.314 0.84
2011 11 19 4 13 48.451 14889 35.52881 -96.76034 2.321 0.24
2011 11 19 4 14 8.072 14890 35.52838 -96.76078 2.160 2.03
2011 11 19 4 15 5.320 14891 35.52884 -96.76063 2.087 1.92
2011 11 19 4 27 13.777 14900 35.52901 -96.76044 1.889 0.04
2011 11 19 4 44 40.628 14909 35.52725 -96.76725 4.449 1.18
2011 11 19 4 45 31.040 14910 35.52913 -96.76067 1.964 1.74
2011 11 19 4 53 46.139 14915 35.52860 -96.76066 2.052 1.73
2011 11 19 5 29 57.851 14932 35.53062 -96.76164 4.804 1.33
2011 11 19 7 23 41.679 14979 35.45851 -96.74006 3.636 1.02
2011 11 19 8 2 41.184 15005 35.45806 -96.73483 3.696 0.04
2011 11 19 8 15 14.647 15010 35.52930 -96.75947 2.073 -0.14
2011 11 19 8 22 8.106 15014 35.53040 -96.76298 5.279 0.45
2011 11 19 8 44 33.919 15031 35.53259 -96.75664 4.505 0.18
2011 11 19 9 19 26.644 15052 35.51600 -96.77890 1.525 -0.05
2011 11 19 10 24 34.772 15091 35.52877 -96.77047 5.184 2.00
2011 11 19 10 25 22.193 15094 35.52902 -96.77033 5.403 0.22
2011 11 19 10 32 59.619 15099 35.51845 -96.78431 4.436 0.90
2011 11 19 11 1 9.575 15113 35.52520 -96.76938 3.830 0.54
2011 11 19 11 35 10.071 15142 35.52803 -96.77101 5.363 0.36
2011 11 19 11 53 4.936 15153 35.52858 -96.76988 5.218 0.45
2011 11 19 12 43 49.456 15186 35.52856 -96.76579 5.202 2.23
2011 11 19 14 44 3.553 15245 35.53029 -96.76385 5.058 0.73
2011 11 19 16 6 21.435 15292 35.52416 -96.76999 5.226 0.59
2011 11 19 16 7 9.075 15294 35.52937 -96.76613 6.094 0.64
2011 11 19 18 39 8.152 15367 35.52976 -96.76488 5.067 0.43
2011 11 19 18 52 59.097 15378 35.53012 -96.76424 5.040 0.69
2011 11 19 19 34 44.316 15409 35.51684 -96.77780 2.835 0.95
2011 11 19 19 50 47.125 15420 35.52813 -96.76071 2.224 0.29
2011 11 19 19 57 15.600 15425 35.53253 -96.76097 4.591 1.99
2011 11 19 20 18 54.715 15453 35.53019 -96.76854 5.138 0.39
2011 11 19 20 33 21.842 15468 35.52999 -96.76831 5.199 0.90
2011 11 19 20 59 23.382 15494 35.52126 -96.77240 1.544 0.61
2011 11 19 23 34 46.506 15677 35.51889 -96.77517 1.638 1.32
2011 11 20 0 11 52.144 15689 35.48736 -96.83020 5.038 0.43
2011 11 20 0 13 32.734 15691 35.51072 -96.78930 3.239 2.44
2011 11 20 0 16 36.003 15692 35.51543 -96.77986 2.854 -0.11
2011 11 20 0 17 25.229 15693 35.53044 -96.76265 5.323 -0.30
2011 11 20 0 30 16.582 15696 35.52999 -96.76349 5.175 -0.51
2011 11 20 0 37 38.740 15699 35.54582 -96.75408 4.103 0.13
2011 11 20 0 37 49.217 15700 35.54591 -96.75483 4.159 -0.67
2011 11 20 0 41 24.231 15702 35.51784 -96.78516 5.525 -0.29
2011 11 20 0 41 52.220 15703 35.54584 -96.75453 4.095 0.17
2011 11 20 0 42 31.870 15704 35.51770 -96.78381 4.286 -0.16
2011 11 20 0 44 27.363 15705 35.51547 -96.77929 2.604 0.60
2011 11 20 1 1 42.845 15706 35.54575 -96.75414 4.112 -0.58
2011 11 20 1 1 51.349 15707 35.54609 -96.75364 4.106 -0.70
2011 11 20 1 3 3.319 15708 35.54623 -96.75386 3.560 -0.17
2011 11 20 1 9 53.664 15709 35.54572 -96.75441 4.035 0.01
2011 11 20 1 15 32.223 15711 35.53795 -96.76397 3.070 0.19
2011 11 20 1 19 16.872 15712 35.52351 -96.77020 4.448 -0.32
2011 11 20 1 26 28.264 15713 35.51836 -96.78381 4.253 0.15
2011 11 20 1 46 49.379 15719 35.52735 -96.77096 2.411 -0.53
2011 11 20 1 58 38.781 15723 35.53847 -96.76251 3.787 -0.64
2011 11 20 2 1 5.150 15724 35.53042 -96.76158 4.671 -0.44
2011 11 20 2 15 21.959 15726 35.54533 -96.75353 4.127 -0.62
2011 11 20 2 16 3.096 15728 35.53397 -96.76108 5.045 -0.52
2011 11 20 2 28 58.664 15729 35.45684 -96.74189 3.659 0.43
2011 11 20 2 30 3.648 15730 35.52784 -96.77118 5.577 0.85
2011 11 20 2 34 30.553 15733 35.52048 -96.77427 3.635 -0.44
2011 11 20 2 38 58.798 15734 35.53132 -96.76742 5.398 0.15
2011 11 20 2 39 46.664 15735 35.51621 -96.77819 3.224 -0.26
2011 11 20 2 40 46.771 15736 35.52640 -96.76798 3.586 0.03
2011 11 20 2 41 20.385 15737 35.47066 -96.86657 4.171 0.27
2011 11 20 2 42 35.409 15738 35.54574 -96.75459 4.161 -0.66
2011 11 20 2 47 40.877 15740 35.45717 -96.74188 3.635 0.49
2011 11 20 2 59 31.034 15743 35.53112 -96.76140 4.628 -0.53
2011 11 20 3 2 12.389 15744 35.52154 -96.77332 3.256 -0.62
2011 11 20 3 10 28.857 15746 35.52623 -96.76917 3.054 -0.65
2011 11 20 3 13 12.043 15747 35.53053 -96.76118 4.946 0.34
2011 11 20 3 19 55.217 15748 35.52755 -96.77133 5.607 -0.33
2011 11 20 3 44 16.241 15755 35.45711 -96.74195 3.634 0.13
2011 11 20 3 49 7.384 15758 35.45671 -96.74200 3.692 -0.31
2011 11 20 3 50 4.474 15760 35.45690 -96.74188 3.698 -0.28
2011 11 20 4 7 18.048 15761 35.52335 -96.77387 3.217 -0.54
2011 11 20 4 44 43.069 15765 35.45405 -96.74037 3.983 -0.22
2011 11 20 4 45 16.965 15766 35.45706 -96.74157 3.681 -0.05
2011 11 20 4 52 19.291 15768 35.54613 -96.75458 4.030 -0.80
2011 11 20 4 58 8.695 15769 35.54181 -96.76018 2.915 -0.60
2011 11 20 5 0 12.715 15770 35.45719 -96.74176 3.614 0.26
2011 11 20 5 1 16.750 15771 35.45650 -96.73883 3.827 -0.21
2011 11 20 5 6 43.553 15773 35.51686 -96.77765 2.826 0.29
2011 11 20 5 6 59.336 15774 35.51722 -96.77742 3.019 -0.37
2011 11 20 5 11 35.427 15775 35.51714 -96.77744 2.796 -0.18
2011 11 20 5 20 6.346 15777 35.52869 -96.76719 6.167 2.36
2011 11 20 5 29 54.015 15778 35.52174 -96.77481 3.555 0.80
2011 11 20 5 35 57.618 15779 35.53407 -96.75992 6.409 0.84
2011 11 20 5 36 46.268 15780 35.52330 -96.77238 3.959 -0.07
2011 11 20 5 37 28.155 15781 35.52218 -96.77263 2.117 1.07
2011 11 20 6 15 32.702 15788 35.51967 -96.77645 3.164 -0.55
2011 11 20 6 18 1.089 15789 35.53016 -96.76193 4.721 -0.31
2011 11 20 6 18 9.788 15790 35.53240 -96.76859 5.679 -0.18
2011 11 20 6 20 43.365 15791 35.53140 -96.76015 6.055 -0.01
2011 11 20 6 31 54.749 15793 35.54051 -96.75623 2.975 0.27
2011 11 20 6 35 46.688 15794 35.51556 -96.78024 3.164 -0.06
2011 11 20 6 37 22.965 15795 35.53061 -96.76036 4.885 0.14
2011 11 20 6 42 40.432 15797 35.53172 -96.76897 6.234 -0.02
2011 11 20 6 44 34.508 15798 35.52882 -96.76563 5.324 -0.36
2011 11 20 6 49 45.966 15801 35.51664 -96.78775 8.580 -0.06
2011 11 20 7 2 47.249 15803 35.53400 -96.76067 9.380 0.89
2011 11 20 7 11 30.878 15804 35.54603 -96.75471 3.999 -0.18
2011 11 20 7 12 16.141 15805 35.51812 -96.78571 5.409 -0.26
2011 11 20 7 13 1.958 15806 35.45541 -96.74353 3.580 -0.25
2011 11 20 7 32 46.868 15809 35.54628 -96.75426 3.984 -0.89
2011 11 20 7 49 13.524 15813 35.52392 -96.77137 3.995 -0.57
2011 11 20 7 52 13.863 15814 35.54013 -96.76022 3.404 0.31
2011 11 20 7 53 14.786 15815 35.52564 -96.76932 3.708 0.19
2011 11 20 8 21 48.864 15820 35.52725 -96.77122 6.193 1.42
2011 11 20 8 27 35.256 15822 35.52171 -96.77354 2.920 -0.56
2011 11 20 8 44 27.677 15824 35.52998 -96.76371 5.129 0.10
2011 11 20 8 48 39.706 15827 35.52128 -96.76926 2.970 0.94
2011 11 20 8 54 16.929 15829 35.53159 -96.76976 5.249 -0.57
2011 11 20 8 56 9.110 15830 35.52737 -96.76626 4.694 -0.46
2011 11 20 9 0 20.330 15832 35.53077 -96.76890 5.745 -0.30
2011 11 20 9 13 40.783 15835 35.53071 -96.75992 4.924 -0.49
2011 11 20 9 33 13.566 15840 35.51719 -96.78569 5.878 -0.20
2011 11 20 9 36 0.737 15842 35.52142 -96.76444 7.360 0.87
2011 11 20 9 38 39.621 15843 35.51863 -96.78805 3.837 0.36
2011 11 20 9 40 31.841 15844 35.53138 -96.75816 4.251 -0.17
2011 11 20 9 42 54.791 15846 35.53876 -96.76291 3.840 2.26
2011 11 20 9 47 0.323 15848 35.52102 -96.77535 3.171 -0.57
2011 11 20 9 55 8.962 15849 35.52818 -96.76545 6.066 -0.32
2011 11 20 9 57 56.249 15850 35.54582 -96.75471 4.068 0.08
2011 11 20 10 9 55.603 15852 35.55255 -96.75127 2.904 0.30
2011 11 20 10 11 22.868 15853 35.55243 -96.75107 2.867 0.37
2011 11 20 10 14 16.194 15855 35.51210 -96.78762 3.189 0.07
2011 11 20 10 17 14.562 15856 35.52485 -96.77068 4.281 -0.63
2011 11 20 10 17 32.513 15857 35.52920 -96.76876 5.236 0.04
2011 11 20 10 22 48.660 15859 35.52480 -96.76970 3.882 0.60
2011 11 20 10 25 59.037 15860 35.45782 -96.74041 3.540 -0.43
2011 11 20 10 30 7.393 15862 35.47104 -96.87071 4.028 0.12
2011 11 20 10 43 27.724 15866 35.54380 -96.75495 3.478 -0.70
2011 11 20 10 43 34.330 15867 35.54370 -96.75547 3.696 0.44
2011 11 20 10 45 29.223 15868 35.54356 -96.75553 3.641 -0.56
2011 11 20 10 59 25.828 15870 35.54265 -96.75564 3.337 0.89
2011 11 20 11 0 44.010 15871 35.52528 -96.77052 4.482 -0.19
2011 11 20 11 9 44.415 15872 35.51872 -96.77537 7.323 1.27
2011 11 20 11 10 4.848 15873 35.53086 -96.76128 4.855 0.06
2011 11 20 11 22 17.083 15877 35.53202 -96.77054 6.025 0.03
2011 11 20 11 34 43.665 15879 35.52459 -96.77002 4.470 -0.30
2011 11 20 12 3 45.931 15883 35.51750 -96.78597 5.175 -0.26
2011 11 20 12 7 54.266 15884 35.53075 -96.76948 5.328 -0.30
2011 11 20 12 23 18.996 15886 35.52697 -96.77135 5.557 -0.73
2011 11 20 12 29 7.744 15887 35.51630 -96.77839 2.880 -0.13
2011 11 20 12 32 51.126 15888 35.53202 -96.76003 4.908 -0.42
2011 11 20 12 37 22.165 15890 35.53548 -96.75798 4.963 0.13
2011 11 20 12 39 9.673 15892 35.51669 -96.77797 2.881 -0.14
2011 11 20 12 39 22.731 15893 35.53511 -96.75827 5.017 -0.53
2011 11 20 12 40 13.653 15894 35.53321 -96.76250 4.321 -0.14
2011 11 20 13 10 51.265 15896 35.52191 -96.77459 2.968 -0.65
2011 11 20 13 18 19.335 15897 35.52182 -96.77462 3.197 -0.31
2011 11 20 13 33 20.361 15898 35.53055 -96.76152 4.730 -0.11
2011 11 20 13 35 13.418 15899 35.51987 -96.78242 5.128 0.65
2011 11 20 13 39 39.683 15901 35.53085 -96.76894 5.920 -0.59
2011 11 20 13 41 25.387 15902 35.45677 -96.74235 3.787 -0.03
2011 11 20 13 42 57.875 15903 35.51654 -96.77803 2.866 -0.16
2011 11 20 13 49 59.821 15905 35.52077 -96.77522 3.051 -0.59
2011 11 20 14 54 5.050 15909 35.52142 -96.77467 3.066 -0.37
2011 11 20 15 5 37.512 15910 35.52135 -96.77507 3.209 -0.53
2011 11 20 15 7 46.752 15911 35.52155 -96.77578 3.233 -0.34
2011 11 20 15 14 33.560 15913 35.54583 -96.75422 4.031 -0.10
2011 11 20 15 39 38.136 15914 35.53126 -96.76237 4.797 -0.26
2011 11 20 15 48 55.035 15917 35.54634 -96.75352 4.266 -0.74
2011 11 20 15 59 57.319 15918 35.52404 -96.77161 3.153 0.56
2011 11 20 16 10 52.582 15919 35.53356 -96.76308 3.919 -0.09
2011 11 20 16 11 1.288 15920 35.53131 -96.76174 5.529 -0.08
2011 11 20 16 18 43.122 15921 35.52238 -96.77305 3.611 -0.29
2011 11 20 16 19 3.027 15922 35.52917 -96.77042 5.346 -0.26
2011 11 20 16 19 56.583 15923 35.52907 -96.76997 5.363 -0.37
2011 11 20 16 25 22.012 15924 35.53545 -96.75804 4.977 0.41
2011 11 20 16 25 50.825 15925 35.53557 -96.75786 4.887 0.99
2011 11 20 16 41 32.940 15927 35.53564 -96.75800 4.940 0.18
2011 11 20 16 41 41.816 15928 35.52111 -96.77483 3.151 -0.03
2011 11 20 16 43 4.907 15929 35.53686 -96.75484 2.552 -0.28
2011 11 20 17 8 16.539 15931 35.53306 -96.76804 5.314 0.24
2011 11 20 17 8 46.422 15932 35.53300 -96.76814 5.333 -0.13
2011 11 20 17 24 35.963 15933 35.55516 -96.74967 2.660 0.08
2011 11 20 17 30 2.041 15934 35.51721 -96.78601 5.174 0.95
2011 11 20 17 39 53.427 15936 35.52857 -96.76975 5.185 -0.10
2011 11 20 17 42 3.017 15937 35.52166 -96.77351 3.676 0.95
2011 11 20 17 49 25.593 15938 35.45598 -96.74076 4.004 -0.04
2011 11 20 18 4 57.005 15939 35.51773 -96.78531 5.199 -0.23
2011 11 20 18 40 13.492 15945 35.55264 -96.75191 2.484 0.14
2011 11 20 18 42 52.359 15947 35.53858 -96.76413 3.007 2.02
2011 11 20 18 47 59.961 15948 35.50026 -96.81061 3.908 0.20
2011 11 20 19 18 43.255 15951 35.52009 -96.77313 7.399 0.89
2011 11 20 19 25 49.457 15952 35.53869 -96.76380 3.163 1.29
2011 11 20 19 33 18.435 15953 35.53847 -96.75683 3.439 0.13
2011 11 20 19 36 48.306 15954 35.52452 -96.77327 5.047 0.69
2011 11 20 20 6 16.175 15957 35.54594 -96.75487 4.114 -0.12
2011 11 20 20 12 6.583 15958 35.54595 -96.75509 3.896 -0.68
2011 11 20 20 47 42.420 15962 35.51634 -96.77880 3.299 0.10
2011 11 20 20 50 31.468 15963 35.51840 -96.78964 3.727 0.11
2011 11 20 20 51 2.503 15964 35.52598 -96.77323 8.521 0.17
2011 11 20 20 51 32.755 15965 35.54562 -96.75409 4.113 -0.62
2011 11 20 21 32 21.131 15967 35.45265 -96.74333 3.332 0.33
2011 11 20 21 35 14.541 15968 35.52865 -96.77025 5.382 -0.15
2011 11 20 21 44 7.032 15969 35.52348 -96.77155 7.694 0.92
2011 11 20 21 45 45.776 15970 35.52989 -96.76384 4.683 0.03
2011 11 20 22 21 26.765 15972 35.52912 -96.77080 5.706 1.90
2011 11 20 22 32 31.074 15973 35.52650 -96.76738 3.831 0.05
2011 11 20 22 45 10.845 15974 35.53890 -96.76379 3.040 0.68
2011 11 20 23 10 29.132 15976 35.52271 -96.77281 3.915 -0.22
2011 11 20 23 13 35.282 15977 35.52294 -96.77307 3.839 0.09
2011 11 20 23 14 26.937 15978 35.52976 -96.76338 5.199 -0.29
2011 11 21 0 1 44.236 15980 35.51613 -96.77933 1.500 0.99
2011 11 21 0 13 40.710 15984 35.52770 -96.77057 5.735 0.57
2011 11 21 0 32 11.702 15993 35.51605 -96.77946 1.596 0.98
2011 11 21 0 44 38.903 16003 35.52431 -96.77199 3.976 0.27
2011 11 21 0 48 56.546 16008 35.55802 -96.74680 4.413 0.22
2011 11 21 0 50 37.935 16010 35.52633 -96.76960 2.059 -0.16
2011 11 21 1 8 59.239 16020 35.54755 -96.75547 3.765 0.38
2011 11 21 1 10 34.477 16021 35.52945 -96.76822 5.213 0.20
2011 11 21 1 22 28.825 16025 35.53125 -96.75973 4.731 0.08
2011 11 21 1 24 21.443 16028 35.51965 -96.77570 3.429 1.06
2011 11 21 1 32 46.812 16033 35.53949 -96.75832 4.875 1.10
2011 11 21 1 37 58.133 16036 35.52393 -96.77837 4.271 0.11
2011 11 21 1 42 45.919 16039 35.53896 -96.76419 2.230 1.66
2011 11 21 1 47 0.640 16045 35.52877 -96.76120 2.253 1.60
2011 11 21 1 54 14.631 16048 35.51507 -96.78202 1.446 0.07
2011 11 21 2 1 11.636 16054 35.51924 -96.77618 1.577 0.23
2011 11 21 2 4 4.558 16057 35.51690 -96.77701 1.492 0.30
2011 11 21 2 11 34.956 16060 35.52618 -96.77221 5.336 -0.06
2011 11 21 2 14 42.945 16062 35.55211 -96.75161 2.445 0.36
2011 11 21 2 21 34.932 16063 35.53084 -96.76226 4.739 0.70
2011 11 21 2 22 24.121 16064 35.50554 -96.80298 3.064 0.28
2011 11 21 2 35 2.323 16072 35.51705 -96.77736 1.386 0.81
2011 11 21 2 41 53.990 16075 35.52552 -96.77168 4.267 0.28
2011 11 21 2 43 1.423 16076 35.51181 -96.78368 2.124 -0.33
2011 11 21 2 47 18.365 16079 35.51924 -96.77390 1.638 0.14
2011 11 21 2 57 51.362 16087 35.52829 -96.76131 2.033 1.86
2011 11 21 3 6 8.060 16092 35.53027 -96.76052 4.601 0.78
2011 11 21 3 15 4.580 16096 35.53030 -96.76526 5.138 -0.00
2011 11 21 3 18 8.642 16099 35.52996 -96.75927 4.492 1.14
2011 11 21 3 27 38.330 16105 35.52754 -96.77208 5.666 1.06
2011 11 21 3 39 52.242 16114 35.55206 -96.75206 2.744 0.85
2011 11 21 3 43 46.218 16120 35.54301 -96.75894 3.198 0.55
2011 11 21 3 45 14.324 16123 35.53262 -96.76035 4.787 -0.25
2011 11 21 3 48 31.615 16125 35.51336 -96.78173 3.164 0.30
2011 11 21 4 1 24.710 16131 35.52679 -96.77141 6.379 1.24
2011 11 21 4 5 13.323 16135 35.53246 -96.76315 5.282 -0.19
2011 11 21 4 9 42.698 16141 35.52086 -96.77435 1.623 -0.05
2011 11 21 4 11 35.373 16142 35.52574 -96.76854 2.103 0.11
2011 11 21 4 12 30.412 16143 35.52638 -96.76820 6.237 0.40
2011 11 21 4 18 18.067 16145 35.52131 -96.77159 1.851 0.12
2011 11 21 4 27 34.835 16153 35.52149 -96.77108 1.479 1.14
2011 11 21 4 33 37.046 16156 35.51779 -96.78523 4.982 0.04
2011 11 21 4 35 18.215 16159 35.51847 -96.78607 5.088 -0.47
2011 11 21 4 38 24.598 16163 35.51970 -96.77215 3.015 0.50
2011 11 21 4 53 20.335 16175 35.51914 -96.77609 1.654 -0.07
2011 11 21 4 54 20.364 16177 35.50572 -96.80343 3.046 0.04
2011 11 21 4 57 9.256 16181 35.51753 -96.77745 2.901 -0.07
2011 11 21 5 0 30.667 16183 35.50008 -96.80832 2.282 1.88
2011 11 21 5 2 46.853 16184 35.51635 -96.77885 2.965 -0.02
2011 11 21 5 6 1.110 16186 35.54078 -96.76042 3.400 0.14
2011 11 21 5 8 37.562 16190 35.52411 -96.77131 4.066 -0.13
2011 11 21 5 9 55.957 16191 35.54488 -96.75477 3.863 0.78
2011 11 21 5 11 1.933 16192 35.51777 -96.77654 2.907 0.16
2011 11 21 5 19 48.226 16202 35.52706 -96.76439 4.787 0.27
2011 11 21 5 23 43.972 16205 35.52555 -96.76903 4.212 -0.65
2011 11 21 5 30 5.009 16212 35.51464 -96.78305 2.954 0.37
2011 11 21 5 42 13.275 16221 35.51791 -96.78083 4.130 -0.14
2011 11 21 5 57 20.640 16231 35.52988 -96.76915 5.990 1.16
2011 11 21 6 3 21.089 16233 35.53574 -96.76410 3.855 0.44
2011 11 21 6 6 30.720 16238 35.54096 -96.75993 3.143 0.39
2011 11 21 6 11 31.666 16240 35.54103 -96.76017 3.295 0.29
2011 11 21 6 12 21.510 16241 35.52527 -96.77139 5.278 0.10
2011 11 21 6 18 7.142 16247 35.52572 -96.76767 4.006 0.03
2011 11 21 6 19 41.122 16251 35.52143 -96.77145 1.496 0.09
2011 11 21 6 23 34.646 16256 35.53033 -96.76545 5.073 -0.28
2011 11 21 6 29 27.940 16262 35.52474 -96.77020 3.886 0.45
2011 11 21 6 29 59.890 16263 35.45421 -96.74474 3.452 0.46
2011 11 21 6 31 10.614 16265 35.54107 -96.75838 4.254 0.35
2011 11 21 6 35 43.676 16268 35.53970 -96.75776 2.986 -0.58
2011 11 21 6 37 1.285 16269 35.52847 -96.76743 3.475 2.25
2011 11 21 6 40 16.506 16272 35.51956 -96.78146 6.338 1.35
2011 11 21 6 47 32.520 16280 35.52021 -96.78182 5.024 0.64
2011 11 21 6 49 13.770 16281 35.53261 -96.74858 2.375 0.13
2011 11 21 6 50 46.529 16283 35.52010 -96.78179 5.060 0.62
2011 11 21 6 54 7.402 16291 35.52588 -96.76976 3.900 -0.28
2011 11 21 7 0 2.689 16292 35.52546 -96.77343 5.328 0.70
2011 11 21 7 15 6.044 16303 35.52951 -96.76972 6.288 0.74
2011 11 21 7 27 1.291 16306 35.51888 -96.78337 4.539 0.39
2011 11 21 7 28 53.477 16307 35.53019 -96.76617 5.699 1.16
2011 11 21 7 43 53.991 16319 35.55491 -96.75120 4.338 -0.06
2011 11 21 7 49 57.383 16325 35.49202 -96.84885 1.504 1.49
2011 11 21 7 55 22.016 16329 35.52679 -96.76850 3.943 0.79
2011 11 21 8 0 48.137 16334 35.49413 -96.81722 2.162 1.28
2011 11 21 8 17 44.655 16344 35.53134 -96.76245 3.523 0.79
2011 11 21 8 27 0.139 16349 35.51649 -96.77971 3.265 -0.26
2011 11 21 8 48 49.906 16359 35.52144 -96.77725 3.064 0.01
2011 11 21 8 49 10.297 16360 35.54153 -96.75484 3.943 0.49
2011 11 21 9 4 21.344 16369 35.54222 -96.75466 3.856 0.69
2011 11 21 9 14 26.785 16373 35.50963 -96.79340 3.077 0.70
2011 11 21 9 26 35.554 16381 35.52708 -96.77209 5.588 -0.20
2011 11 21 9 26 58.544 16382 35.52581 -96.77246 5.868 -0.12
2011 11 21 9 27 20.776 16383 35.52711 -96.77182 5.618 -0.22
2011 11 21 9 27 47.152 16384 35.52774 -96.77147 5.542 -0.44
2011 11 21 9 30 12.283 16389 35.52716 -96.77180 5.591 0.87
2011 11 21 9 32 9.504 16393 35.52726 -96.77117 5.771 -0.30
2011 11 21 9 33 16.522 16394 35.52538 -96.77410 5.731 0.10
2011 11 21 9 37 27.697 16398 35.52944 -96.75929 1.849 0.11
2011 11 21 9 38 32.228 16401 35.52193 -96.77085 1.520 -0.24
2011 11 21 9 43 38.765 16403 35.53990 -96.76297 4.244 0.36
2011 11 21 9 44 0.532 16404 35.53009 -96.75980 4.542 -1.04
2011 11 21 9 45 3.587 16405 35.53055 -96.76125 4.811 -1.02
2011 11 21 9 45 19.820 16406 35.53156 -96.76925 5.854 -0.53
2011 11 21 9 49 3.102 16409 35.52742 -96.77150 5.570 -0.09
2011 11 21 9 57 33.366 16412 35.53870 -96.76234 3.662 0.21
2011 11 21 9 57 53.520 16413 35.51827 -96.78311 4.116 1.88
2011 11 21 9 58 44.593 16414 35.52821 -96.76977 5.263 -0.62
2011 11 21 10 0 45.160 16416 35.52839 -96.76950 5.315 -0.46
2011 11 21 10 4 6.358 16418 35.52569 -96.77780 5.512 -0.04
2011 11 21 10 9 15.166 16421 35.52813 -96.77083 5.291 -0.22
2011 11 21 10 17 49.895 16426 35.53012 -96.76102 4.636 0.29
2011 11 21 10 22 18.923 16431 35.52565 -96.77088 3.632 0.78
2011 11 21 10 32 40.520 16434 35.52810 -96.77124 5.299 -0.36
2011 11 21 10 33 46.746 16435 35.53036 -96.76058 5.838 0.31
2011 11 21 10 34 42.993 16437 35.50075 -96.81152 3.226 0.67
2011 11 21 10 36 35.979 16439 35.52269 -96.77095 1.691 1.00
2011 11 21 10 52 16.376 16448 35.52447 -96.77114 4.140 0.54
2011 11 21 10 58 30.039 16453 35.55308 -96.75163 2.484 0.15
2011 11 21 10 59 57.368 16454 35.53946 -96.75772 3.153 -0.08
2011 11 21 11 9 15.623 16460 35.52018 -96.77196 1.427 -0.07
2011 11 21 11 11 56.192 16463 35.51720 -96.78104 3.875 0.33
2011 11 21 11 19 15.838 16468 35.52792 -96.77205 5.468 -0.44
2011 11 21 11 25 19.747 16472 35.55599 -96.74939 2.543 1.31
2011 11 21 11 27 22.734 16474 35.55354 -96.75033 2.365 -0.02
2011 11 21 11 30 25.521 16476 35.53981 -96.75767 3.212 0.29
2011 11 21 11 32 10.086 16477 35.55427 -96.75057 2.441 0.56
2011 11 21 11 44 0.500 16484 35.53749 -96.75938 4.299 -0.05
2011 11 21 11 49 21.484 16488 35.52915 -96.76739 6.621 0.58
2011 11 21 11 52 37.631 16492 35.52170 -96.78027 5.197 0.23
2011 11 21 11 54 29.136 16495 35.51994 -96.78359 5.554 -0.32
2011 11 21 12 5 21.849 16500 35.51582 -96.77946 2.851 0.13
2011 11 21 12 13 5.557 16504 35.52264 -96.77097 1.702 0.96
2011 11 21 12 18 51.970 16507 35.51282 -96.78468 2.698 -0.37
2011 11 21 12 19 35.653 16508 35.52941 -96.76075 5.895 0.00
2011 11 21 12 22 36.791 16511 35.52902 -96.77052 4.631 -0.34
2011 11 21 12 37 19.040 16518 35.52831 -96.77127 5.163 -0.17
2011 11 21 12 41 23.535 16521 35.52304 -96.77024 1.519 -0.03
2011 11 21 12 44 22.080 16522 35.55459 -96.75051 2.398 0.43
2011 11 21 12 53 21.096 16524 35.54545 -96.75493 3.047 0.78
2011 11 21 12 57 43.752 16528 35.54526 -96.75417 2.922 0.70
2011 11 21 13 7 27.591 16535 35.51826 -96.78414 4.434 2.07
2011 11 21 13 12 7.674 16538 35.51138 -96.78216 2.423 0.37
2011 11 21 13 19 6.576 16543 35.51851 -96.77515 3.281 0.02
2011 11 21 13 26 8.538 16548 35.51824 -96.78442 4.720 2.69
2011 11 21 13 38 33.462 16556 35.55551 -96.74984 2.487 0.87
2011 11 21 13 47 26.165 16561 35.52269 -96.77056 1.495 1.47
2011 11 21 14 4 21.622 16568 35.52265 -96.77071 1.468 -0.36
2011 11 21 14 7 23.372 16570 35.51033 -96.75832 5.274 1.95
2011 11 21 14 26 56.534 16588 35.52461 -96.76820 1.605 -0.06
2011 11 21 14 37 22.520 16595 35.52746 -96.76907 5.904 0.52
2011 11 21 14 39 9.309 16597 35.52153 -96.77140 1.645 -0.62
2011 11 21 14 48 34.033 16601 35.52799 -96.77129 5.321 0.55
2011 11 21 14 50 36.240 16603 35.52191 -96.77051 1.465 -0.49
2011 11 21 15 5 51.105 16612 35.52423 -96.77280 3.539 0.51
2011 11 21 15 14 31.129 16620 35.47681 -96.85403 4.445 0.17
2011 11 21 15 21 41.458 16624 35.52626 -96.77013 5.086 0.05
2011 11 21 15 26 12.909 16629 35.54624 -96.75411 3.925 0.28
2011 11 21 15 26 48.261 16630 35.52785 -96.77108 5.167 -0.23
2011 11 21 15 27 49.427 16632 35.51159 -96.75792 5.038 -0.54
2011 11 21 15 40 39.375 16639 35.52149 -96.78035 5.183 0.88
2011 11 21 15 50 18.609 16643 35.54567 -96.75541 3.884 0.62
2011 11 21 15 50 36.037 16644 35.55522 -96.74952 2.518 0.67
2011 11 21 16 8 41.419 16660 35.53811 -96.76136 3.888 1.49
2011 11 21 16 19 20.960 16667 35.53070 -96.76094 4.722 -0.24
2011 11 21 17 7 28.226 16703 35.52804 -96.77121 5.430 0.61
2011 11 21 17 22 13.355 16710 35.52829 -96.77092 5.239 0.29
2011 11 21 17 24 45.681 16713 35.52466 -96.76907 1.887 -0.04
2011 11 21 17 32 26.265 16718 35.53011 -96.76110 4.666 -0.32
2011 11 21 17 37 52.009 16719 35.51853 -96.78106 1.834 0.25
2011 11 21 17 47 45.449 16726 35.52693 -96.77023 5.104 0.06
2011 11 21 17 48 4.324 16727 35.52681 -96.77005 5.120 -0.22
2011 11 21 17 48 22.321 16729 35.52691 -96.77016 5.171 0.41
2011 11 21 17 49 50.413 16732 35.52700 -96.76982 5.136 0.84
2011 11 21 17 50 15.694 16733 35.52703 -96.76926 5.104 0.04
2011 11 21 17 50 23.149 16734 35.52740 -96.77052 5.119 0.17
2011 11 21 17 52 20.857 16736 35.52695 -96.76955 5.163 0.01
2011 11 21 17 53 21.028 16738 35.51754 -96.77742 3.129 -0.15
2011 11 21 17 54 31.153 16740 35.52670 -96.77033 5.067 -0.22
2011 11 21 17 57 2.066 16742 35.52708 -96.76999 5.148 -0.24
2011 11 21 17 58 48.381 16744 35.52770 -96.77098 5.346 0.64
2011 11 21 18 7 38.131 16750 35.52718 -96.77030 5.111 0.60
2011 11 21 18 20 59.228 16760 35.54613 -96.75769 2.870 -0.06
2011 11 21 18 25 46.168 16762 35.52972 -96.75963 4.565 -0.81
2011 11 21 18 34 45.557 16768 35.52469 -96.76565 4.437 0.31
2011 11 21 18 43 1.041 16771 35.51790 -96.77598 1.572 -0.37
2011 11 21 19 28 19.186 16781 35.53158 -96.76197 4.680 0.35
2011 11 21 19 29 43.895 16782 35.53915 -96.75730 4.921 1.37
2011 11 21 19 34 2.039 16784 35.52110 -96.77137 1.494 0.93
2011 11 21 19 40 17.109 16788 35.52029 -96.78124 6.338 0.88
2011 11 21 19 50 1.552 16789 35.54098 -96.75306 4.329 1.42
2011 11 21 19 55 33.477 16792 35.51999 -96.77178 2.994 1.03
2011 11 21 20 9 35.790 16797 35.49573 -96.81676 5.223 1.00
2011 11 21 20 20 47.163 16801 35.52017 -96.77653 1.664 0.22
2011 11 21 20 32 4.923 16804 35.53182 -96.75745 4.426 0.49
2011 11 21 21 12 13.990 16820 35.51609 -96.77895 2.874 1.14
2011 11 21 21 15 38.111 16823 35.53166 -96.76051 4.852 0.51
2011 11 21 21 30 37.425 16826 35.53016 -96.76023 4.661 -0.17
2011 11 21 21 42 21.997 16828 35.53209 -96.75645 4.348 0.45
2011 11 21 22 1 25.400 16842 35.53388 -96.76144 4.266 0.89
2011 11 21 22 2 32.722 16843 35.53955 -96.74185 4.265 -0.38
2011 11 21 23 11 33.076 16873 35.52655 -96.77076 5.077 -0.14
2011 11 21 23 11 49.908 16874 35.54079 -96.76009 2.975 -0.08
2011 11 21 23 13 45.801 16875 35.54525 -96.75317 3.543 0.47
2011 11 21 23 15 16.631 16877 35.53023 -96.75939 4.858 0.30
2011 11 21 23 28 38.381 16887 35.52261 -96.76852 2.378 0.18
2011 11 21 23 29 58.408 16888 35.52797 -96.77345 1.673 -0.25
2011 11 21 23 35 25.290 16891 35.50705 -96.80298 4.951 0.55
2011 11 21 23 45 48.788 16898 35.51263 -96.78314 2.985 -0.36
2011 11 22 0 17 4.475 16904 35.52065 -96.77350 2.204 -0.41
2011 11 22 0 40 3.745 16907 35.52278 -96.77414 3.856 -0.04
2011 11 22 0 48 35.361 16910 35.52421 -96.77162 4.720 -0.53
2011 11 22 0 52 43.034 16912 35.52628 -96.77149 5.097 -0.04
2011 11 22 1 3 1.421 16918 35.52479 -96.77126 3.723 0.07
2011 11 22 1 18 4.158 16920 35.53669 -96.76000 3.826 1.03
2011 11 22 1 18 36.336 16921 35.53073 -96.76148 4.882 -0.78
2011 11 22 1 23 59.316 16924 35.53238 -96.76883 5.730 -0.33
2011 11 22 1 25 22.715 16926 35.52910 -96.77059 5.411 0.22
2011 11 22 1 40 5.516 16931 35.52779 -96.76923 5.540 -0.37
2011 11 22 1 47 0.772 16936 35.52397 -96.77211 3.949 -0.37
2011 11 22 1 47 11.449 16937 35.51814 -96.78491 5.229 -0.31
2011 11 22 1 50 46.833 16938 35.52034 -96.77576 3.169 -0.15
2011 11 22 1 56 29.185 16942 35.52026 -96.77589 3.157 -0.40
2011 11 22 2 9 10.509 16947 35.53040 -96.76397 8.443 -0.33
2011 11 22 2 34 48.522 16952 35.51804 -96.78566 5.945 -0.53
2011 11 22 2 38 15.250 16954 35.46361 -96.73184 3.627 0.45
2011 11 22 2 47 40.484 16957 35.53082 -96.76148 4.813 -0.90
2011 11 22 2 52 55.984 16958 35.51861 -96.78418 4.429 -0.27
2011 11 22 3 0 6.862 16962 35.52222 -96.77282 3.286 -0.42
2011 11 22 3 3 44.120 16963 35.51674 -96.79259 2.650 0.58
2011 11 22 3 21 16.204 16966 35.52407 -96.77139 4.228 0.70
2011 11 22 3 31 54.439 16969 35.51809 -96.77588 2.522 -0.27
2011 11 22 3 34 55.758 16970 35.47840 -96.85231 4.340 0.98
2011 11 22 3 44 7.457 16975 35.52135 -96.77556 3.001 -0.87
2011 11 22 3 47 40.698 16978 35.53098 -96.76122 4.738 -0.29
2011 11 22 3 57 15.171 16981 35.53076 -96.76154 4.740 -0.65
2011 11 22 3 57 28.381 16982 35.53101 -96.76147 4.778 -0.08
2011 11 22 4 1 22.752 16986 35.52023 -96.77517 3.129 -0.48
2011 11 22 4 10 39.041 16989 35.51770 -96.78482 4.981 -0.02
2011 11 22 4 12 25.944 16991 35.51693 -96.78656 4.592 0.38
2011 11 22 4 46 53.571 17005 35.52062 -96.78274 5.129 0.43
2011 11 22 4 47 25.602 17008 35.53558 -96.75785 8.844 0.44
2011 11 22 4 49 15.092 17009 35.47758 -96.86030 4.204 -0.07
2011 11 22 5 0 46.949 17013 35.52658 -96.76784 4.525 0.77
2011 11 22 5 5 29.900 17016 35.53047 -96.76066 4.631 -0.64
2011 11 22 5 9 21.361 17019 35.52695 -96.77154 5.244 0.13
2011 11 22 5 21 57.333 17023 35.51495 -96.78077 2.970 0.28
2011 11 22 5 32 11.160 17026 35.45382 -96.74729 3.761 0.88
2011 11 22 5 35 25.001 17029 35.53064 -96.76185 4.839 -0.65
2011 11 22 6 14 40.074 17043 35.53538 -96.76223 3.711 0.63
2011 11 22 6 19 4.561 17047 35.53056 -96.76168 4.810 -0.15
2011 11 22 6 37 4.942 17052 35.52671 -96.77134 5.505 -0.61
2011 11 22 6 49 32.367 17056 35.53342 -96.75979 4.449 -0.61
2011 11 22 6 51 43.941 17057 35.52340 -96.77269 3.691 0.64
2011 11 22 6 54 43.982 17058 35.53140 -96.76168 4.143 -0.64
2011 11 22 7 2 11.706 17061 35.45760 -96.74030 3.423 0.39
2011 11 22 7 15 29.040 17063 35.45376 -96.74696 3.724 1.19
2011 11 22 7 22 49.988 17066 35.45424 -96.74757 3.651 -0.05
2011 11 22 7 24 31.467 17067 35.45456 -96.74706 3.777 0.37
2011 11 22 7 29 10.760 17070 35.52249 -96.77402 3.969 -0.14
2011 11 22 7 30 0.671 17071 35.52185 -96.77309 3.120 0.39
2011 11 22 7 38 38.371 17074 35.53498 -96.76130 4.126 0.32
2011 11 22 7 39 0.427 17076 35.52318 -96.77439 6.998 -0.17
2011 11 22 7 47 28.606 17078 35.52286 -96.77386 3.948 -0.08
2011 11 22 8 1 56.244 17080 35.52801 -96.76851 8.379 -0.26
2011 11 22 8 19 48.041 17084 35.45901 -96.73357 4.062 -0.17
2011 11 22 8 25 54.491 17086 35.51992 -96.77574 2.969 -0.66
2011 11 22 8 27 8.151 17087 35.53056 -96.76217 4.784 0.25
2011 11 22 8 28 24.690 17088 35.54124 -96.75848 4.634 -0.13
2011 11 22 8 29 9.578 17089 35.53036 -96.76212 4.742 -0.26
2011 11 22 8 29 34.218 17090 35.53063 -96.76211 4.831 0.74
2011 11 22 8 38 3.104 17092 35.52042 -96.77556 2.965 -0.49
2011 11 22 8 46 29.544 17096 35.51837 -96.78677 5.732 -0.20
2011 11 22 8 47 5.919 17097 35.52014 -96.77606 2.944 -0.47
2011 11 22 8 50 42.457 17098 35.52272 -96.77223 4.115 -0.25
2011 11 22 8 52 9.755 17099 35.52121 -96.77560 2.892 -0.51
2011 11 22 8 56 17.270 17100 35.52319 -96.77289 3.919 0.15
2011 11 22 8 56 29.002 17101 35.52335 -96.77174 3.923 0.40
2011 11 22 8 59 10.011 17102 35.52314 -96.77295 3.883 -0.03
2011 11 22 9 1 11.648 17103 35.55499 -96.75021 2.435 -0.34
2011 11 22 9 16 9.787 17112 35.52702 -96.76816 3.400 1.17
2011 11 22 9 18 7.466 17113 35.52708 -96.76822 3.387 0.07
2011 11 22 9 25 47.219 17116 35.53700 -96.74622 4.956 0.61
2011 11 22 9 42 3.443 17117 35.53175 -96.75963 6.572 -0.80
2011 11 22 9 46 10.585 17120 35.52667 -96.76864 3.499 -0.13
2011 11 22 9 48 45.677 17121 35.52104 -96.77596 2.882 -0.81
2011 11 22 9 59 9.241 17126 35.53547 -96.76264 4.134 1.78
2011 11 22 9 59 39.883 17127 35.53482 -96.76397 3.731 1.18
2011 11 22 10 8 3.315 17130 35.52533 -96.76979 3.297 -0.42
2011 11 22 10 10 57.651 17132 35.52713 -96.76791 3.408 0.63
2011 11 22 10 13 9.330 17133 35.51917 -96.78324 4.905 -0.04
2011 11 22 10 14 5.794 17134 35.52098 -96.77267 2.574 -0.08
2011 11 22 10 14 13.358 17135 35.52459 -96.76692 3.150 -0.38
2011 11 22 10 14 23.676 17136 35.52000 -96.77644 3.165 -1.06
2011 11 22 10 30 5.735 17141 35.55448 -96.75030 2.619 -0.35
2011 11 22 10 34 55.774 17143 35.52319 -96.76856 3.233 -0.60
2011 11 22 10 41 28.820 17146 35.55472 -96.75059 2.491 0.43
2011 11 22 10 45 37.540 17148 35.54219 -96.75780 4.609 -0.27
2011 11 22 10 51 59.765 17149 35.53176 -96.75843 4.131 -0.50
2011 11 22 10 55 12.897 17152 35.52953 -96.76752 5.167 -0.11
2011 11 22 10 55 59.432 17153 35.53069 -96.76035 4.357 -0.29
2011 11 22 11 8 33.737 17156 35.54785 -96.75379 4.247 0.01
2011 11 22 11 9 44.460 17157 35.51885 -96.78816 4.729 0.46
2011 11 22 11 13 35.365 17160 35.52098 -96.77431 2.949 0.44
2011 11 22 11 16 14.464 17161 35.51785 -96.77696 5.347 0.21
2011 11 22 11 17 47.854 17162 35.51515 -96.78043 3.277 0.16
2011 11 22 11 18 7.067 17163 35.51487 -96.78078 3.479 -0.25
2011 11 22 11 18 57.449 17164 35.51513 -96.78027 3.277 0.02
2011 11 22 11 20 9.386 17166 35.52125 -96.77526 2.846 -0.73
2011 11 22 11 20 17.551 17167 35.54289 -96.76020 3.232 -0.52
2011 11 22 11 32 55.637 17174 35.53462 -96.75958 4.274 -0.23
2011 11 22 11 33 28.453 17175 35.52968 -96.76705 5.079 0.27
2011 11 22 11 35 44.223 17176 35.52180 -96.77723 2.853 -0.52
2011 11 22 12 22 57.738 17182 35.52804 -96.76759 5.193 1.85
2011 11 22 12 29 32.145 17186 35.52853 -96.76666 5.264 -0.60
2011 11 22 12 33 36.821 17188 35.52960 -96.76038 4.223 -0.23
2011 11 22 12 38 46.200 17190 35.53012 -96.76048 5.177 -0.19
2011 11 22 12 45 52.738 17194 35.52779 -96.77121 5.378 0.55
2011 11 22 13 10 21.732 17201 35.52730 -96.77150 5.672 0.06
2011 11 22 13 15 7.261 17202 35.52142 -96.77144 3.241 1.09
2011 11 22 13 32 40.066 17204 35.52443 -96.78370 5.408 0.69
2011 11 22 13 38 52.202 17206 35.53214 -96.76769 6.282 -0.03
2011 11 22 13 52 0.490 17207 35.53221 -96.76358 3.899 -0.42
2011 11 22 14 36 45.719 17210 35.52659 -96.76843 4.642 0.13
2011 11 22 14 49 44.764 17213 35.53097 -96.75909 4.740 -0.28
2011 11 22 15 7 22.256 17215 35.53013 -96.76382 5.137 -0.02
2011 11 22 15 18 16.158 17216 35.53099 -96.76269 3.923 0.00
2011 11 22 15 34 39.677 17220 35.52590 -96.76932 4.476 1.01
2011 11 22 15 49 19.594 17222 35.51624 -96.77907 2.692 -0.04
2011 11 22 16 0 14.521 17224 35.54582 -96.75301 3.355 -0.32
2011 11 22 17 39 45.319 17238 35.51678 -96.77805 2.858 -0.17
2011 11 22 17 50 50.359 17240 35.51669 -96.77812 2.959 -0.27
2011 11 22 18 19 56.124 17248 35.53034 -96.75616 4.099 -0.26
2011 11 22 18 42 0.290 17253 35.52593 -96.76164 5.442 0.45
2011 11 22 18 48 25.987 17257 35.53418 -96.76165 5.150 -0.03
2011 11 22 19 8 32.405 17260 35.50683 -96.80222 4.796 0.71
2011 11 22 19 45 5.205 17267 35.53315 -96.76326 3.939 1.25
2011 11 22 20 59 16.254 17278 35.53284 -96.76182 4.223 -0.12
2011 11 22 21 51 13.369 17288 35.52726 -96.76322 4.863 -0.44
2011 11 22 22 10 40.680 17294 35.52851 -96.77106 5.452 0.56
2011 11 22 22 19 45.094 17298 35.52121 -96.77358 3.278 -0.23
2011 11 22 22 31 33.192 17299 35.52531 -96.77202 5.539 0.53
2011 11 22 22 46 34.194 17302 35.53073 -96.76084 4.175 -0.14
2011 11 22 22 48 18.608 17303 35.52375 -96.77081 4.416 -0.13
2011 11 22 22 52 36.083 17305 35.52394 -96.77049 4.294 -0.12
2011 11 22 22 55 29.574 17306 35.50711 -96.80158 5.169 0.69
2011 11 22 23 5 57.128 17307 35.46903 -96.74473 3.402 0.24
2011 11 22 23 6 36.026 17308 35.54266 -96.76057 2.966 0.12
2011 11 23 0 6 12.405 17312 35.51817 -96.78436 4.547 -0.02
2011 11 23 0 13 44.195 17314 35.53564 -96.75596 4.614 2.01
2011 11 23 0 32 42.320 17316 35.52806 -96.76998 5.482 -0.27
2011 11 23 0 36 36.292 17317 35.53587 -96.75788 4.727 -0.32
2011 11 23 0 40 34.344 17318 35.53297 -96.76113 5.413 0.01
2011 11 23 0 41 14.051 17319 35.53296 -96.76227 5.376 -0.44
2011 11 23 0 41 24.764 17320 35.54285 -96.76002 2.997 -0.50
2011 11 23 0 57 19.476 17326 35.52876 -96.77060 5.394 2.04
2011 11 23 1 0 16.220 17327 35.52870 -96.77066 5.510 0.52
2011 11 23 1 0 38.047 17328 35.52854 -96.77013 5.352 0.66
2011 11 23 1 9 27.360 17332 35.53996 -96.75894 3.545 0.14
2011 11 23 1 17 31.695 17335 35.52942 -96.77088 5.369 0.93
2011 11 23 1 34 31.542 17342 35.53159 -96.76190 4.712 1.14
2011 11 23 1 46 14.897 17345 35.53047 -96.77399 4.624 0.83
2011 11 23 2 4 40.701 17353 35.52743 -96.77193 5.430 -0.87
2011 11 23 2 6 13.214 17354 35.52887 -96.76997 5.449 -0.46
2011 11 23 2 14 46.925 17355 35.52908 -96.77712 4.536 0.65
2011 11 23 2 21 20.671 17357 35.53497 -96.75778 4.664 -0.27
2011 11 23 2 21 52.020 17358 35.52688 -96.77183 5.560 -0.44
2011 11 23 2 27 55.942 17361 35.52973 -96.77055 5.594 0.36
2011 11 23 2 28 38.766 17362 35.51833 -96.78407 4.482 -0.64
2011 11 23 2 30 2.797 17363 35.53350 -96.76231 8.699 0.84
2011 11 23 2 56 9.869 17370 35.52074 -96.78264 5.308 0.31
2011 11 23 3 3 57.738 17374 35.52655 -96.76896 3.128 0.40
2011 11 23 3 12 55.969 17378 35.51670 -96.78656 5.362 -0.19
2011 11 23 3 28 14.252 17382 35.51837 -96.78482 4.386 1.09
2011 11 23 3 51 28.659 17385 35.52828 -96.76787 3.318 0.17
2011 11 23 3 53 43.311 17386 35.51794 -96.78572 5.083 -0.30
2011 11 23 3 59 39.506 17390 35.54290 -96.75536 3.220 -0.36
2011 11 23 4 0 4.592 17391 35.54096 -96.75907 3.144 -0.46
2011 11 23 4 43 11.099 17406 35.51859 -96.78546 4.953 -0.43
2011 11 23 4 49 27.421 17409 35.54162 -96.75998 4.375 -0.42
2011 11 23 4 52 36.292 17411 35.52235 -96.77339 3.634 0.85
2011 11 23 5 10 35.433 17424 35.53771 -96.75712 5.028 -0.36
2011 11 23 5 10 42.497 17425 35.45514 -96.74440 3.513 1.05
2011 11 23 5 12 43.089 17426 35.55306 -96.75183 3.635 -0.02
2011 11 23 5 14 39.476 17428 35.52237 -96.77288 3.613 0.30
2011 11 23 5 16 46.958 17430 35.52253 -96.77335 3.610 0.04
2011 11 23 5 38 40.263 17437 35.51847 -96.78458 5.086 0.22
2011 11 23 5 40 4.125 17438 35.52249 -96.77322 4.100 0.03
2011 11 23 5 42 0.728 17439 35.52755 -96.77218 5.337 0.90
2011 11 23 5 43 29.959 17440 35.52698 -96.77222 5.490 -0.89
2011 11 23 5 54 1.141 17441 35.52604 -96.76906 3.568 -0.62
2011 11 23 6 20 43.077 17450 35.52720 -96.77206 5.410 -0.71
2011 11 23 6 22 4.780 17451 35.53529 -96.76174 3.877 -0.28
2011 11 23 6 22 21.572 17452 35.52891 -96.77056 5.616 0.65
2011 11 23 6 24 15.602 17453 35.53587 -96.76007 6.096 -0.38
2011 11 23 6 37 49.054 17458 35.52432 -96.76977 4.450 -0.08
2011 11 23 6 41 20.555 17459 35.52107 -96.77423 3.699 0.59
2011 11 23 6 53 20.777 17463 35.53113 -96.75898 4.531 -0.85
2011 11 23 6 53 30.933 17464 35.52919 -96.76573 3.530 -0.24
2011 11 23 6 58 19.643 17469 35.45375 -96.74257 3.398 -0.09
2011 11 23 7 23 3.758 17476 35.53104 -96.75781 4.341 -0.55
2011 11 23 7 26 34.849 17479 35.54772 -96.75399 4.322 -0.01
2011 11 23 7 47 49.043 17487 35.52585 -96.76893 4.222 -0.59
2011 11 23 7 57 48.356 17489 35.54154 -96.75912 4.390 -1.04
2011 11 23 8 23 9.324 17491 35.51803 -96.78457 5.423 0.49
2011 11 23 8 25 27.971 17494 35.51636 -96.78858 5.718 -0.59
2011 11 23 8 34 53.462 17496 35.54418 -96.75963 3.412 0.09
2011 11 23 8 59 17.268 17504 35.51916 -96.78631 5.062 -0.61
2011 11 23 9 13 58.435 17509 35.51818 -96.78827 3.761 -0.15
2011 11 23 9 15 35.296 17510 35.54286 -96.76069 3.191 -0.74
2011 11 23 9 19 5.967 17511 35.53056 -96.76007 4.377 0.06
2011 11 23 9 28 20.585 17512 35.53975 -96.75865 5.179 1.46
2011 11 23 10 15 3.923 17521 35.51833 -96.78565 4.973 -0.59
2011 11 23 10 39 43.340 17526 35.55183 -96.75171 2.852 0.09
2011 11 23 10 43 15.410 17529 35.51886 -96.78488 4.416 -0.28
2011 11 23 11 8 8.861 17534 35.52763 -96.77306 5.408 -0.31
2011 11 23 11 11 56.091 17535 35.54038 -96.75944 5.227 0.20
2011 11 23 11 14 35.444 17539 35.51783 -96.78528 4.480 0.04
2011 11 23 11 59 58.226 17552 35.52065 -96.77341 2.746 0.14
2011 11 23 12 2 37.769 17553 35.51925 -96.77349 3.854 0.45
2011 11 23 12 11 45.572 17554 35.52933 -96.76770 5.116 -0.89
2011 11 23 12 18 6.845 17556 35.51005 -96.78677 3.217 -0.17
2011 11 23 12 32 12.450 17562 35.54261 -96.76008 2.944 -0.43
2011 11 23 12 42 20.243 17565 35.51424 -96.78380 2.700 0.86
2011 11 23 13 3 6.494 17569 35.52556 -96.76574 3.172 -0.53
2011 11 23 13 21 38.180 17573 35.51777 -96.77503 2.574 -0.62
2011 11 23 13 29 12.069 17575 35.52702 -96.77260 5.730 0.22
2011 11 23 13 36 18.023 17577 35.53120 -96.76018 4.843 -0.47
2011 11 23 14 9 24.034 17584 35.51877 -96.78995 3.569 -0.06
2011 11 23 14 31 40.884 17594 35.51808 -96.78326 4.439 -0.47
2011 11 23 14 51 24.576 17597 35.52700 -96.76941 3.437 0.08
2011 11 23 14 55 48.191 17598 35.53099 -96.76056 4.929 -0.07
2011 11 23 15 4 0.216 17599 35.50451 -96.80463 4.407 0.12
2011 11 23 15 8 2.262 17600 35.51694 -96.77763 2.798 0.02
2011 11 23 15 22 33.482 17603 35.51345 -96.78510 2.819 -0.13
2011 11 23 15 29 31.168 17605 35.53614 -96.75613 4.733 -0.56
2011 11 23 15 48 0.447 17608 35.50614 -96.80195 4.765 0.90
2011 11 23 15 49 33.229 17609 35.52759 -96.77116 5.628 1.61
2011 11 23 15 49 47.775 17611 35.52770 -96.77185 5.612 0.44
2011 11 23 15 55 20.113 17614 35.53463 -96.75773 4.839 0.66
2011 11 23 17 15 4.125 17640 35.55610 -96.75078 2.147 -0.01
2011 11 23 17 21 4.648 17641 35.52916 -96.76570 5.202 0.24
2011 11 23 17 31 59.160 17649 35.51374 -96.78336 3.187 1.88
2011 11 23 17 32 11.530 17650 35.51467 -96.78198 3.126 2.25
2011 11 23 17 36 57.984 17653 35.51567 -96.77942 3.160 0.27
2011 11 23 17 39 20.458 17655 35.51781 -96.78636 4.708 1.03
2011 11 23 17 45 54.341 17658 35.52557 -96.77187 4.713 -0.59
2011 11 23 18 10 11.615 17672 35.51394 -96.76481 7.775 0.23
2011 11 23 19 11 23.501 17691 35.51683 -96.77801 2.851 0.18
2011 11 23 19 31 16.937 17703 35.53018 -96.76074 4.619 0.47
2011 11 23 19 31 41.934 17704 35.53024 -96.76070 4.549 -0.32
2011 11 23 19 55 8.822 17708 35.52996 -96.76034 4.637 -0.12
2011 11 23 21 2 4.272 17718 35.53779 -96.75658 4.835 0.42
2011 11 23 21 18 48.110 17719 35.53390 -96.75534 5.007 -0.58
2011 11 23 21 24 47.249 17720 35.46095 -96.73725 3.486 0.87
2011 11 23 21 25 13.867 17721 35.46085 -96.73714 3.430 1.48
2011 11 23 22 6 24.101 17730 35.52689 -96.75381 3.365 -0.01
2011 11 23 23 11 32.172 17733 35.45517 -96.74455 3.550 0.45
2011 11 24 0 6 8.448 17738 35.53379 -96.76203 4.185 -0.28
2011 11 24 0 46 39.227 17741 35.52704 -96.76887 3.396 0.28
2011 11 24 0 50 54.794 17742 35.52560 -96.77046 3.230 0.57
2011 11 24 0 51 32.448 17743 35.55626 -96.74908 2.240 0.81
2011 11 24 1 6 40.160 17745 35.52541 -96.77076 3.231 -0.19
2011 11 24 1 10 32.692 17746 35.51541 -96.77971 3.057 0.36
2011 11 24 1 26 37.513 17748 35.53086 -96.76189 4.587 -0.43
2011 11 24 1 39 43.390 17753 35.52961 -96.76481 9.282 1.07
2011 11 24 1 41 54.260 17754 35.53082 -96.76167 4.704 -0.15
2011 11 24 1 56 44.801 17757 35.52547 -96.77026 3.258 -0.16
2011 11 24 1 58 25.745 17758 35.53079 -96.76172 4.747 -0.91
2011 11 24 1 59 18.579 17759 35.53089 -96.76168 4.589 -0.21
2011 11 24 2 6 28.317 17760 35.53222 -96.75766 4.380 -0.46
2011 11 24 2 31 17.172 17762 35.52979 -96.76102 5.187 0.84
2011 11 24 3 0 23.842 17767 35.52568 -96.77275 5.082 -0.61
2011 11 24 3 10 31.343 17769 35.52542 -96.77078 3.184 -0.62
2011 11 24 3 37 4.892 17771 35.51625 -96.77880 2.955 -0.18
2011 11 24 3 37 15.121 17772 35.51665 -96.77852 2.935 -0.10
2011 11 24 3 42 19.579 17773 35.52430 -96.77770 8.525 0.99
2011 11 24 3 49 14.323 17774 35.51632 -96.77843 2.580 0.12
2011 11 24 4 26 14.487 17777 35.53088 -96.76963 6.205 -0.22
2011 11 24 4 28 39.463 17778 35.51827 -96.78806 3.799 0.24
2011 11 24 4 33 24.079 17779 35.51822 -96.78785 3.772 -0.02
2011 11 24 4 35 18.736 17781 35.52536 -96.77143 5.052 -0.44
2011 11 24 4 43 14.473 17782 35.52616 -96.77271 5.242 -0.52
2011 11 24 4 47 10.743 17783 35.52527 -96.77051 3.128 -0.17
2011 11 24 4 48 44.405 17784 35.45306 -96.74581 3.257 1.12
2011 11 24 4 49 33.240 17785 35.52831 -96.77072 5.563 -0.05
2011 11 24 4 52 48.163 17786 35.52742 -96.77189 5.439 -0.33
2011 11 24 5 19 48.093 17789 35.52786 -96.77106 5.692 -0.60
2011 11 24 5 35 10.656 17792 35.53152 -96.75971 4.857 0.53
2011 11 24 5 46 36.616 17794 35.53025 -96.76062 4.840 -0.23
2011 11 24 5 50 53.173 17795 35.52821 -96.76535 4.998 0.43
2011 11 24 5 51 4.902 17796 35.51630 -96.77862 2.932 0.07
2011 11 24 5 51 25.858 17797 35.52733 -96.76728 4.524 0.66
2011 11 24 5 55 37.622 17798 35.54145 -96.75875 4.226 0.18
2011 11 24 5 58 58.092 17800 35.50685 -96.80191 4.794 0.50
2011 11 24 6 12 10.399 17802 35.51820 -96.78448 4.421 -0.44
2011 11 24 6 58 52.444 17807 35.51856 -96.78802 3.704 0.44
2011 11 24 7 9 26.252 17808 35.53553 -96.75813 4.952 0.18
2011 11 24 7 12 30.748 17810 35.54604 -96.75472 4.042 0.32
2011 11 24 7 13 7.962 17811 35.51798 -96.78684 3.754 -0.05
2011 11 24 7 14 8.066 17812 35.51831 -96.78816 3.736 -0.36
2011 11 24 7 18 38.061 17813 35.52555 -96.77243 5.145 0.01
2011 11 24 7 19 1.326 17814 35.52547 -96.77237 5.243 0.03
2011 11 24 7 19 28.888 17815 35.52564 -96.77271 5.263 0.23
2011 11 24 7 24 3.239 17816 35.54672 -96.75511 4.080 -1.09
2011 11 24 7 24 40.448 17818 35.52772 -96.77244 5.698 -0.96
2011 11 24 7 26 19.955 17819 35.52583 -96.77231 5.251 -0.14
2011 11 24 7 31 18.024 17820 35.54678 -96.75477 3.972 -0.97
2011 11 24 7 35 14.204 17821 35.51855 -96.78918 4.029 -0.29
2011 11 24 7 36 8.575 17822 35.51828 -96.78801 3.555 -0.04
2011 11 24 7 57 42.720 17827 35.52146 -96.77545 3.634 0.31
2011 11 24 8 5 41.027 17828 35.52768 -96.77059 5.790 -0.76
2011 11 24 8 8 18.718 17831 35.51815 -96.78880 3.643 -0.40
2011 11 24 8 23 19.889 17835 35.51829 -96.78862 3.719 -0.18
2011 11 24 8 30 49.019 17836 35.51727 -96.77694 3.054 -0.03
2011 11 24 8 38 11.160 17837 35.52736 -96.77160 5.733 0.59
2011 11 24 8 57 15.571 17841 35.54648 -96.75511 3.749 -0.83
2011 11 24 9 14 29.655 17843 35.53538 -96.75816 3.974 0.85
2011 11 24 9 41 32.661 17845 35.53042 -96.75763 4.708 -0.86
2011 11 24 9 44 31.588 17846 35.52414 -96.77200 3.474 0.39
2011 11 24 9 59 34.320 17849 35.52457 -96.77142 3.271 0.47
2011 11 24 10 30 19.967 17852 35.51993 -96.78193 4.662 0.16
2011 11 24 10 49 52.687 17854 35.53082 -96.76157 4.630 -0.66
2011 11 24 10 57 44.187 17855 35.53859 -96.76467 1.733 1.05
2011 11 24 11 54 8.621 17858 35.52245 -96.77425 3.695 -0.09
2011 11 24 12 2 27.289 17859 35.51730 -96.78626 4.789 0.44
2011 11 24 12 9 37.610 17861 35.52515 -96.77258 3.376 -0.16
2011 11 24 12 18 10.349 17862 35.51766 -96.78096 4.502 -0.08
2011 11 24 12 27 24.479 17863 35.52757 -96.76975 4.811 0.01
2011 11 24 12 31 54.562 17864 35.53060 -96.75953 4.568 -0.53
2011 11 24 12 42 14.335 17865 35.53308 -96.76296 5.199 -0.21
2011 11 24 12 53 47.338 17867 35.51674 -96.77997 2.808 0.14
2011 11 24 13 7 33.105 17869 35.52047 -96.78212 5.250 -0.10
2011 11 24 13 18 9.896 17870 35.55218 -96.75102 2.766 0.51
2011 11 24 14 7 32.223 17874 35.54569 -96.75507 4.070 -0.41
2011 11 24 14 31 59.867 17875 35.52956 -96.76193 4.674 -0.45
2011 11 24 14 54 31.073 17876 35.52727 -96.76710 4.823 0.41
2011 11 24 15 1 22.963 17878 35.53063 -96.76190 4.684 -0.54
2011 11 24 15 54 51.066 17882 35.52176 -96.77433 3.381 -0.06
2011 11 24 16 8 50.679 17883 35.52694 -96.76883 4.604 0.31
2011 11 24 16 18 33.985 17885 35.52207 -96.77251 3.565 0.12
2011 11 24 16 51 18.572 17886 35.53059 -96.76177 4.817 -0.41
2011 11 24 16 52 1.086 17887 35.52066 -96.77505 3.704 0.28
2011 11 24 17 2 25.076 17889 35.52829 -96.77168 5.360 0.03
2011 11 24 17 14 5.431 17890 35.52732 -96.76744 4.824 -0.28
2011 11 24 17 15 15.161 17891 35.52692 -96.76862 4.630 0.18
2011 11 24 17 17 57.918 17892 35.52654 -96.76936 3.406 1.28
2011 11 24 17 30 51.837 17893 35.52998 -96.76025 4.422 0.17
2011 11 24 17 43 26.238 17894 35.52674 -96.76776 4.431 0.57
2011 11 24 18 36 33.530 17896 35.52673 -96.77005 3.400 -0.19
2011 11 24 18 38 41.305 17897 35.53029 -96.76545 3.693 0.99
2011 11 24 18 39 9.741 17898 35.52402 -96.76703 4.641 -0.10
2011 11 24 18 48 21.778 17901 35.47700 -96.85226 4.665 0.23
2011 11 24 18 58 56.168 17903 35.52630 -96.76860 4.771 0.32
2011 11 24 19 16 39.840 17904 35.46069 -96.73779 3.864 0.27
2011 11 24 19 18 34.578 17905 35.52611 -96.76890 4.691 -0.04
2011 11 24 19 41 29.931 17908 35.53086 -96.76158 4.679 -0.40
2011 11 24 19 50 23.794 17909 35.52344 -96.76927 3.000 -0.06
2011 11 24 20 50 55.928 17910 35.47749 -96.85276 4.147 2.09
2011 11 24 21 14 34.704 17912 35.47863 -96.85926 3.365 1.02
2011 11 24 21 18 24.022 17913 35.52988 -96.77148 5.278 1.16
2011 11 24 21 36 57.902 17915 35.45923 -96.73990 3.697 0.45
2011 11 24 21 37 50.909 17916 35.45993 -96.74043 3.575 0.28
2011 11 24 21 56 39.785 17917 35.53597 -96.76585 8.132 -0.51
2011 11 24 22 15 11.828 17919 35.52358 -96.77533 4.062 0.06
2011 11 24 22 41 24.579 17921 35.52349 -96.77325 3.847 0.60
2011 11 24 22 42 40.394 17922 35.52381 -96.77172 3.928 0.40
2011 11 24 23 1 33.712 17923 35.47833 -96.85278 4.109 1.33
2011 11 24 23 16 29.436 17924 35.53052 -96.77025 5.380 0.98
2011 11 24 23 24 2.694 17925 35.52402 -96.77093 3.040 0.45
2011 11 24 23 26 57.463 17926 35.51768 -96.78964 4.749 0.60
2011 11 24 23 37 30.031 17927 35.54348 -96.75550 3.709 0.76
2011 11 25 0 8 29.558 17931 35.52402 -96.77262 3.723 0.41
2011 11 25 0 12 31.434 17932 35.52551 -96.77010 2.818 0.40
2011 11 25 0 14 10.261 17934 35.52463 -96.77094 3.036 -0.45
2011 11 25 0 16 38.084 17935 35.52456 -96.77290 3.258 0.95
2011 11 25 0 31 43.680 17943 35.52345 -96.77238 3.713 0.89
2011 11 25 0 35 1.369 17949 35.50775 -96.80182 5.035 0.33
2011 11 25 0 36 43.190 17951 35.50978 -96.78557 2.370 0.11
2011 11 25 0 40 41.022 17955 35.51998 -96.77332 1.550 0.92
2011 11 25 0 41 57.094 17956 35.52304 -96.77333 3.810 1.55
2011 11 25 0 51 58.943 17961 35.52405 -96.77383 3.897 0.36
2011 11 25 0 53 32.951 17963 35.51002 -96.80057 5.063 1.57
2011 11 25 0 54 8.679 17964 35.51081 -96.78279 2.407 0.65
2011 11 25 1 0 59.475 17967 35.52993 -96.75979 4.398 -0.64
2011 11 25 1 8 44.312 17971 35.52439 -96.77126 4.254 0.43
2011 11 25 1 15 24.281 17974 35.53994 -96.75775 3.358 0.81
2011 11 25 1 18 10.930 17978 35.51111 -96.78233 2.389 0.44
2011 11 25 1 32 56.904 17983 35.52235 -96.77157 3.970 0.26
2011 11 25 1 37 29.954 17985 35.52987 -96.76345 5.087 1.10
2011 11 25 2 11 37.034 17999 35.52346 -96.77267 3.777 0.21
2011 11 25 2 14 14.476 18001 35.53087 -96.76019 4.931 0.02
2011 11 25 2 19 9.887 18006 35.52975 -96.76430 5.368 0.08
2011 11 25 2 21 44.669 18009 35.52967 -96.76453 5.390 0.65
2011 11 25 2 25 0.718 18012 35.53008 -96.76308 5.277 0.32
2011 11 25 2 28 16.827 18014 35.52986 -96.76366 5.112 0.48
2011 11 25 2 28 59.625 18016 35.45707 -96.74193 3.576 2.52
2011 11 25 2 31 20.424 18018 35.45622 -96.74409 3.446 0.00
2011 11 25 2 34 53.410 18024 35.53019 -96.76390 5.138 0.62
2011 11 25 2 35 18.179 18025 35.45750 -96.74114 3.535 0.81
2011 11 25 2 37 22.920 18026 35.45652 -96.74203 3.497 1.17
2011 11 25 2 37 40.569 18027 35.45709 -96.74198 3.336 0.45
2011 11 25 2 38 3.149 18028 35.52322 -96.77316 3.905 1.39
2011 11 25 2 39 40.699 18031 35.45738 -96.73996 3.495 -0.00
2011 11 25 2 40 34.872 18033 35.45720 -96.74176 3.715 0.79
2011 11 25 2 41 12.947 18034 35.45762 -96.74091 3.588 0.21
2011 11 25 2 41 26.849 18035 35.51917 -96.77196 2.930 0.92
2011 11 25 2 42 32.490 18037 35.45591 -96.74276 3.479 1.17
2011 11 25 2 42 47.864 18038 35.45714 -96.74162 3.733 0.39
2011 11 25 2 47 8.740 18042 35.45732 -96.74043 3.495 0.26
2011 11 25 2 49 36.504 18044 35.45661 -96.74189 3.516 0.31
2011 11 25 3 0 50.612 18048 35.45654 -96.74199 3.490 0.15
2011 11 25 3 0 56.814 18049 35.52973 -96.76368 5.304 -0.45
2011 11 25 3 2 2.504 18051 35.52949 -96.76468 5.553 0.22
2011 11 25 3 3 53.755 18053 35.53049 -96.76425 5.393 -0.18
2011 11 25 3 29 55.629 18063 35.53008 -96.76334 5.064 1.20
2011 11 25 3 40 27.721 18067 35.52533 -96.77293 5.499 1.99
2011 11 25 3 41 9.950 18068 35.52324 -96.77142 3.584 2.17
2011 11 25 3 54 51.891 18076 35.52989 -96.76316 5.195 0.33
2011 11 25 4 9 12.355 18080 35.45495 -96.74355 3.449 1.36
2011 11 25 4 13 21.211 18084 35.52948 -96.76427 5.049 -0.20
2011 11 25 4 25 59.948 18093 35.45557 -96.74295 3.530 0.14
2011 11 25 4 28 51.789 18095 35.45363 -96.74489 3.488 0.65
2011 11 25 4 29 52.887 18096 35.45488 -96.74464 3.606 0.36
2011 11 25 4 30 46.607 18097 35.45733 -96.74196 3.642 0.60
2011 11 25 4 33 1.513 18099 35.53097 -96.76946 5.528 0.50
2011 11 25 4 33 47.299 18100 35.52966 -96.76377 5.312 0.83
2011 11 25 4 35 3.735 18101 35.51430 -96.78424 2.806 -0.09
2011 11 25 4 46 31.003 18105 35.52837 -96.77084 5.300 0.47
2011 11 25 5 27 14.743 18116 35.45412 -96.74452 3.543 0.41
2011 11 25 5 37 55.041 18121 35.52987 -96.77056 6.474 0.39
2011 11 25 5 50 13.982 18126 35.51782 -96.78140 1.744 1.29
2011 11 25 6 4 41.378 18131 35.53422 -96.75512 3.054 0.69
2011 11 25 6 30 42.710 18141 35.45583 -96.74346 3.511 0.11
2011 11 25 6 36 27.254 18143 35.52338 -96.77163 3.476 0.32
2011 11 25 6 42 40.850 18146 35.53280 -96.76906 5.312 1.07
2011 11 25 7 3 20.217 18151 35.52088 -96.76954 3.393 0.92
2011 11 25 7 7 23.544 18153 35.51922 -96.77521 1.683 0.28
2011 11 25 7 9 4.839 18155 35.51976 -96.77420 1.714 0.13
2011 11 25 7 24 51.889 18163 35.53090 -96.76168 4.718 1.15
2011 11 25 7 26 51.853 18168 35.53059 -96.76490 4.888 0.24
2011 11 25 7 59 21.218 18179 35.53084 -96.76152 4.624 0.13
2011 11 25 8 3 53.851 18182 35.52339 -96.77058 3.374 0.66
2011 11 25 8 6 7.848 18183 35.52317 -96.77349 3.836 0.31
2011 11 25 8 23 44.398 18189 35.52075 -96.78387 6.220 0.95
2011 11 25 8 40 42.983 18198 35.53107 -96.76806 5.168 0.81
2011 11 25 8 43 27.112 18200 35.52285 -96.77143 3.939 0.67
2011 11 25 8 47 22.895 18201 35.52484 -96.77330 5.243 0.18
2011 11 25 8 49 2.158 18202 35.53050 -96.76109 4.601 0.84
2011 11 25 9 0 48.001 18205 35.52318 -96.77068 1.934 0.12
2011 11 25 9 4 46.754 18206 35.52105 -96.77296 2.905 -0.16
2011 11 25 9 7 26.173 18208 35.53115 -96.76861 5.754 -0.61
2011 11 25 9 40 27.772 18215 35.53017 -96.76249 5.402 0.35
2011 11 25 9 40 43.279 18216 35.51751 -96.78179 1.680 0.16
2011 11 25 10 5 46.148 18227 35.51680 -96.77795 1.649 -0.07
2011 11 25 10 17 29.326 18233 35.51825 -96.78458 5.118 0.01
2011 11 25 10 20 27.219 18234 35.52700 -96.76903 4.368 0.14
2011 11 25 11 8 5.983 18254 35.53025 -96.76648 3.478 1.64
2011 11 25 11 12 14.195 18255 35.51920 -96.78302 3.918 2.53
2011 11 25 11 24 24.306 18259 35.53572 -96.75915 4.550 0.29
2011 11 25 12 2 24.568 18266 35.51864 -96.78082 1.820 0.72
2011 11 25 12 2 38.051 18267 35.51083 -96.78433 2.415 0.45
2011 11 25 12 7 34.905 18268 35.52857 -96.76899 3.470 0.38
2011 11 25 12 15 12.006 18269 35.52783 -96.77127 5.281 0.44
2011 11 25 12 18 45.666 18270 35.53178 -96.76467 2.745 1.40
2011 11 25 12 53 37.725 18284 35.45895 -96.74022 3.507 0.68
2011 11 25 13 9 57.718 18290 35.52885 -96.76651 6.155 0.66
2011 11 25 13 39 36.752 18297 35.51596 -96.77889 2.941 0.63
2011 11 25 13 57 47.107 18306 35.52999 -96.76380 5.118 0.53
2011 11 25 14 3 8.628 18308 35.53074 -96.76026 5.136 0.03
2011 11 25 14 17 45.986 18310 35.51822 -96.77526 1.447 0.28
2011 11 25 14 17 59.198 18311 35.51846 -96.77532 1.519 1.44
2011 11 25 14 31 30.676 18313 35.52941 -96.77106 5.882 2.05
2011 11 25 15 1 46.083 18322 35.52973 -96.76434 5.230 1.85
2011 11 25 15 2 23.324 18324 35.52948 -96.76562 5.858 0.73
2011 11 25 15 4 5.170 18326 35.52931 -96.76472 5.260 0.63
2011 11 25 15 5 56.765 18327 35.51828 -96.78472 4.458 1.65
2011 11 25 15 8 48.179 18328 35.53006 -96.76262 5.347 2.28
2011 11 25 15 25 40.532 18333 35.53129 -96.76042 4.783 0.82
2011 11 25 15 52 46.558 18339 35.52991 -96.76389 5.226 1.69
2011 11 25 15 54 18.926 18340 35.45462 -96.74366 3.393 0.84
2011 11 25 15 54 57.073 18341 35.45580 -96.74398 3.333 0.76
2011 11 25 16 7 59.158 18345 35.52730 -96.77204 5.618 0.74
2011 11 25 16 9 42.681 18348 35.52231 -96.77044 1.453 0.43
2011 11 25 16 50 32.954 18357 35.52902 -96.76544 5.275 0.77
2011 11 25 16 56 38.104 18358 35.52961 -96.76508 5.246 0.75
2011 11 25 16 56 47.292 18359 35.52944 -96.76567 5.245 -0.00
2011 11 25 17 38 8.401 18364 35.53106 -96.76053 4.946 0.56
2011 11 25 17 48 23.122 18365 35.51879 -96.77517 1.602 0.62
2011 11 25 18 4 37.689 18369 35.50781 -96.75520 5.163 0.88
2011 11 25 18 9 59.930 18372 35.52341 -96.77048 3.793 0.85
2011 11 25 18 18 44.054 18373 35.52643 -96.77196 3.141 0.53
2011 11 25 18 21 36.666 18374 35.55168 -96.75524 2.834 1.70
2011 11 25 18 23 9.557 18376 35.52923 -96.76227 3.485 0.70
2011 11 25 18 36 1.536 18381 35.52489 -96.77074 3.542 -0.05
2011 11 25 18 51 19.832 18386 35.53978 -96.76146 3.685 1.19
2011 11 25 19 47 8.179 18398 35.52123 -96.77217 1.479 0.16
2011 11 25 19 56 31.399 18401 35.53272 -96.74938 1.976 0.09
2011 11 25 20 8 54.647 18405 35.45790 -96.87361 4.614 2.23
2011 11 25 20 40 18.064 18428 35.52978 -96.76383 5.429 1.11
2011 11 25 21 10 5.847 18439 35.53649 -96.75731 4.625 1.29
2011 11 25 21 27 54.515 18451 35.53638 -96.76028 4.595 0.99
2011 11 25 21 29 42.172 18454 35.51730 -96.78428 4.294 0.66
2011 11 25 21 34 23.267 18458 35.52735 -96.76668 4.429 0.56
2011 11 25 21 38 10.754 18461 35.51085 -96.75826 5.364 0.47
2011 11 25 21 48 10.051 18465 35.52989 -96.76390 5.240 0.47
2011 11 25 21 56 3.064 18467 35.49416 -96.82062 3.688 0.89
2011 11 25 22 44 21.991 18491 35.51236 -96.75672 5.069 -0.61
2011 11 25 22 56 2.402 18494 35.45863 -96.73998 3.803 0.34
2011 11 25 22 57 24.607 18496 35.53201 -96.76250 4.629 0.42
2011 11 25 23 16 3.558 18505 35.51226 -96.75713 5.103 -0.54
2011 11 25 23 17 30.201 18507 35.52120 -96.77213 1.589 0.30
2011 11 25 23 28 15.863 18514 35.53171 -96.76788 5.419 0.56
2011 11 25 23 28 31.808 18515 35.52779 -96.77029 3.441 1.99
2011 11 25 23 28 42.411 18516 35.52809 -96.76959 3.411 0.84
2011 11 25 23 36 2.437 18522 35.52793 -96.77124 5.667 -0.72
2011 11 25 23 44 26.860 18524 35.52209 -96.77091 1.653 0.80
2011 11 26 0 39 11.117 18544 35.52492 -96.77000 2.020 0.32
2011 11 26 0 44 16.792 18546 35.52898 -96.76400 5.746 -0.07
2011 11 26 0 52 54.876 18549 35.45404 -96.74471 3.492 0.09
2011 11 26 1 21 36.298 18566 35.52623 -96.76964 3.506 2.51
2011 11 26 1 24 40.117 18573 35.52032 -96.78209 5.060 1.23
2011 11 26 1 27 9.465 18575 35.52405 -96.77116 4.003 0.23
2011 11 26 1 31 31.577 18578 35.51900 -96.78909 5.190 -0.82
2011 11 26 1 36 22.044 18581 35.52703 -96.76695 3.873 0.64
2011 11 26 1 37 33.335 18583 35.52056 -96.78190 4.920 -0.01
2011 11 26 1 47 3.259 18589 35.52359 -96.77099 3.975 0.01
2011 11 26 1 51 29.942 18591 35.52031 -96.77717 1.758 0.21
2011 11 26 2 8 48.799 18601 35.52828 -96.76738 3.533 0.23
2011 11 26 2 11 31.883 18606 35.45282 -96.74707 3.651 0.07
2011 11 26 2 21 40.030 18611 35.52630 -96.76847 4.008 0.69
2011 11 26 2 26 28.414 18612 35.45863 -96.74021 3.647 0.13
2011 11 26 2 36 30.210 18617 35.45531 -96.74389 3.381 1.33
2011 11 26 2 39 12.628 18618 35.52371 -96.77097 3.376 0.82
2011 11 26 2 42 35.684 18619 35.52164 -96.77325 3.550 0.43
2011 11 26 2 43 24.327 18620 35.52014 -96.76532 3.102 0.25
2011 11 26 2 56 57.959 18623 35.53409 -96.75572 2.803 -0.19
2011 11 26 3 7 47.793 18626 35.52408 -96.77138 3.884 0.08
2011 11 26 3 29 10.410 18632 35.52676 -96.76872 3.402 -0.05
2011 11 26 3 35 15.487 18636 35.53253 -96.76312 5.155 0.18
2011 11 26 3 56 9.133 18643 35.54376 -96.75714 4.363 0.14
2011 11 26 4 0 25.174 18645 35.53017 -96.76939 5.976 0.44
2011 11 26 4 11 12.544 18647 35.51869 -96.78424 5.049 -0.18
2011 11 26 4 28 54.355 18665 35.52070 -96.77307 1.548 -0.07
2011 11 26 4 40 10.323 18673 35.52838 -96.77097 5.561 -0.26
2011 11 26 4 43 51.008 18674 35.51825 -96.78357 4.286 1.59
2011 11 26 5 0 59.849 18679 35.52574 -96.76966 3.225 0.21
2011 11 26 5 2 11.339 18680 35.52391 -96.77149 3.906 -0.05
2011 11 26 5 17 4.805 18686 35.51719 -96.77734 1.584 0.13
2011 11 26 5 27 28.236 18689 35.51714 -96.77724 1.564 0.51
2011 11 26 5 42 2.856 18693 35.52093 -96.78137 5.116 1.14
2011 11 26 6 15 20.381 18708 35.51135 -96.75749 5.101 -0.66
2011 11 26 6 17 50.916 18710 35.53036 -96.76899 5.494 -0.74
2011 11 26 6 22 21.269 18713 35.53441 -96.76010 3.213 0.37
2011 11 26 6 23 3.740 18714 35.53394 -96.76028 3.127 0.70
2011 11 26 6 23 21.741 18715 35.53432 -96.75978 3.124 1.25
2011 11 26 6 30 41.601 18719 35.49322 -96.82913 4.797 0.45
2011 11 26 6 54 5.988 18725 35.51834 -96.78350 4.246 0.04
2011 11 26 6 54 55.119 18726 35.52226 -96.77002 1.637 0.50
2011 11 26 7 4 25.153 18728 35.51848 -96.77485 1.539 0.18
2011 11 26 7 10 51.285 18733 35.52623 -96.76878 3.534 0.72
2011 11 26 7 18 39.197 18736 35.45908 -96.73841 3.588 0.32
2011 11 26 7 32 22.879 18741 35.51840 -96.77547 1.608 0.67
2011 11 26 7 34 12.519 18742 35.54485 -96.75499 3.443 -0.10
2011 11 26 7 35 10.499 18743 35.52488 -96.77106 3.858 0.20
2011 11 26 7 38 30.713 18744 35.52962 -96.76791 3.047 0.43
2011 11 26 8 22 8.557 18763 35.51865 -96.77534 1.901 0.21
2011 11 26 8 23 42.995 18765 35.52830 -96.76167 2.309 1.27
2011 11 26 8 25 6.526 18766 35.51066 -96.75799 5.120 -0.84
2011 11 26 8 27 2.506 18767 35.52523 -96.76987 3.753 0.63
2011 11 26 8 28 36.164 18769 35.52646 -96.76942 3.548 -0.28
2011 11 26 9 14 57.748 18784 35.52323 -96.77385 3.888 0.46
2011 11 26 9 20 23.858 18788 35.51417 -96.78341 2.989 0.02
2011 11 26 9 20 30.120 18789 35.51424 -96.78358 2.917 -0.28
2011 11 26 9 25 23.488 18792 35.51729 -96.77630 1.505 -0.31
2011 11 26 9 29 40.346 18794 35.52235 -96.76948 1.296 0.25
2011 11 26 9 30 19.977 18795 35.52357 -96.77257 3.982 -0.32
2011 11 26 9 31 49.224 18796 35.52862 -96.76777 4.713 -0.17
2011 11 26 9 55 32.548 18803 35.52371 -96.77218 3.848 0.31
2011 11 26 9 55 39.973 18804 35.49395 -96.82373 4.051 1.67
2011 11 26 9 59 16.538 18806 35.52194 -96.77100 1.611 0.25
2011 11 26 9 59 44.757 18807 35.51068 -96.75922 5.216 -0.69
2011 11 26 10 5 48.042 18813 35.52370 -96.77198 4.018 0.10
2011 11 26 10 7 8.432 18815 35.51783 -96.77707 1.529 0.37
2011 11 26 10 14 59.553 18818 35.55569 -96.74848 2.721 1.42
2011 11 26 10 22 21.612 18826 35.54083 -96.73715 4.648 0.87
2011 11 26 10 41 6.027 18833 35.52357 -96.77178 3.781 -0.10
2011 11 26 10 41 37.219 18834 35.52396 -96.77158 3.813 -0.21
2011 11 26 10 42 25.969 18835 35.45532 -96.74444 3.414 0.61
2011 11 26 10 48 53.387 18839 35.52365 -96.77162 3.814 0.45
2011 11 26 10 51 56.069 18842 35.51126 -96.78151 2.224 0.64
2011 11 26 10 58 34.113 18845 35.51912 -96.78383 3.843 -0.08
2011 11 26 10 58 59.266 18846 35.51772 -96.78401 4.790 1.93
2011 11 26 11 0 5.894 18849 35.51957 -96.78121 4.937 0.44
2011 11 26 11 0 13.695 18850 35.52478 -96.76662 3.409 2.45
2011 11 26 11 1 37.013 18854 35.52239 -96.77994 3.303 0.29
2011 11 26 11 4 18.898 18858 35.52655 -96.76710 3.628 0.11
2011 11 26 11 4 40.111 18859 35.52814 -96.76556 4.360 0.32
2011 11 26 11 6 13.498 18862 35.52901 -96.75959 1.941 -0.19
2011 11 26 11 7 9.681 18864 35.52516 -96.77057 3.484 0.13
2011 11 26 11 15 7.014 18872 35.53512 -96.75711 4.167 0.12
2011 11 26 11 16 4.079 18873 35.51959 -96.78787 5.045 -0.61
2011 11 26 11 18 38.496 18877 35.53481 -96.76034 5.000 0.14
2011 11 26 11 20 45.052 18882 35.52473 -96.76645 3.292 0.71
2011 11 26 11 30 28.382 18895 35.52407 -96.77334 4.039 -0.12
2011 11 26 11 39 18.021 18898 35.52453 -96.77021 3.040 -0.29
2011 11 26 11 43 31.950 18899 35.52391 -96.77079 3.491 -0.42
2011 11 26 11 53 25.985 18904 35.52047 -96.77543 1.650 0.31
2011 11 26 11 55 2.127 18907 35.51715 -96.78390 4.340 0.03
2011 11 26 12 3 47.042 18911 35.52055 -96.77311 1.516 0.61
2011 11 26 12 22 56.544 18914 35.52166 -96.77058 1.684 -0.23
2011 11 26 12 25 25.504 18917 35.53504 -96.75971 4.577 0.60
2011 11 26 12 48 6.941 18927 35.52264 -96.77891 3.272 -0.05
2011 11 26 12 55 27.346 18932 35.52350 -96.76938 4.197 3.25
2011 11 26 12 58 0.773 18937 35.53872 -96.75813 4.239 1.69
2011 11 26 13 0 8.919 18940 35.52342 -96.77215 4.005 0.22
2011 11 26 13 2 57.973 18943 35.53757 -96.74775 4.500 1.38
2011 11 26 13 6 18.348 18947 35.52364 -96.77166 3.926 0.52
2011 11 26 13 6 52.232 18949 35.53058 -96.75989 5.058 0.52
2011 11 26 13 7 3.535 18950 35.52997 -96.76015 5.170 0.66
2011 11 26 13 7 28.422 18952 35.53034 -96.75929 4.988 0.65
2011 11 26 13 8 57.234 18953 35.53038 -96.76064 4.981 2.07
2011 11 26 13 9 17.634 18954 35.52944 -96.76090 4.983 1.31
2011 11 26 13 11 22.214 18957 35.52171 -96.77085 1.650 0.81
2011 11 26 13 15 46.167 18959 35.52979 -96.76392 6.193 0.38
2011 11 26 13 20 13.323 18962 35.53001 -96.76131 4.888 1.02
2011 11 26 13 28 2.171 18965 35.53062 -96.76060 5.061 1.11
2011 11 26 13 42 32.729 18969 35.52561 -96.76993 3.711 0.38
2011 11 26 13 58 23.049 18977 35.53103 -96.75948 4.896 0.45
2011 11 26 14 37 46.192 18990 35.51683 -96.77694 1.369 0.38
2011 11 26 14 41 54.237 18992 35.52130 -96.77233 1.702 0.61
2011 11 26 14 42 35.806 18995 35.53058 -96.76008 5.003 0.56
2011 11 26 14 46 57.792 18996 35.52363 -96.77205 3.496 0.37
2011 11 26 15 11 30.819 19001 35.52303 -96.76937 3.780 0.75
2011 11 26 15 12 57.843 19002 35.49461 -96.81424 5.350 1.40
2011 11 26 15 22 49.782 19005 35.52023 -96.77658 1.813 0.67
2011 11 26 16 18 36.336 19013 35.51985 -96.77616 1.822 0.79
2011 11 26 16 50 29.761 19019 35.52184 -96.77056 1.594 1.96
2011 11 26 17 8 49.547 19023 35.51161 -96.78180 2.409 1.91
2011 11 26 17 19 17.696 19025 35.52714 -96.76748 4.463 0.31
2011 11 26 17 48 25.855 19032 35.53032 -96.75983 5.004 1.20
2011 11 26 18 19 28.663 19035 35.52399 -96.76994 4.196 1.18
2011 11 26 18 28 45.599 19037 35.51785 -96.77280 2.682 2.32
2011 11 26 18 29 30.334 19038 35.52360 -96.77048 4.123 0.61
2011 11 26 18 29 53.687 19039 35.52735 -96.76771 4.384 1.37
2011 11 26 19 24 10.031 19050 35.52358 -96.77161 4.149 0.38
2011 11 26 19 32 35.380 19051 35.55656 -96.74953 2.496 1.16
2011 11 26 19 56 24.205 19054 35.52374 -96.76998 3.935 0.83
2011 11 26 20 25 57.194 19070 35.52337 -96.77003 4.133 0.65
2011 11 26 20 34 47.436 19072 35.53061 -96.76051 5.077 0.80
2011 11 26 20 38 26.748 19073 35.52318 -96.77182 4.140 0.29
2011 11 26 22 5 14.026 19083 35.54097 -96.75388 4.295 1.22
2011 11 26 22 6 14.629 19084 35.53025 -96.75989 5.117 0.52
2011 11 26 22 9 41.484 19086 35.52036 -96.77319 1.394 1.03
2011 11 26 22 29 2.289 19087 35.47876 -96.85398 3.922 0.66
2011 11 26 22 35 7.733 19089 35.53417 -96.76474 3.733 0.62
2011 11 26 23 2 46.184 19092 35.52095 -96.77251 1.587 -0.05
2011 11 26 23 43 22.627 19094 35.51908 -96.77581 3.307 0.42
2011 11 26 23 45 2.205 19095 35.53576 -96.76360 3.869 0.33
2011 11 26 23 46 34.954 19096 35.51892 -96.77687 3.319 0.96
2011 11 26 23 57 24.692 19098 35.51995 -96.77656 1.692 1.05
2011 11 27 0 14 47.266 19100 35.52112 -96.77538 2.991 -0.44
2011 11 27 0 19 3.717 19101 35.53100 -96.76064 4.812 -0.29
2011 11 27 0 39 49.508 19104 35.52839 -96.76536 4.692 0.04
2011 11 27 1 4 47.776 19106 35.51733 -96.78718 3.985 0.48
2011 11 27 1 14 57.874 19107 35.51730 -96.77727 2.823 -0.35
2011 11 27 2 0 37.900 19110 35.45812 -96.74088 3.640 0.53
2011 11 27 2 8 43.827 19111 35.53009 -96.76026 5.130 0.18
2011 11 27 2 13 0.106 19112 35.45959 -96.74007 3.620 1.41
2011 11 27 2 57 41.722 19116 35.53120 -96.76934 5.860 -0.49
2011 11 27 3 0 4.353 19117 35.53085 -96.76829 5.864 -0.20
2011 11 27 3 4 22.834 19119 35.52737 -96.76721 5.083 0.23
2011 11 27 3 4 45.972 19120 35.51694 -96.77707 2.683 -0.24
2011 11 27 3 8 31.418 19121 35.53094 -96.77013 5.575 -0.53
2011 11 27 3 11 5.325 19122 35.47856 -96.85419 3.832 1.51
2011 11 27 3 21 2.296 19123 35.46731 -96.87730 4.057 0.79
2011 11 27 3 37 19.367 19124 35.47002 -96.86707 4.136 0.62
2011 11 27 3 49 51.877 19126 35.53029 -96.76697 5.359 0.08
2011 11 27 4 3 6.801 19128 35.52685 -96.77181 5.964 0.89
2011 11 27 4 3 31.942 19129 35.52671 -96.77204 5.950 0.33
2011 11 27 4 51 39.444 19134 35.51666 -96.78653 4.725 1.13
2011 11 27 5 12 36.652 19137 35.51687 -96.78614 4.678 0.02
2011 11 27 5 14 29.831 19138 35.51680 -96.78631 4.770 -0.11
2011 11 27 5 32 31.821 19140 35.52877 -96.76991 5.524 -0.44
2011 11 27 5 35 10.313 19142 35.47913 -96.85345 3.837 0.19
2011 11 27 5 41 14.423 19144 35.53590 -96.75913 4.539 0.88
2011 11 27 5 43 27.163 19145 35.51779 -96.79933 4.275 0.43
2011 11 27 5 56 12.781 19148 35.53006 -96.76366 5.176 0.42
2011 11 27 5 56 38.056 19149 35.53012 -96.76323 5.217 -0.19
2011 11 27 5 59 15.971 19151 35.53003 -96.76321 5.172 -0.29
2011 11 27 5 59 58.310 19152 35.53010 -96.76331 5.173 -0.16
2011 11 27 6 0 21.021 19153 35.53013 -96.76323 5.209 -0.31
2011 11 27 6 1 49.538 19154 35.53005 -96.76341 5.192 0.11
2011 11 27 6 16 52.605 19159 35.45359 -96.74203 3.579 0.04
2011 11 27 6 22 20.547 19160 35.52156 -96.76966 3.261 0.58
2011 11 27 6 33 14.260 19162 35.53081 -96.75235 3.611 0.49
2011 11 27 7 3 17.554 19166 35.53042 -96.76184 5.069 -0.44
2011 11 27 7 5 8.066 19167 35.53032 -96.76357 5.173 -0.26
2011 11 27 7 21 50.538 19168 35.51754 -96.78473 4.263 -0.26
2011 11 27 7 33 26.319 19170 35.47875 -96.85430 3.863 0.63
2011 11 27 7 47 4.216 19172 35.51092 -96.75679 5.181 1.93
2011 11 27 7 56 14.866 19174 35.52693 -96.76902 2.896 -0.68
2011 11 27 8 52 21.284 19176 35.52996 -96.76222 5.207 0.03
2011 11 27 8 54 31.790 19177 35.52660 -96.77203 6.132 -0.03
2011 11 27 9 16 1.283 19178 35.51811 -96.78690 5.715 -0.12
2011 11 27 9 18 50.072 19179 35.53137 -96.76985 5.408 -0.44
2011 11 27 9 29 44.116 19182 35.53571 -96.75815 8.947 -0.57
2011 11 27 9 31 44.598 19183 35.52613 -96.74722 3.279 -0.46
2011 11 27 10 20 46.392 19188 35.51087 -96.75838 5.103 -0.35
2011 11 27 10 37 33.428 19191 35.54587 -96.75463 4.115 -0.91
2011 11 27 10 49 9.329 19193 35.54593 -96.75521 4.067 -0.27
2011 11 27 10 54 2.012 19194 35.54641 -96.75440 4.116 -1.05
2011 11 27 11 28 50.807 19197 35.53116 -96.76105 4.631 0.11
2011 11 27 11 44 58.722 19199 35.52735 -96.77166 5.726 -0.22
2011 11 27 11 45 6.281 19200 35.52733 -96.77121 5.747 -0.60
2011 11 27 12 10 49.254 19202 35.53080 -96.76098 4.520 -0.79
2011 11 27 12 11 13.353 19203 35.54589 -96.75394 4.008 -0.39
2011 11 27 12 11 50.950 19204 35.54615 -96.75363 3.974 -0.94
2011 11 27 12 39 43.150 19205 35.52563 -96.77461 8.641 0.24
2011 11 27 12 43 47.884 19207 35.53084 -96.76809 5.751 -0.02
2011 11 27 13 56 1.270 19210 35.52816 -96.76729 3.142 0.99
2011 11 27 14 1 40.592 19211 35.52675 -96.76887 3.486 0.22
2011 11 27 14 6 18.066 19212 35.52692 -96.76900 3.418 0.17
2011 11 27 14 14 41.937 19213 35.51529 -96.77784 2.748 0.20
2011 11 27 14 40 41.674 19214 35.51618 -96.77868 2.929 0.49
2011 11 27 14 45 54.407 19215 35.51719 -96.78721 4.694 1.16
2011 11 27 15 6 35.441 19216 35.51187 -96.75770 5.184 -0.07
2011 11 27 15 24 33.453 19218 35.52774 -96.77095 5.768 -0.43
2011 11 27 15 54 27.228 19220 35.53092 -96.76833 5.772 0.26
2011 11 27 15 56 23.473 19221 35.53258 -96.75819 4.601 0.30
2011 11 27 16 8 10.665 19223 35.53016 -96.76060 5.059 0.74
2011 11 27 16 16 19.447 19224 35.53158 -96.75366 4.204 0.07
2011 11 27 16 40 26.391 19225 35.53065 -96.76130 4.907 0.87
2011 11 27 16 52 9.917 19227 35.52991 -96.76057 4.532 0.12
2011 11 27 17 8 43.859 19228 35.52863 -96.77112 5.238 0.11
2011 11 27 17 25 54.421 19231 35.53682 -96.75587 4.051 -0.01
2011 11 27 17 49 54.161 19232 35.52694 -96.77049 3.248 0.05
2011 11 27 18 29 7.957 19235 35.51850 -96.78428 4.489 0.06
2011 11 27 19 9 41.362 19236 35.53115 -96.76170 4.893 -0.09
2011 11 27 19 19 38.292 19237 35.53005 -96.76076 4.987 0.18
2011 11 27 19 21 38.112 19238 35.52735 -96.77089 5.592 -0.21
2011 11 27 19 36 49.985 19239 35.52975 -96.76048 5.309 -0.17
2011 11 27 19 56 4.765 19240 35.53004 -96.76096 5.116 -0.18
2011 11 27 20 18 30.543 19243 35.51746 -96.78314 4.448 0.49
2011 11 27 20 27 35.790 19245 35.52945 -96.75724 5.653 -0.22
2011 11 27 20 28 5.655 19246 35.52972 -96.76008 4.923 -0.17
2011 11 27 20 55 9.404 19247 35.52454 -96.77576 8.673 -0.10
2011 11 27 21 3 33.200 19248 35.53044 -96.77009 5.476 1.76
2011 11 27 21 6 27.539 19249 35.51673 -96.77827 3.073 0.01
2011 11 27 22 9 31.883 19253 35.51206 -96.75737 4.998 -0.57
2011 11 27 22 17 57.973 19254 35.51168 -96.78572 2.894 0.33
2011 11 27 22 24 57.610 19255 35.54789 -96.75392 4.339 1.49
2011 11 27 22 25 56.455 19256 35.53047 -96.76786 5.708 0.06
2011 11 27 22 29 48.736 19258 35.54736 -96.75415 4.349 0.01
2011 11 27 22 32 21.719 19259 35.54585 -96.75490 4.124 -0.12
2011 11 27 23 4 52.442 19260 35.51106 -96.75735 5.231 -0.38
2011 11 27 23 16 58.627 19261 35.51738 -96.77706 2.783 -0.03
2011 11 27 23 53 50.145 19262 35.54819 -96.75257 4.380 0.42
2011 11 28 0 0 18.969 19263 35.53055 -96.76775 5.233 0.15
2011 11 28 0 5 29.478 19265 35.53072 -96.76780 5.253 0.97
2011 11 28 0 11 1.929 19266 35.53068 -96.77057 5.536 -0.46
2011 11 28 0 15 26.235 19267 35.53045 -96.76179 4.958 -0.81
2011 11 28 0 29 15.605 19271 35.53077 -96.77006 5.516 -0.57
2011 11 28 1 16 7.011 19277 35.52425 -96.77008 2.889 -0.21
2011 11 28 1 16 54.614 19278 35.52988 -96.76034 5.291 -0.45
2011 11 28 1 28 11.367 19280 35.53086 -96.76915 5.590 -0.83
2011 11 28 1 28 31.842 19281 35.53370 -96.76083 4.222 -0.51
2011 11 28 1 33 30.451 19282 35.54240 -96.76046 2.982 -0.48
2011 11 28 1 41 25.236 19284 35.53030 -96.75981 5.022 -0.03
2011 11 28 1 49 48.147 19289 35.51825 -96.78465 4.212 -0.25
2011 11 28 1 51 52.496 19290 35.54550 -96.75512 4.025 -0.29
2011 11 28 1 55 17.880 19291 35.51114 -96.75759 5.138 1.07
2011 11 28 2 44 21.520 19301 35.51706 -96.78856 4.573 0.27
2011 11 28 2 46 52.434 19302 35.52914 -96.76987 5.496 -0.70
2011 11 28 3 20 51.863 19307 35.51146 -96.75782 5.062 -0.82
2011 11 28 3 34 21.405 19308 35.51899 -96.78513 5.063 -0.61
2011 11 28 3 59 14.865 19312 35.45407 -96.74432 3.549 -0.16
2011 11 28 3 59 20.347 19313 35.45371 -96.74346 3.629 -0.12
2011 11 28 4 4 13.617 19314 35.52793 -96.77080 5.711 0.22
2011 11 28 4 5 20.568 19315 35.52762 -96.77085 5.670 0.10
2011 11 28 4 6 39.366 19316 35.52986 -96.76833 5.186 0.55
2011 11 28 4 28 26.216 19318 35.53909 -96.75416 4.077 1.05
2011 11 28 4 29 18.513 19319 35.51676 -96.78597 4.672 0.29
2011 11 28 4 37 40.417 19320 35.54590 -96.75486 3.996 1.30
2011 11 28 4 46 0.212 19321 35.52340 -96.77272 2.965 -0.61
2011 11 28 4 52 0.252 19322 35.52767 -96.77103 5.773 -0.84
2011 11 28 5 1 41.350 19323 35.52626 -96.76964 3.297 0.21
2011 11 28 5 15 1.433 19324 35.52590 -96.77014 3.295 0.46
2011 11 28 5 15 11.036 19325 35.52603 -96.76938 3.283 0.48
2011 11 28 5 15 27.574 19326 35.52609 -96.77055 3.303 -0.63
2011 11 28 5 15 39.889 19327 35.52644 -96.77006 3.287 -0.12
2011 11 28 5 18 50.045 19329 35.52638 -96.76976 3.245 -0.41
2011 11 28 5 19 35.215 19330 35.52611 -96.77047 3.355 -0.27
2011 11 28 5 34 39.253 19331 35.52589 -96.76967 3.276 -0.68
2011 11 28 5 35 36.019 19332 35.51045 -96.75773 5.213 -0.93
2011 11 28 5 50 43.215 19333 35.53049 -96.76181 4.902 -1.06
2011 11 28 6 11 10.149 19335 35.52560 -96.76897 3.236 -0.05
2011 11 28 6 16 26.355 19336 35.52254 -96.77307 3.843 -0.41
2011 11 28 6 30 36.802 19339 35.52634 -96.76972 3.242 0.21
2011 11 28 6 32 12.686 19340 35.52613 -96.76976 3.261 0.19
2011 11 28 6 32 20.471 19341 35.52653 -96.76847 2.763 -0.07
2011 11 28 6 38 43.094 19342 35.52344 -96.77290 4.201 -0.29
2011 11 28 6 41 50.059 19343 35.52598 -96.76948 3.245 0.77
2011 11 28 6 42 15.107 19344 35.52581 -96.77032 3.302 -0.34
2011 11 28 6 43 21.519 19345 35.52609 -96.77032 3.258 -0.62
2011 11 28 6 44 54.311 19347 35.52647 -96.77041 3.247 -0.31
2011 11 28 6 45 4.431 19348 35.51792 -96.78720 5.483 0.31
2011 11 28 7 11 29.407 19353 35.52544 -96.76980 3.302 -0.25
2011 11 28 7 34 19.829 19355 35.53273 -96.76083 5.120 -0.21
2011 11 28 7 49 24.817 19357 35.53237 -96.76309 5.135 -0.41
2011 11 28 7 53 24.390 19358 35.53129 -96.76214 4.845 -0.64
2011 11 28 7 54 39.386 19359 35.53132 -96.76109 4.796 -0.63
2011 11 28 7 58 50.068 19360 35.50905 -96.75625 5.326 -0.46
2011 11 28 8 11 57.612 19361 35.53062 -96.76944 5.414 1.47
2011 11 28 8 19 7.647 19364 35.53058 -96.76835 5.415 -0.82
2011 11 28 8 20 13.717 19366 35.51675 -96.77788 2.799 0.54
2011 11 28 8 20 58.659 19367 35.51691 -96.77793 2.994 -0.37
2011 11 28 8 22 20.845 19368 35.53119 -96.76195 4.753 -1.09
2011 11 28 8 23 9.941 19369 35.55248 -96.75141 2.815 0.64
2011 11 28 8 24 22.580 19370 35.53123 -96.76177 4.678 -1.06
2011 11 28 8 28 37.180 19372 35.52379 -96.77301 4.042 -0.30
2011 11 28 8 43 32.818 19378 35.55294 -96.75102 2.856 0.45
2011 11 28 8 52 28.434 19379 35.52347 -96.77295 4.169 0.01
2011 11 28 9 15 19.548 19381 35.45715 -96.74177 3.805 -0.17
2011 11 28 9 26 26.078 19383 35.51720 -96.78480 8.270 0.37
2011 11 28 9 59 10.170 19388 35.52333 -96.77313 4.244 -0.21
2011 11 28 10 10 39.869 19390 35.53080 -96.76090 4.748 -0.65
2011 11 28 10 16 28.021 19391 35.54618 -96.75596 4.002 -0.83
2011 11 28 10 20 2.257 19392 35.52290 -96.77321 4.037 -0.35
2011 11 28 10 20 25.095 19393 35.52342 -96.77287 4.223 0.23
2011 11 28 10 20 54.856 19394 35.52311 -96.77262 4.051 -0.29
2011 11 28 10 48 25.666 19395 35.52367 -96.77228 4.286 -0.18
2011 11 28 10 55 36.771 19396 35.52354 -96.77235 4.184 0.99
2011 11 28 10 55 51.235 19397 35.52388 -96.77241 4.210 1.31
2011 11 28 10 55 58.803 19398 35.52356 -96.77227 4.158 0.83
2011 11 28 10 58 47.019 19399 35.50605 -96.80434 6.219 -0.17
2011 11 28 10 58 57.156 19400 35.53524 -96.76188 3.764 0.22
2011 11 28 11 1 7.230 19401 35.53069 -96.76063 4.802 -0.69
2011 11 28 11 1 21.633 19402 35.53484 -96.76016 5.085 -0.36
2011 11 28 11 15 31.575 19403 35.52389 -96.77111 4.286 -0.33
2011 11 28 11 16 46.769 19404 35.53510 -96.76243 3.945 -0.34
2011 11 28 11 24 50.609 19406 35.52332 -96.77251 4.437 0.08
2011 11 28 11 33 20.314 19407 35.52350 -96.77243 4.332 -0.31
2011 11 28 11 33 31.753 19408 35.52535 -96.77174 4.143 0.04
2011 11 28 11 34 49.876 19410 35.52386 -96.77223 4.190 -0.09
2011 11 28 11 37 54.026 19411 35.53106 -96.76979 5.471 -0.20
2011 11 28 11 42 25.089 19412 35.52338 -96.77247 4.305 0.13
2011 11 28 11 45 43.534 19414 35.52383 -96.77264 4.288 -0.22
2011 11 28 12 1 54.145 19415 35.52429 -96.77114 4.380 0.71
2011 11 28 12 2 29.211 19417 35.52431 -96.77134 4.441 -0.26
2011 11 28 12 36 45.393 19421 35.53045 -96.76753 5.145 0.89
2011 11 28 13 20 5.619 19424 35.53102 -96.77012 5.508 -0.06
2011 11 28 13 45 57.469 19426 35.53017 -96.76070 4.629 -0.58
2011 11 28 13 59 38.411 19428 35.53406 -96.75509 4.448 -0.40
2011 11 28 14 2 55.878 19429 35.55293 -96.75039 2.796 0.94
2011 11 28 14 18 44.792 19430 35.53121 -96.76215 4.754 0.69
2011 11 28 14 32 59.999 19432 35.55321 -96.75046 2.877 1.15
2011 11 28 14 39 37.022 19433 35.55276 -96.75084 2.842 0.44
2011 11 28 14 44 33.474 19434 35.55267 -96.75181 2.581 0.17
2011 11 28 14 46 9.182 19435 35.52401 -96.77183 4.252 0.29
2011 11 28 14 47 16.803 19436 35.52263 -96.77022 3.553 0.58
2011 11 28 15 0 10.243 19438 35.53118 -96.75987 4.916 0.02
2011 11 28 15 5 41.449 19439 35.52887 -96.76632 3.748 -0.35
2011 11 28 15 22 25.573 19440 35.52436 -96.77133 4.142 -0.05
2011 11 28 15 26 44.895 19442 35.52423 -96.77057 3.661 0.92
2011 11 28 15 40 47.659 19443 35.51690 -96.78713 4.781 -0.01
2011 11 28 15 43 7.525 19445 35.53119 -96.76154 4.758 -0.38
2011 11 28 16 2 40.682 19447 35.53048 -96.76887 5.189 -0.38
2011 11 28 16 15 34.082 19448 35.53059 -96.76844 5.097 -0.04
2011 11 28 16 30 19.756 19450 35.51102 -96.75827 5.442 0.02
2011 11 28 16 30 48.639 19451 35.51128 -96.75761 5.206 -0.20
2011 11 28 17 13 44.360 19453 35.52371 -96.77238 4.090 0.38
2011 11 28 17 26 57.642 19454 35.52385 -96.77173 4.116 0.04
2011 11 28 17 32 43.561 19455 35.51802 -96.78519 5.325 -0.00
2011 11 28 17 48 13.975 19456 35.51114 -96.75834 5.026 -0.39
2011 11 28 17 52 26.074 19457 35.52380 -96.77205 4.187 0.15
2011 11 28 18 21 0.835 19459 35.52435 -96.77128 4.180 -0.04
2011 11 28 18 56 42.584 19461 35.52381 -96.77203 4.161 0.26
2011 11 28 19 24 57.778 19462 35.51631 -96.77886 2.930 0.42
2011 11 28 19 33 3.826 19463 35.52789 -96.76730 5.183 -0.22
2011 11 28 19 58 23.426 19465 35.51061 -96.75825 5.097 -0.60
2011 11 28 20 50 16.222 19467 35.53250 -96.76387 4.077 -0.34
2011 11 28 21 26 57.940 19469 35.53035 -96.76333 4.975 -0.50
2011 11 28 21 29 25.072 19470 35.51739 -96.77806 2.966 0.14
2011 11 28 21 50 53.123 19471 35.52756 -96.76846 4.655 -0.03
2011 11 28 22 44 12.537 19472 35.51779 -96.76171 5.250 -0.33
2011 11 28 22 48 27.813 19473 35.52782 -96.77108 5.413 0.28
2011 11 28 22 58 57.715 19474 35.52803 -96.77100 5.440 0.24
2011 11 28 23 4 47.682 19475 35.55278 -96.75103 2.762 1.05
2011 11 28 23 17 25.210 19476 35.52850 -96.76567 4.695 0.26
2011 11 29 0 0 56.486 19478 35.52511 -96.77027 4.452 -0.09
2011 11 29 0 4 39.298 19479 35.52868 -96.76818 3.148 0.66
2011 11 29 0 13 26.155 19480 35.51084 -96.75779 5.047 -0.51
2011 11 29 0 15 18.679 19482 35.53166 -96.76556 5.195 -0.31
2011 11 29 0 15 25.520 19483 35.53165 -96.76548 5.237 0.52
2011 11 29 0 15 40.158 19484 35.53194 -96.76566 5.232 0.07
2011 11 29 0 33 8.238 19487 35.54810 -96.75377 4.255 0.69
2011 11 29 0 35 20.910 19488 35.52470 -96.77089 4.386 -0.30
2011 11 29 0 39 12.204 19491 35.55274 -96.75173 2.630 0.10
2011 11 29 0 46 38.540 19492 35.53094 -96.76798 5.349 0.32
2011 11 29 0 49 34.940 19493 35.51690 -96.78673 4.703 0.46
2011 11 29 1 3 42.122 19494 35.51582 -96.77949 3.294 -0.15
2011 11 29 1 23 44.125 19497 35.53035 -96.76257 5.801 -0.52
2011 11 29 1 25 25.209 19498 35.55257 -96.75146 2.832 0.58
2011 11 29 1 28 51.660 19499 35.52813 -96.77074 5.616 -0.32
2011 11 29 2 2 8.239 19502 35.54226 -96.76038 2.990 -0.40
2011 11 29 2 9 39.585 19503 35.55279 -96.75091 2.793 1.25
2011 11 29 2 46 57.684 19507 35.52315 -96.77722 4.877 0.88
2011 11 29 2 53 36.092 19508 35.53534 -96.76014 4.321 -0.24
2011 11 29 2 57 1.025 19510 35.53557 -96.76116 4.204 0.67
2011 11 29 2 57 52.378 19511 35.53536 -96.76151 3.696 -0.43
2011 11 29 3 3 22.057 19512 35.53684 -96.75984 4.175 1.10
2011 11 29 3 4 35.799 19513 35.52661 -96.76815 3.916 -0.41
2011 11 29 3 23 5.286 19516 35.48017 -96.85184 3.715 -0.11
2011 11 29 3 25 45.417 19517 35.51584 -96.77952 3.058 0.45
2011 11 29 3 26 1.141 19518 35.53271 -96.75888 4.557 -0.41
2011 11 29 3 42 10.680 19521 35.53042 -96.76180 4.745 -0.41
2011 11 29 3 45 14.311 19522 35.51820 -96.78579 5.945 0.48
2011 11 29 3 46 31.477 19523 35.51718 -96.78724 8.465 1.47
2011 11 29 3 50 42.027 19526 35.52318 -96.77295 4.016 -0.32
2011 11 29 3 59 30.484 19529 35.51814 -96.78498 5.267 -0.38
2011 11 29 4 9 49.028 19530 35.53087 -96.76881 5.174 -0.34
2011 11 29 4 51 5.265 19536 35.53088 -96.76976 5.307 0.23
2011 11 29 5 2 25.504 19537 35.52201 -96.76878 2.826 -0.52
2011 11 29 5 6 59.149 19538 35.51823 -96.78633 5.795 -0.07
2011 11 29 5 41 19.261 19540 35.53096 -96.75968 5.358 -0.96
2011 11 29 6 15 0.252 19548 35.53009 -96.76062 5.003 -0.37
2011 11 29 6 22 27.409 19553 35.51221 -96.78924 3.608 -0.13
2011 11 29 6 28 24.444 19556 35.53080 -96.76048 4.438 -0.54
2011 11 29 7 14 9.886 19559 35.51084 -96.75773 5.404 1.37
2011 11 29 7 32 35.657 19560 35.51825 -96.78405 5.194 0.58
2011 11 29 7 41 37.471 19564 35.53129 -96.76869 5.808 -0.15
2011 11 29 8 29 38.665 19567 35.51119 -96.75764 5.166 -0.46
2011 11 29 8 30 31.734 19568 35.51042 -96.75752 5.147 -0.40
2011 11 29 8 32 20.920 19569 35.51148 -96.78731 2.893 0.93
2011 11 29 8 52 17.213 19574 35.53285 -96.75958 4.468 -0.31
2011 11 29 8 53 45.240 19575 35.53328 -96.75943 4.598 1.43
2011 11 29 9 13 29.691 19578 35.51728 -96.78784 8.719 -0.11
2011 11 29 9 22 58.229 19581 35.53007 -96.76984 5.378 1.46
2011 11 29 9 23 41.456 19582 35.53009 -96.76920 5.292 1.37
2011 11 29 9 24 2.402 19583 35.53000 -96.76864 5.401 0.53
2011 11 29 9 26 46.880 19584 35.53084 -96.76814 5.418 -0.05
2011 11 29 9 29 43.022 19585 35.52933 -96.76854 5.272 -0.95
2011 11 29 9 34 7.337 19586 35.53068 -96.76107 4.689 -0.12
2011 11 29 9 38 53.980 19587 35.51608 -96.77851 2.657 -0.35
2011 11 29 9 48 5.700 19590 35.52811 -96.77068 5.336 0.03
2011 11 29 9 54 52.833 19591 35.52640 -96.77292 5.602 0.21
2011 11 29 9 56 42.858 19592 35.52837 -96.77105 5.378 -0.07
2011 11 29 9 59 17.006 19593 35.51786 -96.78533 6.451 -0.49
2011 11 29 10 0 15.526 19594 35.52608 -96.76940 4.592 -0.42
2011 11 29 10 0 22.486 19595 35.53074 -96.76835 5.439 0.58
2011 11 29 10 5 38.674 19596 35.52925 -96.77013 5.337 0.90
2011 11 29 10 13 31.088 19599 35.51769 -96.78543 5.258 -0.62
2011 11 29 10 20 37.776 19602 35.51832 -96.78757 5.389 0.07
2011 11 29 10 22 26.542 19603 35.52868 -96.77149 5.089 -0.06
2011 11 29 10 25 36.833 19604 35.51131 -96.75765 5.101 -0.14
2011 11 29 10 27 16.103 19605 35.51825 -96.78454 4.491 -0.10
2011 11 29 10 40 19.252 19610 35.51793 -96.78497 5.124 0.35
2011 11 29 10 55 30.120 19611 35.52865 -96.76668 5.779 0.06
2011 11 29 10 59 20.890 19612 35.52922 -96.76480 5.391 -0.63
2011 11 29 11 1 35.663 19614 35.52916 -96.76543 5.284 -0.27
2011 11 29 11 32 43.070 19616 35.52524 -96.76971 3.693 0.54
2011 11 29 11 35 50.402 19617 35.52535 -96.76941 3.691 -0.17
2011 11 29 11 36 28.396 19618 35.52494 -96.77018 3.654 0.30
2011 11 29 13 13 21.894 19622 35.55284 -96.75112 2.469 1.00
2011 11 29 13 44 9.100 19623 35.52735 -96.77193 5.355 0.53
2011 11 29 14 57 36.999 19625 35.52333 -96.76204 2.600 -0.28
2011 11 29 15 19 11.927 19626 35.52857 -96.76551 4.713 1.54
2011 11 29 15 46 56.274 19628 35.52864 -96.76570 4.693 0.35
2011 11 29 16 47 40.956 19630 35.52466 -96.77547 3.966 0.06
2011 11 29 17 11 44.342 19632 35.53710 -96.76275 4.372 0.78
2011 11 29 18 47 7.876 19635 35.52711 -96.78532 4.281 -0.39
2011 11 29 18 49 23.837 19636 35.53101 -96.77087 5.569 -0.41
2011 11 29 18 53 23.780 19637 35.52813 -96.77071 5.630 0.21
2011 11 29 19 11 2.649 19638 35.53255 -96.76154 6.492 -0.56
2011 11 29 20 2 21.813 19639 35.53024 -96.76903 5.347 -0.48
2011 11 29 21 25 13.628 19643 35.53105 -96.76781 5.745 1.01
2011 11 29 21 45 51.431 19644 35.45400 -96.74400 3.640 0.49
2011 11 29 22 26 0.543 19645 35.45426 -96.74472 3.482 0.13
2011 11 29 22 32 55.445 19648 35.45411 -96.74442 3.490 0.69
2011 11 29 22 37 16.839 19649 35.45417 -96.74395 3.580 0.13
2011 11 29 22 38 31.653 19650 35.52721 -96.77094 4.447 -0.23
2011 11 29 23 3 40.883 19651 35.51110 -96.75856 5.386 -0.13
2011 11 29 23 42 8.431 19652 35.53570 -96.75805 4.771 0.11
2011 11 30 0 22 31.468 19655 35.52000 -96.78256 5.291 0.03
2011 11 30 0 25 22.849 19656 35.51135 -96.75735 5.154 -0.66
2011 11 30 0 31 17.588 19657 35.52020 -96.78222 5.291 -0.18
2011 11 30 0 33 15.712 19658 35.52656 -96.76344 5.384 0.03
2011 11 30 0 39 24.191 19661 35.53041 -96.76928 5.452 -0.18
2011 11 30 0 45 20.467 19663 35.51621 -96.77862 3.314 -0.19
2011 11 30 0 58 1.124 19665 35.51596 -96.77899 2.838 0.05
2011 11 30 1 5 29.861 19666 35.52852 -96.76559 4.677 0.17
2011 11 30 1 14 20.468 19668 35.51717 -96.78827 5.992 0.61
2011 11 30 1 24 0.269 19669 35.45390 -96.74461 3.530 0.17
2011 11 30 1 40 26.867 19671 35.45869 -96.74034 3.604 -0.26
2011 11 30 1 43 5.208 19672 35.52856 -96.76703 4.839 0.33
2011 11 30 1 48 40.435 19674 35.53075 -96.76057 4.434 -0.58
2011 11 30 2 30 49.116 19679 35.52046 -96.77341 3.000 1.46
2011 11 30 2 32 7.177 19680 35.52027 -96.77373 2.924 -0.15
2011 11 30 3 39 10.735 19685 35.54356 -96.76019 3.216 -0.77
2011 11 30 3 49 39.827 19686 35.53094 -96.76866 5.173 -0.59
2011 11 30 4 40 53.109 19690 35.52987 -96.77012 5.879 -0.18
2011 11 30 4 47 6.183 19691 35.52888 -96.77086 5.338 -0.53
2011 11 30 4 53 54.879 19693 35.53132 -96.76866 5.293 -0.82
2011 11 30 5 6 40.922 19695 35.45394 -96.74242 3.718 -0.30
2011 11 30 5 13 54.022 19697 35.52186 -96.77229 3.265 0.16
2011 11 30 5 33 20.875 19699 35.51809 -96.78466 4.214 1.72
2011 11 30 5 52 50.807 19700 35.51035 -96.75897 5.309 -0.25
2011 11 30 6 1 17.118 19701 35.53102 -96.76306 5.777 -0.19
2011 11 30 6 8 42.060 19702 35.50166 -96.80993 5.209 -0.16
2011 11 30 6 39 7.576 19708 35.53043 -96.76197 4.858 0.07
2011 11 30 6 42 57.995 19710 35.53024 -96.76007 4.420 -0.04
2011 11 30 6 47 23.630 19711 35.53099 -96.76991 5.183 -0.12
2011 11 30 6 50 37.767 19712 35.51607 -96.77950 3.063 -0.20
2011 11 30 7 5 10.241 19715 35.53084 -96.76156 4.874 -0.67
2011 11 30 7 12 30.997 19718 35.51030 -96.75802 5.238 -0.68
2011 11 30 7 59 25.993 19724 35.45364 -96.74453 3.640 0.13
2011 11 30 8 2 29.935 19726 35.52742 -96.77131 5.346 0.10
2011 11 30 8 9 1.784 19727 35.45415 -96.74202 4.075 -0.32
2011 11 30 8 27 44.241 19729 35.51757 -96.78642 5.457 -0.34
2011 11 30 8 38 58.665 19730 35.53176 -96.76982 5.547 -0.55
2011 11 30 8 57 23.771 19731 35.52836 -96.77031 5.542 1.46
2011 11 30 8 58 14.420 19732 35.52835 -96.77091 5.343 1.09
2011 11 30 9 0 1.831 19733 35.52791 -96.77034 5.349 -0.25
2011 11 30 9 3 49.821 19735 35.52747 -96.77043 5.338 -0.53
2011 11 30 9 5 35.842 19736 35.52867 -96.76997 5.457 -0.34
2011 11 30 9 18 38.400 19739 35.52273 -96.77328 3.293 -0.47
2011 11 30 9 24 12.306 19740 35.52687 -96.77187 5.333 0.38
2011 11 30 9 30 25.867 19742 35.52266 -96.77371 4.089 -0.18
2011 11 30 9 31 20.064 19743 35.52267 -96.77513 4.075 -0.28
2011 11 30 9 32 56.277 19744 35.52299 -96.77305 4.107 -0.13
2011 11 30 9 35 29.629 19745 35.52285 -96.77176 3.836 0.09
2011 11 30 9 35 45.627 19746 35.52797 -96.77102 5.425 -0.57
2011 11 30 9 36 33.987 19747 35.52793 -96.77271 5.439 -0.09
2011 11 30 9 38 1.903 19748 35.52442 -96.77115 8.207 0.52
2011 11 30 9 56 53.864 19752 35.51986 -96.77383 7.513 -0.29
2011 11 30 9 58 43.965 19754 35.53085 -96.75475 4.329 -0.63
2011 11 30 10 1 44.840 19755 35.52656 -96.76864 3.305 0.39
2011 11 30 10 10 6.999 19757 35.52671 -96.76931 3.352 0.16
2011 11 30 10 15 3.036 19758 35.51068 -96.75802 5.292 0.94
2011 11 30 10 26 24.633 19759 35.53246 -96.76166 4.127 0.18
2011 11 30 10 27 43.916 19760 35.52296 -96.77159 3.929 -0.38
2011 11 30 10 44 6.693 19761 35.54319 -96.75232 4.084 -0.43
2011 11 30 10 51 24.809 19762 35.52294 -96.76961 3.453 0.01
2011 11 30 11 26 56.484 19766 35.51072 -96.75975 5.253 0.08
2011 11 30 11 36 27.929 19767 35.45398 -96.74441 3.556 0.21
2011 11 30 11 38 6.248 19768 35.55731 -96.74780 2.545 0.79
2011 11 30 11 51 20.873 19769 35.52210 -96.77560 4.010 -0.05
2011 11 30 11 53 31.155 19770 35.52331 -96.77256 3.766 0.08
2011 11 30 11 58 23.889 19772 35.51699 -96.77736 2.802 0.77
2011 11 30 11 59 13.170 19773 35.51710 -96.77718 2.852 -0.14
2011 11 30 12 2 16.660 19774 35.51719 -96.77743 2.824 -0.26
2011 11 30 12 6 15.353 19775 35.52705 -96.77071 6.217 0.68
2011 11 30 12 9 23.999 19776 35.52752 -96.77052 5.608 -0.09
2011 11 30 12 15 58.336 19777 35.51706 -96.77801 2.804 -0.19
2011 11 30 12 18 6.762 19778 35.51689 -96.77766 2.890 0.50
2011 11 30 12 19 15.583 19779 35.51700 -96.77777 3.045 -0.30
2011 11 30 12 47 50.027 19782 35.51665 -96.77835 2.814 -0.12
2011 11 30 13 13 24.804 19784 35.52118 -96.77976 5.212 0.11
2011 11 30 13 16 57.983 19787 35.53394 -96.76195 4.305 0.22
2011 11 30 13 32 2.694 19789 35.52194 -96.77897 5.086 -0.35
2011 11 30 13 36 57.509 19791 35.52997 -96.76676 5.823 -0.06
2011 11 30 13 52 38.381 19794 35.52316 -96.77407 4.023 -0.33
2011 11 30 13 58 49.888 19795 35.53088 -96.76171 4.082 0.18
2011 11 30 14 16 41.918 19796 35.52192 -96.77848 5.079 -0.03
2011 11 30 14 44 42.283 19799 35.52710 -96.77188 5.359 0.51
2011 11 30 14 46 2.943 19800 35.54971 -96.75473 3.827 0.19
2011 11 30 14 47 55.570 19804 35.53048 -96.76980 5.446 0.53
2011 11 30 14 52 58.929 19805 35.52814 -96.77092 5.374 0.56
2011 11 30 14 59 21.059 19807 35.52781 -96.77156 5.357 1.32
2011 11 30 15 2 3.191 19809 35.52846 -96.76982 5.351 0.34
2011 11 30 15 7 54.339 19810 35.45408 -96.74457 3.460 0.51
2011 11 30 15 8 43.291 19811 35.52551 -96.77018 7.235 0.19
2011 11 30 15 17 54.287 19812 35.52735 -96.77092 5.230 0.72
2011 11 30 15 23 10.209 19815 35.52744 -96.77146 5.320 0.60
2011 11 30 15 42 29.115 19816 35.53501 -96.76879 8.832 0.31
2011 11 30 15 47 59.074 19817 35.53122 -96.76177 4.776 -0.35
2011 11 30 16 8 14.419 19818 35.54590 -96.75086 3.838 0.11
2011 11 30 16 21 56.486 19819 35.52859 -96.77032 5.280 1.12
2011 11 30 16 44 26.946 19822 35.52667 -96.77209 5.788 0.64
2011 11 30 17 2 19.751 19824 35.45426 -96.74367 3.608 0.25
2011 11 30 17 9 9.525 19825 35.52598 -96.76986 3.015 -0.33
2011 11 30 17 17 9.104 19826 35.52752 -96.77121 5.272 0.80
2011 11 30 17 45 2.195 19829 35.52786 -96.77033 5.240 0.38
2011 11 30 17 45 40.461 19830 35.52784 -96.77062 5.278 1.39
2011 11 30 17 48 15.718 19831 35.47839 -96.85357 4.279 1.23
2011 11 30 18 4 39.846 19832 35.52585 -96.76913 4.474 0.26
2011 11 30 18 10 25.042 19833 35.52610 -96.76853 4.650 0.49
2011 11 30 18 10 39.176 19834 35.52604 -96.76873 4.650 0.43
2011 11 30 18 15 36.883 19835 35.51134 -96.75806 5.122 -0.24
2011 11 30 18 20 48.533 19836 35.53340 -96.75960 4.444 1.39
2011 11 30 18 25 39.686 19837 35.45406 -96.74463 3.368 0.15
2011 11 30 18 31 2.709 19838 35.45424 -96.74522 3.367 0.13
2011 11 30 18 46 6.410 19840 35.45472 -96.74395 3.412 0.78
2011 11 30 18 46 19.772 19841 35.45457 -96.74431 3.401 1.30
2011 11 30 18 48 26.519 19843 35.45426 -96.74466 3.414 1.65
2011 11 30 19 1 33.022 19848 35.45375 -96.74539 3.559 0.61
2011 11 30 19 9 52.679 19849 35.45389 -96.74522 3.388 1.16
2011 11 30 19 10 54.388 19850 35.45371 -96.74563 3.320 0.69
2011 11 30 19 28 8.107 19851 35.45467 -96.74409 3.483 0.93
2011 11 30 19 31 11.351 19852 35.54636 -96.75632 4.022 0.45
2011 11 30 19 34 36.915 19853 35.45448 -96.74069 3.619 0.10
2011 11 30 19 41 45.721 19856 35.53083 -96.77058 5.191 0.19
2011 11 30 19 55 15.254 19857 35.45477 -96.74338 3.358 0.56
2011 11 30 19 55 32.303 19858 35.52762 -96.77105 5.576 -0.15
2011 11 30 20 9 51.495 19860 35.45411 -96.74486 3.427 1.46
2011 11 30 20 10 16.577 19861 35.45361 -96.74382 3.486 0.43
2011 11 30 20 16 44.247 19864 35.45416 -96.74617 3.360 0.17
2011 11 30 20 19 52.393 19865 35.53127 -96.76801 5.766 0.28
2011 11 30 20 47 7.948 19868 35.45520 -96.74136 3.639 0.35
2011 11 30 20 52 30.333 19870 35.52789 -96.77015 5.339 0.39
2011 11 30 20 56 31.587 19872 35.52720 -96.76859 4.705 0.98
2011 11 30 21 2 42.765 19873 35.51172 -96.75778 4.996 -0.44
2011 11 30 21 7 18.336 19874 35.51166 -96.75809 4.971 -0.45
2011 11 30 21 13 13.706 19875 35.53112 -96.76220 4.747 0.88
2011 11 30 21 52 11.106 19877 35.53074 -96.76063 4.862 0.16
2011 11 30 21 58 16.307 19879 35.52730 -96.77077 5.361 0.48
2011 11 30 22 0 39.216 19881 35.52215 -96.77358 3.693 1.04
2011 11 30 22 8 52.585 19882 35.51134 -96.75737 5.191 0.15
2011 11 30 22 17 51.993 19884 35.52818 -96.77063 5.648 0.41
2011 11 30 22 45 41.938 19886 35.53135 -96.76177 4.783 -0.62
2011 11 30 23 3 30.508 19887 35.53100 -96.76092 4.927 -0.61
2011 11 30 23 14 30.297 19888 35.52195 -96.77536 3.984 0.86
2011 12 1 0 14 9.219 19892 35.52626 -96.76953 3.200 1.14
2011 12 1 0 59 57.343 19900 35.50990 -96.75938 5.391 -0.48
2011 12 1 1 2 8.762 19901 35.51699 -96.77830 2.622 0.63
2011 12 1 1 9 18.018 19904 35.51996 -96.77503 3.545 1.08
2011 12 1 1 19 54.723 19906 35.45399 -96.74520 3.653 0.34
2011 12 1 1 26 42.893 19907 35.45449 -96.74393 3.416 0.11
2011 12 1 1 52 57.962 19909 35.52352 -96.77156 3.977 -0.43
2011 12 1 1 54 0.847 19910 35.52263 -96.77634 4.253 -0.45
2011 12 1 2 19 53.211 19913 35.52913 -96.76983 5.429 0.21
2011 12 1 2 26 51.046 19915 35.45342 -96.74391 3.624 0.12
2011 12 1 4 7 20.182 19923 35.53950 -96.74258 3.949 -0.47
2011 12 1 4 28 33.805 19924 35.51079 -96.75900 5.365 -0.13
2011 12 1 4 31 44.118 19925 35.55228 -96.75113 2.824 0.36
2011 12 1 4 45 32.625 19926 35.52170 -96.77287 3.132 1.42
2011 12 1 4 54 15.227 19927 35.52168 -96.77330 3.113 -0.62
2011 12 1 6 29 21.003 19936 35.52795 -96.77081 5.902 -0.44
2011 12 1 6 37 6.067 19938 35.53677 -96.76182 3.654 -0.34
2011 12 1 6 41 55.726 19939 35.52879 -96.76670 5.025 -0.71
2011 12 1 6 46 3.329 19940 35.54318 -96.76017 2.977 0.12
2011 12 1 6 52 38.403 19941 35.53777 -96.75641 4.345 -0.79
2011 12 1 6 57 37.693 19943 35.51853 -96.78574 5.195 -0.18
2011 12 1 7 13 43.062 19944 35.53069 -96.76635 4.953 -0.53
2011 12 1 7 15 7.189 19945 35.46127 -96.73717 3.562 0.59
2011 12 1 7 27 21.136 19947 35.51459 -96.78857 3.968 0.23
2011 12 1 7 36 45.531 19949 35.52214 -96.77428 4.042 0.29
2011 12 1 7 49 35.583 19951 35.52650 -96.76867 3.481 -0.07
2011 12 1 7 54 53.779 19952 35.53060 -96.76101 4.482 0.14
2011 12 1 8 2 22.361 19953 35.53086 -96.76162 4.572 -0.74
2011 12 1 8 12 58.320 19954 35.51654 -96.77849 2.991 -0.20
2011 12 1 8 57 47.455 19957 35.54164 -96.75880 4.483 0.19
2011 12 1 8 58 28.704 19958 35.51775 -96.78589 5.362 -0.43
2011 12 1 9 7 30.751 19959 35.53206 -96.76330 4.003 -0.40
2011 12 1 9 15 11.324 19961 35.53009 -96.75961 4.101 -0.27
2011 12 1 9 25 29.522 19962 35.52201 -96.77308 3.125 0.40
2011 12 1 9 26 3.375 19963 35.50026 -96.80947 3.957 0.74
2011 12 1 9 26 22.123 19964 35.45350 -96.74618 3.148 0.42
2011 12 1 9 29 45.473 19965 35.53456 -96.75880 4.811 0.55
2011 12 1 9 48 0.294 19968 35.53291 -96.76454 5.774 0.06
2011 12 1 9 49 4.752 19969 35.52609 -96.77290 5.673 0.19
2011 12 1 9 57 23.961 19971 35.52836 -96.76981 5.412 -0.94
2011 12 1 10 20 59.750 19974 35.52817 -96.77063 5.313 -0.27
2011 12 1 10 21 17.575 19975 35.54181 -96.76094 2.954 -0.15
2011 12 1 10 22 10.801 19976 35.53022 -96.76707 8.943 1.08
2011 12 1 10 24 57.197 19977 35.54417 -96.76017 3.030 -0.50
2011 12 1 10 25 44.991 19978 35.54363 -96.75973 2.975 -0.58
2011 12 1 10 27 57.970 19979 35.54300 -96.76064 3.517 -0.67
2011 12 1 10 46 59.474 19982 35.54391 -96.76034 2.957 -0.42
2011 12 1 10 51 24.079 19983 35.51847 -96.78839 3.802 0.25
2011 12 1 10 57 29.664 19984 35.54324 -96.75856 3.041 -0.37
2011 12 1 10 58 16.234 19985 35.54361 -96.75897 3.075 -0.30
2011 12 1 10 59 7.970 19986 35.54283 -96.76052 3.090 -0.54
2011 12 1 11 6 28.047 19987 35.51848 -96.78853 3.818 0.26
2011 12 1 11 9 40.797 19988 35.53914 -96.76114 4.737 -0.36
2011 12 1 11 47 44.003 19992 35.51860 -96.78405 5.290 -0.46
2011 12 1 11 52 40.317 19994 35.52750 -96.77122 5.381 -0.30
2011 12 1 11 54 36.153 19995 35.52283 -96.77102 3.531 -0.28
2011 12 1 13 17 43.168 19996 35.52786 -96.77054 5.638 0.06
2011 12 1 13 59 37.748 19998 35.51699 -96.77767 2.850 -0.13
2011 12 1 14 8 5.116 19999 35.53938 -96.74260 4.042 0.61
2011 12 1 14 16 31.224 20000 35.51206 -96.78159 2.885 0.60
2011 12 1 15 0 36.067 20002 35.45559 -96.74259 3.405 0.72
2011 12 1 15 32 33.676 20003 35.53170 -96.75956 4.849 0.30
2011 12 1 16 14 21.189 20005 35.53131 -96.76200 4.779 -0.46
2011 12 1 16 27 37.930 20006 35.54519 -96.75580 3.903 0.53
2011 12 1 17 42 16.585 20007 35.54686 -96.75390 4.309 0.21
2011 12 1 18 11 30.022 20008 35.53299 -96.75741 5.150 0.09
2011 12 1 18 25 11.534 20010 35.52964 -96.76447 5.368 0.12
2011 12 1 18 27 19.439 20011 35.52963 -96.76454 5.309 0.23
2011 12 1 18 44 42.026 20013 35.52985 -96.76394 5.495 -0.02
2011 12 1 20 10 48.218 20015 35.45484 -96.74371 3.470 1.05
2011 12 1 21 27 1.301 20016 35.52918 -96.76980 5.476 -0.10
2011 12 2 0 2 21.079 20019 35.51836 -96.78503 4.540 0.05
2011 12 2 0 25 56.069 20022 35.52921 -96.75992 4.637 -0.51
2011 12 2 0 34 33.555 20024 35.53104 -96.76240 4.880 -0.57
2011 12 2 0 57 56.162 20027 35.53004 -96.76973 5.297 -0.48
2011 12 2 1 9 9.688 20028 35.53043 -96.76863 5.617 -0.73
2011 12 2 1 13 1.788 20029 35.54107 -96.76103 3.349 0.46
2011 12 2 1 38 45.577 20034 35.52495 -96.77102 4.480 0.09
2011 12 2 1 40 33.507 20035 35.53202 -96.76990 5.516 -0.79
2011 12 2 2 9 48.851 20038 35.52481 -96.77107 4.490 -0.16
2011 12 2 2 12 39.277 20039 35.52899 -96.77059 5.375 -0.15
2011 12 2 2 22 29.645 20041 35.52744 -96.77181 5.340 0.35
2011 12 2 2 23 35.623 20042 35.52771 -96.77039 5.668 -0.22
2011 12 2 2 28 26.912 20043 35.53128 -96.76152 4.659 -0.41
2011 12 2 2 30 39.742 20044 35.53022 -96.76287 5.036 -0.70
2011 12 2 3 2 43.008 20049 35.52729 -96.77174 5.372 -0.25
2011 12 2 3 18 53.431 20052 35.53055 -96.76849 5.333 -0.75
2011 12 2 3 49 10.808 20055 35.52394 -96.77725 4.598 0.23
2011 12 2 4 1 20.201 20056 35.52731 -96.76875 3.258 -0.29
2011 12 2 4 7 4.673 20057 35.53590 -96.75759 4.847 0.29
2011 12 2 5 10 0.736 20061 35.51768 -96.78378 4.327 0.10
2011 12 2 5 11 40.618 20062 35.52103 -96.78504 5.415 -0.56
2011 12 2 5 26 17.572 20063 35.52591 -96.77138 5.024 0.09
2011 12 2 5 40 10.135 20064 35.52702 -96.77218 5.997 1.25
2011 12 2 6 21 33.463 20066 35.52000 -96.77318 2.952 -0.41
2011 12 2 6 22 37.920 20067 35.51746 -96.77704 2.761 0.49
2011 12 2 6 23 0.482 20068 35.51688 -96.77699 2.878 -0.15
2011 12 2 6 24 51.730 20069 35.52502 -96.77102 4.407 0.00
2011 12 2 6 26 11.510 20070 35.52514 -96.77162 4.439 -0.42
2011 12 2 6 33 54.420 20071 35.53137 -96.75780 4.372 0.29
2011 12 2 6 34 17.946 20072 35.51715 -96.77772 2.825 -0.00
2011 12 2 7 29 40.534 20077 35.52719 -96.77168 5.373 -0.53
2011 12 2 7 39 45.120 20079 35.52323 -96.77202 3.853 -0.38
2011 12 2 9 9 38.280 20090 35.52923 -96.76966 5.345 -0.23
2011 12 2 9 19 21.139 20092 35.52510 -96.77079 4.482 -0.16
2011 12 2 9 36 25.660 20096 35.52098 -96.77598 3.004 -0.50
2011 12 2 9 37 10.625 20097 35.52021 -96.77649 2.858 -0.42
2011 12 2 9 37 22.585 20098 35.52151 -96.77554 2.861 -0.56
2011 12 2 9 49 10.635 20101 35.52502 -96.77124 4.379 -0.01
2011 12 2 10 1 49.185 20104 35.51700 -96.77732 3.173 -0.37
2011 12 2 10 12 9.034 20105 35.52544 -96.77162 4.485 -0.53
2011 12 2 10 22 15.131 20106 35.52532 -96.77087 4.427 -0.37
2011 12 2 10 23 8.809 20107 35.52556 -96.76963 4.628 -0.43
2011 12 2 11 17 10.168 20110 35.53482 -96.75860 4.622 -0.07
2011 12 2 11 17 56.135 20111 35.52610 -96.76941 3.575 -0.01
2011 12 2 11 21 46.834 20112 35.52597 -96.77047 3.400 -0.32
2011 12 2 11 38 17.714 20113 35.54439 -96.75403 4.025 -0.71
2011 12 2 11 51 2.035 20115 35.51791 -96.78040 5.165 -0.14
2011 12 2 12 13 7.533 20116 35.54446 -96.75387 4.046 1.14
2011 12 2 12 29 2.313 20118 35.52267 -96.77357 2.922 -0.29
2011 12 2 12 41 10.711 20119 35.53236 -96.75079 3.089 -0.47
2011 12 2 12 44 56.449 20120 35.52659 -96.76717 4.317 -0.69
2011 12 2 13 5 45.934 20121 35.53889 -96.76397 4.605 0.85
2011 12 2 13 9 4.382 20122 35.51306 -96.78567 3.300 0.49
2011 12 2 14 4 6.731 20130 35.51211 -96.75710 5.156 -0.48
2011 12 2 14 24 27.520 20132 35.53530 -96.75975 5.008 0.29
2011 12 2 14 32 56.128 20133 35.52792 -96.76750 7.702 0.07
2011 12 2 14 38 26.077 20134 35.53320 -96.76349 4.359 1.08
2011 12 2 14 55 8.840 20135 35.52953 -96.75611 3.594 0.76
2011 12 2 16 8 9.343 20136 35.52597 -96.77274 5.397 -0.04
2011 12 2 16 11 53.196 20138 35.53038 -96.76202 4.484 0.00
2011 12 2 16 25 39.681 20139 35.54347 -96.75619 3.639 -0.19
2011 12 2 17 28 0.909 20142 35.52890 -96.77132 5.746 0.25
2011 12 2 18 40 18.106 20145 35.52251 -96.77366 3.869 -0.12
2011 12 2 18 54 43.257 20148 35.53020 -96.76208 4.617 -0.11
2011 12 2 18 59 48.134 20149 35.52288 -96.77308 3.819 0.24
2011 12 2 19 3 28.743 20151 35.52018 -96.77349 3.008 0.47
2011 12 2 19 8 9.196 20152 35.52309 -96.77309 3.901 0.01
2011 12 2 19 15 49.544 20153 35.52315 -96.77301 3.869 0.03
2011 12 2 19 22 10.054 20155 35.52615 -96.77191 5.244 0.89
2011 12 2 19 24 41.522 20156 35.52315 -96.77221 3.840 0.14
2011 12 2 19 38 25.969 20157 35.52770 -96.77053 5.612 -0.27
2011 12 2 20 34 9.853 20160 35.52678 -96.76769 3.684 0.68
2011 12 2 21 5 29.009 20161 35.54349 -96.75810 3.122 0.07
2011 12 2 22 13 33.505 20164 35.52980 -96.76409 5.150 -0.21
2011 12 2 22 17 37.878 20165 35.51718 -96.78798 4.577 1.23
2011 12 2 22 37 2.471 20167 35.52986 -96.76044 5.270 -0.10
2011 12 2 22 51 53.948 20168 35.53000 -96.76100 5.048 0.44
2011 12 2 23 12 43.036 20169 35.51749 -96.78515 5.393 0.16
2011 12 2 23 14 11.237 20170 35.51737 -96.78551 5.225 -0.03
2011 12 2 23 20 19.490 20171 35.51720 -96.78559 5.323 0.27
2011 12 2 23 29 22.895 20173 35.51711 -96.78534 5.286 -0.24
2011 12 2 23 32 51.139 20175 35.51706 -96.78553 5.131 0.00
2011 12 2 23 33 18.868 20176 35.51740 -96.78628 5.289 0.04
2011 12 2 23 34 54.593 20178 35.51707 -96.78583 5.221 0.54
2011 12 3 0 23 33.342 20187 35.51874 -96.78523 4.650 0.81
2011 12 3 0 28 47.312 20192 35.51772 -96.77694 1.680 1.56
2011 12 3 0 29 14.412 20194 35.51697 -96.77738 1.561 0.06
2011 12 3 0 29 34.157 20195 35.51632 -96.77800 1.809 -0.38
2011 12 3 0 30 4.469 20197 35.51786 -96.78517 5.050 0.35
2011 12 3 0 49 6.148 20206 35.51860 -96.78494 4.469 0.68
2011 12 3 1 21 50.524 20221 35.51785 -96.77673 1.617 0.62
2011 12 3 1 33 3.389 20225 35.52292 -96.77343 3.876 0.70
2011 12 3 1 33 41.214 20226 35.52274 -96.77274 3.926 0.14
2011 12 3 1 34 40.913 20228 35.52330 -96.77320 3.820 1.18
2011 12 3 1 35 25.494 20229 35.52564 -96.76954 4.089 -0.26
2011 12 3 1 38 11.148 20235 35.52359 -96.77141 3.863 0.09
2011 12 3 1 46 50.471 20241 35.53355 -96.76566 3.460 0.53
2011 12 3 1 48 42.441 20242 35.52384 -96.77260 3.722 0.21
2011 12 3 1 48 51.400 20243 35.52362 -96.77267 3.822 0.49
2011 12 3 1 50 50.659 20245 35.52992 -96.76768 5.855 1.06
2011 12 3 1 58 2.573 20246 35.49093 -96.85367 1.843 0.70
2011 12 3 2 12 55.009 20257 35.51772 -96.78468 4.937 0.21
2011 12 3 2 16 43.567 20258 35.51856 -96.78502 5.116 1.41
2011 12 3 2 27 47.689 20265 35.52643 -96.76782 4.331 1.87
2011 12 3 2 46 34.360 20267 35.52084 -96.78137 4.289 1.16
2011 12 3 2 56 30.342 20276 35.52591 -96.77380 5.189 0.23
2011 12 3 2 59 42.144 20283 35.51479 -96.78208 1.501 1.71
2011 12 3 3 1 57.581 20287 35.53501 -96.76089 5.240 0.72
2011 12 3 3 16 11.919 20297 35.51153 -96.78677 2.481 0.36
2011 12 3 3 16 57.714 20298 35.52311 -96.77266 3.924 0.20
2011 12 3 3 51 47.390 20313 35.51042 -96.78235 1.986 0.20
2011 12 3 3 59 12.480 20314 35.52931 -96.76362 4.702 0.24
2011 12 3 4 6 7.789 20320 35.52049 -96.77195 1.352 2.23
2011 12 3 4 7 48.267 20322 35.52055 -96.77178 1.295 -0.04
2011 12 3 4 10 34.947 20325 35.52602 -96.77097 5.500 -0.37
2011 12 3 4 14 55.215 20327 35.51861 -96.78636 1.870 -0.26
2011 12 3 4 21 44.483 20329 35.52179 -96.77133 1.478 -0.42
2011 12 3 4 27 9.420 20331 35.52065 -96.77332 1.784 0.64
2011 12 3 4 34 54.678 20336 35.53348 -96.76631 2.187 0.83
2011 12 3 4 45 45.086 20340 35.51574 -96.78843 5.870 0.53
2011 12 3 5 5 8.361 20351 35.51871 -96.78492 5.741 3.09
2011 12 3 5 14 56.803 20355 35.51927 -96.77404 1.479 0.67
2011 12 3 5 45 57.803 20367 35.52472 -96.77372 3.445 -0.20
2011 12 3 6 3 58.164 20370 35.50925 -96.79991 5.097 1.23
2011 12 3 6 20 26.005 20376 35.53015 -96.76203 4.900 -0.05
2011 12 3 6 25 2.055 20379 35.52478 -96.76810 2.372 2.12
2011 12 3 6 28 40.164 20381 35.52480 -96.76821 3.614 0.45
2011 12 3 6 30 12.851 20382 35.52638 -96.76727 2.073 -0.38
2011 12 3 6 31 26.536 20383 35.52416 -96.77109 3.497 0.12
2011 12 3 6 31 50.405 20384 35.52579 -96.76722 2.199 0.65
2011 12 3 6 34 16.707 20388 35.52583 -96.76758 2.106 0.24
2011 12 3 6 40 27.236 20391 35.53101 -96.76986 5.280 0.46
2011 12 3 6 44 25.338 20394 35.53358 -96.74683 2.476 -0.46
2011 12 3 6 45 59.749 20395 35.52506 -96.77073 4.476 0.05
2011 12 3 6 54 49.965 20398 35.52528 -96.77095 4.266 0.55
2011 12 3 6 55 15.198 20400 35.52546 -96.77069 4.254 -0.35
2011 12 3 6 55 21.793 20401 35.52441 -96.77174 4.558 -0.39
2011 12 3 7 4 36.985 20407 35.52381 -96.77243 4.210 -0.59
2011 12 3 7 8 39.877 20409 35.52528 -96.77145 4.285 -0.33
2011 12 3 7 30 35.712 20414 35.54502 -96.75809 2.450 -0.08
2011 12 3 7 35 46.571 20418 35.52821 -96.77112 5.264 -0.49
2011 12 3 8 6 59.964 20431 35.52566 -96.76878 4.798 0.41
2011 12 3 8 22 38.666 20436 35.52952 -96.76612 6.267 -0.23
2011 12 3 8 43 51.989 20440 35.50129 -96.80500 1.664 1.60
2011 12 3 8 57 9.884 20447 35.52762 -96.76764 9.185 -0.95
2011 12 3 9 8 31.367 20452 35.51883 -96.78168 1.926 0.20
2011 12 3 9 22 52.285 20457 35.52567 -96.76719 4.497 -0.12
2011 12 3 9 23 21.841 20458 35.52635 -96.76715 2.037 -0.05
2011 12 3 9 42 54.860 20464 35.52800 -96.77116 5.379 0.45
2011 12 3 9 47 52.270 20468 35.52646 -96.77260 5.589 0.33
2011 12 3 9 48 55.722 20469 35.52682 -96.77225 5.628 0.66
2011 12 3 10 20 36.334 20482 35.53088 -96.76331 6.446 1.28
2011 12 3 10 28 9.248 20483 35.51417 -96.75806 5.793 0.01
2011 12 3 10 35 37.509 20487 35.52618 -96.76957 4.274 -0.45
2011 12 3 11 29 51.795 20511 35.51914 -96.77616 3.180 -0.41
2011 12 3 11 45 20.056 20522 35.51957 -96.77713 1.736 0.61
2011 12 3 11 46 26.789 20524 35.52848 -96.77072 5.358 0.88
2011 12 3 11 55 53.542 20528 35.52529 -96.76731 3.289 1.10
2011 12 3 12 6 34.028 20532 35.50240 -96.81447 3.134 0.33
2011 12 3 12 26 39.946 20538 35.52479 -96.77145 3.991 0.84
2011 12 3 12 28 47.081 20539 35.52834 -96.77084 5.371 -0.02
2011 12 3 13 40 14.007 20556 35.55148 -96.75263 2.471 1.75
2011 12 3 13 55 5.561 20558 35.55166 -96.75264 2.400 1.16
2011 12 3 14 15 53.617 20560 35.52662 -96.77295 5.832 1.09
2011 12 3 14 16 50.105 20561 35.51812 -96.78478 5.152 0.07
2011 12 3 15 20 52.536 20567 35.50058 -96.80996 2.018 1.47
2011 12 3 15 29 58.766 20569 35.52911 -96.77030 5.288 0.80
2011 12 3 15 50 9.446 20576 35.53113 -96.76110 4.644 0.59
2011 12 3 15 58 21.030 20581 35.52964 -96.76176 4.499 0.49
2011 12 3 16 1 24.303 20583 35.53098 -96.76231 4.917 0.90
2011 12 3 16 1 34.271 20584 35.53036 -96.76181 5.001 -0.52
2011 12 3 16 2 28.073 20586 35.53110 -96.76202 4.753 1.18
2011 12 3 16 5 31.101 20589 35.53027 -96.76093 4.677 0.96
2011 12 3 16 5 42.367 20590 35.52984 -96.76127 4.681 1.67
2011 12 3 16 17 29.913 20592 35.53086 -96.76153 4.946 0.76
2011 12 3 16 23 55.857 20594 35.53166 -96.76197 4.834 0.77
2011 12 3 16 51 58.769 20598 35.53087 -96.76243 4.854 0.91
2011 12 3 17 8 2.831 20601 35.52133 -96.77290 3.350 0.99
2011 12 3 17 39 44.636 20609 35.52548 -96.77029 3.051 1.71
2011 12 3 17 42 14.586 20610 35.52224 -96.77040 1.470 -0.17
2011 12 3 17 44 7.840 20612 35.51546 -96.75709 5.880 0.41
2011 12 3 17 54 46.238 20615 35.52775 -96.76644 4.375 0.95
2011 12 3 17 55 53.616 20618 35.49984 -96.81001 3.792 0.05
2011 12 3 17 56 33.416 20619 35.53096 -96.76286 5.253 0.55
2011 12 3 17 58 4.921 20620 35.50090 -96.80704 2.396 1.24
2011 12 3 17 59 59.295 20623 35.51941 -96.78367 4.442 0.97
2011 12 3 18 6 42.063 20626 35.52780 -96.76686 4.367 1.06
2011 12 3 18 6 57.995 20627 35.52748 -96.76665 4.298 0.20
2011 12 3 18 9 49.683 20629 35.53543 -96.76212 2.126 0.51
2011 12 3 18 10 10.535 20630 35.52788 -96.76626 4.490 0.70
2011 12 3 18 35 27.460 20636 35.51330 -96.78439 2.930 -0.35
2011 12 3 19 24 56.030 20644 35.53375 -96.76103 4.072 1.76
2011 12 3 20 16 43.574 20654 35.51717 -96.77744 1.406 1.26
2011 12 3 20 36 38.993 20657 35.51709 -96.77745 1.422 0.55
2011 12 3 21 13 27.590 20665 35.52733 -96.76582 6.101 1.02
2011 12 3 21 15 57.706 20667 35.51688 -96.77762 1.555 0.65
2011 12 3 21 46 31.653 20671 35.54377 -96.75569 2.679 -0.26
2011 12 3 22 33 38.422 20677 35.53043 -96.76227 4.461 1.12
2011 12 3 22 46 11.604 20682 35.52003 -96.77328 1.550 0.33
2011 12 3 22 56 5.293 20683 35.52966 -96.76248 4.963 0.50
2011 12 3 23 53 59.135 20687 35.51213 -96.75771 5.245 -0.47
2011 12 4 0 20 4.749 20694 35.52779 -96.77096 5.284 0.16
2011 12 4 0 21 27.691 20695 35.51961 -96.77381 1.689 0.06
2011 12 4 0 42 43.601 20699 35.52647 -96.76810 3.593 -0.05
2011 12 4 0 48 11.134 20702 35.51687 -96.77796 2.782 0.07
2011 12 4 2 58 23.139 20741 35.51937 -96.77419 1.608 0.18
2011 12 4 3 40 27.468 20748 35.53059 -96.76449 4.750 0.16
2011 12 4 3 51 4.505 20749 35.51981 -96.77756 1.764 0.15
2011 12 4 4 37 57.474 20758 35.55106 -96.75384 2.410 0.35
2011 12 4 4 40 22.741 20759 35.49155 -96.85201 1.557 0.96
2011 12 4 4 42 8.791 20760 35.51922 -96.77867 1.761 0.47
2011 12 4 5 52 13.951 20774 35.54051 -96.76041 3.033 0.70
2011 12 4 6 5 9.071 20776 35.53126 -96.76278 4.877 0.55
2011 12 4 6 24 49.767 20784 35.54103 -96.76012 2.964 0.06
2011 12 4 6 47 16.365 20792 35.52965 -96.77031 6.773 1.73
2011 12 4 7 58 30.817 20818 35.54808 -96.75413 2.513 -0.47
2011 12 4 8 18 31.364 20823 35.53617 -96.75797 4.717 0.47
2011 12 4 8 31 54.132 20825 35.53137 -96.76267 4.749 0.16
2011 12 4 8 36 54.248 20827 35.54033 -96.76039 3.134 1.03
2011 12 4 9 9 15.814 20839 35.52163 -96.77145 1.513 -0.07
2011 12 4 9 11 12.027 20840 35.52165 -96.77136 1.593 0.48
2011 12 4 9 39 25.458 20851 35.53003 -96.76984 5.515 0.94
2011 12 4 9 49 38.800 20855 35.51576 -96.78309 1.677 -0.33
2011 12 4 9 53 39.107 20858 35.52172 -96.77165 1.492 -0.70
2011 12 4 9 56 18.141 20859 35.51114 -96.78309 2.354 -0.22
2011 12 4 9 59 41.088 20861 35.52254 -96.77444 3.481 -0.22
2011 12 4 10 2 45.161 20864 35.53434 -96.74746 2.746 -0.55
2011 12 4 10 7 58.790 20867 35.51919 -96.77361 3.201 0.86
2011 12 4 10 12 18.270 20870 35.51038 -96.75803 5.238 -0.08
2011 12 4 10 37 58.957 20874 35.52901 -96.77009 5.623 -0.28
2011 12 4 10 48 27.110 20879 35.52452 -96.77171 3.289 -1.12
2011 12 4 10 56 11.524 20880 35.53077 -96.76915 5.187 -0.81
2011 12 4 10 57 47.285 20882 35.52852 -96.77061 5.604 0.29
2011 12 4 11 27 12.545 20891 35.53234 -96.76044 4.137 0.54
2011 12 4 11 34 41.150 20895 35.53962 -96.76080 3.308 0.37
2011 12 4 11 40 17.959 20900 35.52735 -96.77162 5.551 0.28
2011 12 4 12 42 43.175 20924 35.51169 -96.78754 3.905 -0.44
2011 12 4 12 46 11.806 20926 35.51180 -96.78219 2.383 1.26
2011 12 4 12 53 51.336 20932 35.52900 -96.76533 5.370 1.75
2011 12 4 12 59 14.930 20936 35.52227 -96.77029 1.493 0.08
2011 12 4 13 48 45.788 20956 35.52699 -96.75670 3.590 0.69
2011 12 4 13 53 11.796 20958 35.52363 -96.77164 3.497 0.46
2011 12 4 14 22 11.033 20963 35.52304 -96.77172 3.678 0.41
2011 12 4 14 48 37.273 20973 35.52148 -96.77411 1.658 0.73
2011 12 4 15 51 12.101 20978 35.52575 -96.76987 3.744 0.99
2011 12 4 16 0 22.223 20980 35.53602 -96.75847 4.747 0.98
2011 12 4 16 8 58.014 20983 35.50965 -96.78462 2.289 1.12
2011 12 4 16 49 53.191 20996 35.50047 -96.80715 2.404 0.82
2011 12 4 16 58 57.350 20998 35.53069 -96.76788 5.170 -0.15
2011 12 4 17 49 51.842 21010 35.52977 -96.76857 5.297 -0.16
2011 12 4 17 53 15.497 21014 35.52871 -96.77161 5.418 0.40
2011 12 4 17 58 52.318 21015 35.52983 -96.76610 6.685 0.45
2011 12 4 18 1 8.013 21016 35.51062 -96.78263 2.225 -0.01
2011 12 4 18 41 45.800 21027 35.53108 -96.76187 4.552 0.95
2011 12 4 19 12 20.282 21035 35.52062 -96.77194 1.573 2.04
2011 12 4 19 12 38.707 21036 35.52049 -96.77165 1.514 0.43
2011 12 4 19 41 32.527 21043 35.51753 -96.78726 4.692 0.22
2011 12 4 20 17 48.655 21054 35.51570 -96.77976 3.104 1.75
2011 12 4 20 18 22.784 21056 35.51495 -96.78075 3.019 0.80
2011 12 4 20 41 0.055 21063 35.51404 -96.77476 3.029 0.25
2011 12 4 21 6 30.622 21065 35.51633 -96.78025 3.164 -0.07
2011 12 4 21 21 3.573 21071 35.54509 -96.75798 2.562 0.14
2011 12 4 21 23 39.290 21076 35.52414 -96.76995 4.258 0.59
2011 12 4 21 31 47.078 21077 35.53113 -96.76179 4.569 0.97
2011 12 4 21 45 24.100 21080 35.52143 -96.77192 1.482 0.85
2011 12 4 21 53 56.260 21082 35.51521 -96.78049 3.330 -0.02
2011 12 4 22 3 31.206 21084 35.51586 -96.77897 3.213 0.63
2011 12 4 22 16 54.319 21089 35.52132 -96.77548 2.959 -0.51
2011 12 4 22 31 46.932 21091 35.54768 -96.75697 1.658 0.99
2011 12 4 22 54 24.117 21096 35.51453 -96.78049 3.247 -0.07
2011 12 4 23 32 16.882 21104 35.51114 -96.75824 5.243 -0.32
2011 12 5 0 2 16.346 21107 35.51555 -96.78819 6.167 0.01
2011 12 5 0 13 42.645 21110 35.52276 -96.77360 3.989 -0.19
2011 12 5 0 42 10.302 21116 35.53524 -96.75885 4.806 0.16
2011 12 5 0 48 37.644 21117 35.52648 -96.76833 3.470 0.62
2011 12 5 0 50 29.968 21118 35.51907 -96.78307 5.169 0.10
2011 12 5 1 9 1.367 21119 35.54834 -96.75302 3.407 -0.28
2011 12 5 1 35 3.353 21120 35.51118 -96.75799 5.087 -0.65
2011 12 5 1 46 24.008 21122 35.51746 -96.78612 5.320 -0.24
2011 12 5 1 49 35.090 21123 35.52321 -96.77260 3.958 -0.22
2011 12 5 2 3 53.274 21125 35.52669 -96.77184 5.488 0.64
2011 12 5 2 17 19.854 21127 35.51562 -96.77992 3.093 -0.20
2011 12 5 2 24 10.632 21128 35.52533 -96.77027 3.410 0.62
2011 12 5 2 28 39.819 21129 35.53614 -96.75791 4.785 0.33
2011 12 5 2 52 58.471 21131 35.51734 -96.78050 4.130 0.29
2011 12 5 3 2 5.549 21132 35.52156 -96.77358 3.160 -0.06
2011 12 5 3 11 48.688 21133 35.52165 -96.77343 3.263 1.01
2011 12 5 3 21 18.691 21134 35.51563 -96.77967 3.104 -0.17
2011 12 5 3 46 45.530 21136 35.52866 -96.76380 5.888 -0.64
2011 12 5 3 47 27.888 21137 35.52532 -96.77064 3.718 -0.19
2011 12 5 3 49 7.999 21138 35.52663 -96.76506 6.319 0.24
2011 12 5 5 6 2.343 21142 35.52517 -96.76964 4.534 -0.59
2011 12 5 5 27 47.823 21143 35.52291 -96.77266 3.920 0.06
2011 12 5 5 28 50.161 21144 35.51548 -96.77963 2.911 0.18
2011 12 5 5 40 1.564 21145 35.53038 -96.76086 4.594 0.84
2011 12 5 6 26 1.030 21150 35.53149 -96.76141 6.481 0.78
2011 12 5 6 30 26.562 21151 35.51405 -96.78331 3.256 0.01
2011 12 5 6 53 25.402 21155 35.52442 -96.77195 4.082 0.37
2011 12 5 7 49 0.227 21160 35.51638 -96.77847 2.873 -0.38
2011 12 5 7 50 3.453 21161 35.52377 -96.77184 5.742 0.49
2011 12 5 8 18 25.358 21162 35.45631 -96.73797 3.881 -0.31
2011 12 5 8 53 20.585 21165 35.53755 -96.76185 3.735 0.69
2011 12 5 9 59 48.445 21172 35.52425 -96.77116 8.302 0.10
2011 12 5 10 5 16.825 21173 35.47487 -96.86266 4.125 -0.46
2011 12 5 10 28 6.367 21175 35.52770 -96.77042 5.651 -0.70
2011 12 5 10 46 36.911 21176 35.53191 -96.77052 5.198 -0.53
2011 12 5 10 51 8.860 21177 35.52945 -96.76431 5.196 -0.54
2011 12 5 11 1 51.965 21178 35.51055 -96.75811 5.326 -0.32
2011 12 5 11 18 10.655 21179 35.53604 -96.75778 4.949 0.25
2011 12 5 11 38 21.909 21180 35.52645 -96.76856 3.416 0.26
2011 12 5 12 8 52.503 21181 35.52928 -96.76495 4.949 -0.26
2011 12 5 14 25 15.214 21188 35.52339 -96.77294 3.703 0.57
2011 12 5 18 28 19.649 21193 35.53001 -96.76050 5.054 0.72
2011 12 5 18 28 37.972 21194 35.52996 -96.76045 5.109 0.09
2011 12 5 19 39 26.477 21197 35.52764 -96.76727 5.748 0.62
2011 12 5 19 45 12.631 21199 35.52213 -96.77358 3.256 -0.42
2011 12 5 21 9 49.014 21202 35.51675 -96.77806 2.970 0.06
2011 12 5 21 56 4.676 21203 35.53089 -96.76132 4.756 0.78
2011 12 5 22 28 39.767 21205 35.52161 -96.77127 2.915 0.29
2011 12 6 0 22 29.732 21213 35.54573 -96.75198 3.319 0.40
2011 12 6 0 28 54.769 21216 35.52435 -96.77238 3.363 0.32
2011 12 6 0 31 3.792 21217 35.52135 -96.77053 1.559 0.73
2011 12 6 0 37 55.968 21220 35.52442 -96.77091 3.781 0.48
2011 12 6 1 1 32.342 21227 35.53229 -96.74780 4.376 1.83
2011 12 6 1 25 45.417 21230 35.52373 -96.77190 4.035 0.45
2011 12 6 1 32 28.369 21233 35.52521 -96.77083 4.275 0.78
2011 12 6 1 40 53.947 21234 35.52189 -96.77034 3.822 0.41
2011 12 6 2 12 20.656 21242 35.53000 -96.76268 4.599 0.64
2011 12 6 2 13 27.894 21243 35.51301 -96.78503 3.253 1.63
2011 12 6 3 21 25.267 21253 35.53311 -96.76563 2.820 0.12
2011 12 6 4 17 4.682 21265 35.51190 -96.78516 2.453 0.52
2011 12 6 4 29 22.415 21267 35.51613 -96.77890 2.927 1.09
2011 12 6 4 30 47.279 21268 35.51679 -96.77821 2.860 0.29
2011 12 6 5 28 1.181 21276 35.51758 -96.78377 5.193 1.23
2011 12 6 5 33 32.900 21278 35.54449 -96.75279 3.263 0.38
2011 12 6 5 57 42.521 21283 35.52921 -96.76362 4.837 0.19
2011 12 6 6 6 48.032 21285 35.53262 -96.75993 4.932 0.34
2011 12 6 6 14 58.577 21287 35.51792 -96.78342 5.256 0.48
2011 12 6 7 8 2.043 21297 35.51795 -96.78405 5.423 0.25
2011 12 6 7 9 23.955 21298 35.53407 -96.75910 5.053 1.00
2011 12 6 7 16 51.646 21301 35.53045 -96.76527 3.687 0.95
2011 12 6 8 43 36.605 21322 35.53293 -96.76043 5.242 0.33
2011 12 6 9 41 29.293 21337 35.52322 -96.77113 1.525 0.15
2011 12 6 9 59 41.500 21341 35.52191 -96.77294 3.085 0.82
2011 12 6 10 19 29.771 21347 35.52167 -96.76761 2.720 0.60
2011 12 6 10 30 1.897 21350 35.53655 -96.75913 4.388 0.37
2011 12 6 10 50 47.665 21355 35.52807 -96.77123 5.298 0.87
2011 12 6 11 9 28.338 21360 35.52525 -96.76811 4.251 0.04
2011 12 6 11 20 50.620 21367 35.51806 -96.78495 5.458 -0.28
2011 12 6 11 34 21.969 21370 35.52807 -96.77117 5.337 -0.08
2011 12 6 11 39 17.432 21374 35.51886 -96.78253 4.370 0.83
2011 12 6 12 2 41.863 21383 35.52594 -96.77334 6.644 1.33
2011 12 6 12 4 44.014 21385 35.51155 -96.78224 2.168 -0.09
2011 12 6 13 6 50.098 21397 35.49945 -96.80785 1.795 0.81
2011 12 6 13 11 36.304 21401 35.53053 -96.76002 4.956 0.19
2011 12 6 13 14 44.426 21402 35.53100 -96.75869 4.762 0.51
2011 12 6 13 37 26.816 21410 35.53173 -96.75913 4.578 1.48
2011 12 6 13 37 56.696 21411 35.52309 -96.77389 4.126 1.07
2011 12 6 13 49 59.078 21419 35.51944 -96.77469 1.551 1.81
2011 12 6 14 10 56.853 21426 35.47639 -96.85763 4.269 0.38
2011 12 6 14 48 33.516 21436 35.52216 -96.76783 3.289 1.26
2011 12 6 15 17 32.298 21443 35.53140 -96.76175 5.146 0.23
2011 12 6 15 17 53.892 21444 35.51931 -96.77945 3.147 0.65
2011 12 6 15 32 49.519 21450 35.51939 -96.77411 1.437 -0.46
2011 12 6 16 45 49.814 21460 35.49393 -96.82091 3.507 0.39
2011 12 6 19 5 20.097 21487 35.52699 -96.77084 5.103 -0.25
2011 12 6 19 40 8.019 21498 35.52795 -96.77016 5.081 0.13
2011 12 6 19 44 3.517 21502 35.52909 -96.76871 4.895 -0.09
2011 12 6 20 43 58.925 21513 35.52796 -96.76736 4.352 0.36
2011 12 6 20 50 18.236 21515 35.55205 -96.75444 3.494 0.23
2011 12 6 21 27 8.924 21522 35.45533 -96.74413 3.602 0.22
2011 12 6 21 33 41.067 21523 35.52092 -96.77178 1.487 1.24
2011 12 6 21 52 43.778 21526 35.52323 -96.77150 3.916 0.37
2011 12 6 22 35 0.847 21532 35.53083 -96.76193 4.828 0.61
2011 12 6 23 14 26.411 21538 35.52630 -96.77282 6.317 1.53
2011 12 6 23 20 45.617 21541 35.51176 -96.75852 5.288 0.05
2011 12 6 23 32 2.570 21549 35.51171 -96.78346 2.422 0.61
2011 12 6 23 33 18.584 21551 35.51235 -96.78307 2.423 0.56
2011 12 7 0 58 30.887 21558 35.53119 -96.76168 4.590 -0.08
2011 12 7 1 24 32.665 21559 35.45564 -96.74388 3.550 -0.24
2011 12 7 1 56 12.917 21561 35.45250 -96.74656 3.613 -0.02
2011 12 7 3 3 15.361 21568 35.51201 -96.75753 5.001 -0.88
2011 12 7 3 8 25.767 21570 35.52714 -96.77197 5.445 -0.06
2011 12 7 3 11 7.070 21571 35.52765 -96.77152 5.526 -0.35
2011 12 7 3 11 42.293 21572 35.52716 -96.77168 5.431 0.28
2011 12 7 3 11 56.386 21573 35.52079 -96.78054 5.458 -0.33
2011 12 7 3 33 7.792 21577 35.45280 -96.74888 3.767 0.33
2011 12 7 3 46 29.327 21580 35.51866 -96.78505 5.586 0.08
2011 12 7 4 10 7.211 21581 35.52580 -96.76708 3.820 -0.55
2011 12 7 4 15 30.697 21582 35.52704 -96.77186 5.669 0.23
2011 12 7 4 28 17.455 21585 35.52619 -96.76974 3.552 -0.14
2011 12 7 4 45 37.479 21587 35.51209 -96.75754 5.180 -0.57
2011 12 7 4 55 12.747 21588 35.52599 -96.76912 3.972 0.04
2011 12 7 4 56 4.149 21589 35.52724 -96.77038 5.243 -0.35
2011 12 7 5 23 52.830 21591 35.52705 -96.77196 5.455 0.62
2011 12 7 5 26 14.880 21592 35.52719 -96.77184 5.465 -0.02
2011 12 7 5 28 43.373 21593 35.52720 -96.77197 5.434 -0.50
2011 12 7 5 34 43.770 21594 35.52731 -96.77235 5.438 0.04
2011 12 7 5 36 0.402 21596 35.52747 -96.77182 5.521 -0.05
2011 12 7 6 2 54.738 21601 35.51682 -96.77840 3.001 -0.36
2011 12 7 6 30 52.206 21604 35.52713 -96.77206 5.562 -0.39
2011 12 7 6 43 21.705 21605 35.52589 -96.76837 3.878 -0.54
2011 12 7 6 46 5.985 21606 35.52611 -96.76941 3.092 -0.79
2011 12 7 6 50 34.552 21607 35.45552 -96.74436 3.569 1.77
2011 12 7 6 55 8.999 21608 35.45520 -96.74427 3.526 -0.03
2011 12 7 7 8 43.748 21612 35.52626 -96.76786 3.936 -0.08
2011 12 7 7 9 13.301 21613 35.52663 -96.76819 5.037 0.17
2011 12 7 7 11 13.206 21615 35.52636 -96.77073 4.245 -0.10
2011 12 7 7 11 36.097 21616 35.52603 -96.76993 4.034 0.36
2011 12 7 7 12 29.325 21617 35.52389 -96.77326 4.551 0.81
2011 12 7 7 14 32.316 21620 35.52590 -96.76978 4.168 -0.26
2011 12 7 7 17 10.728 21622 35.51129 -96.75776 5.106 -0.83
2011 12 7 7 17 59.521 21624 35.52637 -96.76989 3.963 -0.39
2011 12 7 7 33 55.760 21626 35.45609 -96.74346 3.602 0.43
2011 12 7 7 40 22.743 21628 35.45500 -96.74439 3.615 -0.28
2011 12 7 7 59 47.865 21630 35.52651 -96.76872 3.771 0.19
2011 12 7 8 0 29.890 21631 35.53176 -96.76040 4.657 0.40
2011 12 7 8 1 3.471 21632 35.53168 -96.76019 4.631 2.67
2011 12 7 8 8 45.004 21634 35.53196 -96.75965 4.746 0.33
2011 12 7 8 8 54.583 21635 35.53190 -96.75937 4.713 0.18
2011 12 7 8 11 9.222 21636 35.52417 -96.77101 4.342 0.15
2011 12 7 8 21 52.371 21637 35.45576 -96.74444 3.484 -0.03
2011 12 7 8 25 10.314 21638 35.52785 -96.77132 5.435 -0.04
2011 12 7 8 26 47.409 21639 35.52702 -96.77067 5.271 -0.48
2011 12 7 8 31 19.225 21640 35.45558 -96.74414 3.618 0.56
2011 12 7 8 52 35.268 21642 35.51247 -96.75869 5.212 -0.39
2011 12 7 8 56 40.827 21644 35.52963 -96.76471 5.144 0.20
2011 12 7 9 6 0.708 21646 35.52190 -96.77299 3.142 0.77
2011 12 7 9 12 20.316 21647 35.45492 -96.74394 3.515 -0.19
2011 12 7 9 16 35.516 21649 35.45524 -96.74352 3.502 -0.46
2011 12 7 10 5 35.125 21653 35.45471 -96.74415 3.552 0.28
2011 12 7 10 55 16.742 21655 35.53136 -96.76141 4.534 -0.42
2011 12 7 10 59 43.855 21656 35.51119 -96.75878 4.981 -0.73
2011 12 7 11 20 51.234 21660 35.51850 -96.78438 4.412 -0.38
2011 12 7 12 37 1.312 21666 35.51136 -96.75834 5.195 -0.03
2011 12 7 13 3 43.259 21667 35.52198 -96.77537 3.744 0.60
2011 12 7 13 52 8.469 21671 35.52570 -96.76901 4.663 -0.14
2011 12 7 13 53 1.428 21672 35.52572 -96.76892 4.645 -0.12
2011 12 7 14 13 53.098 21674 35.52752 -96.76627 4.371 0.13
2011 12 7 15 14 4.702 21679 35.51787 -96.78524 5.283 -0.13
2011 12 7 16 2 11.268 21683 35.52728 -96.77248 5.488 0.38
2011 12 7 16 25 18.553 21687 35.52528 -96.76952 4.613 0.40
2011 12 7 17 21 49.304 21689 35.53011 -96.76830 4.865 -0.13
2011 12 7 18 40 20.816 21695 35.53148 -96.76237 4.626 -0.53
2011 12 7 18 52 5.052 21696 35.51393 -96.78377 2.887 0.13
2011 12 7 19 31 9.489 21698 35.53131 -96.76193 4.858 -0.47
2011 12 7 19 54 49.241 21702 35.52810 -96.77090 5.367 0.35
2011 12 7 19 55 39.293 21703 35.52797 -96.77165 5.373 -0.57
2011 12 7 20 31 25.803 21705 35.52783 -96.77202 5.406 -0.47
2011 12 7 20 48 32.045 21707 35.53056 -96.76135 4.738 -0.26
2011 12 7 20 49 11.068 21708 35.54626 -96.75520 3.891 -0.53
2011 12 7 20 53 35.001 21709 35.52884 -96.77072 5.574 0.42
2011 12 7 21 7 52.025 21710 35.53083 -96.76184 4.718 0.13
2011 12 7 22 10 55.419 21711 35.45543 -96.74385 3.516 0.23
2011 12 7 22 57 56.023 21712 35.52523 -96.77046 4.421 0.93
2011 12 7 22 59 7.739 21713 35.53065 -96.77095 5.773 -0.35
2011 12 7 23 9 16.168 21714 35.52750 -96.77093 6.121 -0.08
2011 12 7 23 26 42.511 21715 35.51781 -96.78762 5.113 0.41
2011 12 7 23 27 26.525 21716 35.51779 -96.78758 5.095 0.76
2011 12 7 23 29 5.971 21717 35.51786 -96.78726 5.047 0.49
2011 12 7 23 40 3.252 21719 35.52497 -96.77168 4.543 0.03
2011 12 8 0 56 42.323 21734 35.52808 -96.76568 4.374 0.40
2011 12 8 1 19 24.463 21740 35.46932 -96.86264 2.754 3.64
2011 12 8 1 21 25.622 21743 35.49417 -96.82052 3.488 1.78
2011 12 8 1 31 3.866 21749 35.54063 -96.75510 4.957 0.05
2011 12 8 2 20 55.040 21762 35.45559 -96.74192 3.375 0.28
2011 12 8 2 39 34.026 21767 35.49692 -96.82006 3.569 0.77
2011 12 8 2 40 15.551 21768 35.53073 -96.76083 4.054 0.43
2011 12 8 2 48 20.364 21770 35.51677 -96.78397 5.185 2.11
2011 12 8 2 56 50.923 21774 35.54157 -96.75855 4.805 0.68
2011 12 8 3 6 30.380 21779 35.53006 -96.76270 4.634 -0.05
2011 12 8 3 14 40.651 21781 35.51650 -96.78428 4.182 2.05
2011 12 8 3 15 29.297 21784 35.49276 -96.84893 1.375 0.84
2011 12 8 4 37 15.431 21806 35.51901 -96.78331 3.793 0.21
2011 12 8 4 40 3.658 21809 35.52478 -96.76863 4.295 -0.36
2011 12 8 4 44 14.034 21811 35.52152 -96.77204 3.492 0.17
2011 12 8 4 49 19.369 21812 35.52699 -96.77245 5.591 1.50
2011 12 8 4 56 58.799 21817 35.51024 -96.79205 3.557 0.06
2011 12 8 5 13 0.109 21821 35.49071 -96.85317 1.676 0.57
2011 12 8 5 15 52.992 21824 35.51771 -96.78416 4.955 0.33
2011 12 8 5 38 4.197 21833 35.53025 -96.76305 4.602 0.95
2011 12 8 5 39 9.991 21834 35.53036 -96.76270 4.542 0.93
2011 12 8 5 39 42.324 21835 35.52031 -96.77293 1.574 2.12
2011 12 8 5 40 12.056 21836 35.52098 -96.77251 1.528 1.18
2011 12 8 5 48 17.507 21837 35.52135 -96.77030 3.079 0.56
2011 12 8 6 8 22.205 21843 35.52692 -96.76520 4.693 0.34
2011 12 8 6 46 57.626 21856 35.52781 -96.76957 6.220 0.84
2011 12 8 7 8 45.420 21865 35.52947 -96.76964 6.171 0.97
2011 12 8 7 19 54.673 21868 35.52130 -96.78082 6.283 0.27
2011 12 8 7 52 31.105 21878 35.52118 -96.77271 1.561 1.38
2011 12 8 7 54 0.227 21879 35.52202 -96.77381 3.338 0.40
2011 12 8 8 32 2.812 21893 35.51739 -96.78132 1.703 1.35
2011 12 8 8 33 27.684 21894 35.52101 -96.77235 1.772 0.18
2011 12 8 8 34 31.563 21895 35.52108 -96.77213 1.493 0.78
2011 12 8 9 7 31.329 21905 35.51919 -96.77319 1.907 0.26
2011 12 8 9 17 31.962 21907 35.52872 -96.76035 4.466 -0.18
2011 12 8 9 21 15.981 21909 35.53440 -96.76036 4.797 0.06
2011 12 8 9 30 43.061 21911 35.52242 -96.77218 4.066 0.19
2011 12 8 9 39 36.766 21915 35.51403 -96.78471 1.628 -0.12
2011 12 8 10 49 43.203 21940 35.52291 -96.77329 3.807 0.85
2011 12 8 10 53 2.822 21944 35.52318 -96.77364 3.817 0.56
2011 12 8 10 57 48.255 21946 35.54055 -96.75950 3.221 -0.42
2011 12 8 11 1 10.963 21948 35.51731 -96.77722 1.446 0.40
2011 12 8 11 21 18.641 21952 35.52089 -96.77933 6.415 0.58
2011 12 8 11 27 49.879 21955 35.51591 -96.77908 1.648 0.15
2011 12 8 11 37 36.762 21959 35.54534 -96.75688 3.307 0.93
2011 12 8 11 38 42.508 21960 35.54500 -96.75701 3.225 0.82
2011 12 8 11 52 13.299 21965 35.54536 -96.75607 3.085 1.07
2011 12 8 12 0 42.096 21966 35.54484 -96.75704 3.079 1.34
2011 12 8 12 1 5.717 21968 35.54572 -96.75637 3.130 0.21
2011 12 8 12 3 4.353 21969 35.50081 -96.80656 1.833 0.13
2011 12 8 12 5 45.406 21971 35.54474 -96.75626 3.078 0.24
2011 12 8 12 26 11.053 21983 35.52227 -96.77311 1.737 0.39
2011 12 8 12 55 2.881 21992 35.52649 -96.77744 3.436 1.48
2011 12 8 13 47 0.314 22005 35.51647 -96.78294 1.480 0.11
2011 12 8 14 29 4.103 22014 35.52826 -96.76744 4.292 0.05
2011 12 8 15 12 55.946 22025 35.54562 -96.75543 3.665 0.67
2011 12 8 15 26 58.987 22030 35.49101 -96.85244 1.742 1.88
2011 12 8 15 47 13.942 22033 35.52808 -96.77118 5.309 0.72
2011 12 8 15 55 10.546 22035 35.52294 -96.77297 3.794 1.09
2011 12 8 15 55 25.352 22036 35.52388 -96.77361 3.789 2.38
2011 12 8 16 17 5.219 22041 35.52742 -96.77172 5.515 0.53
2011 12 8 16 34 46.407 22046 35.51698 -96.77732 1.407 0.72
2011 12 8 16 45 40.296 22048 35.52351 -96.77300 3.799 0.60
2011 12 8 17 20 56.846 22063 35.52461 -96.76960 3.557 0.78
2011 12 8 17 54 7.431 22068 35.51658 -96.77761 1.419 0.83
2011 12 8 18 10 21.776 22070 35.52324 -96.77122 1.929 1.53
2011 12 8 18 28 11.642 22072 35.52313 -96.77230 3.753 1.04
2011 12 8 19 29 57.237 22091 35.52388 -96.77100 3.690 0.78
2011 12 8 20 16 4.768 22102 35.52431 -96.77201 3.731 1.04
2011 12 8 20 46 36.658 22108 35.52319 -96.77365 3.854 2.35
2011 12 8 20 48 17.571 22113 35.52306 -96.77225 3.686 0.48
2011 12 8 20 49 37.117 22116 35.52214 -96.77398 4.013 1.11
2011 12 8 20 58 42.084 22121 35.52330 -96.77331 3.894 0.79
2011 12 8 21 46 0.962 22134 35.49489 -96.81748 3.100 1.12
2011 12 8 21 55 39.344 22136 35.52369 -96.77243 3.884 1.76
2011 12 8 22 13 45.123 22143 35.52390 -96.77368 4.066 0.82
2011 12 8 22 55 41.764 22147 35.51214 -96.75721 5.074 -0.38
2011 12 8 23 7 6.327 22150 35.51964 -96.77395 1.597 0.48
2011 12 8 23 14 28.799 22153 35.52140 -96.77177 1.461 -0.04
2011 12 9 0 32 29.318 22158 35.53210 -96.76077 4.780 0.06
2011 12 9 1 7 34.631 22160 35.53551 -96.76206 3.775 -0.11
2011 12 9 1 14 15.471 22162 35.53553 -96.76200 3.755 -0.05
2011 12 9 1 15 54.507 22164 35.53562 -96.76244 3.782 1.22
2011 12 9 1 30 15.762 22165 35.53525 -96.76217 3.781 -0.19
2011 12 9 1 48 18.996 22167 35.52854 -96.76550 4.844 -0.61
2011 12 9 1 55 2.463 22170 35.52666 -96.76835 3.292 1.03
2011 12 9 2 2 9.971 22172 35.52706 -96.76879 3.289 1.12
2011 12 9 2 3 11.372 22173 35.52697 -96.76875 3.238 0.18
2011 12 9 2 31 54.005 22177 35.52619 -96.76845 3.891 0.28
2011 12 9 2 39 37.296 22179 35.53622 -96.76232 3.855 -0.43
2011 12 9 2 52 12.715 22181 35.52843 -96.76524 4.648 -0.40
2011 12 9 3 47 58.573 22184 35.49287 -96.82808 4.679 0.42
2011 12 9 4 3 19.570 22186 35.52387 -96.77035 3.667 0.33
2011 12 9 4 17 2.683 22187 35.52722 -96.77171 5.388 -0.39
2011 12 9 4 33 54.682 22188 35.52317 -96.77307 4.030 -0.13
2011 12 9 4 40 6.589 22189 35.52578 -96.77117 3.080 -0.27
2011 12 9 4 48 22.245 22190 35.53074 -96.76852 5.390 -0.30
2011 12 9 5 7 54.855 22192 35.52138 -96.77610 3.631 0.51
2011 12 9 5 24 57.023 22196 35.51583 -96.77770 2.526 0.18
2011 12 9 5 38 28.155 22199 35.45736 -96.74169 3.718 0.31
2011 12 9 5 51 41.017 22201 35.51836 -96.78517 5.135 -0.39
2011 12 9 6 43 6.231 22206 35.52809 -96.77120 5.679 -0.67
2011 12 9 7 11 23.481 22207 35.52414 -96.77253 4.172 0.02
2011 12 9 7 33 21.316 22208 35.51093 -96.75789 5.471 -0.31
2011 12 9 8 9 54.912 22211 35.52831 -96.76981 8.633 -0.63
2011 12 9 8 45 15.348 22214 35.53405 -96.75938 4.937 -0.72
2011 12 9 9 20 16.819 22219 35.52405 -96.77076 4.077 0.20
2011 12 9 9 51 37.459 22221 35.52967 -96.76751 3.481 1.45
2011 12 9 10 19 27.387 22223 35.53029 -96.76552 3.675 0.00
2011 12 9 10 20 8.293 22224 35.51679 -96.78825 8.160 0.46
2011 12 9 10 37 5.779 22226 35.52526 -96.77243 3.273 0.25
2011 12 9 11 24 50.659 22229 35.53056 -96.77047 5.488 -0.23
2011 12 9 11 35 47.563 22232 35.54432 -96.75440 3.874 -0.96
2011 12 9 11 40 47.687 22233 35.45608 -96.74325 3.550 0.77
2011 12 9 12 22 9.948 22234 35.52498 -96.77208 5.868 1.66
2011 12 9 12 30 24.907 22237 35.53168 -96.76802 6.041 -0.02
2011 12 9 13 40 12.337 22240 35.53834 -96.76280 4.539 0.89
2011 12 9 14 57 32.530 22243 35.53248 -96.76130 5.719 0.67
2011 12 9 15 3 42.934 22244 35.53040 -96.77142 4.930 -0.32
2011 12 9 15 37 50.766 22245 35.53065 -96.77018 5.493 -0.06
2011 12 9 15 39 22.321 22246 35.53072 -96.77026 5.515 0.02
2011 12 9 15 42 55.717 22247 35.54362 -96.75502 3.604 -0.21
2011 12 9 16 21 42.291 22249 35.53458 -96.76111 4.176 0.71
2011 12 9 17 11 8.963 22252 35.52912 -96.76596 4.559 0.53
2011 12 9 17 58 50.995 22254 35.52695 -96.76922 3.349 0.59
2011 12 9 18 53 47.365 22259 35.53185 -96.76202 5.440 1.34
2011 12 9 19 22 4.562 22262 35.51903 -96.78372 5.540 -0.14
2011 12 9 20 33 9.035 22267 35.54924 -96.75097 3.731 0.39
2011 12 9 20 34 10.396 22268 35.53077 -96.77052 5.523 -0.55
2011 12 9 20 46 51.297 22269 35.52680 -96.76939 3.317 1.17
2011 12 9 20 47 11.193 22270 35.52696 -96.76954 3.595 0.56
2011 12 9 21 13 10.547 22271 35.52695 -96.76962 3.474 0.25
2011 12 9 22 5 56.349 22273 35.52767 -96.77075 5.592 -0.17
2011 12 9 22 18 49.096 22275 35.52639 -96.77065 5.179 -0.08
2011 12 10 0 19 32.466 22278 35.52314 -96.77401 2.995 0.17
2011 12 10 0 37 11.896 22279 35.53046 -96.77039 5.475 0.57
2011 12 10 0 44 49.039 22280 35.52737 -96.76681 5.731 0.40
2011 12 10 1 10 3.475 22283 35.52088 -96.77618 3.419 0.06
2011 12 10 1 46 15.903 22284 35.52732 -96.77130 5.299 -0.24
2011 12 10 2 18 8.667 22286 35.51080 -96.75778 5.414 -0.14
2011 12 10 2 19 35.649 22287 35.52649 -96.76908 3.533 1.02
2011 12 10 2 21 9.274 22288 35.51074 -96.75895 5.246 0.04
2011 12 10 2 27 56.587 22291 35.52426 -96.77151 4.274 -0.25
2011 12 10 2 39 12.950 22294 35.54565 -96.75128 3.377 -0.22
2011 12 10 3 18 52.169 22296 35.52340 -96.77212 4.177 0.72
2011 12 10 4 29 15.515 22299 35.52421 -96.77156 4.336 -0.08
2011 12 10 4 40 31.887 22301 35.53539 -96.76121 6.099 0.34
2011 12 10 5 14 11.055 22304 35.52526 -96.77294 5.259 0.45
2011 12 10 5 18 33.064 22305 35.52886 -96.76714 3.437 0.08
2011 12 10 5 37 9.098 22307 35.52786 -96.77113 5.665 -0.55
2011 12 10 6 59 26.211 22311 35.53157 -96.76200 5.025 -0.94
2011 12 10 7 9 22.291 22313 35.51214 -96.78669 2.945 0.38
2011 12 10 7 21 35.899 22314 35.52721 -96.76144 3.353 -0.06
2011 12 10 7 29 23.813 22315 35.52346 -96.77201 3.967 1.18
2011 12 10 8 14 19.960 22316 35.45320 -96.74730 3.656 0.78
2011 12 10 8 24 34.588 22318 35.52079 -96.78180 5.125 0.62
2011 12 10 8 24 54.636 22319 35.51773 -96.77938 7.721 2.25
2011 12 10 8 25 19.150 22320 35.51838 -96.78324 5.643 0.33
2011 12 10 8 26 7.724 22322 35.51971 -96.78226 5.144 0.66
2011 12 10 8 31 52.171 22324 35.52440 -96.77316 5.020 0.01
2011 12 10 8 40 9.526 22325 35.52012 -96.78116 4.960 -0.12
2011 12 10 9 48 28.552 22328 35.53069 -96.76082 4.722 -0.91
2011 12 10 9 51 39.205 22329 35.52960 -96.76940 5.478 -0.65
2011 12 10 9 55 59.914 22330 35.51860 -96.78721 5.161 0.30
2011 12 10 10 16 20.649 22331 35.53443 -96.76017 4.471 -0.58
2011 12 10 12 34 40.532 22337 35.53096 -96.76024 4.861 -0.37
2011 12 10 13 58 29.395 22343 35.52448 -96.77095 3.444 -0.07
2011 12 10 14 37 8.941 22344 35.53214 -96.76126 5.719 0.36
2011 12 10 14 39 36.877 22345 35.51470 -96.79384 4.903 0.26
2011 12 10 15 4 17.503 22346 35.52796 -96.76792 5.623 0.14
2011 12 10 15 19 42.992 22347 35.52083 -96.78110 5.254 0.02
2011 12 10 15 20 2.067 22348 35.52085 -96.78112 5.367 0.56
2011 12 10 15 25 39.196 22349 35.52098 -96.77754 5.288 0.31
2011 12 10 15 27 50.037 22350 35.52037 -96.78016 5.227 0.35
2011 12 10 15 38 54.987 22352 35.52102 -96.78088 5.309 1.94
2011 12 10 16 15 13.120 22353 35.53005 -96.76108 5.111 0.29
2011 12 10 18 43 13.810 22358 35.52968 -96.75925 4.419 0.42
2011 12 10 18 50 58.125 22360 35.52988 -96.75989 4.440 1.38
2011 12 10 20 33 43.089 22365 35.52591 -96.77013 3.240 0.26
2011 12 10 20 33 58.839 22366 35.52640 -96.77053 3.265 0.36
2011 12 10 21 5 57.901 22367 35.54491 -96.75426 3.320 -0.18
2011 12 10 21 8 4.908 22368 35.52618 -96.77044 3.207 0.06
2011 12 10 21 13 7.431 22369 35.52613 -96.77058 3.317 0.14
2011 12 10 21 29 56.508 22370 35.53237 -96.76416 4.030 1.33
2011 12 11 0 1 50.939 22372 35.55002 -96.75504 3.995 1.49
2011 12 11 0 15 27.311 22373 35.52994 -96.76400 5.327 0.13
2011 12 11 0 32 11.670 22376 35.52953 -96.75127 3.515 0.39
2011 12 11 0 33 47.302 22377 35.52340 -96.77314 3.882 -0.08
2011 12 11 0 44 16.930 22380 35.53175 -96.75112 3.467 -0.02
2011 12 11 0 48 28.048 22381 35.51052 -96.75710 5.142 -0.75
2011 12 11 1 19 19.930 22388 35.52639 -96.77007 3.549 -0.05
2011 12 11 2 17 32.597 22394 35.53111 -96.76058 4.819 0.23
2011 12 11 3 18 50.523 22400 35.51229 -96.75720 5.197 -0.81
2011 12 11 3 25 15.732 22402 35.47964 -96.85344 3.892 -0.11
2011 12 11 3 40 32.081 22403 35.53010 -96.76814 5.847 0.18
2011 12 11 4 13 32.980 22405 35.53155 -96.75231 3.502 0.43
2011 12 11 5 19 15.189 22409 35.53446 -96.75946 4.962 0.10
2011 12 11 5 45 31.952 22411 35.53020 -96.76075 4.411 0.84
2011 12 11 6 37 29.648 22412 35.52286 -96.77510 3.733 -0.12
2011 12 11 6 39 7.824 22413 35.52231 -96.77342 3.579 -0.07
2011 12 11 6 39 21.461 22414 35.52253 -96.77358 3.605 -0.29
2011 12 11 6 43 33.337 22416 35.52441 -96.77097 3.329 1.49
2011 12 11 7 5 3.809 22417 35.52374 -96.77294 4.123 -0.51
2011 12 11 7 6 43.434 22418 35.52482 -96.77067 3.381 1.30
2011 12 11 7 9 16.967 22419 35.52458 -96.77030 3.309 0.32
2011 12 11 7 12 55.053 22420 35.52218 -96.77323 3.656 -0.17
2011 12 11 7 13 58.724 22422 35.52233 -96.77373 3.689 -0.07
2011 12 11 7 17 7.559 22424 35.52235 -96.77356 3.618 -0.24
2011 12 11 8 0 30.485 22426 35.53442 -96.74336 3.390 -0.39
2011 12 11 8 15 36.425 22429 35.52908 -96.76545 5.144 0.39
2011 12 11 8 17 20.712 22430 35.52542 -96.77009 3.335 -0.10
2011 12 11 8 22 19.328 22432 35.51777 -96.78513 5.200 -0.48
2011 12 11 8 25 40.681 22433 35.51680 -96.78624 4.573 -0.59
2011 12 11 9 15 38.478 22437 35.52699 -96.77189 5.411 0.03
2011 12 11 9 45 34.549 22439 35.53201 -96.76009 4.666 -0.71
2011 12 11 9 59 58.297 22443 35.52994 -96.76908 5.371 -0.68
2011 12 11 10 30 29.818 22446 35.53197 -96.76002 4.693 -0.01
2011 12 11 10 35 53.943 22447 35.52502 -96.77023 3.376 0.09
2011 12 11 10 38 54.848 22448 35.52553 -96.77039 3.267 0.10
2011 12 11 10 47 48.928 22449 35.52554 -96.77029 3.323 0.14
2011 12 11 11 12 15.139 22450 35.54852 -96.76573 4.135 -0.70
2011 12 11 11 50 50.851 22453 35.51211 -96.75818 5.196 -0.53
2011 12 11 12 48 57.607 22456 35.52741 -96.76780 3.502 0.57
2011 12 11 12 52 44.459 22457 35.52768 -96.76815 3.536 0.62
2011 12 11 13 3 27.969 22459 35.52278 -96.77304 3.827 0.45
2011 12 11 13 3 54.373 22460 35.52283 -96.77279 3.893 0.98
2011 12 11 13 45 15.972 22463 35.52709 -96.77156 5.342 0.94
2011 12 11 14 46 56.513 22465 35.51728 -96.78656 4.869 -0.04
2011 12 11 15 8 15.211 22466 35.53215 -96.76019 4.677 0.08
2011 12 11 15 15 14.485 22467 35.53133 -96.76939 5.665 -0.53
2011 12 11 15 30 15.916 22469 35.53209 -96.75993 4.644 -0.12
2011 12 11 16 25 35.672 22471 35.53205 -96.75974 4.646 0.23
2011 12 11 16 28 50.880 22472 35.52454 -96.77281 2.681 0.20
2011 12 11 17 0 8.264 22475 35.52506 -96.76927 3.718 0.64
2011 12 11 17 26 37.031 22476 35.52971 -96.76953 5.384 0.37
2011 12 11 17 34 15.480 22477 35.52505 -96.77106 3.316 0.81
2011 12 11 18 50 13.685 22480 35.52636 -96.76977 3.290 0.37
2011 12 11 19 19 54.667 22481 35.53165 -96.75814 6.534 1.07
2011 12 11 19 48 44.859 22483 35.52561 -96.77018 3.184 0.47
2011 12 11 20 28 31.137 22487 35.52600 -96.76631 3.735 -0.06
2011 12 11 20 44 57.445 22489 35.53055 -96.76218 5.368 -0.20
2011 12 11 21 8 16.875 22490 35.52958 -96.76439 4.962 -0.07
2011 12 11 21 32 31.090 22491 35.52968 -96.76448 5.048 -0.05
2011 12 11 22 38 43.905 22497 35.52438 -96.77068 3.245 0.67
2011 12 11 22 39 17.564 22498 35.52170 -96.77364 3.279 0.59
2011 12 11 22 41 5.196 22499 35.52488 -96.77165 3.407 0.90
2011 12 11 22 50 54.593 22501 35.52233 -96.78102 5.662 2.10
2011 12 11 22 59 13.083 22502 35.52811 -96.76754 3.474 1.28
2011 12 12 0 15 31.549 22508 35.51333 -96.76292 6.325 1.08
2011 12 12 0 43 48.699 22512 35.53181 -96.74735 2.394 0.45
2011 12 12 1 31 58.390 22531 35.51871 -96.78110 3.920 -0.34
2011 12 12 1 33 35.105 22536 35.53563 -96.76391 3.798 0.49
2011 12 12 1 39 54.503 22538 35.53053 -96.76183 4.575 -0.11
2011 12 12 2 34 27.148 22551 35.53206 -96.74785 2.277 -0.06
2011 12 12 3 6 45.089 22556 35.53208 -96.76447 4.088 2.13
2011 12 12 3 47 8.766 22565 35.53236 -96.76330 4.272 0.44
2011 12 12 3 48 55.934 22566 35.53330 -96.76338 4.201 -0.31
2011 12 12 3 50 16.966 22567 35.53543 -96.76387 3.211 0.64
2011 12 12 3 50 25.794 22568 35.53251 -96.76244 2.978 2.34
2011 12 12 3 50 48.940 22569 35.53361 -96.76328 3.289 1.10
2011 12 12 4 13 5.923 22575 35.53528 -96.75899 5.003 0.45
2011 12 12 5 40 54.047 22602 35.50588 -96.76451 2.904 -0.10
2011 12 12 6 2 49.641 22609 35.51082 -96.78293 2.188 0.53
2011 12 12 6 23 15.055 22615 35.51800 -96.78612 5.227 -0.08
2011 12 12 6 39 2.917 22621 35.52586 -96.76808 4.151 0.26
2011 12 12 7 51 19.688 22633 35.51894 -96.77556 1.509 -0.11
2011 12 12 8 49 1.831 22645 35.52543 -96.77253 4.225 0.23
2011 12 12 9 16 57.845 22650 35.53157 -96.76207 4.671 -0.01
2011 12 12 9 21 5.454 22653 35.53079 -96.76097 4.786 0.06
2011 12 12 9 26 5.854 22656 35.53115 -96.76059 4.780 0.46
2011 12 12 10 6 8.287 22661 35.52350 -96.77175 3.426 -0.06
2011 12 12 10 13 58.605 22663 35.51847 -96.77419 3.251 0.23
2011 12 12 10 56 57.074 22673 35.52734 -96.76810 2.025 0.49
2011 12 12 11 34 18.613 22680 35.52797 -96.77083 5.569 0.87
2011 12 12 11 49 36.748 22683 35.52870 -96.76571 4.695 0.34
2011 12 12 11 49 58.273 22684 35.52124 -96.77629 3.454 1.72
2011 12 12 12 4 31.228 22689 35.52110 -96.77583 3.403 0.04
2011 12 12 12 19 50.641 22694 35.52925 -96.76222 4.652 0.23
2011 12 12 12 30 31.560 22697 35.53033 -96.76211 4.474 2.42
2011 12 12 12 36 23.185 22699 35.54266 -96.76185 2.972 0.24
2011 12 12 13 42 24.025 22716 35.51582 -96.77960 3.000 0.28
2011 12 12 13 43 55.210 22718 35.51622 -96.77899 2.967 0.88
2011 12 12 14 2 47.057 22725 35.52662 -96.77112 5.432 -0.06
2011 12 12 14 6 10.637 22726 35.53286 -96.75000 1.810 -0.09
2011 12 12 15 0 25.993 22729 35.47900 -96.85368 3.816 0.97
2011 12 12 15 16 57.650 22734 35.53332 -96.76095 4.413 1.38
2011 12 12 15 18 19.063 22737 35.53205 -96.75969 4.727 -0.26
2011 12 12 16 19 44.205 22753 35.52940 -96.76235 4.462 3.08
2011 12 12 16 26 10.897 22756 35.52999 -96.75969 4.721 0.73
2011 12 12 16 53 45.111 22761 35.52957 -96.76627 5.700 0.85
2011 12 12 17 42 20.496 22772 35.53064 -96.76072 4.490 0.43
2011 12 12 18 49 28.179 22782 35.52365 -96.76991 1.461 -0.11
2011 12 12 21 13 24.138 22811 35.55037 -96.85257 7.822 1.40
2011 12 12 21 13 40.864 22812 35.52139 -96.77189 1.780 0.85
2011 12 12 22 34 9.990 22822 35.52137 -96.77997 6.211 0.62
2011 12 12 22 41 5.752 22824 35.53280 -96.76536 3.287 0.88
2011 12 13 0 11 25.677 22826 35.52771 -96.76808 1.762 0.78
2011 12 13 0 47 20.327 22834 35.51868 -96.77457 1.774 0.07
2011 12 13 0 51 23.332 22837 35.52838 -96.76793 4.671 -0.26
2011 12 13 1 14 28.775 22845 35.52513 -96.76985 3.949 0.26
2011 12 13 2 16 58.553 22853 35.52628 -96.76955 5.236 -0.46
2011 12 13 2 44 17.198 22864 35.45363 -96.74551 3.392 0.19
2011 12 13 2 51 36.153 22867 35.55468 -96.75123 3.501 -0.36
2011 12 13 3 28 33.534 22877 35.51826 -96.77634 3.076 1.93
2011 12 13 4 1 22.793 22887 35.53210 -96.76864 5.494 -0.04
2011 12 13 4 6 16.279 22890 35.52515 -96.77152 3.778 0.06
2011 12 13 4 21 19.057 22894 35.52437 -96.77184 1.247 0.13
2011 12 13 5 24 40.244 22912 35.51679 -96.77775 1.416 2.40
2011 12 13 5 26 7.703 22914 35.51727 -96.77739 1.462 0.96
2011 12 13 5 38 47.729 22916 35.51582 -96.77823 1.621 -0.30
2011 12 13 6 6 0.751 22923 35.45258 -96.74579 3.812 -0.23
2011 12 13 6 13 22.367 22925 35.51631 -96.78030 3.077 -0.03
2011 12 13 6 15 46.778 22928 35.51700 -96.77756 1.364 -0.24
2011 12 13 6 17 23.302 22929 35.51472 -96.78194 1.791 -0.09
2011 12 13 6 24 41.246 22931 35.53213 -96.76341 3.771 0.16
2011 12 13 6 35 14.928 22936 35.52646 -96.76900 3.554 0.87
2011 12 13 6 43 59.165 22940 35.51846 -96.77658 3.032 1.97
2011 12 13 7 3 51.087 22950 35.53128 -96.76154 5.417 -0.37
2011 12 13 7 18 22.144 22953 35.50072 -96.80865 2.570 3.26
2011 12 13 7 21 21.439 22954 35.49986 -96.81003 2.491 0.98
2011 12 13 7 44 30.153 22964 35.52596 -96.76872 1.788 -0.19
2011 12 13 8 7 18.643 22971 35.53088 -96.76900 5.236 -0.64
2011 12 13 8 43 13.299 22986 35.51480 -96.77989 3.134 -0.15
2011 12 13 9 3 0.774 22997 35.52691 -96.76890 3.937 1.27
2011 12 13 9 23 44.632 23008 35.52743 -96.76659 4.516 2.06
2011 12 13 9 25 34.610 23011 35.52748 -96.76674 4.483 0.28
2011 12 13 9 27 38.644 23012 35.52762 -96.76647 4.411 0.26
2011 12 13 9 30 39.473 23014 35.52541 -96.76723 3.946 0.04
2011 12 13 9 50 34.702 23024 35.52458 -96.76893 3.059 -0.41
2011 12 13 9 51 40.122 23025 35.52690 -96.76627 4.138 0.89
2011 12 13 10 23 50.736 23033 35.52239 -96.77519 3.490 0.25
2011 12 13 10 50 26.182 23044 35.52317 -96.77167 1.689 -0.61
2011 12 13 11 1 58.860 23052 35.52689 -96.76942 3.960 0.94
2011 12 13 11 29 28.719 23067 35.52188 -96.77601 3.786 -0.09
2011 12 13 12 22 43.620 23078 35.53005 -96.76899 5.173 2.62
2011 12 13 12 26 2.312 23085 35.52845 -96.76818 4.710 -0.05
2011 12 13 12 31 35.105 23087 35.52955 -96.76904 5.190 1.21
2011 12 13 12 33 10.836 23089 35.53050 -96.76871 5.103 0.37
2011 12 13 12 38 17.614 23092 35.52983 -96.76816 5.358 0.12
2011 12 13 12 45 9.067 23095 35.53091 -96.76809 5.288 0.03
2011 12 13 12 55 29.296 23096 35.52935 -96.76005 2.120 1.13
2011 12 13 13 31 34.441 23109 35.52954 -96.76527 5.118 0.43
2011 12 13 14 37 32.373 23122 35.52908 -96.76996 5.245 0.62
2011 12 13 15 21 57.996 23134 35.53626 -96.75780 4.909 1.00
2011 12 13 15 24 7.235 23136 35.53690 -96.75558 4.731 0.75
2011 12 13 15 36 13.952 23145 35.52624 -96.77025 3.378 1.35
2011 12 13 15 48 25.230 23150 35.53722 -96.75588 4.656 0.60
2011 12 13 15 50 13.651 23151 35.52558 -96.76958 3.469 0.45
2011 12 13 16 8 50.168 23156 35.51063 -96.75839 5.166 2.05
2011 12 13 16 33 9.763 23165 35.52223 -96.77049 1.731 -0.38
2011 12 13 17 34 11.900 23178 35.53016 -96.76378 4.944 0.04
2011 12 13 18 1 55.399 23184 35.53131 -96.76000 4.333 1.45
2011 12 13 19 53 43.968 23201 35.49970 -96.81436 3.764 1.57
2011 12 13 20 4 8.262 23206 35.53013 -96.76609 3.540 1.86
2011 12 13 20 10 27.619 23210 35.52559 -96.76537 4.301 0.79
2011 12 13 20 33 45.404 23211 35.52861 -96.76986 5.297 1.29
2011 12 13 21 32 47.792 23221 35.54161 -96.75767 4.472 0.96
2011 12 13 21 51 7.800 23224 35.53728 -96.75462 4.840 0.77
2011 12 13 22 32 34.953 23230 35.53745 -96.75411 4.876 0.58
2011 12 14 0 25 35.674 23268 35.52009 -96.77527 3.521 0.40
2011 12 14 1 12 35.462 23320 35.52264 -96.77128 3.253 0.80
2011 12 14 1 17 0.223 23325 35.51892 -96.77445 1.594 0.08
2011 12 14 2 29 46.135 23408 35.52745 -96.77138 5.560 1.02
2011 12 14 2 36 24.107 23417 35.50114 -96.81217 3.326 0.92
2011 12 14 2 37 0.042 23419 35.52510 -96.76991 4.003 1.49
2011 12 14 3 1 19.744 23433 35.55250 -96.75231 2.283 0.87
2011 12 14 3 28 48.663 23448 35.51686 -96.77767 2.802 0.94
2011 12 14 3 40 31.590 23456 35.53117 -96.76208 4.778 0.91
2011 12 14 3 58 26.087 23472 35.51649 -96.78115 3.296 0.22
2011 12 14 3 58 53.109 23473 35.51509 -96.78023 3.266 0.13
2011 12 14 3 59 6.599 23474 35.52508 -96.77129 4.380 -0.05
2011 12 14 4 30 25.965 23506 35.55673 -96.74848 2.533 0.72
2011 12 14 4 40 55.741 23518 35.55680 -96.74819 2.601 1.08
2011 12 14 5 1 16.707 23549 35.51795 -96.77446 1.464 0.20
2011 12 14 5 5 5.430 23556 35.55673 -96.74842 2.572 1.28
2011 12 14 5 8 50.806 23561 35.51149 -96.78176 2.458 -0.10
2011 12 14 5 17 17.562 23568 35.55695 -96.74803 2.681 1.30
2011 12 14 5 17 26.340 23569 35.52193 -96.77048 1.518 0.36
2011 12 14 6 57 48.418 23626 35.52338 -96.77224 3.892 0.19
2011 12 14 7 29 28.845 23630 35.51812 -96.78309 4.221 0.52
2011 12 14 7 31 44.331 23631 35.52902 -96.76116 1.911 0.46
2011 12 14 7 35 17.114 23633 35.55656 -96.74871 2.580 2.47
2011 12 14 7 39 28.001 23635 35.52853 -96.76049 2.100 0.22
2011 12 14 7 53 56.442 23639 35.51949 -96.77460 2.988 0.87
2011 12 14 7 56 5.244 23640 35.55707 -96.74798 2.684 0.26
2011 12 14 8 4 22.908 23642 35.51852 -96.77531 1.491 1.31
2011 12 14 8 18 55.389 23645 35.53627 -96.75973 4.795 0.21
2011 12 14 8 28 31.336 23647 35.51661 -96.78700 4.652 -0.04
2011 12 14 9 0 59.416 23653 35.51706 -96.78763 4.628 0.13
2011 12 14 9 29 16.815 23657 35.52225 -96.77001 2.799 0.83
2011 12 14 10 0 8.728 23662 35.51536 -96.77972 3.040 0.78
2011 12 14 10 7 30.985 23664 35.51726 -96.77677 1.542 0.11
2011 12 14 10 38 44.420 23672 35.51548 -96.77984 3.003 -0.13
2011 12 14 11 4 35.078 23679 35.51661 -96.77909 2.953 0.55
2011 12 14 11 5 22.232 23680 35.51784 -96.77534 1.585 -0.13
2011 12 14 11 9 14.170 23682 35.55543 -96.74956 2.480 0.90
2011 12 14 11 20 46.953 23688 35.53430 -96.76095 4.291 0.40
2011 12 14 11 26 38.189 23692 35.53709 -96.76432 4.637 2.35
2011 12 14 11 42 29.154 23705 35.51668 -96.77927 2.939 0.57
2011 12 14 12 2 47.250 23709 35.53472 -96.76046 4.277 1.82
2011 12 14 12 27 55.094 23719 35.52906 -96.76003 2.003 -0.08
2011 12 14 13 48 55.187 23738 35.51683 -96.77771 2.970 1.23
2011 12 14 16 1 14.242 23761 35.49021 -96.83524 4.889 1.04
2011 12 14 18 31 8.573 23789 35.53312 -96.75791 4.034 0.45
2011 12 14 19 26 47.884 23801 35.52201 -96.77061 4.198 1.41
2011 12 14 19 55 12.436 23806 35.52799 -96.76191 2.152 2.04
2011 12 14 20 1 41.145 23811 35.54861 -96.75388 4.015 2.80
2011 12 14 20 12 9.943 23826 35.52852 -96.76074 2.026 0.38
2011 12 14 21 7 1.969 23856 35.51827 -96.77620 3.469 2.38
2011 12 14 21 9 31.081 23866 35.52309 -96.77325 3.769 0.44
2011 12 14 21 57 0.891 23904 35.52322 -96.77317 3.727 1.44
2011 12 14 23 35 27.066 23933 35.52148 -96.77156 1.899 -0.47
2011 12 15 0 31 22.985 23964 35.53401 -96.75882 5.011 1.78
2011 12 15 3 38 18.275 24072 35.52655 -96.77193 5.204 0.35
2011 12 15 3 40 51.059 24073 35.51611 -96.77853 2.836 1.00
2011 12 15 3 44 56.512 24076 35.52089 -96.77182 3.518 0.27
2011 12 15 3 47 57.709 24079 35.52887 -96.76005 2.197 0.19
2011 12 15 4 22 33.603 24103 35.51861 -96.77517 1.593 0.84
2011 12 15 4 30 23.334 24105 35.52849 -96.76076 2.307 -0.02
2011 12 15 5 5 47.128 24119 35.52832 -96.76101 2.154 1.49
2011 12 15 5 13 11.068 24122 35.50977 -96.78016 1.994 -0.04
2011 12 15 6 5 19.042 24142 35.52676 -96.76840 9.332 -0.68
2011 12 15 6 19 41.671 24149 35.52920 -96.76090 2.063 0.18
2011 12 15 6 36 44.615 24159 35.51608 -96.77904 1.481 -0.05
2011 12 15 6 39 0.092 24161 35.52907 -96.76021 2.088 0.42
2011 12 15 7 16 27.790 24184 35.53199 -96.74746 2.228 0.30
2011 12 15 7 20 7.251 24185 35.53437 -96.76017 5.276 0.05
2011 12 15 8 5 21.285 24207 35.53046 -96.76690 5.465 2.40
2011 12 15 8 51 5.197 24229 35.53900 -96.75809 3.056 1.19
2011 12 15 9 8 53.555 24236 35.54018 -96.76014 3.061 1.61
2011 12 15 11 18 34.049 24280 35.52784 -96.76700 4.611 1.06
2011 12 15 12 27 6.159 24309 35.50242 -96.80638 1.921 0.07
2011 12 15 13 2 13.961 24328 35.52489 -96.77223 4.182 1.39
2011 12 15 13 28 11.851 24351 35.53874 -96.75857 5.065 1.13
2011 12 15 14 6 25.450 24370 35.52807 -96.75997 2.041 0.34
2011 12 15 15 27 22.935 24414 35.53397 -96.76467 4.889 0.47
2011 12 15 17 22 55.267 24462 35.52950 -96.75976 2.057 0.35
2011 12 15 19 4 48.669 24512 35.54723 -96.75378 2.798 0.04
2011 12 15 19 55 51.611 24537 35.51106 -96.78365 2.421 0.22
2011 12 15 22 23 57.557 24652 35.52662 -96.76797 3.501 0.07
2011 12 15 22 30 19.944 24658 35.50134 -96.80867 3.943 0.33
2011 12 16 0 12 47.930 24718 35.52962 -96.76738 5.425 -0.31
2011 12 16 1 11 56.348 24755 35.52130 -96.77195 1.644 0.93
2011 12 16 1 39 3.406 24776 35.52804 -96.77070 5.600 1.03
2011 12 16 2 17 3.410 24798 35.53030 -96.75847 2.079 0.36
2011 12 16 2 23 37.206 24803 35.52092 -96.77241 1.591 -0.15
2011 12 16 3 18 31.919 24830 35.52997 -96.77067 5.172 0.19
2011 12 16 3 19 53.774 24831 35.52195 -96.77159 1.728 0.76
2011 12 16 4 24 53.502 24855 35.52549 -96.76702 3.892 -0.22
2011 12 16 5 43 49.821 24886 35.52185 -96.77160 1.651 0.72
2011 12 16 6 7 12.072 24896 35.52464 -96.76907 1.025 -0.23
2011 12 16 6 19 58.196 24898 35.51699 -96.77752 1.383 0.97
2011 12 16 6 39 3.529 24904 35.51876 -96.77402 1.502 0.17
2011 12 16 9 15 5.250 24942 35.51727 -96.78401 4.679 -0.80
2011 12 16 10 10 59.104 24951 35.52899 -96.76112 1.267 1.32
2011 12 16 13 10 34.063 25014 35.52656 -96.77190 5.705 -0.20
2011 12 16 13 40 27.575 25035 35.52711 -96.77057 5.862 -0.41
2011 12 16 13 58 49.522 25050 35.52001 -96.77396 1.611 0.56
2011 12 16 15 21 44.890 25095 35.55290 -96.75188 2.436 0.55
2011 12 16 16 55 26.762 25136 35.52256 -96.77057 1.424 0.12
2011 12 16 17 17 16.275 25148 35.51878 -96.78141 1.717 0.84
2011 12 16 18 22 43.957 25237 35.52706 -96.76853 3.675 0.29
2011 12 16 23 9 51.820 25456 35.51717 -96.77760 2.875 0.83
2011 12 16 23 15 26.610 25460 35.53231 -96.76594 3.442 0.28
2011 12 16 23 18 8.025 25463 35.53625 -96.76031 4.588 1.49
2011 12 17 0 15 21.811 25528 35.54376 -96.75191 2.933 -0.08
2011 12 17 0 50 21.340 25566 35.51146 -96.78229 2.163 1.43
2011 12 17 1 29 33.795 25612 35.51105 -96.78249 2.091 0.04
2011 12 17 1 36 52.326 25621 35.51770 -96.77695 2.863 0.67
2011 12 17 2 49 34.178 25696 35.52974 -96.76406 5.204 -0.55
2011 12 17 3 24 31.016 25735 35.51715 -96.78157 1.729 0.66
2011 12 17 3 53 50.454 25753 35.49441 -96.81679 5.423 0.75
2011 12 17 3 58 21.708 25759 35.54443 -96.75415 3.924 -0.70
2011 12 17 4 35 3.391 25787 35.51566 -96.77956 2.935 0.10
2011 12 17 5 46 35.816 25818 35.51945 -96.77526 1.626 -0.02
2011 12 17 6 13 16.644 25822 35.52476 -96.77371 4.237 2.32
2011 12 17 6 27 44.890 25832 35.52155 -96.77247 1.787 0.04
2011 12 17 6 31 55.388 25837 35.52882 -96.76113 1.824 1.40
2011 12 17 7 17 26.141 25855 35.52843 -96.76072 2.147 1.91
2011 12 17 7 43 25.978 25870 35.52915 -96.76137 2.572 1.44
2011 12 17 7 43 38.854 25871 35.52903 -96.76057 2.370 0.05
2011 12 17 7 46 49.373 25873 35.52867 -96.76043 2.047 -0.21
2011 12 17 8 36 24.524 25898 35.52211 -96.77378 4.079 0.34
2011 12 17 8 37 12.717 25899 35.52292 -96.77163 4.027 0.27
2011 12 17 8 48 41.733 25908 35.54143 -96.75927 3.803 1.04
2011 12 17 8 51 39.882 25909 35.54495 -96.75406 4.019 -1.04
2011 12 17 9 30 21.970 25922 35.53191 -96.76030 4.620 0.25
2011 12 17 9 30 58.415 25924 35.52405 -96.77015 3.994 1.38
2011 12 17 9 44 32.292 25931 35.53055 -96.76063 4.815 -1.06
2011 12 17 9 55 26.182 25933 35.52237 -96.77207 3.962 0.10
2011 12 17 10 20 1.651 25942 35.52479 -96.76788 4.459 0.23
2011 12 17 10 31 44.909 25947 35.52211 -96.77161 1.260 0.07
2011 12 17 10 39 27.402 25950 35.55768 -96.74758 2.592 -0.15
2011 12 17 11 4 2.677 25954 35.46136 -96.73610 3.471 -0.15
2011 12 17 14 13 34.989 26029 35.52310 -96.77195 3.969 0.18
2011 12 17 19 4 36.704 26231 35.51879 -96.79657 4.417 0.69
2011 12 17 22 35 11.504 26395 35.51465 -96.78161 1.526 -0.00
2011 12 17 23 11 32.111 26425 35.49291 -96.82214 1.342 0.86
2011 12 17 23 32 26.255 26446 35.52811 -96.76245 2.295 0.55
2011 12 18 0 46 34.015 26468 35.51457 -96.79247 5.958 -0.27
2011 12 18 1 3 18.149 26469 35.52738 -96.77164 5.456 -0.16
2011 12 18 1 39 4.022 26472 35.51977 -96.77594 3.292 -0.16
2011 12 18 2 20 3.104 26474 35.53436 -96.75901 5.111 0.04
2011 12 18 2 21 40.817 26475 35.53405 -96.75925 5.073 -0.47
2011 12 18 2 49 47.153 26476 35.51822 -96.78502 5.206 -0.35
2011 12 18 2 57 1.591 26478 35.51878 -96.78399 5.760 -0.16
2011 12 18 2 59 56.688 26479 35.51832 -96.78520 5.224 -0.22
2011 12 18 3 18 7.673 26482 35.53682 -96.76132 3.766 1.83
2011 12 18 3 19 59.887 26483 35.53659 -96.76168 3.759 1.74
2011 12 18 3 24 9.866 26484 35.52895 -96.76644 5.880 0.98
2011 12 18 4 57 59.909 26485 35.53114 -96.76915 5.749 0.02
2011 12 18 4 59 43.957 26486 35.52926 -96.76916 4.640 0.41
2011 12 18 6 56 14.100 26493 35.51796 -96.78492 5.405 -0.14
2011 12 18 8 17 9.258 26496 35.52447 -96.77173 4.367 0.04
2011 12 18 8 23 24.543 26498 35.52485 -96.77027 4.409 -0.39
2011 12 18 9 14 22.121 26502 35.51587 -96.77863 2.840 -0.22
2011 12 18 9 45 36.640 26503 35.53133 -96.76253 4.729 0.86
2011 12 18 10 9 11.483 26504 35.51844 -96.79718 4.531 0.86
2011 12 18 10 10 11.042 26505 35.51757 -96.79053 5.384 2.36
2011 12 18 10 13 55.327 26506 35.52177 -96.77492 3.848 -0.15
2011 12 18 10 42 36.371 26507 35.52229 -96.77357 3.567 -0.33
2011 12 18 11 28 29.622 26509 35.52372 -96.77281 4.230 -0.14
2011 12 18 11 37 44.129 26511 35.51798 -96.78416 4.439 -0.08
2011 12 18 12 2 48.148 26513 35.51528 -96.78543 8.462 1.05
2011 12 18 12 20 48.004 26514 35.52270 -96.77434 3.587 -0.20
2011 12 18 13 6 28.159 26517 35.53509 -96.76141 4.896 -0.30
2011 12 18 13 22 51.034 26518 35.53398 -96.75346 4.186 -0.39
2011 12 18 13 35 51.544 26519 35.52303 -96.77374 4.148 -0.21
2011 12 18 13 47 34.916 26520 35.52225 -96.77402 3.676 -0.16
2011 12 18 14 3 48.055 26521 35.54637 -96.75271 4.699 -0.06
2011 12 18 14 9 39.063 26523 35.54558 -96.75489 4.562 0.43
2011 12 18 18 15 4.853 26528 35.51202 -96.75713 5.172 -0.01
2011 12 18 18 28 11.615 26530 35.52375 -96.77159 3.605 0.73
2011 12 18 19 4 39.299 26532 35.52999 -96.76885 5.354 0.87
2011 12 18 19 11 6.757 26534 35.52318 -96.77868 6.357 0.62
2011 12 18 19 11 50.886 26535 35.53016 -96.76840 5.321 0.57
2011 12 18 19 17 30.115 26536 35.52757 -96.76618 9.113 -0.04
2011 12 18 19 19 22.878 26537 35.53331 -96.75837 4.514 -0.23
2011 12 18 19 36 31.002 26538 35.53182 -96.75984 4.740 0.33
2011 12 18 19 48 44.560 26540 35.53207 -96.76044 4.754 0.48
2011 12 18 19 49 7.175 26541 35.53174 -96.76049 4.711 0.19
2011 12 18 20 6 59.362 26542 35.53127 -96.76922 5.740 0.07
2011 12 19 0 45 27.194 26582 35.54871 -96.75675 4.181 2.65
2011 12 19 2 40 21.115 26663 35.51086 -96.78260 2.028 0.36
2011 12 19 4 38 3.087 26761 35.52857 -96.76159 2.436 0.41
2011 12 19 4 47 9.199 26769 35.52886 -96.76095 2.396 0.36
2011 12 19 5 24 39.649 26795 35.53299 -96.75694 4.697 -0.05
2011 12 19 6 12 40.495 26814 35.53971 -96.76023 4.857 1.21
2011 12 19 6 51 26.230 26832 35.52053 -96.77237 1.476 0.94
2011 12 19 6 52 16.120 26833 35.52035 -96.77264 1.602 1.13
2011 12 19 6 56 56.788 26837 35.52363 -96.77175 3.850 0.11
2011 12 19 7 29 20.174 26845 35.52950 -96.76151 2.347 0.55
2011 12 19 7 41 28.607 26854 35.52309 -96.77219 3.866 0.20
2011 12 19 7 56 7.297 26865 35.52942 -96.76126 2.326 1.01
2011 12 19 8 45 33.771 26884 35.51574 -96.78589 4.631 -0.55
2011 12 19 9 1 39.014 26887 35.52372 -96.77198 3.768 -0.16
2011 12 19 9 30 9.149 26893 35.49486 -96.81394 5.347 0.72
2011 12 19 9 37 57.486 26898 35.53136 -96.74743 2.896 0.46
2011 12 19 12 31 17.385 26997 35.50094 -96.80684 1.834 2.52
2011 12 19 13 46 32.059 27051 35.51769 -96.77811 2.981 0.70
2011 12 19 15 22 4.356 27118 35.53946 -96.75515 3.012 0.04
2011 12 19 16 25 24.799 27164 35.55271 -96.75187 2.462 0.34
2011 12 19 17 28 17.755 27208 35.52133 -96.77127 1.414 0.71
2011 12 19 17 53 52.882 27228 35.51478 -96.77952 1.430 1.39
2011 12 19 23 7 44.202 27462 35.52644 -96.76959 4.255 0.63
2011 12 20 0 4 40.716 27511 35.53281 -96.76116 3.941 1.26
2011 12 20 0 11 17.229 27518 35.52935 -96.76053 2.378 0.45
2011 12 20 0 22 9.182 27523 35.53876 -96.75604 3.082 -0.10
2011 12 20 0 45 6.816 27541 35.52984 -96.77040 5.430 0.88
2011 12 20 1 25 46.225 27562 35.53058 -96.76764 5.090 0.08
2011 12 20 2 10 50.566 27585 35.53481 -96.76009 4.929 0.19
2011 12 20 2 25 52.237 27594 35.52908 -96.76861 5.281 -0.34
2011 12 20 2 34 4.616 27598 35.52737 -96.77100 5.621 0.07
2011 12 20 2 40 14.804 27599 35.52845 -96.77062 5.699 0.60
2011 12 20 3 12 16.905 27619 35.51826 -96.78139 1.603 0.03
2011 12 20 3 54 8.220 27648 35.54048 -96.76001 3.174 -0.49
2011 12 20 4 8 53.240 27657 35.54011 -96.76087 3.100 -0.33
2011 12 20 4 50 24.175 27674 35.50972 -96.78383 2.041 0.77
2011 12 20 5 10 17.345 27688 35.53985 -96.75953 3.186 -1.02
2011 12 20 5 34 37.511 27700 35.51839 -96.77522 1.645 -0.36
2011 12 20 6 4 25.886 27714 35.52322 -96.77252 3.896 0.49
2011 12 20 6 48 38.059 27738 35.52326 -96.77251 3.901 0.54
2011 12 20 7 16 46.340 27755 35.54003 -96.75994 3.091 -0.59
2011 12 20 7 47 36.655 27767 35.52247 -96.77079 1.559 0.21
2011 12 20 8 2 58.203 27775 35.52260 -96.77061 1.615 -0.17
2011 12 20 8 14 23.567 27776 35.52905 -96.76025 2.103 1.10
2011 12 20 9 33 27.365 27814 35.52142 -96.77113 4.193 -0.48
2011 12 20 9 37 28.411 27818 35.51730 -96.78718 4.583 1.45
2011 12 20 10 4 17.989 27827 35.54065 -96.75725 3.049 0.11
2011 12 20 10 26 6.418 27837 35.50968 -96.78230 1.906 0.03
2011 12 20 10 26 51.268 27838 35.51007 -96.78221 2.418 0.35
2011 12 20 10 28 42.527 27841 35.52859 -96.76099 2.106 0.48
2011 12 20 10 32 8.328 27843 35.52954 -96.75926 1.839 -0.40
2011 12 20 10 40 47.690 27849 35.52819 -96.76114 2.100 0.46
2011 12 20 10 43 0.152 27853 35.52260 -96.77378 1.553 -0.57
2011 12 20 11 20 48.906 27883 35.53994 -96.75921 3.024 0.77
2011 12 20 11 59 25.158 27925 35.50810 -96.79323 3.009 0.54
2011 12 20 11 59 39.632 27926 35.51511 -96.78027 3.717 -0.67
2011 12 20 12 26 17.298 27954 35.50150 -96.81065 3.949 1.03
2011 12 20 13 24 10.531 27994 35.54015 -96.75952 2.989 -1.19
2011 12 20 14 23 17.213 28034 35.51869 -96.77546 1.654 1.29
2011 12 20 14 33 50.328 28039 35.54018 -96.75946 2.984 -0.01
2011 12 20 15 28 14.481 28092 35.53948 -96.75706 2.145 1.58
2011 12 20 16 10 5.407 28132 35.52736 -96.77113 5.347 0.12
2011 12 20 16 36 5.581 28150 35.54050 -96.75960 3.064 1.47
2011 12 20 16 42 22.568 28156 35.51742 -96.77751 3.126 0.36
2011 12 20 16 52 56.154 28161 35.53242 -96.75871 4.596 0.06
2011 12 20 17 56 26.089 28218 35.52937 -96.77016 5.337 0.52
2011 12 20 17 57 27.556 28221 35.52937 -96.77026 5.492 0.04
2011 12 20 18 26 39.958 28239 35.50951 -96.78824 2.267 0.36
2011 12 20 18 33 1.103 28246 35.53106 -96.76179 4.494 0.24
2011 12 20 18 42 54.346 28258 35.53087 -96.76103 4.666 0.22
2011 12 20 20 28 47.278 28358 35.54001 -96.75971 3.041 0.04
2011 12 20 22 25 13.422 28448 35.54012 -96.75940 2.950 -0.48
2011 12 20 22 36 29.615 28454 35.54791 -96.75360 4.400 2.12
2011 12 20 23 43 51.914 28549 35.52470 -96.77419 3.808 1.87
2011 12 20 23 45 35.100 28551 35.52532 -96.77381 3.778 0.41
2011 12 22 0 43 12.298 30035 35.52938 -96.76418 5.081 -0.29
2011 12 22 1 18 3.352 30038 35.53074 -96.76343 9.032 0.67
2011 12 22 2 36 16.721 30040 35.51761 -96.78669 5.737 -0.42
2011 12 22 2 52 57.874 30041 35.47970 -96.85353 3.625 0.03
2011 12 22 3 6 32.130 30042 35.53358 -96.76201 4.373 -0.02
2011 12 22 3 31 12.949 30046 35.51696 -96.77742 3.162 -0.02
2011 12 22 3 54 32.614 30048 35.52717 -96.76787 4.604 -0.24
2011 12 22 4 48 59.323 30053 35.52325 -96.77115 3.927 -0.03
2011 12 22 5 37 58.032 30056 35.52906 -96.76720 5.866 0.72
2011 12 22 5 51 16.377 30057 35.53677 -96.75563 3.188 0.05
2011 12 22 6 39 43.378 30058 35.51671 -96.77794 2.911 -0.25
2011 12 22 7 35 4.632 30059 35.52269 -96.77486 3.475 1.57
2011 12 22 8 4 31.738 30061 35.52785 -96.77113 5.634 -0.52
2011 12 22 8 6 47.957 30063 35.52770 -96.77134 5.624 -0.12
2011 12 22 8 32 3.788 30068 35.52729 -96.77211 5.404 -0.25
2011 12 22 9 45 32.000 30073 35.53441 -96.75969 5.009 0.70
2011 12 22 11 29 46.006 30076 35.54102 -96.75287 4.944 0.04
2011 12 22 11 30 29.607 30077 35.51649 -96.77825 3.063 -0.28
2011 12 22 11 38 49.647 30078 35.52269 -96.77405 3.354 0.88
2011 12 22 12 11 3.034 30080 35.53140 -96.76322 4.085 -0.32
2011 12 22 12 17 5.201 30081 35.53482 -96.76440 5.160 -0.26
2011 12 22 12 53 44.841 30082 35.54391 -96.75857 3.154 0.16
2011 12 22 12 54 37.082 30083 35.52700 -96.76828 4.596 -0.13
2011 12 22 12 56 50.510 30084 35.54633 -96.75193 3.611 0.47
2011 12 22 13 19 22.026 30086 35.52227 -96.77402 3.735 0.12
2011 12 22 14 31 19.857 30090 35.54619 -96.75452 3.988 -0.38
2011 12 22 15 56 3.231 30094 35.54586 -96.75379 4.118 -0.20
2011 12 22 16 19 6.079 30095 35.52726 -96.77243 5.571 0.12
2011 12 22 18 53 26.915 30102 35.52976 -96.76310 5.271 0.02
2011 12 22 21 13 40.533 30105 35.51715 -96.77853 3.168 0.30
2011 12 22 21 26 35.147 30106 35.51618 -96.77830 3.288 2.44
2011 12 22 21 26 54.003 30107 35.51576 -96.77910 3.232 2.23
2011 12 22 21 27 57.010 30108 35.51602 -96.77768 3.354 0.98
2011 12 22 21 28 32.865 30109 35.51726 -96.77661 3.410 0.79
2011 12 22 21 29 14.187 30110 35.51608 -96.77860 2.959 0.65
2011 12 22 21 30 8.350 30112 35.51448 -96.78132 3.548 0.22
2011 12 22 21 30 26.585 30113 35.51572 -96.77911 3.375 0.31
2011 12 22 21 31 10.935 30114 35.51480 -96.78093 3.353 1.19
2011 12 22 21 32 7.947 30115 35.51492 -96.78157 3.136 0.63
2011 12 22 21 33 33.059 30116 35.51569 -96.77949 3.258 0.43
2011 12 22 21 49 21.489 30119 35.51563 -96.77929 2.855 0.28
2011 12 22 22 4 8.884 30121 35.51555 -96.77950 2.942 0.35
2011 12 22 22 27 47.196 30122 35.51768 -96.78510 5.533 0.17
2011 12 22 22 28 6.412 30123 35.51773 -96.78573 5.495 0.98
2011 12 22 22 28 34.453 30124 35.51790 -96.78592 5.471 0.44
2011 12 22 22 28 45.578 30125 35.51783 -96.78546 5.493 0.50
2011 12 22 22 28 58.078 30126 35.51812 -96.78555 5.551 1.76
2011 12 22 22 29 57.161 30128 35.51797 -96.78743 5.781 0.08
2011 12 22 22 30 29.484 30129 35.51828 -96.78530 5.552 0.77
2011 12 22 22 31 1.092 30130 35.51825 -96.78493 5.553 0.29
2011 12 22 22 50 51.520 30131 35.51827 -96.78525 5.572 0.95
2011 12 23 0 1 39.026 30139 35.52888 -96.76114 2.068 0.14
2011 12 23 1 45 28.328 30220 35.52915 -96.76076 2.224 1.68
2011 12 23 2 10 59.935 30252 35.52893 -96.76091 2.256 1.41
2011 12 23 2 56 32.712 30306 35.52895 -96.76080 2.225 1.48
2011 12 23 4 1 32.459 30386 35.52899 -96.76122 1.770 1.61
2011 12 23 4 32 10.649 30412 35.52365 -96.77069 3.619 0.14
2011 12 23 6 21 29.123 30479 35.51775 -96.78491 5.263 -0.40
2011 12 23 6 34 14.193 30480 35.51845 -96.78509 5.453 2.01
2011 12 23 7 25 9.735 30514 35.53437 -96.76702 4.316 2.22
2011 12 23 7 32 42.567 30519 35.52744 -96.76264 3.587 0.57
2011 12 23 7 39 58.517 30523 35.52917 -96.76167 2.577 -0.01
2011 12 23 10 31 49.511 30621 35.51859 -96.77531 1.519 0.64
2011 12 23 18 14 20.253 30921 35.51989 -96.77384 1.545 0.57
2011 12 23 18 36 31.387 30938 35.52092 -96.77259 1.227 1.78
2011 12 23 18 42 41.017 30945 35.52176 -96.77162 0.984 -0.06
2011 12 23 18 54 7.220 30961 35.51989 -96.77414 1.492 0.47
2011 12 23 19 42 19.052 31018 35.52293 -96.77104 1.730 0.39
2011 12 23 20 19 15.467 31066 35.52524 -96.76653 3.805 0.52
2011 12 23 21 45 48.867 31158 35.52016 -96.77206 1.271 0.26
2011 12 24 1 30 1.195 31330 35.51871 -96.78343 5.735 -0.38
2011 12 24 1 35 51.858 31331 35.52084 -96.77582 3.818 -0.02
2011 12 24 2 30 17.171 31333 35.52776 -96.77090 5.563 0.71
2011 12 24 2 37 37.275 31334 35.52764 -96.77094 5.582 -0.02
2011 12 24 2 45 37.850 31335 35.52710 -96.76966 3.392 0.40
2011 12 24 2 54 11.071 31336 35.52623 -96.77196 5.379 0.20
2011 12 24 2 54 17.789 31337 35.52640 -96.77176 5.482 -0.06
2011 12 24 3 5 4.056 31339 35.51591 -96.77921 2.907 -0.09
2011 12 24 4 11 3.579 31341 35.52228 -96.77395 3.777 0.07
2011 12 24 4 11 27.050 31342 35.52279 -96.77373 3.625 0.85
2011 12 24 4 18 49.147 31343 35.52219 -96.77347 3.553 -0.04
2011 12 24 4 32 14.263 31344 35.52128 -96.77532 3.776 0.24
2011 12 24 4 36 14.420 31345 35.52250 -96.77374 3.551 -0.04
2011 12 24 4 37 4.412 31346 35.53346 -96.75333 4.404 1.06
2011 12 24 4 37 18.861 31347 35.52243 -96.77366 3.702 0.81
2011 12 24 4 39 41.287 31348 35.52196 -96.77402 3.663 -0.31
2011 12 24 4 39 56.364 31349 35.52219 -96.77371 3.588 0.57
2011 12 24 4 40 15.441 31350 35.52134 -96.77551 3.841 0.38
2011 12 24 4 43 7.343 31351 35.52200 -96.77531 3.844 0.45
2011 12 24 5 2 24.313 31353 35.52156 -96.77440 3.717 0.03
2011 12 24 5 5 12.768 31354 35.52650 -96.77030 5.736 -0.13
2011 12 24 5 8 59.310 31355 35.52467 -96.77187 4.271 -0.25
2011 12 24 5 10 48.131 31356 35.52213 -96.77436 3.891 -0.07
2011 12 24 5 12 6.305 31357 35.52223 -96.77354 3.640 0.69
2011 12 24 5 16 35.611 31358 35.52197 -96.77455 3.773 0.44
2011 12 24 6 2 5.656 31359 35.53131 -96.76191 5.258 -0.14
2011 12 24 7 19 15.356 31361 35.52354 -96.77276 3.350 0.59
2011 12 24 7 53 28.374 31363 35.53122 -96.76791 5.874 -0.24
2011 12 24 8 41 48.184 31365 35.51154 -96.78764 3.597 0.13
2011 12 24 9 26 6.767 31366 35.52348 -96.77148 3.414 -0.63
2011 12 24 9 42 59.769 31367 35.52586 -96.76875 3.724 -0.17
2011 12 24 9 44 48.151 31368 35.52625 -96.76880 3.765 -0.05
2011 12 24 10 35 24.417 31370 35.51523 -96.77931 3.202 -0.06
2011 12 24 10 54 27.041 31372 35.51886 -96.78973 3.869 0.04
2011 12 24 11 6 6.336 31373 35.52232 -96.77977 5.227 0.13
2011 12 24 11 46 33.681 31374 35.53353 -96.75945 4.210 -0.17
2011 12 24 13 4 14.047 31379 35.51819 -96.78388 5.003 -0.13
2011 12 24 13 21 52.294 31381 35.52607 -96.77234 5.444 -0.27
2011 12 24 13 43 32.947 31383 35.51212 -96.77995 2.601 1.29
2011 12 24 14 43 51.370 31385 35.54128 -96.75611 4.497 0.40
2011 12 24 14 46 6.716 31386 35.51916 -96.78298 5.479 -0.27
2011 12 24 16 13 25.095 31389 35.53236 -96.76909 6.193 -0.04
2011 12 24 17 27 11.249 31392 35.53618 -96.76185 3.710 -0.21
2011 12 24 20 56 56.992 31399 35.51688 -96.77743 2.857 0.01
2011 12 24 21 50 40.841 31400 35.52141 -96.77317 3.089 -0.53
2011 12 25 0 3 27.261 31401 35.53757 -96.76390 2.143 -0.04
2011 12 25 2 28 1.635 31405 35.52269 -96.77955 5.583 0.08
2011 12 25 2 55 16.289 31407 35.53378 -96.76220 5.556 1.17
2011 12 25 3 1 51.324 31408 35.51151 -96.78744 3.534 0.85
2011 12 25 3 13 5.880 31409 35.51171 -96.78809 3.538 0.35
2011 12 25 3 49 23.963 31412 35.53742 -96.74957 3.116 0.00
2011 12 25 4 3 26.193 31413 35.50855 -96.79189 5.029 1.68
2011 12 25 4 13 31.066 31415 35.51124 -96.78837 3.502 0.73
2011 12 25 5 1 39.786 31418 35.53146 -96.76074 5.571 -0.27
2011 12 25 5 50 37.691 31420 35.51864 -96.78366 5.523 -0.33
2011 12 25 5 57 19.557 31421 35.51831 -96.78468 5.739 0.03
2011 12 25 6 19 46.080 31422 35.52381 -96.77193 4.246 -0.29
2011 12 25 6 33 22.093 31424 35.51244 -96.78711 3.461 -0.27
2011 12 25 6 52 30.544 31426 35.52361 -96.77170 4.121 -0.34
2011 12 25 6 52 39.154 31427 35.52700 -96.76759 3.783 0.65
2011 12 25 7 42 24.908 31431 35.53424 -96.75920 5.007 0.09
2011 12 25 7 53 21.602 31433 35.53448 -96.75926 5.136 -0.36
2011 12 25 7 58 12.246 31434 35.54265 -96.76082 3.243 0.73
2011 12 25 8 51 54.816 31436 35.51802 -96.78711 5.551 -0.43
2011 12 25 8 54 37.404 31437 35.51137 -96.75810 5.258 0.23
2011 12 25 11 34 3.392 31443 35.52337 -96.77340 3.272 -0.32
2011 12 25 12 16 2.034 31446 35.52698 -96.76618 4.701 -0.52
2011 12 25 13 25 55.072 31447 35.52427 -96.77123 4.356 1.54
2011 12 25 13 30 44.574 31450 35.52421 -96.77094 4.328 0.96
2011 12 25 13 31 33.712 31451 35.52437 -96.77091 4.342 1.79
2011 12 25 13 32 7.088 31452 35.52479 -96.77047 4.419 0.57
2011 12 25 13 49 46.799 31453 35.53039 -96.76200 5.252 -0.25
2011 12 25 14 4 50.352 31454 35.52746 -96.77130 5.401 -0.35
2011 12 25 15 4 21.693 31457 35.52413 -96.77157 4.568 -0.33
2011 12 25 15 11 3.141 31459 35.52452 -96.77010 4.602 0.09
2011 12 25 15 12 43.448 31460 35.52467 -96.77132 4.580 -0.12
2011 12 25 15 56 21.781 31462 35.52026 -96.75918 4.555 1.62
2011 12 25 16 13 9.839 31464 35.52502 -96.77030 5.247 -0.35
2011 12 25 16 14 2.023 31465 35.52498 -96.77088 4.631 -0.10
2011 12 25 17 9 8.531 31467 35.51235 -96.75757 5.245 -0.80
2011 12 25 17 10 4.744 31468 35.52145 -96.77523 4.030 -0.25
2011 12 25 17 38 42.358 31472 35.52520 -96.77160 4.400 -0.53
2011 12 25 19 18 55.726 31473 35.52421 -96.77083 4.426 -0.26
2011 12 25 19 44 44.111 31474 35.52448 -96.77054 4.261 -0.17
2011 12 25 21 0 35.033 31480 35.52797 -96.76601 9.205 0.12
2011 12 25 21 23 57.312 31481 35.52504 -96.77060 4.500 1.21
2011 12 25 21 36 59.547 31483 35.52504 -96.77044 4.598 0.10
2011 12 25 21 52 41.030 31484 35.52410 -96.77049 4.506 -0.17
2011 12 25 22 43 43.924 31486 35.52972 -96.76881 5.324 0.93
2011 12 26 0 38 23.565 31494 35.52036 -96.78803 3.774 0.01
2011 12 26 2 38 27.109 31548 35.52621 -96.76796 4.344 0.15
2011 12 26 2 38 43.753 31549 35.52688 -96.76898 4.452 -0.09
2011 12 26 2 40 21.005 31552 35.52582 -96.76849 4.394 -0.22
2011 12 26 3 23 11.240 31573 35.52954 -96.76342 4.555 0.30
2011 12 26 4 11 7.291 31604 35.51870 -96.77101 4.625 0.34
2011 12 26 4 13 9.550 31606 35.52141 -96.77218 1.107 0.43
2011 12 26 4 42 54.042 31621 35.51775 -96.78465 4.805 1.39
2011 12 26 4 57 20.838 31628 35.52191 -96.77061 1.650 0.51
2011 12 26 5 2 47.218 31630 35.48021 -96.85245 3.758 -0.47
2011 12 26 7 20 48.326 31687 35.53141 -96.75935 4.179 2.22
2011 12 26 7 26 44.065 31691 35.52408 -96.77088 2.811 0.44
2011 12 26 8 0 8.063 31707 35.52350 -96.77138 4.340 1.25
2011 12 26 8 0 39.363 31709 35.52368 -96.77100 4.201 0.82
2011 12 26 8 4 25.096 31711 35.53028 -96.76111 5.104 0.35
2011 12 26 8 11 48.107 31713 35.52456 -96.76956 3.960 0.18
2011 12 26 8 48 34.274 31722 35.53119 -96.76125 4.954 0.53
2011 12 26 9 10 2.334 31731 35.52066 -96.78398 5.129 0.21
2011 12 26 9 20 17.770 31735 35.53193 -96.76742 5.687 -0.92
2011 12 26 9 34 21.651 31743 35.51893 -96.77960 1.793 -0.39
2011 12 26 9 39 23.368 31751 35.51935 -96.77905 1.656 1.15
2011 12 26 9 43 4.202 31753 35.52555 -96.77221 3.918 -0.08
2011 12 26 9 50 4.985 31761 35.53367 -96.76012 5.037 -0.06
2011 12 26 11 13 10.249 31786 35.51171 -96.78653 2.064 0.39
2011 12 26 11 23 2.994 31792 35.51817 -96.77610 1.499 -0.10
2011 12 26 11 23 29.915 31793 35.52321 -96.77328 3.826 0.64
2011 12 26 13 27 48.409 31844 35.55233 -96.75170 2.681 -0.09
2011 12 26 15 15 25.984 31910 35.54715 -96.75734 2.770 0.72
2011 12 26 17 5 56.533 31961 35.51611 -96.77825 2.549 3.65
2011 12 26 17 17 6.119 31967 35.51811 -96.77681 1.625 0.46
2011 12 26 17 31 52.728 31972 35.51806 -96.77656 1.608 1.00
2011 12 26 17 50 6.317 31980 35.51441 -96.77793 2.828 0.32
2011 12 26 20 34 40.123 32094 35.52967 -96.74555 4.135 0.47
2011 12 26 21 5 18.781 32123 35.51624 -96.77890 2.782 0.24
2011 12 26 23 57 57.745 32315 35.52392 -96.76991 4.115 0.22
2011 12 27 0 3 10.664 32319 35.52434 -96.77124 3.717 1.11
2011 12 27 0 3 53.149 32320 35.52399 -96.76929 3.608 1.26
2011 12 27 0 11 58.244 32328 35.51369 -96.78502 3.059 0.82
2011 12 27 0 14 4.050 32330 35.51341 -96.78486 3.098 0.75
2011 12 27 1 3 54.330 32345 35.52247 -96.77099 1.605 0.01
2011 12 27 1 15 50.228 32346 35.52251 -96.77296 3.720 0.08
2011 12 27 1 25 40.900 32350 35.49477 -96.81245 5.042 1.13
2011 12 27 1 50 52.838 32357 35.52419 -96.77070 3.644 -0.09
2011 12 27 1 53 44.963 32359 35.52392 -96.77263 4.293 -0.23
2011 12 27 2 41 33.818 32367 35.52242 -96.77086 3.647 1.02
2011 12 27 3 16 47.057 32377 35.54023 -96.75892 2.912 0.21
2011 12 27 3 28 36.264 32383 35.52288 -96.77006 4.180 0.04
2011 12 27 3 44 13.157 32388 35.51120 -96.78145 1.874 -0.28
2011 12 27 4 45 51.250 32404 35.51939 -96.76976 3.361 0.64
2011 12 27 4 49 38.050 32405 35.51868 -96.77217 2.889 0.17
2011 12 27 6 7 42.889 32429 35.49162 -96.85276 1.722 -0.27
2011 12 27 7 10 19.512 32446 35.52774 -96.77043 6.226 2.93
2011 12 27 7 16 3.417 32450 35.52467 -96.77124 3.151 -1.05
2011 12 27 7 17 58.179 32451 35.52355 -96.77180 3.876 0.06
2011 12 27 7 18 31.137 32452 35.52357 -96.77212 3.911 -0.18
2011 12 27 7 21 5.564 32458 35.52426 -96.76990 3.415 0.05
2011 12 27 7 34 9.766 32469 35.51771 -96.77814 2.997 -0.06
2011 12 27 7 36 55.823 32473 35.52354 -96.77168 3.837 -0.16
2011 12 27 7 41 40.238 32477 35.52273 -96.77252 3.859 -0.20
2011 12 27 8 2 10.277 32483 35.52467 -96.77122 3.198 -0.52
2011 12 27 8 10 39.045 32488 35.52868 -96.76520 4.912 -0.51
2011 12 27 8 25 5.849 32493 35.52342 -96.77173 3.832 -0.21
2011 12 27 8 28 33.148 32495 35.52411 -96.77240 3.920 0.04
2011 12 27 8 43 17.671 32498 35.52362 -96.77194 3.918 0.20
2011 12 27 9 9 9.333 32511 35.52362 -96.77133 3.980 -0.01
2011 12 27 9 14 56.381 32514 35.52162 -96.77369 3.869 0.18
2011 12 27 9 20 49.232 32516 35.52359 -96.77050 4.248 0.43
2011 12 27 9 24 26.084 32519 35.53036 -96.76748 5.160 0.07
2011 12 27 9 42 4.926 32526 35.54323 -96.75925 2.783 0.04
2011 12 27 9 44 15.599 32530 35.52076 -96.77435 3.714 0.92
2011 12 27 9 54 3.386 32534 35.52335 -96.77236 3.892 0.20
2011 12 27 9 56 51.537 32535 35.51818 -96.77236 2.906 0.01
2011 12 27 10 1 5.568 32537 35.51173 -96.78733 3.791 -0.20
2011 12 27 10 6 50.276 32540 35.52280 -96.77263 4.102 -0.07
2011 12 27 11 19 12.863 32557 35.53117 -96.76009 4.755 0.99
2011 12 27 13 2 19.761 32579 35.52083 -96.77239 1.534 -0.21
2011 12 27 13 51 47.070 32584 35.52679 -96.77082 2.256 0.57
2011 12 27 14 15 43.340 32585 35.49203 -96.85137 1.380 1.58
2011 12 27 14 18 3.988 32586 35.49240 -96.85077 1.400 1.58
2011 12 27 14 18 23.000 32587 35.49238 -96.85059 1.395 1.32
2011 12 27 14 20 14.829 32589 35.49117 -96.85369 1.798 0.68
2011 12 27 15 34 49.596 32599 35.51989 -96.77699 1.698 0.33
2011 12 27 17 13 8.027 32610 35.51677 -96.77731 1.526 0.23
2011 12 27 17 30 20.953 32615 35.52396 -96.76988 3.855 1.10
2011 12 27 18 53 39.959 32626 35.52070 -96.77166 1.506 0.93
2011 12 27 18 55 46.389 32628 35.52607 -96.76717 3.906 1.88
2011 12 27 19 15 44.329 32632 35.51704 -96.77752 1.435 0.97
2011 12 27 21 29 6.239 32640 35.52392 -96.76911 3.920 1.22
2011 12 27 21 34 41.335 32642 35.52100 -96.77247 1.450 0.34
2011 12 27 21 39 3.625 32643 35.52138 -96.77254 1.527 1.27
2011 12 27 22 53 32.961 32656 35.52112 -96.77270 1.574 0.28
2011 12 28 1 48 44.059 32741 35.51707 -96.78737 4.687 -0.21
2011 12 28 1 57 22.571 32744 35.53066 -96.76304 5.303 -0.41
2011 12 28 2 1 47.763 32746 35.53118 -96.76620 5.457 -0.44
2011 12 28 2 43 37.898 32759 35.52760 -96.76751 4.433 0.08
2011 12 28 2 55 6.473 32762 35.52261 -96.77286 4.231 0.92
2011 12 28 3 8 50.580 32766 35.53150 -96.75940 4.796 -0.76
2011 12 28 4 32 38.266 32806 35.51864 -96.77491 1.591 0.04
2011 12 28 5 2 53.295 32813 35.53096 -96.76148 4.491 1.39
2011 12 28 5 33 36.144 32826 35.53188 -96.76106 4.215 0.42
2011 12 28 5 39 45.732 32829 35.52193 -96.77191 1.233 -0.39
2011 12 28 6 15 8.249 32839 35.53066 -96.76129 4.987 -0.06
2011 12 28 6 28 30.349 32843 35.49213 -96.85048 1.386 1.34
2011 12 28 7 12 33.166 32858 35.53107 -96.76166 4.552 0.65
2011 12 28 7 17 30.347 32861 35.53075 -96.76171 4.936 0.24
2011 12 28 8 30 0.832 32874 35.51671 -96.77727 1.593 -0.15
2011 12 28 10 16 11.481 32901 35.54486 -96.75405 3.147 0.22
2011 12 28 10 57 13.876 32915 35.52949 -96.76469 6.200 2.53
2011 12 28 12 3 46.831 32941 35.53138 -96.76141 4.471 0.41
2011 12 28 12 13 11.829 32945 35.53831 -96.75892 4.246 0.75
2011 12 28 12 24 47.304 32957 35.51487 -96.78193 1.503 -0.02
2011 12 28 14 9 8.920 33010 35.52023 -96.78257 5.138 0.34
2011 12 28 15 33 27.243 33080 35.52289 -96.77236 3.558 1.05
2011 12 28 17 6 7.071 33148 35.51703 -96.78594 4.539 1.46
2011 12 28 18 4 14.321 33206 35.52351 -96.77089 3.889 2.02
2011 12 28 18 5 7.704 33209 35.52280 -96.77109 3.916 1.14
2011 12 28 18 7 37.107 33213 35.51721 -96.77691 2.825 0.61
2011 12 28 18 8 59.605 33218 35.51107 -96.78218 2.173 0.27
2011 12 28 18 24 8.958 33235 35.52372 -96.77177 3.789 1.31
2011 12 28 20 41 28.708 33367 35.51979 -96.77350 1.171 0.52
2011 12 28 23 17 35.664 33575 35.52257 -96.77116 4.276 0.72
2011 12 29 1 22 47.412 33675 35.50980 -96.78728 3.018 0.99
2011 12 29 1 37 12.430 33686 35.51913 -96.77437 1.567 0.88
2011 12 29 1 37 26.090 33687 35.51924 -96.77415 1.535 -0.06
2011 12 29 1 44 36.081 33694 35.51964 -96.77417 1.479 -0.01
2011 12 29 2 3 22.074 33703 35.54038 -96.75757 2.751 0.14
2011 12 29 2 56 52.040 33733 35.52248 -96.77201 4.074 0.72
2011 12 29 4 10 45.246 33764 35.52245 -96.77258 4.006 0.27
2011 12 29 4 54 6.093 33791 35.52767 -96.76796 3.660 0.02
2011 12 29 5 36 17.763 33800 35.51349 -96.78369 2.926 0.95
2011 12 29 6 38 8.573 33815 35.53420 -96.76051 5.066 1.26
2011 12 29 7 41 10.098 33829 35.52371 -96.77341 4.305 -0.26
2011 12 29 7 43 45.471 33831 35.51847 -96.77534 1.561 -0.09
2011 12 29 10 9 6.067 33861 35.51909 -96.77533 1.511 -0.28
2011 12 29 10 22 27.132 33863 35.51637 -96.78897 5.840 -0.17
2011 12 29 11 18 31.089 33879 35.52077 -96.77284 1.554 -0.03
2011 12 29 11 57 17.966 33902 35.51691 -96.78591 6.324 1.52
2011 12 29 12 11 37.043 33911 35.51780 -96.78103 4.439 0.19
2011 12 29 15 29 1.450 34035 35.53519 -96.76594 3.413 0.75
2011 12 29 16 0 42.820 34067 35.54202 -96.75871 4.568 0.70
2011 12 29 21 45 54.456 34440 35.51048 -96.78570 2.393 1.49
2011 12 29 22 23 1.435 34468 35.51854 -96.77556 1.612 0.74
2011 12 29 23 12 54.735 34529 35.51841 -96.77404 1.493 0.55
2011 12 29 23 42 35.777 34556 35.51775 -96.78670 5.455 0.85
2011 12 30 1 54 12.052 34634 35.53538 -96.76125 5.012 1.47
2011 12 30 2 38 44.076 34644 35.52399 -96.77166 3.427 0.77
2011 12 30 2 48 18.700 34646 35.52443 -96.77046 3.968 0.14
2011 12 30 4 31 2.636 34670 35.53373 -96.75678 4.100 0.04
2011 12 30 5 41 36.162 34690 35.53150 -96.75988 4.810 0.31
2011 12 30 7 53 41.572 34720 35.52962 -96.77031 5.353 0.04
2011 12 30 9 5 46.735 34733 35.52505 -96.77131 3.700 1.29
2011 12 30 9 39 45.622 34742 35.51695 -96.78577 4.829 1.37
2011 12 30 10 42 26.908 34750 35.52766 -96.76695 4.001 2.79
2011 12 30 12 15 16.057 34777 35.51798 -96.77650 1.775 2.19
2011 12 30 16 39 26.161 34901 35.52324 -96.77253 3.729 1.86
2011 12 30 16 40 16.303 34902 35.52428 -96.77291 3.862 1.09
2011 12 30 16 41 46.193 34904 35.52184 -96.77261 3.764 0.72
2011 12 30 22 36 9.070 35163 35.51820 -96.77791 1.583 1.54
2011 12 31 0 44 40.901 35284 35.52256 -96.77133 3.749 0.70
2011 12 31 8 6 44.915 35539 35.53015 -96.76154 4.915 0.54
2011 12 31 8 7 12.473 35540 35.53312 -96.75779 3.944 0.68
2011 12 31 8 43 3.058 35562 35.51144 -96.78169 2.115 1.01
2011 12 31 9 44 45.968 35589 35.52371 -96.77118 3.533 0.87
2011 12 31 9 50 40.931 35591 35.52561 -96.77262 3.480 1.22
2011 12 31 10 38 38.447 35603 35.45315 -96.73923 3.512 -0.04
2011 12 31 11 53 32.593 35622 35.51703 -96.77739 1.350 0.58
2012 1 1 0 28 20.563 36169 35.51910 -96.78387 5.505 0.16
2012 1 1 0 38 58.048 36184 35.52879 -96.76626 4.908 -0.24
2012 1 1 2 41 43.523 36306 35.51079 -96.78246 2.185 0.73
2012 1 1 6 34 44.963 36362 35.53231 -96.76037 4.431 0.23
2012 1 1 6 53 10.931 36369 35.53441 -96.76047 4.122 0.59
2012 1 1 8 14 58.122 36395 35.52688 -96.77185 5.925 -0.56
2012 1 1 10 2 19.836 36429 35.53344 -96.76336 4.190 2.35
2012 1 1 10 3 5.767 36431 35.53062 -96.76213 4.843 0.55
2012 1 1 12 5 11.298 36451 35.52768 -96.76810 6.141 0.02
2012 1 1 13 29 20.682 36478 35.52373 -96.77159 3.462 -0.05
2012 1 1 13 38 34.200 36481 35.46845 -96.86299 3.111 1.38
2012 1 1 13 54 17.682 36488 35.52536 -96.76987 2.930 -0.58
2012 1 1 14 13 19.519 36498 35.52320 -96.77148 3.481 -0.19
2012 1 1 14 15 20.318 36499 35.52466 -96.77142 3.124 2.27
2012 1 1 14 17 10.826 36507 35.52407 -96.77289 3.298 1.86
2012 1 1 14 39 2.051 36529 35.52656 -96.76942 3.573 1.03
2012 1 1 14 39 17.675 36530 35.52662 -96.76913 3.539 0.06
2012 1 2 0 28 6.948 37064 35.53155 -96.76953 5.687 -0.55
2012 1 2 0 44 9.859 37065 35.52672 -96.76978 2.977 0.72
2012 1 2 0 46 36.522 37066 35.52590 -96.77024 3.279 0.10
2012 1 2 1 43 1.532 37072 35.52655 -96.76908 3.327 -0.29
2012 1 2 1 48 25.131 37073 35.53046 -96.76201 4.738 0.66
2012 1 2 2 11 52.101 37074 35.53333 -96.75756 4.723 -0.13
2012 1 2 2 14 26.037 37075 35.52746 -96.76863 3.136 -0.45
2012 1 2 2 18 49.639 37076 35.53224 -96.75567 4.324 -0.36
2012 1 2 2 58 1.844 37079 35.53078 -96.76153 4.648 -0.24
2012 1 2 3 13 33.221 37081 35.51901 -96.78782 6.267 -0.22
2012 1 2 3 26 34.344 37082 35.53064 -96.76187 4.745 1.02
2012 1 2 3 57 23.079 37086 35.52630 -96.77039 3.458 -0.04
2012 1 2 3 58 16.740 37087 35.52951 -96.77005 5.429 -0.25
2012 1 2 4 47 15.556 37090 35.52336 -96.77214 3.824 -0.01
2012 1 2 4 48 12.548 37091 35.52327 -96.77233 3.810 -0.05
2012 1 2 4 48 53.750 37092 35.52256 -96.77406 3.958 -0.26
2012 1 2 4 49 23.432 37093 35.52321 -96.77257 3.879 -0.21
2012 1 2 4 51 12.320 37094 35.52282 -96.77475 4.072 -0.28
2012 1 2 5 3 28.738 37096 35.52521 -96.77022 2.942 -0.61
2012 1 2 5 24 30.450 37099 35.52992 -96.77199 3.415 0.21
2012 1 2 5 32 43.088 37101 35.51615 -96.77893 3.017 -0.06
2012 1 2 5 35 33.097 37102 35.51615 -96.77884 2.973 0.15
2012 1 2 5 52 52.417 37104 35.53055 -96.76154 4.701 0.05
2012 1 2 6 17 26.989 37106 35.52227 -96.77340 3.174 0.41
2012 1 2 6 42 26.801 37108 35.52743 -96.76808 2.911 -0.64
2012 1 2 7 31 39.390 37110 35.52082 -96.77332 7.502 -0.13
2012 1 2 7 48 14.029 37112 35.53052 -96.76059 4.625 -0.99
2012 1 2 9 30 2.380 37114 35.52325 -96.76881 3.116 0.05
2012 1 2 10 41 28.530 37116 35.52712 -96.77317 6.194 -0.18
2012 1 2 11 20 55.843 37117 35.52301 -96.77187 3.779 -0.03
2012 1 2 11 24 41.734 37118 35.52242 -96.77259 3.887 0.17
2012 1 2 11 55 45.369 37120 35.52267 -96.77314 3.699 -0.30
2012 1 2 12 18 18.177 37124 35.52255 -96.77343 3.749 -0.45
2012 1 2 12 24 25.216 37126 35.52240 -96.77332 3.777 0.26
2012 1 2 12 33 56.320 37127 35.52244 -96.77322 3.783 -0.08
2012 1 2 12 36 10.568 37128 35.52190 -96.77423 3.806 -0.19
2012 1 2 12 50 55.440 37129 35.52497 -96.77258 4.885 0.38
2012 1 2 12 56 40.727 37131 35.52448 -96.77329 4.983 -0.58
2012 1 2 13 8 10.479 37132 35.48269 -96.84976 4.646 1.76
2012 1 2 13 22 31.492 37133 35.51621 -96.77868 2.855 0.06
2012 1 2 16 44 20.240 37140 35.52694 -96.76950 3.522 -0.05
2012 1 2 16 52 2.835 37141 35.53149 -96.76183 5.497 0.22
2012 1 2 16 55 44.317 37142 35.52848 -96.76507 9.159 -0.29
2012 1 2 17 37 10.808 37145 35.51552 -96.77986 3.155 0.16
2012 1 2 17 53 55.490 37146 35.52729 -96.76817 2.790 0.05
2012 1 2 19 21 21.266 37148 35.52516 -96.77025 2.856 0.52
2012 1 2 20 22 18.605 37151 35.53167 -96.76103 5.591 0.01
2012 1 2 21 44 1.762 37153 35.52709 -96.76890 4.640 0.39
2012 1 3 3 25 0.488 37341 35.51757 -96.78669 5.105 -0.11
2012 1 3 3 48 46.488 37353 35.55640 -96.74900 2.550 1.34
2012 1 3 7 7 49.736 37420 35.54029 -96.75999 2.969 0.07
2012 1 3 10 14 53.843 37450 35.53994 -96.75975 2.962 0.04
2012 1 3 11 4 13.885 37475 35.54299 -96.76235 4.120 1.31
2012 1 3 11 14 18.781 37486 35.53252 -96.76159 3.917 0.09
2012 1 3 11 15 17.355 37488 35.52756 -96.75855 4.701 -0.53
2012 1 3 12 40 40.836 37539 35.51566 -96.78336 1.701 1.02
2012 1 3 13 16 35.552 37553 35.51969 -96.77418 1.676 1.05
2012 1 3 13 17 47.532 37554 35.52932 -96.77164 5.185 0.26
2012 1 3 13 32 21.665 37570 35.51948 -96.77464 1.590 0.25
2012 1 3 22 39 40.599 38157 35.52071 -96.77319 1.588 0.87
2012 1 3 23 41 24.396 38234 35.51785 -96.78428 5.377 0.51
2012 1 4 0 36 8.916 38285 35.51663 -96.77828 2.904 0.78
2012 1 4 1 41 10.545 38336 35.51709 -96.77723 3.168 -0.29
2012 1 4 2 27 56.104 38370 35.51828 -96.78440 5.585 -0.30
2012 1 4 5 59 13.335 38492 35.52195 -96.77158 1.161 1.37
2012 1 4 6 6 26.128 38496 35.52013 -96.77282 1.341 0.46
2012 1 4 6 29 23.138 38498 35.51697 -96.77824 2.905 -0.24
2012 1 4 8 51 31.516 38560 35.49079 -96.84923 1.726 2.59
2012 1 4 9 46 58.949 38573 35.55577 -96.74944 2.573 0.63
2012 1 4 10 3 10.957 38588 35.52525 -96.76908 3.913 0.07
2012 1 4 10 41 59.195 38604 35.52975 -96.75520 3.301 0.54
2012 1 4 14 46 9.442 38784 35.52133 -96.77121 1.055 0.63
2012 1 4 20 2 50.055 39038 35.52531 -96.76999 4.449 -0.01
2012 1 4 20 9 49.127 39057 35.52675 -96.76929 4.191 0.36
2012 1 4 23 19 37.130 39332 35.52654 -96.76978 4.322 0.76
2012 1 4 23 22 38.543 39334 35.45127 -96.74758 3.373 0.75
2012 1 5 0 3 48.434 39362 35.52444 -96.77188 4.519 0.72
2012 1 5 0 4 54.012 39363 35.52530 -96.77110 4.340 -0.14
2012 1 5 0 6 11.291 39364 35.52283 -96.77492 3.928 -0.05
2012 1 5 1 17 10.899 39368 35.54441 -96.75514 3.196 -0.77
2012 1 5 6 5 4.449 39376 35.51699 -96.77693 3.095 -0.19
2012 1 5 6 34 19.347 39377 35.52706 -96.77140 5.766 -0.18
2012 1 5 6 34 40.413 39378 35.52715 -96.77184 5.731 0.37
2012 1 5 6 57 26.360 39379 35.52454 -96.77201 4.534 0.33
2012 1 5 6 57 43.490 39380 35.52448 -96.77211 4.491 -0.07
2012 1 5 6 59 22.544 39381 35.53098 -96.76896 5.500 -0.32
2012 1 5 7 12 50.439 39383 35.52520 -96.76997 4.591 -0.27
2012 1 5 7 13 49.980 39384 35.52555 -96.77140 4.750 0.33
2012 1 5 7 43 26.083 39386 35.52445 -96.77194 4.480 -0.27
2012 1 5 7 48 27.047 39387 35.52439 -96.77209 4.450 0.05
2012 1 5 7 48 38.427 39388 35.52451 -96.77213 4.531 -0.06
2012 1 5 10 8 50.628 39396 35.52927 -96.75864 4.375 -0.31
2012 1 5 11 8 21.319 39397 35.53439 -96.75943 5.058 0.06
2012 1 5 13 10 51.588 39401 35.52017 -96.77608 3.029 -0.25
2012 1 5 18 30 3.822 39406 35.51816 -96.78665 6.267 1.23
2012 1 5 19 17 46.302 39407 35.52989 -96.75948 4.548 0.65
2012 1 5 19 42 13.692 39409 35.51575 -96.77968 3.058 0.40
2012 1 6 2 22 25.707 39501 35.53037 -96.76718 5.167 0.21
2012 1 6 2 24 4.705 39502 35.52987 -96.76683 5.130 0.17
2012 1 6 3 0 23.446 39527 35.51646 -96.78242 1.506 -0.12
2012 1 6 3 15 52.765 39535 35.51727 -96.78181 1.499 -0.30
2012 1 6 3 20 12.943 39536 35.51059 -96.78591 3.032 0.66
2012 1 6 3 41 56.148 39548 35.52212 -96.77184 4.112 0.60
2012 1 6 3 42 4.279 39549 35.52262 -96.77204 1.408 0.43
2012 1 6 4 15 53.046 39575 35.52660 -96.77266 5.665 -0.55
2012 1 6 4 49 49.741 39590 35.52288 -96.77275 3.838 0.40
2012 1 6 4 54 35.425 39593 35.51030 -96.78852 2.088 0.73
2012 1 6 4 57 39.829 39595 35.52200 -96.77207 2.025 0.35
2012 1 6 5 4 18.596 39596 35.52799 -96.77055 5.635 0.25
2012 1 6 5 22 49.201 39603 35.53558 -96.75926 4.617 0.28
2012 1 6 6 25 30.848 39621 35.52664 -96.76573 6.146 -0.39
2012 1 6 7 44 3.293 39635 35.52649 -96.77279 5.961 -0.31
2012 1 6 7 58 46.125 39640 35.45944 -96.73953 3.415 -0.04
2012 1 6 8 15 5.480 39644 35.52990 -96.76383 9.294 -0.11
2012 1 6 8 55 22.978 39650 35.45485 -96.74504 3.685 -0.11
2012 1 6 9 16 11.545 39655 35.53016 -96.76289 4.462 0.26
2012 1 6 11 41 33.256 39695 35.52635 -96.76831 4.305 0.13
2012 1 6 17 29 50.508 40014 35.52128 -96.77289 1.618 0.06
2012 1 6 20 2 22.306 40153 35.52155 -96.77187 1.755 0.58
2012 1 6 23 10 56.165 40335 35.51809 -96.78276 4.863 0.63
2012 1 7 4 29 5.164 40558 35.52051 -96.77310 1.218 1.15
2012 1 7 6 59 29.062 40594 35.52540 -96.77046 3.354 -0.70
2012 1 7 7 41 42.307 40602 35.52542 -96.76785 5.022 1.36
2012 1 7 13 4 29.337 40676 35.53356 -96.75632 2.893 -0.03
2012 1 7 15 54 43.047 40772 35.45506 -96.74492 3.495 0.11
2012 1 7 16 30 48.009 40804 35.52483 -96.78817 4.301 -0.42
2012 1 7 19 17 20.049 40983 35.51790 -96.77551 1.666 0.65
2012 1 7 21 2 16.873 41084 35.51626 -96.77909 3.020 1.77
2012 1 7 21 3 41.628 41088 35.51616 -96.77891 2.946 1.10
2012 1 7 21 5 2.375 41089 35.51583 -96.78006 3.192 0.08
2012 1 8 0 30 57.334 41277 35.53772 -96.75857 4.266 0.16
2012 1 8 1 19 43.118 41278 35.52347 -96.77614 9.012 -0.48
2012 1 8 2 39 3.350 41279 35.51421 -96.78596 5.096 0.83
2012 1 8 3 19 35.296 41282 35.52751 -96.76964 4.712 -0.13
2012 1 8 4 35 59.602 41284 35.53361 -96.76073 4.025 0.31
2012 1 8 8 19 21.388 41290 35.52794 -96.76598 4.481 0.12
2012 1 8 8 43 24.833 41292 35.53501 -96.75875 4.995 -0.27
2012 1 8 9 27 37.444 41294 35.51798 -96.78499 4.276 0.03
2012 1 8 10 4 28.423 41295 35.52442 -96.77099 4.289 -0.48
2012 1 8 11 12 33.281 41297 35.53206 -96.76201 5.164 -0.97
2012 1 8 12 21 46.198 41299 35.52476 -96.77050 4.287 -0.24
2012 1 8 12 41 46.685 41302 35.50728 -96.80186 5.145 0.43
2012 1 8 13 43 42.670 41303 35.53031 -96.76784 5.723 -0.44
2012 1 8 17 6 36.602 41305 35.54431 -96.75475 3.254 0.33
2012 1 8 17 21 10.943 41306 35.53465 -96.76054 4.256 -0.39
2012 1 8 17 35 45.519 41307 35.52833 -96.77030 5.816 0.41
2012 1 8 17 56 52.267 41308 35.53193 -96.76051 5.811 0.42
2012 1 8 20 42 3.579 41315 35.53755 -96.75649 4.129 0.17
2012 1 9 5 41 9.327 41492 35.54714 -96.75649 2.781 1.23
2012 1 9 9 36 59.266 41551 35.52038 -96.78149 6.343 0.44
2012 1 9 15 0 35.830 41751 35.49182 -96.85117 1.460 1.26
2012 1 9 18 13 59.143 41881 35.52278 -96.77411 4.030 1.22
2012 1 10 1 15 21.137 42294 35.54144 -96.75732 4.924 0.81
2012 1 10 1 52 37.210 42319 35.49130 -96.83324 4.779 0.76
2012 1 10 3 8 42.350 42345 35.51786 -96.77612 1.601 0.04
2012 1 10 3 43 8.431 42360 35.51893 -96.77640 3.249 0.17
2012 1 10 3 53 53.627 42365 35.51562 -96.78678 4.707 -0.21
2012 1 10 4 12 36.747 42374 35.53254 -96.76261 5.143 0.33
2012 1 10 4 22 18.309 42377 35.54541 -96.75627 3.585 0.36
2012 1 10 5 25 45.493 42392 35.53707 -96.76299 3.987 0.14
2012 1 10 5 33 33.376 42393 35.53590 -96.76464 3.772 0.58
2012 1 10 5 42 22.209 42397 35.51795 -96.77763 1.695 -0.14
2012 1 10 6 3 5.924 42402 35.51044 -96.78530 2.791 1.00
2012 1 10 7 16 45.328 42413 35.51525 -96.78432 1.515 -0.20
2012 1 10 8 42 36.095 42427 35.52610 -96.76968 4.199 0.47
2012 1 10 10 19 35.934 42446 35.53177 -96.75978 5.368 -0.32
2012 1 10 11 5 40.669 42453 35.52733 -96.77015 3.946 -0.42
2012 1 10 12 47 50.760 42496 35.52782 -96.77290 5.260 0.08
2012 1 10 13 37 22.757 42542 35.53979 -96.75883 3.059 -0.50
2012 1 10 18 5 4.890 42838 35.54003 -96.75894 3.082 1.18
2012 1 10 21 16 19.862 43402 35.51995 -96.77329 3.297 0.61
2012 1 10 22 4 59.725 43435 35.54794 -96.75377 2.459 -0.17
2012 1 10 22 56 6.210 43481 35.53808 -96.75877 4.256 0.94
2012 1 10 23 11 29.872 43498 35.51087 -96.78271 2.041 0.38
2012 1 11 1 6 2.740 43574 35.52315 -96.77268 4.186 -0.12
2012 1 11 2 30 29.141 43595 35.51546 -96.77917 2.851 0.34
2012 1 11 2 31 59.065 43597 35.51631 -96.77754 2.732 -0.38
2012 1 11 5 47 43.567 43651 35.52977 -96.75993 4.570 1.01
2012 1 11 6 46 12.738 43687 35.51852 -96.78632 5.708 -0.24
2012 1 11 8 24 3.692 43701 35.52967 -96.76021 4.908 -0.24
2012 1 11 9 8 3.242 43711 35.52358 -96.77144 3.767 0.40
2012 1 11 9 8 34.831 43714 35.52343 -96.77147 3.775 0.02
2012 1 11 9 28 36.740 43719 35.52354 -96.77176 3.745 0.14
2012 1 11 9 39 38.762 43721 35.51813 -96.77602 1.538 1.26
2012 1 11 10 6 13.199 43726 35.51794 -96.77640 1.582 0.22
2012 1 11 10 7 51.983 43727 35.52423 -96.77077 3.701 0.31
2012 1 11 12 12 7.450 43761 35.51459 -96.78259 1.544 -0.13
2012 1 11 12 30 44.917 43769 35.52379 -96.77149 3.815 0.32
2012 1 11 23 56 52.308 44486 35.51430 -96.78213 1.468 -0.04
2012 1 12 4 27 52.404 44573 35.51851 -96.77435 1.810 0.86
2012 1 12 5 4 52.607 44583 35.52982 -96.75292 2.383 0.35
2012 1 12 6 4 30.991 44591 35.52749 -96.76350 5.008 3.40
2012 1 12 6 53 55.617 44601 35.52547 -96.76973 4.055 0.98
2012 1 12 7 3 42.229 44606 35.52792 -96.76589 4.810 0.41
2012 1 12 9 1 32.582 44624 35.52186 -96.77186 1.596 0.74
2012 1 12 10 55 11.040 44657 35.45405 -96.74455 3.311 0.80
2012 1 12 12 22 27.032 44693 35.52123 -96.77513 3.520 1.06
2012 1 12 12 22 58.865 44694 35.52289 -96.77338 3.978 3.27
2012 1 12 13 2 2.579 44730 35.52381 -96.77342 3.612 1.93
2012 1 12 13 16 56.373 44740 35.52274 -96.77286 3.721 1.65
2012 1 12 15 44 21.748 44785 35.52526 -96.77090 3.564 1.83
2012 1 12 16 9 54.640 44791 35.51905 -96.77493 1.801 0.64
2012 1 12 19 32 50.706 44815 35.47125 -96.87146 4.121 0.19
2012 1 12 19 49 12.854 44818 35.52478 -96.77101 3.565 1.63
2012 1 12 19 49 51.348 44819 35.52405 -96.77186 3.648 2.21
2012 1 12 21 4 47.897 44835 35.53904 -96.75937 3.061 0.84
2012 1 12 22 44 21.057 44845 35.49541 -96.81330 4.580 2.00
2012 1 13 1 28 28.794 44861 35.52181 -96.77135 3.125 -0.44
2012 1 13 1 32 20.461 44862 35.51981 -96.78236 6.298 0.01
2012 1 13 1 58 33.378 44864 35.52278 -96.77418 3.441 0.72
2012 1 13 2 26 16.622 44869 35.54411 -96.76218 3.653 -0.84
2012 1 13 2 50 0.472 44872 35.53192 -96.76385 3.999 -0.34
2012 1 13 3 37 15.548 44877 35.51716 -96.78729 5.034 0.37
2012 1 13 4 4 35.936 44879 35.52438 -96.77121 4.249 0.41
2012 1 13 4 10 49.758 44880 35.52424 -96.77101 4.185 -0.29
2012 1 13 4 14 13.340 44881 35.52427 -96.77204 4.395 0.17
2012 1 13 4 15 4.938 44882 35.51751 -96.78715 5.071 -0.10
2012 1 13 4 23 58.363 44883 35.52165 -96.77432 3.642 -0.43
2012 1 13 4 32 45.395 44884 35.52897 -96.76758 8.966 0.47
2012 1 13 4 44 43.920 44886 35.51696 -96.78658 5.065 -0.04
2012 1 13 4 45 27.607 44887 35.51746 -96.78679 5.043 0.10
2012 1 13 4 52 8.032 44888 35.51730 -96.78713 5.024 0.34
2012 1 13 4 52 17.750 44889 35.51760 -96.78689 4.985 -0.17
2012 1 13 4 55 59.766 44890 35.51855 -96.78050 3.922 -0.10
2012 1 13 5 3 5.556 44892 35.51687 -96.78521 5.102 -0.60
2012 1 13 6 23 17.522 44894 35.52945 -96.75902 4.371 -0.57
2012 1 13 6 24 10.738 44895 35.52915 -96.75916 4.491 -0.38
2012 1 13 6 47 55.890 44898 35.53235 -96.75846 4.690 -0.56
2012 1 13 7 20 44.277 44900 35.52481 -96.77125 4.388 -0.26
2012 1 13 7 36 47.343 44902 35.52445 -96.77159 4.307 -0.28
2012 1 13 8 3 21.921 44903 35.51649 -96.77824 2.872 -0.33
2012 1 13 8 22 3.098 44904 35.51772 -96.78728 5.070 -0.07
2012 1 13 9 19 14.880 44906 35.52441 -96.77099 4.315 -0.45
2012 1 13 10 19 48.524 44908 35.53031 -96.76051 4.498 -0.83
2012 1 13 10 20 1.344 44909 35.52998 -96.75999 4.571 0.75
2012 1 13 10 22 28.074 44911 35.53013 -96.75970 4.585 -0.93
2012 1 13 10 59 12.669 44912 35.54089 -96.75848 3.157 -0.65
2012 1 13 12 38 16.074 44916 35.52629 -96.77192 4.713 0.84
2012 1 13 13 22 25.124 44918 35.51569 -96.78680 8.494 0.06
2012 1 13 15 13 43.720 44922 35.53038 -96.76126 4.293 0.11
2012 1 13 16 13 3.665 44924 35.54133 -96.75866 4.641 0.34
2012 1 13 16 40 51.385 44926 35.52623 -96.76964 3.323 0.01
2012 1 13 17 51 24.677 44927 35.52757 -96.77163 5.583 0.30
2012 1 13 17 52 9.378 44928 35.52551 -96.77309 5.386 -0.14
2012 1 13 17 56 16.960 44929 35.52644 -96.77120 5.510 -0.19
2012 1 13 18 4 42.241 44930 35.53465 -96.75658 5.165 0.07
2012 1 13 18 38 53.124 44931 35.52679 -96.76976 3.217 0.12
2012 1 14 0 46 57.070 44936 35.53340 -96.75580 5.306 -0.15
2012 1 14 1 28 40.780 44939 35.53107 -96.76106 4.881 0.28
2012 1 14 1 47 2.949 44940 35.54776 -96.75494 3.800 0.41
2012 1 14 2 21 57.715 44945 35.53182 -96.76011 5.705 0.34
2012 1 14 3 0 44.061 44947 35.52334 -96.77324 3.239 1.13
2012 1 14 5 32 33.731 44951 35.53179 -96.76173 4.776 -0.70
2012 1 14 8 30 42.355 44953 35.51624 -96.77880 2.800 -0.37
2012 1 14 8 51 46.152 44954 35.51848 -96.78665 5.938 -0.63
2012 1 14 9 2 48.358 44957 35.51617 -96.77873 2.914 0.52
2012 1 14 9 5 48.894 44958 35.52875 -96.76931 3.524 0.16
2012 1 14 9 37 20.034 44960 35.51567 -96.77924 2.991 0.01
2012 1 14 9 51 41.082 44961 35.52911 -96.76594 5.869 1.47
2012 1 14 9 58 44.323 44962 35.52273 -96.77307 3.346 -0.56
2012 1 14 10 13 15.232 44963 35.53233 -96.76184 6.322 -0.55
2012 1 14 10 22 52.594 44965 35.52675 -96.76983 5.154 -0.81
2012 1 14 12 21 28.426 44970 35.51720 -96.78713 5.511 0.30
2012 1 14 14 18 2.057 44973 35.53077 -96.76473 4.028 0.07
2012 1 14 14 35 18.876 44974 35.52957 -96.75938 4.330 -0.18
2012 1 14 16 57 35.463 44977 35.54794 -96.75515 3.808 1.08
2012 1 14 20 9 48.706 44982 35.53389 -96.75944 5.102 -0.08
2012 1 15 0 48 59.350 44988 35.52906 -96.76742 6.446 0.61
2012 1 15 1 17 48.324 44990 35.52752 -96.76612 4.427 0.70
2012 1 15 1 58 10.256 44993 35.52231 -96.77310 3.589 -0.38
2012 1 15 2 27 28.299 44997 35.52732 -96.76898 3.025 0.03
2012 1 15 3 27 45.184 44999 35.53562 -96.75792 4.955 0.34
2012 1 15 3 49 28.535 45000 35.53363 -96.75820 4.867 2.14
2012 1 15 6 3 30.041 45004 35.54364 -96.75360 3.688 0.13
2012 1 15 6 14 46.804 45011 35.52325 -96.77328 4.159 -0.08
2012 1 15 6 44 47.010 45016 35.52359 -96.77301 4.314 0.01
2012 1 15 6 48 57.437 45027 35.52371 -96.77337 4.375 -0.30
2012 1 15 6 55 34.817 45030 35.52398 -96.77384 4.314 -0.44
2012 1 15 6 56 44.563 45031 35.52357 -96.77264 4.247 -0.48
2012 1 15 7 1 36.293 45032 35.53082 -96.76219 6.735 1.12
2012 1 15 7 29 48.020 45033 35.54803 -96.75511 3.828 0.40
2012 1 15 7 32 43.658 45034 35.52403 -96.77273 4.367 -0.48
2012 1 15 7 35 53.393 45035 35.52409 -96.77242 4.304 -0.49
2012 1 15 9 48 7.640 45040 35.54633 -96.75382 2.867 -0.69
2012 1 15 10 32 17.413 45043 35.52807 -96.76591 5.568 1.12
2012 1 15 10 35 54.280 45044 35.53129 -96.75608 4.309 0.37
2012 1 15 10 38 12.201 45045 35.52372 -96.77210 4.259 -0.40
2012 1 15 12 25 18.327 45055 35.51641 -96.77892 2.855 -0.42
2012 1 15 14 13 40.428 45059 35.53056 -96.77022 5.569 0.09
2012 1 15 15 27 21.261 45062 35.51734 -96.77725 2.555 0.41
2012 1 15 20 26 16.271 45069 35.51827 -96.78515 4.437 0.39
2012 1 16 0 59 4.602 45111 35.51795 -96.78454 5.135 -0.17
2012 1 16 4 32 50.452 45193 35.49640 -96.81708 3.091 0.80
2012 1 16 4 36 47.369 45196 35.53136 -96.76150 4.156 0.41
2012 1 16 6 31 22.187 45227 35.52665 -96.77355 5.136 1.36
2012 1 16 11 38 53.534 45301 35.45276 -96.74746 3.732 0.00
2012 1 16 21 40 41.284 45495 35.52668 -96.76728 4.055 3.67
2012 1 16 21 41 4.393 45496 35.52698 -96.76627 4.339 2.57
2012 1 16 21 42 42.260 45499 35.52787 -96.76708 4.239 3.47
2012 1 16 21 49 9.579 45504 35.52662 -96.76899 4.371 0.95
2012 1 16 21 52 14.017 45507 35.52742 -96.76794 4.273 1.12
2012 1 16 22 1 26.167 45517 35.52320 -96.77320 3.864 0.74
2012 1 16 22 33 29.042 45537 35.52765 -96.76824 4.125 0.48
2012 1 16 22 39 15.425 45539 35.52582 -96.76808 4.617 0.63
2012 1 16 22 42 7.524 45541 35.45013 -96.73549 3.890 0.26
2012 1 16 22 53 33.232 45550 35.52389 -96.77183 3.738 0.54
2012 1 16 23 13 11.891 45558 35.53104 -96.76242 4.801 1.11
2012 1 17 1 8 54.098 45615 35.52600 -96.77026 3.683 1.71
2012 1 17 2 37 44.234 45668 35.52281 -96.77033 3.406 1.06
2012 1 17 7 12 11.159 45739 35.52317 -96.77189 3.646 0.73
2012 1 17 12 26 3.262 45789 35.51733 -96.77684 1.527 0.13
2012 1 17 13 15 50.189 45808 35.51716 -96.77730 1.568 0.42
2012 1 17 14 6 13.236 45848 35.51819 -96.77560 1.692 0.48
2012 1 17 16 5 51.023 45914 35.51684 -96.77782 2.803 1.36
2012 1 18 5 37 3.316 46450 35.51499 -96.77871 2.690 0.33
2012 1 18 6 10 22.535 46459 35.52707 -96.77160 6.014 -0.50
2012 1 18 7 58 19.884 46491 35.51412 -96.78344 2.928 0.34
2012 1 18 8 55 1.364 46503 35.52300 -96.77201 1.691 0.63
2012 1 18 11 52 12.980 46564 35.52016 -96.79163 3.897 1.55
2012 1 18 11 55 24.745 46569 35.52398 -96.77059 3.974 0.70
2012 1 18 13 22 16.832 46654 35.51868 -96.78702 5.945 0.32
2012 1 18 14 24 41.223 46737 35.52712 -96.76912 4.238 0.39
2012 1 18 14 53 6.587 46752 35.52553 -96.76830 3.322 0.62
2012 1 18 22 48 15.259 47310 35.53704 -96.75626 4.634 0.59
2012 1 18 23 13 6.333 47352 35.52647 -96.76881 4.630 0.04
2012 1 19 3 34 16.482 47612 35.47882 -96.85433 3.893 0.14
2012 1 19 7 41 43.680 47679 35.52828 -96.77044 5.634 -0.19
2012 1 19 8 29 0.183 47688 35.54021 -96.75989 3.140 0.50
2012 1 19 9 46 11.358 47705 35.52361 -96.77196 3.873 0.75
2012 1 19 17 25 38.059 48168 35.51494 -96.78232 1.528 1.33
2012 1 19 19 21 40.234 48310 35.51536 -96.78242 1.568 1.17
2012 1 19 20 6 21.532 48362 35.51468 -96.78128 1.460 0.44
2012 1 19 22 10 7.917 48551 35.52834 -96.77071 5.597 0.04
2012 1 19 23 26 26.019 48677 35.49963 -96.81018 4.655 0.93
2012 1 20 5 14 26.649 48881 35.53734 -96.75796 4.626 0.27
2012 1 20 6 40 20.929 48894 35.52107 -96.77233 1.606 -0.15
2012 1 20 9 11 4.594 48905 35.52571 -96.77305 5.503 0.63
2012 1 20 10 39 8.898 48915 35.52836 -96.76756 4.109 0.62
2012 1 20 10 50 46.629 48916 35.51779 -96.78361 4.368 -0.62
2012 1 20 12 53 7.121 48975 35.52039 -96.78177 4.881 0.66
2012 1 20 13 25 44.653 49007 35.52040 -96.78136 4.974 0.42
2012 1 20 16 35 23.388 49129 35.52259 -96.77058 3.649 0.97
2012 1 20 16 43 56.588 49133 35.52648 -96.76837 3.973 0.85
2012 1 21 0 27 3.403 49546 35.51083 -96.78205 1.816 0.51
2012 1 21 2 15 55.839 49657 35.53283 -96.76443 3.682 0.55
2012 1 21 2 16 53.595 49658 35.53105 -96.76421 3.791 0.32
2012 1 21 3 18 2.948 49709 35.53175 -96.75477 3.408 2.57
2012 1 21 4 39 25.697 49756 35.52118 -96.77222 1.376 0.35
2012 1 21 9 28 33.609 49817 35.52409 -96.77078 3.992 -0.36
2012 1 21 9 32 55.772 49819 35.52899 -96.76395 3.506 -0.08
2012 1 21 10 0 16.803 49825 35.52429 -96.76872 1.606 1.23
2012 1 21 14 18 44.488 49914 35.51021 -96.78663 2.208 0.12
2012 1 21 14 46 0.464 49946 35.52418 -96.77123 3.773 0.12
2012 1 21 16 59 31.890 50086 35.53144 -96.75986 4.311 -0.35
2012 1 21 21 53 39.430 50573 35.54025 -96.75982 3.260 0.09
2012 1 21 23 21 27.644 50683 35.51566 -96.78023 1.426 1.33
2012 1 21 23 28 42.486 50690 35.51901 -96.78217 4.502 2.11
2012 1 21 23 33 30.788 50699 35.53052 -96.76577 3.660 1.47
2012 1 22 2 3 46.089 50795 35.51135 -96.78236 2.194 0.98
2012 1 22 2 15 59.700 50800 35.51149 -96.78200 2.139 0.37
2012 1 22 2 57 27.291 50818 35.52501 -96.76997 4.077 -0.38
2012 1 22 8 48 26.349 50901 35.51088 -96.78234 2.170 0.73
2012 1 22 18 34 20.792 51112 35.52732 -96.76962 5.785 0.00
2012 1 24 2 56 29.321 51449 35.52789 -96.77051 5.759 0.42
2012 1 24 4 26 37.118 51476 35.53163 -96.75980 4.713 -0.74
2012 1 24 5 55 10.794 51496 35.51977 -96.77324 1.185 1.12
2012 1 24 10 28 7.181 51532 35.51303 -96.78539 2.801 0.81
2012 1 24 13 27 14.666 51626 35.53509 -96.75093 5.045 0.68
2012 1 24 13 55 29.019 51655 35.52497 -96.77076 4.221 0.84
2012 1 24 13 58 5.704 51662 35.52524 -96.77021 4.058 0.33
2012 1 24 21 16 45.144 51966 35.54712 -96.75353 3.311 -0.00
2012 1 25 0 27 37.956 52175 35.51827 -96.77532 1.566 0.48
2012 1 25 5 24 32.603 52444 35.52982 -96.75949 4.184 1.40
2012 1 25 5 48 59.296 52445 35.51996 -96.77357 1.304 0.75
2012 1 25 6 1 53.976 52447 35.52512 -96.77157 4.605 -0.45
2012 1 25 6 28 44.047 52451 35.53029 -96.76244 4.339 0.06
2012 1 25 8 24 33.460 52473 35.51551 -96.77903 2.999 0.11
2012 1 25 8 50 12.224 52477 35.51448 -96.78164 3.179 -0.12
2012 1 25 9 26 38.167 52486 35.51235 -96.78507 3.066 0.13
2012 1 25 14 53 41.042 52702 35.51979 -96.77143 1.868 -0.12
2012 1 25 16 29 28.358 52790 35.52142 -96.77212 1.867 -0.47
2012 1 25 19 9 50.518 52960 35.51694 -96.77687 1.589 0.03
2012 1 25 19 11 35.258 52961 35.51595 -96.77811 2.818 0.58
2012 1 25 19 44 54.008 52998 35.50148 -96.80514 1.758 1.53
2012 1 25 22 30 56.186 53147 35.50943 -96.79774 5.066 2.47
2012 1 26 0 57 53.286 53293 35.51574 -96.77971 3.080 0.18
2012 1 26 3 29 4.253 53332 35.52170 -96.77462 3.462 0.57
2012 1 26 4 41 28.159 53346 35.52558 -96.77188 4.174 0.17
2012 1 26 4 47 28.054 53347 35.53082 -96.76226 4.398 0.18
2012 1 26 5 41 30.879 53357 35.55452 -96.75061 2.350 0.33
2012 1 26 7 1 6.304 53367 35.53333 -96.76079 4.628 -0.47
2012 1 26 7 2 16.363 53368 35.53397 -96.76112 4.323 0.93
2012 1 26 7 59 38.831 53378 35.52837 -96.76491 4.372 -0.65
2012 1 26 9 10 47.884 53384 35.53067 -96.76020 4.611 0.73
2012 1 26 10 5 33.953 53389 35.55445 -96.75070 2.371 0.55
2012 1 26 12 5 19.678 53402 35.51814 -96.77560 1.799 -0.10
2012 1 26 12 21 9.875 53404 35.52413 -96.77231 3.798 -0.18
2012 1 26 16 32 31.437 53434 35.51900 -96.78116 4.446 1.43
2012 1 26 21 26 39.431 53513 35.53078 -96.76735 3.248 1.89
2012 1 27 0 38 53.777 53565 35.52741 -96.76906 4.656 -0.26
2012 1 27 1 20 29.805 53586 35.52120 -96.77231 1.536 0.19
2012 1 27 1 26 55.472 53590 35.52425 -96.77161 4.086 0.84
2012 1 27 2 0 43.462 53598 35.52188 -96.77348 3.259 -0.72
2012 1 27 2 40 5.769 53613 35.52428 -96.77103 4.135 0.93
2012 1 27 4 52 23.307 53647 35.52997 -96.76131 4.288 0.20
2012 1 27 6 33 50.590 53663 35.53004 -96.76686 3.516 0.05
2012 1 27 7 27 15.073 53677 35.52905 -96.76563 4.864 -0.71
2012 1 27 7 35 57.180 53691 35.52300 -96.77266 3.761 0.00
2012 1 27 7 49 11.383 53699 35.52364 -96.77150 3.692 -0.02
2012 1 27 8 21 23.676 53714 35.53062 -96.76180 4.733 -0.74
2012 1 27 8 29 10.919 53718 35.51392 -96.78158 3.477 -0.21
2012 1 27 8 49 43.200 53723 35.52070 -96.77306 1.505 1.90
2012 1 27 9 53 47.183 53735 35.51682 -96.77812 3.083 -0.14
2012 1 27 14 19 12.240 53796 35.52729 -96.76963 4.808 0.27
2012 1 27 14 19 20.963 53797 35.52763 -96.76993 4.800 0.55
2012 1 27 14 42 17.082 53801 35.52332 -96.76967 1.054 -0.24
2012 1 29 3 47 56.159 54444 35.51738 -96.77720 1.635 1.07
2012 1 29 7 19 5.378 54537 35.51813 -96.77608 3.103 0.36
2012 1 29 8 35 12.629 54565 35.49513 -96.82528 4.063 1.45
2012 1 29 10 9 54.705 54601 35.51735 -96.78366 4.452 -0.45
2012 1 29 11 33 47.502 54643 35.50952 -96.78924 2.939 3.30
2012 1 29 11 36 50.433 54654 35.51118 -96.78548 2.294 1.02
2012 1 29 11 39 19.412 54659 35.51379 -96.78291 2.996 0.22
2012 1 29 11 42 53.388 54666 35.50381 -96.80526 3.532 1.11
2012 1 29 11 55 29.361 54672 35.50226 -96.80154 2.092 2.49
2012 1 29 12 17 35.891 54689 35.51170 -96.78610 2.584 1.23
2012 1 29 12 21 37.162 54693 35.51549 -96.79387 2.619 -0.11
2012 1 29 12 24 20.542 54698 35.51059 -96.78688 2.173 0.39
2012 1 29 12 38 59.600 54706 35.51468 -96.78201 2.987 0.07
2012 1 29 12 40 38.640 54707 35.51057 -96.78280 2.405 1.07
2012 1 29 12 45 48.526 54711 35.52147 -96.77242 1.515 -0.11
2012 1 29 12 46 10.447 54712 35.52093 -96.77224 1.541 0.88
2012 1 29 13 52 5.681 54745 35.52254 -96.76972 1.794 0.50
2012 1 29 16 26 53.155 54847 35.51935 -96.77467 1.738 0.39
2012 1 29 16 45 1.342 54878 35.52714 -96.77098 5.747 0.24
2012 1 29 16 48 9.932 54886 35.52833 -96.77063 5.717 0.68
2012 1 29 18 56 33.268 55037 35.53966 -96.75767 3.090 0.97
2012 1 29 19 27 23.584 55083 35.52171 -96.77162 1.561 1.32
2012 1 29 19 27 44.181 55084 35.52163 -96.77162 1.602 1.02
2012 1 29 22 41 39.983 55273 35.53090 -96.76185 5.201 0.81
2012 1 29 23 58 9.099 55340 35.51959 -96.77940 4.271 0.42
2012 1 30 0 36 16.311 55360 35.51600 -96.77965 1.501 0.68
2012 1 30 1 55 14.735 55394 35.52912 -96.77058 4.863 1.19
2012 1 30 3 32 31.020 55423 35.53312 -96.75404 4.386 -0.22
2012 1 30 6 17 48.834 55452 35.52263 -96.77164 4.357 -0.00
2012 1 30 6 57 50.083 55459 35.51748 -96.77677 2.969 -0.35
2012 1 30 7 9 13.880 55460 35.51734 -96.77660 3.112 -0.46
2012 1 30 7 54 29.775 55463 35.51256 -96.78556 3.147 0.12
2012 1 30 11 23 32.107 55486 35.49333 -96.81765 5.421 0.14
2012 1 30 12 52 7.190 55542 35.51664 -96.78897 4.724 1.10
2012 1 30 17 44 43.226 55790 35.49216 -96.82874 4.947 0.48
2012 1 30 19 9 54.352 55856 35.51845 -96.78820 3.708 0.68
2012 1 31 0 55 15.366 56099 35.52480 -96.77073 3.817 -0.05
2012 1 31 9 12 29.615 56152 35.52575 -96.77277 4.748 0.45
2012 1 31 11 14 59.599 56178 35.51707 -96.77775 2.982 -0.18
2012 1 31 17 11 49.882 56262 35.52331 -96.77291 3.724 1.04
2012 1 31 17 35 32.661 56266 35.52708 -96.76723 3.647 1.88
2012 1 31 21 21 5.538 56393 35.52658 -96.76849 3.726 2.09
2012 1 31 21 24 31.047 56400 35.52679 -96.76685 3.794 1.83
2012 1 31 21 33 32.900 56407 35.52660 -96.76818 3.957 0.69
2012 1 31 21 34 39.665 56408 35.52674 -96.76832 3.921 1.12
2012 1 31 21 35 4.425 56409 35.52698 -96.76823 3.678 0.86
2012 1 31 21 35 21.278 56410 35.52640 -96.76713 3.688 1.90
2012 1 31 21 37 51.573 56416 35.52618 -96.76509 3.633 0.84
2012 1 31 21 38 1.662 56417 35.52670 -96.76777 3.943 1.31
2012 1 31 22 10 58.646 56448 35.52607 -96.76806 3.864 1.04
2012 1 31 23 50 19.578 56523 35.52648 -96.76739 3.943 0.67
