day,station_id
20251101,N.GJMF
20251101,N.HIDF
20251101,N.HSSF
20251101,N.IMGF
20251101,N.IYGF
20251101,N.KMUF
20251101,N.KSNF
20251101,N.KSRF
20251101,N.NMRF
20251101,N.OOWF
20251101,N.S3N01
20251101,N.S3N02
20251101,N.S3N03
20251101,N.S3N04
20251101,N.S3N05
20251101,N.S3N06
20251101,N.S3N07
20251101,N.S3N08
20251101,N.S3N09
20251101,N.S3N10
20251101,N.S3N11
20251101,N.S3N12
20251101,N.S3N13
20251101,N.S3N14
20251101,N.S3N15
20251101,N.S3N16
20251101,N.S3N17
20251101,N.S3N18
20251101,N.S3N19
20251101,N.S3N23
20251101,N.S3N24
20251101,N.S3N25
20251101,N.S3N26
20251101,N.S4N01
20251101,N.S4N02
20251101,N.S4N03
20251101,N.S4N04
20251101,N.S4N05
20251101,N.S4N06
20251101,N.S4N07
20251101,N.S4N08
20251101,N.S4N09
20251101,N.S4N10
20251101,N.S4N11
20251101,N.S4N12
20251101,N.S4N13
20251101,N.S4N14
20251101,N.S4N15
20251101,N.S4N16
20251101,N.S4N17
20251101,N.S4N18
20251101,N.S4N19
20251101,N.S4N20
20251101,N.S4N21
20251101,N.S4N22
20251101,N.S4N23
20251101,N.S4N24
20251101,N.S4N25
20251101,N.S4N26
20251101,N.S4N27
20251101,N.S4N28
20251101,N.S5N01
20251101,N.S5N02
20251101,N.S5N03
20251101,N.S5N04
20251101,N.S5N05
20251101,N.S5N06
20251101,N.S5N07
20251101,N.S5N08
20251101,N.S5N09
20251101,N.S5N10
20251101,N.S5N11
20251101,N.S5N12
20251101,N.S5N13
20251101,N.S5N14
20251101,N.S5N15
20251101,N.S5N16
20251101,N.S5N17
20251101,N.S5N18
20251101,N.S5N19
20251101,N.S5N20
20251101,N.S5N21
20251101,N.S5N22
20251101,N.S5N23
20251101,N.S6N05
20251101,N.S6N06
20251101,N.S6N07
20251101,N.S6N08
20251101,N.S6N09
20251101,N.S6N10
20251101,N.S6N11
20251101,N.TMRF
20251101,N.TYSF
20251101,N.URHF
20251102,N.GJMF
20251102,N.HIDF
20251102,N.HSSF
20251102,N.IMGF
20251102,N.IYGF
20251102,N.KMUF
20251102,N.KSKF
20251102,N.KSNF
20251102,N.KSRF
20251102,N.NMRF
20251102,N.OOWF
20251102,N.S3N01
20251102,N.S3N02
20251102,N.S3N03
20251102,N.S3N04
20251102,N.S3N05
20251102,N.S3N06
20251102,N.S3N07
20251102,N.S3N08
20251102,N.S3N09
20251102,N.S3N10
20251102,N.S3N11
20251102,N.S3N12
20251102,N.S3N13
20251102,N.S3N14
20251102,N.S3N15
20251102,N.S3N16
20251102,N.S3N17
20251102,N.S3N18
20251102,N.S3N19
20251102,N.S3N23
20251102,N.S3N24
20251102,N.S3N25
20251102,N.S3N26
20251102,N.S4N01
20251102,N.S4N02
20251102,N.S4N03
20251102,N.S4N04
20251102,N.S4N05
20251102,N.S4N06
20251102,N.S4N07
20251102,N.S4N08
20251102,N.S4N09
20251102,N.S4N10
20251102,N.S4N11
20251102,N.S4N12
20251102,N.S4N13
20251102,N.S4N14
20251102,N.S4N15
20251102,N.S4N16
20251102,N.S4N17
20251102,N.S4N18
20251102,N.S4N19
20251102,N.S4N20
20251102,N.S4N21
20251102,N.S4N22
20251102,N.S4N23
20251102,N.S4N24
20251102,N.S4N25
20251102,N.S4N26
20251102,N.S4N27
20251102,N.S4N28
20251102,N.S5N01
20251102,N.S5N02
20251102,N.S5N03
20251102,N.S5N04
20251102,N.S5N05
20251102,N.S5N06
20251102,N.S5N07
20251102,N.S5N08
20251102,N.S5N09
20251102,N.S5N10
20251102,N.S5N11
20251102,N.S5N12
20251102,N.S5N13
20251102,N.S5N14
20251102,N.S5N15
20251102,N.S5N16
20251102,N.S5N17
20251102,N.S5N18
20251102,N.S5N19
20251102,N.S5N20
20251102,N.S5N21
20251102,N.S5N22
20251102,N.S5N23
20251102,N.S6N05
20251102,N.S6N06
20251102,N.S6N07
20251102,N.S6N08
20251102,N.S6N09
20251102,N.S6N10
20251102,N.S6N11
20251102,N.TMRF
20251102,N.TYSF
20251102,N.URHF
20251103,N.GJMF
20251103,N.HIDF
20251103,N.HSSF
20251103,N.IMGF
20251103,N.IYGF
20251103,N.KMUF
20251103,N.KSKF
20251103,N.KSNF
20251103,N.KSRF
20251103,N.NMRF
20251103,N.OOWF
20251103,N.S3N01
20251103,N.S3N02
20251103,N.S3N03
20251103,N.S3N04
20251103,N.S3N05
20251103,N.S3N06
20251103,N.S3N07
20251103,N.S3N08
20251103,N.S3N09
20251103,N.S3N10
20251103,N.S3N11
20251103,N.S3N12
20251103,N.S3N13
20251103,N.S3N14
20251103,N.S3N15
20251103,N.S3N16
20251103,N.S3N17
20251103,N.S3N18
20251103,N.S3N19
20251103,N.S3N23
20251103,N.S3N24
20251103,N.S3N25
20251103,N.S3N26
20251103,N.S4N01
20251103,N.S4N02
20251103,N.S4N03
20251103,N.S4N04
20251103,N.S4N05
20251103,N.S4N06
20251103,N.S4N07
20251103,N.S4N08
20251103,N.S4N09
20251103,N.S4N10
20251103,N.S4N11
20251103,N.S4N12
20251103,N.S4N13
20251103,N.S4N14
20251103,N.S4N15
20251103,N.S4N16
20251103,N.S4N17
20251103,N.S4N18
20251103,N.S4N19
20251103,N.S4N20
20251103,N.S4N21
20251103,N.S4N22
20251103,N.S4N23
20251103,N.S4N24
20251103,N.S4N25
20251103,N.S4N26
20251103,N.S4N27
20251103,N.S4N28
20251103,N.S5N01
20251103,N.S5N02
20251103,N.S5N03
20251103,N.S5N04
20251103,N.S5N05
20251103,N.S5N06
20251103,N.S5N07
20251103,N.S5N08
20251103,N.S5N09
20251103,N.S5N10
20251103,N.S5N11
20251103,N.S5N12
20251103,N.S5N13
20251103,N.S5N14
20251103,N.S5N15
20251103,N.S5N16
20251103,N.S5N17
20251103,N.S5N18
20251103,N.S5N19
20251103,N.S5N20
20251103,N.S5N21
20251103,N.S5N22
20251103,N.S5N23
20251103,N.S6N05
20251103,N.S6N06
20251103,N.S6N07
20251103,N.S6N08
20251103,N.S6N09
20251103,N.S6N10
20251103,N.S6N11
20251103,N.TMRF
20251103,N.TYSF
20251103,N.URHF
20251104,N.GJMF
20251104,N.HIDF
20251104,N.HSSF
20251104,N.IMGF
20251104,N.IYGF
20251104,N.KMUF
20251104,N.KSKF
20251104,N.KSNF
20251104,N.KSRF
20251104,N.NMRF
20251104,N.OOWF
20251104,N.S3N01
20251104,N.S3N02
20251104,N.S3N03
20251104,N.S3N04
20251104,N.S3N05
20251104,N.S3N06
20251104,N.S3N07
20251104,N.S3N08
20251104,N.S3N09
20251104,N.S3N10
20251104,N.S3N11
20251104,N.S3N12
20251104,N.S3N13
20251104,N.S3N14
20251104,N.S3N15
20251104,N.S3N16
20251104,N.S3N17
20251104,N.S3N18
20251104,N.S3N19
20251104,N.S3N23
20251104,N.S3N24
20251104,N.S3N25
20251104,N.S3N26
20251104,N.S4N01
20251104,N.S4N02
20251104,N.S4N03
20251104,N.S4N04
20251104,N.S4N05
20251104,N.S4N06
20251104,N.S4N07
20251104,N.S4N08
20251104,N.S4N09
20251104,N.S4N10
20251104,N.S4N11
20251104,N.S4N12
20251104,N.S4N13
20251104,N.S4N14
20251104,N.S4N15
20251104,N.S4N16
20251104,N.S4N17
20251104,N.S4N18
20251104,N.S4N19
20251104,N.S4N20
20251104,N.S4N21
20251104,N.S4N22
20251104,N.S4N23
20251104,N.S4N24
20251104,N.S4N25
20251104,N.S4N26
20251104,N.S4N27
20251104,N.S4N28
20251104,N.S5N01
20251104,N.S5N02
20251104,N.S5N03
20251104,N.S5N04
20251104,N.S5N05
20251104,N.S5N06
20251104,N.S5N07
20251104,N.S5N08
20251104,N.S5N09
20251104,N.S5N10
20251104,N.S5N11
20251104,N.S5N12
20251104,N.S5N13
20251104,N.S5N14
20251104,N.S5N15
20251104,N.S5N16
20251104,N.S5N17
20251104,N.S5N18
20251104,N.S5N19
20251104,N.S5N20
20251104,N.S5N21
20251104,N.S5N22
20251104,N.S5N23
20251104,N.S6N05
20251104,N.S6N06
20251104,N.S6N07
20251104,N.S6N08
20251104,N.S6N09
20251104,N.S6N10
20251104,N.S6N11
20251104,N.TMRF
20251104,N.TYSF
20251104,N.URHF
20251105,N.GJMF
20251105,N.HIDF
20251105,N.HSSF
20251105,N.IMGF
20251105,N.IYGF
20251105,N.KMUF
20251105,N.KSKF
20251105,N.KSNF
20251105,N.KSRF
20251105,N.NMRF
20251105,N.OOWF
20251105,N.S3N01
20251105,N.S3N02
20251105,N.S3N03
20251105,N.S3N04
20251105,N.S3N05
20251105,N.S3N06
20251105,N.S3N07
20251105,N.S3N08
20251105,N.S3N09
20251105,N.S3N10
20251105,N.S3N11
20251105,N.S3N12
20251105,N.S3N13
20251105,N.S3N14
20251105,N.S3N15
20251105,N.S3N16
20251105,N.S3N17
20251105,N.S3N18
20251105,N.S3N19
20251105,N.S3N23
20251105,N.S3N24
20251105,N.S3N25
20251105,N.S3N26
20251105,N.S4N01
20251105,N.S4N02
20251105,N.S4N03
20251105,N.S4N04
20251105,N.S4N05
20251105,N.S4N06
20251105,N.S4N07
20251105,N.S4N08
20251105,N.S4N09
20251105,N.S4N10
20251105,N.S4N11
20251105,N.S4N12
20251105,N.S4N13
20251105,N.S4N14
20251105,N.S4N15
20251105,N.S4N16
20251105,N.S4N17
20251105,N.S4N18
20251105,N.S4N19
20251105,N.S4N20
20251105,N.S4N21
20251105,N.S4N22
20251105,N.S4N23
20251105,N.S4N24
20251105,N.S4N25
20251105,N.S4N26
20251105,N.S4N27
20251105,N.S4N28
20251105,N.S5N01
20251105,N.S5N02
20251105,N.S5N03
20251105,N.S5N04
20251105,N.S5N05
20251105,N.S5N06
20251105,N.S5N07
20251105,N.S5N08
20251105,N.S5N09
20251105,N.S5N10
20251105,N.S5N11
20251105,N.S5N12
20251105,N.S5N13
20251105,N.S5N14
20251105,N.S5N15
20251105,N.S5N16
20251105,N.S5N17
20251105,N.S5N18
20251105,N.S5N19
20251105,N.S5N20
20251105,N.S5N21
20251105,N.S5N22
20251105,N.S5N23
20251105,N.S6N05
20251105,N.S6N06
20251105,N.S6N07
20251105,N.S6N08
20251105,N.S6N09
20251105,N.S6N10
20251105,N.S6N11
20251105,N.TMRF
20251105,N.TYSF
20251105,N.URHF
20251106,N.GJMF
20251106,N.HIDF
20251106,N.HSSF
20251106,N.IMGF
20251106,N.IYGF
20251106,N.KMUF
20251106,N.KSKF
20251106,N.KSNF
20251106,N.KSRF
20251106,N.NMRF
20251106,N.OOWF
20251106,N.S3N01
20251106,N.S3N02
20251106,N.S3N03
20251106,N.S3N04
20251106,N.S3N05
20251106,N.S3N06
20251106,N.S3N07
20251106,N.S3N08
20251106,N.S3N09
20251106,N.S3N10
20251106,N.S3N11
20251106,N.S3N12
20251106,N.S3N13
20251106,N.S3N14
20251106,N.S3N15
20251106,N.S3N16
20251106,N.S3N17
20251106,N.S3N18
20251106,N.S3N19
20251106,N.S3N23
20251106,N.S3N24
20251106,N.S3N25
20251106,N.S3N26
20251106,N.S4N01
20251106,N.S4N02
20251106,N.S4N03
20251106,N.S4N04
20251106,N.S4N05
20251106,N.S4N06
20251106,N.S4N07
20251106,N.S4N08
20251106,N.S4N09
20251106,N.S4N10
20251106,N.S4N11
20251106,N.S4N12
20251106,N.S4N13
20251106,N.S4N14
20251106,N.S4N15
20251106,N.S4N16
20251106,N.S4N17
20251106,N.S4N18
20251106,N.S4N19
20251106,N.S4N20
20251106,N.S4N21
20251106,N.S4N22
20251106,N.S4N23
20251106,N.S4N24
20251106,N.S4N25
20251106,N.S4N26
20251106,N.S4N27
20251106,N.S4N28
20251106,N.S5N01
20251106,N.S5N02
20251106,N.S5N03
20251106,N.S5N04
20251106,N.S5N05
20251106,N.S5N06
20251106,N.S5N07
20251106,N.S5N08
20251106,N.S5N09
20251106,N.S5N10
20251106,N.S5N11
20251106,N.S5N12
20251106,N.S5N13
20251106,N.S5N14
20251106,N.S5N15
20251106,N.S5N16
20251106,N.S5N17
20251106,N.S5N18
20251106,N.S5N19
20251106,N.S5N20
20251106,N.S5N21
20251106,N.S5N22
20251106,N.S5N23
20251106,N.S6N05
20251106,N.S6N06
20251106,N.S6N07
20251106,N.S6N08
20251106,N.S6N09
20251106,N.S6N10
20251106,N.S6N11
20251106,N.TMRF
20251106,N.TYSF
20251106,N.URHF
20251107,N.GJMF
20251107,N.HIDF
20251107,N.HSSF
20251107,N.IMGF
20251107,N.IYGF
20251107,N.KMUF
20251107,N.KSKF
20251107,N.KSNF
20251107,N.KSRF
20251107,N.NMRF
20251107,N.OOWF
20251107,N.S3N01
20251107,N.S3N02
20251107,N.S3N03
20251107,N.S3N04
20251107,N.S3N05
20251107,N.S3N06
20251107,N.S3N07
20251107,N.S3N08
20251107,N.S3N09
20251107,N.S3N10
20251107,N.S3N11
20251107,N.S3N12
20251107,N.S3N13
20251107,N.S3N14
20251107,N.S3N15
20251107,N.S3N16
20251107,N.S3N17
20251107,N.S3N18
20251107,N.S3N19
20251107,N.S3N23
20251107,N.S3N24
20251107,N.S3N25
20251107,N.S3N26
20251107,N.S4N01
20251107,N.S4N02
20251107,N.S4N03
20251107,N.S4N04
20251107,N.S4N05
20251107,N.S4N06
20251107,N.S4N07
20251107,N.S4N08
20251107,N.S4N09
20251107,N.S4N10
20251107,N.S4N11
20251107,N.S4N12
20251107,N.S4N13
20251107,N.S4N14
20251107,N.S4N15
20251107,N.S4N16
20251107,N.S4N17
20251107,N.S4N18
20251107,N.S4N19
20251107,N.S4N20
20251107,N.S4N21
20251107,N.S4N22
20251107,N.S4N23
20251107,N.S4N24
20251107,N.S4N25
20251107,N.S4N26
20251107,N.S4N27
20251107,N.S4N28
20251107,N.S5N01
20251107,N.S5N02
20251107,N.S5N03
20251107,N.S5N04
20251107,N.S5N05
20251107,N.S5N06
20251107,N.S5N07
20251107,N.S5N08
20251107,N.S5N09
20251107,N.S5N10
20251107,N.S5N11
20251107,N.S5N12
20251107,N.S5N13
20251107,N.S5N14
20251107,N.S5N15
20251107,N.S5N16
20251107,N.S5N17
20251107,N.S5N18
20251107,N.S5N19
20251107,N.S5N20
20251107,N.S5N21
20251107,N.S5N22
20251107,N.S5N23
20251107,N.S6N05
20251107,N.S6N06
20251107,N.S6N07
20251107,N.S6N08
20251107,N.S6N09
20251107,N.S6N10
20251107,N.S6N11
20251107,N.TMRF
20251107,N.TYSF
20251107,N.URHF
20251108,N.GJMF
20251108,N.HIDF
20251108,N.HSSF
20251108,N.IMGF
20251108,N.IYGF
20251108,N.KMUF
20251108,N.KSKF
20251108,N.KSNF
20251108,N.KSRF
20251108,N.NMRF
20251108,N.OOWF
20251108,N.S3N01
20251108,N.S3N02
20251108,N.S3N03
20251108,N.S3N04
20251108,N.S3N05
20251108,N.S3N06
20251108,N.S3N07
20251108,N.S3N08
20251108,N.S3N09
20251108,N.S3N10
20251108,N.S3N11
20251108,N.S3N12
20251108,N.S3N13
20251108,N.S3N14
20251108,N.S3N15
20251108,N.S3N16
20251108,N.S3N17
20251108,N.S3N18
20251108,N.S3N19
20251108,N.S3N23
20251108,N.S3N24
20251108,N.S3N25
20251108,N.S3N26
20251108,N.S4N01
20251108,N.S4N02
20251108,N.S4N03
20251108,N.S4N04
20251108,N.S4N05
20251108,N.S4N06
20251108,N.S4N07
20251108,N.S4N08
20251108,N.S4N09
20251108,N.S4N10
20251108,N.S4N11
20251108,N.S4N12
20251108,N.S4N13
20251108,N.S4N14
20251108,N.S4N15
20251108,N.S4N16
20251108,N.S4N17
20251108,N.S4N18
20251108,N.S4N19
20251108,N.S4N20
20251108,N.S4N21
20251108,N.S4N22
20251108,N.S4N23
20251108,N.S4N24
20251108,N.S4N25
20251108,N.S4N26
20251108,N.S4N27
20251108,N.S4N28
20251108,N.S5N01
20251108,N.S5N02
20251108,N.S5N03
20251108,N.S5N04
20251108,N.S5N05
20251108,N.S5N06
20251108,N.S5N07
20251108,N.S5N08
20251108,N.S5N09
20251108,N.S5N10
20251108,N.S5N11
20251108,N.S5N12
20251108,N.S5N13
20251108,N.S5N14
20251108,N.S5N15
20251108,N.S5N16
20251108,N.S5N17
20251108,N.S5N18
20251108,N.S5N19
20251108,N.S5N20
20251108,N.S5N21
20251108,N.S5N22
20251108,N.S5N23
20251108,N.S6N05
20251108,N.S6N06
20251108,N.S6N07
20251108,N.S6N08
20251108,N.S6N09
20251108,N.S6N10
20251108,N.S6N11
20251108,N.TMRF
20251108,N.TYSF
20251108,N.URHF
20251109,N.GJMF
20251109,N.HIDF
20251109,N.HSSF
20251109,N.IMGF
20251109,N.IYGF
20251109,N.KMUF
20251109,N.KSKF
20251109,N.KSNF
20251109,N.KSRF
20251109,N.NMRF
20251109,N.OOWF
20251109,N.S3N01
20251109,N.S3N02
20251109,N.S3N03
20251109,N.S3N04
20251109,N.S3N05
20251109,N.S3N06
20251109,N.S3N07
20251109,N.S3N08
20251109,N.S3N09
20251109,N.S3N10
20251109,N.S3N11
20251109,N.S3N12
20251109,N.S3N13
20251109,N.S3N14
20251109,N.S3N15
20251109,N.S3N16
20251109,N.S3N17
20251109,N.S3N18
20251109,N.S3N19
20251109,N.S3N23
20251109,N.S3N24
20251109,N.S3N25
20251109,N.S3N26
20251109,N.S4N01
20251109,N.S4N02
20251109,N.S4N03
20251109,N.S4N04
20251109,N.S4N05
20251109,N.S4N06
20251109,N.S4N07
20251109,N.S4N08
20251109,N.S4N09
20251109,N.S4N10
20251109,N.S4N11
20251109,N.S4N12
20251109,N.S4N13
20251109,N.S4N14
20251109,N.S4N15
20251109,N.S4N16
20251109,N.S4N17
20251109,N.S4N18
20251109,N.S4N19
20251109,N.S4N20
20251109,N.S4N21
20251109,N.S4N22
20251109,N.S4N23
20251109,N.S4N24
20251109,N.S4N25
20251109,N.S4N26
20251109,N.S4N27
20251109,N.S4N28
20251109,N.S5N01
20251109,N.S5N02
20251109,N.S5N03
20251109,N.S5N04
20251109,N.S5N05
20251109,N.S5N06
20251109,N.S5N07
20251109,N.S5N08
20251109,N.S5N09
20251109,N.S5N10
20251109,N.S5N11
20251109,N.S5N12
20251109,N.S5N13
20251109,N.S5N14
20251109,N.S5N15
20251109,N.S5N16
20251109,N.S5N17
20251109,N.S5N18
20251109,N.S5N19
20251109,N.S5N20
20251109,N.S5N21
20251109,N.S5N22
20251109,N.S5N23
20251109,N.S6N05
20251109,N.S6N06
20251109,N.S6N07
20251109,N.S6N08
20251109,N.S6N09
20251109,N.S6N10
20251109,N.S6N11
20251109,N.TMRF
20251109,N.TYSF
20251109,N.URHF
20251110,N.GJMF
20251110,N.HIDF
20251110,N.HSSF
20251110,N.IMGF
20251110,N.IYGF
20251110,N.KMUF
20251110,N.KSKF
20251110,N.KSNF
20251110,N.KSRF
20251110,N.NMRF
20251110,N.OOWF
20251110,N.S3N01
20251110,N.S3N02
20251110,N.S3N03
20251110,N.S3N04
20251110,N.S3N05
20251110,N.S3N06
20251110,N.S3N07
20251110,N.S3N08
20251110,N.S3N09
20251110,N.S3N10
20251110,N.S3N11
20251110,N.S3N12
20251110,N.S3N13
20251110,N.S3N14
20251110,N.S3N15
20251110,N.S3N16
20251110,N.S3N17
20251110,N.S3N18
20251110,N.S3N19
20251110,N.S3N23
20251110,N.S3N24
20251110,N.S3N25
20251110,N.S3N26
20251110,N.S4N01
20251110,N.S4N02
20251110,N.S4N03
20251110,N.S4N04
20251110,N.S4N05
20251110,N.S4N06
20251110,N.S4N07
20251110,N.S4N08
20251110,N.S4N09
20251110,N.S4N10
20251110,N.S4N11
20251110,N.S4N12
20251110,N.S4N13
20251110,N.S4N14
20251110,N.S4N15
20251110,N.S4N16
20251110,N.S4N17
20251110,N.S4N18
20251110,N.S4N19
20251110,N.S4N20
20251110,N.S4N21
20251110,N.S4N22
20251110,N.S4N23
20251110,N.S4N24
20251110,N.S4N25
20251110,N.S4N26
20251110,N.S4N27
20251110,N.S4N28
20251110,N.S5N01
20251110,N.S5N02
20251110,N.S5N03
20251110,N.S5N04
20251110,N.S5N05
20251110,N.S5N06
20251110,N.S5N07
20251110,N.S5N08
20251110,N.S5N09
20251110,N.S5N10
20251110,N.S5N11
20251110,N.S5N12
20251110,N.S5N13
20251110,N.S5N14
20251110,N.S5N15
20251110,N.S5N16
20251110,N.S5N17
20251110,N.S5N18
20251110,N.S5N19
20251110,N.S5N20
20251110,N.S5N21
20251110,N.S5N22
20251110,N.S5N23
20251110,N.S6N05
20251110,N.S6N06
20251110,N.S6N07
20251110,N.S6N08
20251110,N.S6N09
20251110,N.S6N10
20251110,N.S6N11
20251110,N.TMRF
20251110,N.TYSF
20251110,N.URHF
20251111,N.GJMF
20251111,N.HIDF
20251111,N.HSSF
20251111,N.IMGF
20251111,N.IYGF
20251111,N.KMUF
20251111,N.KSNF
20251111,N.KSRF
20251111,N.NMRF
20251111,N.OOWF
20251111,N.S3N01
20251111,N.S3N02
20251111,N.S3N03
20251111,N.S3N04
20251111,N.S3N05
20251111,N.S3N06
20251111,N.S3N07
20251111,N.S3N08
20251111,N.S3N09
20251111,N.S3N10
20251111,N.S3N11
20251111,N.S3N12
20251111,N.S3N13
20251111,N.S3N14
20251111,N.S3N15
20251111,N.S3N16
20251111,N.S3N17
20251111,N.S3N18
20251111,N.S3N19
20251111,N.S3N23
20251111,N.S3N24
20251111,N.S3N25
20251111,N.S3N26
20251111,N.S4N01
20251111,N.S4N02
20251111,N.S4N03
20251111,N.S4N04
20251111,N.S4N05
20251111,N.S4N06
20251111,N.S4N07
20251111,N.S4N08
20251111,N.S4N09
20251111,N.S4N10
20251111,N.S4N11
20251111,N.S4N12
20251111,N.S4N13
20251111,N.S4N14
20251111,N.S4N15
20251111,N.S4N16
20251111,N.S4N17
20251111,N.S4N18
20251111,N.S4N19
20251111,N.S4N20
20251111,N.S4N21
20251111,N.S4N22
20251111,N.S4N23
20251111,N.S4N24
20251111,N.S4N25
20251111,N.S4N26
20251111,N.S4N27
20251111,N.S4N28
20251111,N.S5N01
20251111,N.S5N02
20251111,N.S5N03
20251111,N.S5N04
20251111,N.S5N05
20251111,N.S5N06
20251111,N.S5N07
20251111,N.S5N08
20251111,N.S5N09
20251111,N.S5N10
20251111,N.S5N11
20251111,N.S5N12
20251111,N.S5N13
20251111,N.S5N14
20251111,N.S5N15
20251111,N.S5N16
20251111,N.S5N17
20251111,N.S5N18
20251111,N.S5N19
20251111,N.S5N20
20251111,N.S5N21
20251111,N.S5N22
20251111,N.S5N23
20251111,N.S6N05
20251111,N.S6N06
20251111,N.S6N07
20251111,N.S6N08
20251111,N.S6N09
20251111,N.S6N10
20251111,N.S6N11
20251111,N.TMRF
20251111,N.TYSF
20251111,N.URHF
20251112,N.GJMF
20251112,N.HIDF
20251112,N.HSSF
20251112,N.IMGF
20251112,N.IYGF
20251112,N.KMUF
20251112,N.KSNF
20251112,N.KSRF
20251112,N.NMRF
20251112,N.OOWF
20251112,N.S3N01
20251112,N.S3N02
20251112,N.S3N03
20251112,N.S3N04
20251112,N.S3N05
20251112,N.S3N06
20251112,N.S3N07
20251112,N.S3N08
20251112,N.S3N09
20251112,N.S3N10
20251112,N.S3N11
20251112,N.S3N12
20251112,N.S3N13
20251112,N.S3N14
20251112,N.S3N15
20251112,N.S3N16
20251112,N.S3N17
20251112,N.S3N18
20251112,N.S3N19
20251112,N.S3N23
20251112,N.S3N24
20251112,N.S3N25
20251112,N.S3N26
20251112,N.S4N01
20251112,N.S4N02
20251112,N.S4N03
20251112,N.S4N04
20251112,N.S4N05
20251112,N.S4N06
20251112,N.S4N07
20251112,N.S4N08
20251112,N.S4N09
20251112,N.S4N10
20251112,N.S4N11
20251112,N.S4N12
20251112,N.S4N13
20251112,N.S4N14
20251112,N.S4N15
20251112,N.S4N16
20251112,N.S4N17
20251112,N.S4N18
20251112,N.S4N19
20251112,N.S4N20
20251112,N.S4N21
20251112,N.S4N22
20251112,N.S4N23
20251112,N.S4N24
20251112,N.S4N25
20251112,N.S4N26
20251112,N.S4N27
20251112,N.S4N28
20251112,N.S5N01
20251112,N.S5N02
20251112,N.S5N03
20251112,N.S5N04
20251112,N.S5N05
20251112,N.S5N06
20251112,N.S5N07
20251112,N.S5N08
20251112,N.S5N09
20251112,N.S5N10
20251112,N.S5N11
20251112,N.S5N12
20251112,N.S5N13
20251112,N.S5N14
20251112,N.S5N15
20251112,N.S5N16
20251112,N.S5N17
20251112,N.S5N18
20251112,N.S5N19
20251112,N.S5N20
20251112,N.S5N21
20251112,N.S5N22
20251112,N.S5N23
20251112,N.S6N05
20251112,N.S6N06
20251112,N.S6N07
20251112,N.S6N08
20251112,N.S6N09
20251112,N.S6N10
20251112,N.S6N11
20251112,N.TMRF
20251112,N.TYSF
20251112,N.URHF
20251113,N.GJMF
20251113,N.HIDF
20251113,N.HSSF
20251113,N.IMGF
20251113,N.IYGF
20251113,N.KMUF
20251113,N.KSNF
20251113,N.KSRF
20251113,N.NMRF
20251113,N.OOWF
20251113,N.S3N01
20251113,N.S3N02
20251113,N.S3N03
20251113,N.S3N04
20251113,N.S3N05
20251113,N.S3N06
20251113,N.S3N07
20251113,N.S3N08
20251113,N.S3N09
20251113,N.S3N10
20251113,N.S3N11
20251113,N.S3N12
20251113,N.S3N13
20251113,N.S3N14
20251113,N.S3N15
20251113,N.S3N16
20251113,N.S3N17
20251113,N.S3N18
20251113,N.S3N19
20251113,N.S3N23
20251113,N.S3N24
20251113,N.S3N25
20251113,N.S3N26
20251113,N.S4N01
20251113,N.S4N02
20251113,N.S4N03
20251113,N.S4N04
20251113,N.S4N05
20251113,N.S4N06
20251113,N.S4N07
20251113,N.S4N08
20251113,N.S4N09
20251113,N.S4N10
20251113,N.S4N11
20251113,N.S4N12
20251113,N.S4N13
20251113,N.S4N14
20251113,N.S4N15
20251113,N.S4N16
20251113,N.S4N17
20251113,N.S4N18
20251113,N.S4N19
20251113,N.S4N20
20251113,N.S4N21
20251113,N.S4N22
20251113,N.S4N23
20251113,N.S4N24
20251113,N.S4N25
20251113,N.S4N26
20251113,N.S4N27
20251113,N.S4N28
20251113,N.S5N01
20251113,N.S5N02
20251113,N.S5N03
20251113,N.S5N04
20251113,N.S5N05
20251113,N.S5N06
20251113,N.S5N07
20251113,N.S5N08
20251113,N.S5N09
20251113,N.S5N10
20251113,N.S5N11
20251113,N.S5N12
20251113,N.S5N13
20251113,N.S5N14
20251113,N.S5N15
20251113,N.S5N16
20251113,N.S5N17
20251113,N.S5N18
20251113,N.S5N19
20251113,N.S5N20
20251113,N.S5N21
20251113,N.S5N22
20251113,N.S5N23
20251113,N.S6N05
20251113,N.S6N06
20251113,N.S6N07
20251113,N.S6N08
20251113,N.S6N09
20251113,N.S6N10
20251113,N.S6N11
20251113,N.TMRF
20251113,N.TYSF
20251113,N.URHF
20251114,N.GJMF
20251114,N.HIDF
20251114,N.HSSF
20251114,N.IMGF
20251114,N.IYGF
20251114,N.KMUF
20251114,N.KSNF
20251114,N.KSRF
20251114,N.NMRF
20251114,N.OOWF
20251114,N.S3N01
20251114,N.S3N02
20251114,N.S3N03
20251114,N.S3N04
20251114,N.S3N05
20251114,N.S3N06
20251114,N.S3N07
20251114,N.S3N08
20251114,N.S3N09
20251114,N.S3N10
20251114,N.S3N11
20251114,N.S3N12
20251114,N.S3N13
20251114,N.S3N14
20251114,N.S3N15
20251114,N.S3N16
20251114,N.S3N17
20251114,N.S3N18
20251114,N.S3N19
20251114,N.S3N23
20251114,N.S3N24
20251114,N.S3N25
20251114,N.S3N26
20251114,N.S4N01
20251114,N.S4N02
20251114,N.S4N03
20251114,N.S4N04
20251114,N.S4N05
20251114,N.S4N06
20251114,N.S4N07
20251114,N.S4N08
20251114,N.S4N09
20251114,N.S4N10
20251114,N.S4N11
20251114,N.S4N12
20251114,N.S4N13
20251114,N.S4N14
20251114,N.S4N15
20251114,N.S4N16
20251114,N.S4N17
20251114,N.S4N18
20251114,N.S4N19
20251114,N.S4N20
20251114,N.S4N21
20251114,N.S4N22
20251114,N.S4N23
20251114,N.S4N24
20251114,N.S4N25
20251114,N.S4N26
20251114,N.S4N27
20251114,N.S4N28
20251114,N.S5N01
20251114,N.S5N02
20251114,N.S5N03
20251114,N.S5N04
20251114,N.S5N05
20251114,N.S5N06
20251114,N.S5N07
20251114,N.S5N08
20251114,N.S5N09
20251114,N.S5N10
20251114,N.S5N11
20251114,N.S5N12
20251114,N.S5N13
20251114,N.S5N14
20251114,N.S5N15
20251114,N.S5N16
20251114,N.S5N17
20251114,N.S5N18
20251114,N.S5N19
20251114,N.S5N20
20251114,N.S5N21
20251114,N.S5N22
20251114,N.S5N23
20251114,N.S6N05
20251114,N.S6N06
20251114,N.S6N07
20251114,N.S6N08
20251114,N.S6N09
20251114,N.S6N10
20251114,N.S6N11
20251114,N.TMRF
20251114,N.TYSF
20251114,N.URHF
20251115,N.GJMF
20251115,N.HIDF
20251115,N.HSSF
20251115,N.IMGF
20251115,N.IYGF
20251115,N.KMUF
20251115,N.KSNF
20251115,N.KSRF
20251115,N.NMRF
20251115,N.OOWF
20251115,N.S3N01
20251115,N.S3N02
20251115,N.S3N03
20251115,N.S3N04
20251115,N.S3N05
20251115,N.S3N06
20251115,N.S3N07
20251115,N.S3N08
20251115,N.S3N09
20251115,N.S3N10
20251115,N.S3N11
20251115,N.S3N12
20251115,N.S3N13
20251115,N.S3N14
20251115,N.S3N15
20251115,N.S3N16
20251115,N.S3N17
20251115,N.S3N18
20251115,N.S3N19
20251115,N.S3N23
20251115,N.S3N24
20251115,N.S3N25
20251115,N.S3N26
20251115,N.S4N01
20251115,N.S4N02
20251115,N.S4N03
20251115,N.S4N04
20251115,N.S4N05
20251115,N.S4N06
20251115,N.S4N07
20251115,N.S4N08
20251115,N.S4N09
20251115,N.S4N10
20251115,N.S4N11
20251115,N.S4N12
20251115,N.S4N13
20251115,N.S4N14
20251115,N.S4N15
20251115,N.S4N16
20251115,N.S4N17
20251115,N.S4N18
20251115,N.S4N19
20251115,N.S4N20
20251115,N.S4N21
20251115,N.S4N22
20251115,N.S4N23
20251115,N.S4N24
20251115,N.S4N25
20251115,N.S4N26
20251115,N.S4N27
20251115,N.S4N28
20251115,N.S5N01
20251115,N.S5N02
20251115,N.S5N03
20251115,N.S5N04
20251115,N.S5N05
20251115,N.S5N06
20251115,N.S5N07
20251115,N.S5N08
20251115,N.S5N09
20251115,N.S5N10
20251115,N.S5N11
20251115,N.S5N12
20251115,N.S5N13
20251115,N.S5N14
20251115,N.S5N15
20251115,N.S5N16
20251115,N.S5N17
20251115,N.S5N18
20251115,N.S5N19
20251115,N.S5N20
20251115,N.S5N21
20251115,N.S5N22
20251115,N.S5N23
20251115,N.S6N05
20251115,N.S6N06
20251115,N.S6N07
20251115,N.S6N08
20251115,N.S6N09
20251115,N.S6N10
20251115,N.S6N11
20251115,N.TMRF
20251115,N.TYSF
20251115,N.URHF
20251116,N.GJMF
20251116,N.HIDF
20251116,N.HSSF
20251116,N.IMGF
20251116,N.IYGF
20251116,N.KMUF
20251116,N.KSNF
20251116,N.KSRF
20251116,N.NMRF
20251116,N.OOWF
20251116,N.S3N01
20251116,N.S3N02
20251116,N.S3N03
20251116,N.S3N04
20251116,N.S3N05
20251116,N.S3N06
20251116,N.S3N07
20251116,N.S3N08
20251116,N.S3N09
20251116,N.S3N10
20251116,N.S3N11
20251116,N.S3N12
20251116,N.S3N13
20251116,N.S3N14
20251116,N.S3N15
20251116,N.S3N16
20251116,N.S3N17
20251116,N.S3N18
20251116,N.S3N19
20251116,N.S3N23
20251116,N.S3N24
20251116,N.S3N25
20251116,N.S3N26
20251116,N.S4N01
20251116,N.S4N02
20251116,N.S4N03
20251116,N.S4N04
20251116,N.S4N05
20251116,N.S4N06
20251116,N.S4N07
20251116,N.S4N08
20251116,N.S4N09
20251116,N.S4N10
20251116,N.S4N11
20251116,N.S4N12
20251116,N.S4N13
20251116,N.S4N14
20251116,N.S4N15
20251116,N.S4N16
20251116,N.S4N17
20251116,N.S4N18
20251116,N.S4N19
20251116,N.S4N20
20251116,N.S4N21
20251116,N.S4N22
20251116,N.S4N23
20251116,N.S4N24
20251116,N.S4N25
20251116,N.S4N26
20251116,N.S4N27
20251116,N.S4N28
20251116,N.S5N01
20251116,N.S5N02
20251116,N.S5N03
20251116,N.S5N04
20251116,N.S5N05
20251116,N.S5N06
20251116,N.S5N07
20251116,N.S5N08
20251116,N.S5N09
20251116,N.S5N10
20251116,N.S5N11
20251116,N.S5N12
20251116,N.S5N13
20251116,N.S5N14
20251116,N.S5N15
20251116,N.S5N16
20251116,N.S5N17
20251116,N.S5N18
20251116,N.S5N19
20251116,N.S5N20
20251116,N.S5N21
20251116,N.S5N22
20251116,N.S5N23
20251116,N.S6N05
20251116,N.S6N06
20251116,N.S6N07
20251116,N.S6N08
20251116,N.S6N09
20251116,N.S6N10
20251116,N.S6N11
20251116,N.TMRF
20251116,N.TYSF
20251116,N.URHF
20251117,N.GJMF
20251117,N.HIDF
20251117,N.HSSF
20251117,N.IMGF
20251117,N.IYGF
20251117,N.KMUF
20251117,N.KSNF
20251117,N.KSRF
20251117,N.NMRF
20251117,N.OOWF
20251117,N.S3N01
20251117,N.S3N02
20251117,N.S3N03
20251117,N.S3N04
20251117,N.S3N05
20251117,N.S3N06
20251117,N.S3N07
20251117,N.S3N08
20251117,N.S3N09
20251117,N.S3N10
20251117,N.S3N11
20251117,N.S3N12
20251117,N.S3N13
20251117,N.S3N14
20251117,N.S3N15
20251117,N.S3N16
20251117,N.S3N17
20251117,N.S3N18
20251117,N.S3N19
20251117,N.S3N23
20251117,N.S3N24
20251117,N.S3N25
20251117,N.S3N26
20251117,N.S4N01
20251117,N.S4N02
20251117,N.S4N03
20251117,N.S4N04
20251117,N.S4N05
20251117,N.S4N06
20251117,N.S4N07
20251117,N.S4N08
20251117,N.S4N09
20251117,N.S4N10
20251117,N.S4N11
20251117,N.S4N12
20251117,N.S4N13
20251117,N.S4N14
20251117,N.S4N15
20251117,N.S4N16
20251117,N.S4N17
20251117,N.S4N18
20251117,N.S4N19
20251117,N.S4N20
20251117,N.S4N21
20251117,N.S4N22
20251117,N.S4N23
20251117,N.S4N24
20251117,N.S4N25
20251117,N.S4N26
20251117,N.S4N27
20251117,N.S4N28
20251117,N.S5N01
20251117,N.S5N02
20251117,N.S5N03
20251117,N.S5N04
20251117,N.S5N05
20251117,N.S5N06
20251117,N.S5N07
20251117,N.S5N08
20251117,N.S5N09
20251117,N.S5N10
20251117,N.S5N11
20251117,N.S5N12
20251117,N.S5N13
20251117,N.S5N14
20251117,N.S5N15
20251117,N.S5N16
20251117,N.S5N17
20251117,N.S5N18
20251117,N.S5N19
20251117,N.S5N20
20251117,N.S5N21
20251117,N.S5N22
20251117,N.S5N23
20251117,N.S6N05
20251117,N.S6N06
20251117,N.S6N07
20251117,N.S6N08
20251117,N.S6N09
20251117,N.S6N10
20251117,N.S6N11
20251117,N.TMRF
20251117,N.TYSF
20251117,N.URHF
20251118,N.GJMF
20251118,N.HIDF
20251118,N.HSSF
20251118,N.IMGF
20251118,N.IYGF
20251118,N.KMUF
20251118,N.KSNF
20251118,N.KSRF
20251118,N.NMRF
20251118,N.OOWF
20251118,N.S3N01
20251118,N.S3N02
20251118,N.S3N03
20251118,N.S3N04
20251118,N.S3N05
20251118,N.S3N06
20251118,N.S3N07
20251118,N.S3N08
20251118,N.S3N09
20251118,N.S3N10
20251118,N.S3N11
20251118,N.S3N12
20251118,N.S3N13
20251118,N.S3N14
20251118,N.S3N15
20251118,N.S3N16
20251118,N.S3N17
20251118,N.S3N18
20251118,N.S3N19
20251118,N.S3N23
20251118,N.S3N24
20251118,N.S3N25
20251118,N.S3N26
20251118,N.S4N01
20251118,N.S4N02
20251118,N.S4N03
20251118,N.S4N04
20251118,N.S4N05
20251118,N.S4N06
20251118,N.S4N07
20251118,N.S4N08
20251118,N.S4N09
20251118,N.S4N10
20251118,N.S4N11
20251118,N.S4N12
20251118,N.S4N13
20251118,N.S4N14
20251118,N.S4N15
20251118,N.S4N16
20251118,N.S4N17
20251118,N.S4N18
20251118,N.S4N19
20251118,N.S4N20
20251118,N.S4N21
20251118,N.S4N22
20251118,N.S4N23
20251118,N.S4N24
20251118,N.S4N25
20251118,N.S4N26
20251118,N.S4N27
20251118,N.S4N28
20251118,N.S5N01
20251118,N.S5N02
20251118,N.S5N03
20251118,N.S5N04
20251118,N.S5N05
20251118,N.S5N06
20251118,N.S5N07
20251118,N.S5N08
20251118,N.S5N09
20251118,N.S5N10
20251118,N.S5N11
20251118,N.S5N12
20251118,N.S5N13
20251118,N.S5N14
20251118,N.S5N15
20251118,N.S5N16
20251118,N.S5N17
20251118,N.S5N18
20251118,N.S5N19
20251118,N.S5N20
20251118,N.S5N21
20251118,N.S5N22
20251118,N.S5N23
20251118,N.S6N05
20251118,N.S6N06
20251118,N.S6N07
20251118,N.S6N08
20251118,N.S6N09
20251118,N.S6N10
20251118,N.S6N11
20251118,N.TMRF
20251118,N.TYSF
20251118,N.URHF
20251119,N.GJMF
20251119,N.HIDF
20251119,N.HSSF
20251119,N.IMGF
20251119,N.IYGF
20251119,N.KMUF
20251119,N.KSNF
20251119,N.KSRF
20251119,N.NMRF
20251119,N.OOWF
20251119,N.S3N01
20251119,N.S3N02
20251119,N.S3N03
20251119,N.S3N04
20251119,N.S3N05
20251119,N.S3N06
20251119,N.S3N07
20251119,N.S3N08
20251119,N.S3N09
20251119,N.S3N10
20251119,N.S3N11
20251119,N.S3N12
20251119,N.S3N13
20251119,N.S3N14
20251119,N.S3N15
20251119,N.S3N16
20251119,N.S3N17
20251119,N.S3N18
20251119,N.S3N19
20251119,N.S3N23
20251119,N.S3N24
20251119,N.S3N25
20251119,N.S3N26
20251119,N.S4N01
20251119,N.S4N02
20251119,N.S4N03
20251119,N.S4N04
20251119,N.S4N05
20251119,N.S4N06
20251119,N.S4N07
20251119,N.S4N08
20251119,N.S4N09
20251119,N.S4N10
20251119,N.S4N11
20251119,N.S4N12
20251119,N.S4N13
20251119,N.S4N14
20251119,N.S4N15
20251119,N.S4N16
20251119,N.S4N17
20251119,N.S4N18
20251119,N.S4N19
20251119,N.S4N20
20251119,N.S4N21
20251119,N.S4N22
20251119,N.S4N23
20251119,N.S4N24
20251119,N.S4N25
20251119,N.S4N26
20251119,N.S4N27
20251119,N.S4N28
20251119,N.S5N01
20251119,N.S5N02
20251119,N.S5N03
20251119,N.S5N04
20251119,N.S5N05
20251119,N.S5N06
20251119,N.S5N07
20251119,N.S5N08
20251119,N.S5N09
20251119,N.S5N10
20251119,N.S5N11
20251119,N.S5N12
20251119,N.S5N13
20251119,N.S5N14
20251119,N.S5N15
20251119,N.S5N16
20251119,N.S5N17
20251119,N.S5N18
20251119,N.S5N19
20251119,N.S5N20
20251119,N.S5N21
20251119,N.S5N22
20251119,N.S5N23
20251119,N.S6N05
20251119,N.S6N06
20251119,N.S6N07
20251119,N.S6N08
20251119,N.S6N09
20251119,N.S6N10
20251119,N.S6N11
20251119,N.TMRF
20251119,N.TYSF
20251119,N.URHF
20251120,N.GJMF
20251120,N.HIDF
20251120,N.HSSF
20251120,N.IMGF
20251120,N.IYGF
20251120,N.KMUF
20251120,N.KSNF
20251120,N.KSRF
20251120,N.NMRF
20251120,N.OOWF
20251120,N.S3N01
20251120,N.S3N02
20251120,N.S3N03
20251120,N.S3N04
20251120,N.S3N05
20251120,N.S3N06
20251120,N.S3N07
20251120,N.S3N08
20251120,N.S3N09
20251120,N.S3N10
20251120,N.S3N11
20251120,N.S3N12
20251120,N.S3N13
20251120,N.S3N14
20251120,N.S3N15
20251120,N.S3N16
20251120,N.S3N17
20251120,N.S3N18
20251120,N.S3N19
20251120,N.S3N23
20251120,N.S3N24
20251120,N.S3N25
20251120,N.S3N26
20251120,N.S4N01
20251120,N.S4N02
20251120,N.S4N03
20251120,N.S4N04
20251120,N.S4N05
20251120,N.S4N06
20251120,N.S4N07
20251120,N.S4N08
20251120,N.S4N09
20251120,N.S4N10
20251120,N.S4N11
20251120,N.S4N12
20251120,N.S4N13
20251120,N.S4N14
20251120,N.S4N15
20251120,N.S4N16
20251120,N.S4N17
20251120,N.S4N18
20251120,N.S4N19
20251120,N.S4N20
20251120,N.S4N21
20251120,N.S4N22
20251120,N.S4N23
20251120,N.S4N24
20251120,N.S4N25
20251120,N.S4N26
20251120,N.S4N27
20251120,N.S4N28
20251120,N.S5N01
20251120,N.S5N02
20251120,N.S5N03
20251120,N.S5N04
20251120,N.S5N05
20251120,N.S5N06
20251120,N.S5N07
20251120,N.S5N08
20251120,N.S5N09
20251120,N.S5N10
20251120,N.S5N11
20251120,N.S5N12
20251120,N.S5N13
20251120,N.S5N14
20251120,N.S5N15
20251120,N.S5N16
20251120,N.S5N17
20251120,N.S5N18
20251120,N.S5N19
20251120,N.S5N20
20251120,N.S5N21
20251120,N.S5N22
20251120,N.S5N23
20251120,N.S6N05
20251120,N.S6N06
20251120,N.S6N07
20251120,N.S6N08
20251120,N.S6N09
20251120,N.S6N10
20251120,N.S6N11
20251120,N.TMRF
20251120,N.TYSF
20251120,N.URHF
20251121,N.GJMF
20251121,N.HIDF
20251121,N.HSSF
20251121,N.IMGF
20251121,N.IYGF
20251121,N.KMUF
20251121,N.KSNF
20251121,N.KSRF
20251121,N.NMRF
20251121,N.OOWF
20251121,N.S3N01
20251121,N.S3N02
20251121,N.S3N03
20251121,N.S3N04
20251121,N.S3N05
20251121,N.S3N06
20251121,N.S3N07
20251121,N.S3N08
20251121,N.S3N09
20251121,N.S3N10
20251121,N.S3N11
20251121,N.S3N12
20251121,N.S3N13
20251121,N.S3N14
20251121,N.S3N15
20251121,N.S3N16
20251121,N.S3N17
20251121,N.S3N18
20251121,N.S3N19
20251121,N.S3N23
20251121,N.S3N24
20251121,N.S3N25
20251121,N.S3N26
20251121,N.S4N01
20251121,N.S4N02
20251121,N.S4N03
20251121,N.S4N04
20251121,N.S4N05
20251121,N.S4N06
20251121,N.S4N07
20251121,N.S4N08
20251121,N.S4N09
20251121,N.S4N10
20251121,N.S4N11
20251121,N.S4N12
20251121,N.S4N13
20251121,N.S4N14
20251121,N.S4N15
20251121,N.S4N16
20251121,N.S4N17
20251121,N.S4N18
20251121,N.S4N19
20251121,N.S4N20
20251121,N.S4N21
20251121,N.S4N22
20251121,N.S4N23
20251121,N.S4N24
20251121,N.S4N25
20251121,N.S4N26
20251121,N.S4N27
20251121,N.S4N28
20251121,N.S5N01
20251121,N.S5N02
20251121,N.S5N03
20251121,N.S5N04
20251121,N.S5N05
20251121,N.S5N06
20251121,N.S5N07
20251121,N.S5N08
20251121,N.S5N09
20251121,N.S5N10
20251121,N.S5N11
20251121,N.S5N12
20251121,N.S5N13
20251121,N.S5N14
20251121,N.S5N15
20251121,N.S5N16
20251121,N.S5N17
20251121,N.S5N18
20251121,N.S5N19
20251121,N.S5N20
20251121,N.S5N21
20251121,N.S5N22
20251121,N.S5N23
20251121,N.S6N05
20251121,N.S6N06
20251121,N.S6N07
20251121,N.S6N08
20251121,N.S6N09
20251121,N.S6N10
20251121,N.S6N11
20251121,N.TMRF
20251121,N.TYSF
20251121,N.URHF
20251122,N.GJMF
20251122,N.HIDF
20251122,N.HSSF
20251122,N.IMGF
20251122,N.IYGF
20251122,N.KMUF
20251122,N.KSNF
20251122,N.KSRF
20251122,N.NMRF
20251122,N.OOWF
20251122,N.S3N01
20251122,N.S3N02
20251122,N.S3N03
20251122,N.S3N04
20251122,N.S3N05
20251122,N.S3N06
20251122,N.S3N07
20251122,N.S3N08
20251122,N.S3N09
20251122,N.S3N10
20251122,N.S3N11
20251122,N.S3N12
20251122,N.S3N13
20251122,N.S3N14
20251122,N.S3N15
20251122,N.S3N16
20251122,N.S3N17
20251122,N.S3N18
20251122,N.S3N19
20251122,N.S3N23
20251122,N.S3N24
20251122,N.S3N25
20251122,N.S3N26
20251122,N.S4N01
20251122,N.S4N02
20251122,N.S4N03
20251122,N.S4N04
20251122,N.S4N05
20251122,N.S4N06
20251122,N.S4N07
20251122,N.S4N08
20251122,N.S4N09
20251122,N.S4N10
20251122,N.S4N11
20251122,N.S4N12
20251122,N.S4N13
20251122,N.S4N14
20251122,N.S4N15
20251122,N.S4N16
20251122,N.S4N17
20251122,N.S4N18
20251122,N.S4N19
20251122,N.S4N20
20251122,N.S4N21
20251122,N.S4N22
20251122,N.S4N23
20251122,N.S4N24
20251122,N.S4N25
20251122,N.S4N26
20251122,N.S4N27
20251122,N.S4N28
20251122,N.S5N01
20251122,N.S5N02
20251122,N.S5N03
20251122,N.S5N04
20251122,N.S5N05
20251122,N.S5N06
20251122,N.S5N07
20251122,N.S5N08
20251122,N.S5N09
20251122,N.S5N10
20251122,N.S5N11
20251122,N.S5N12
20251122,N.S5N13
20251122,N.S5N14
20251122,N.S5N15
20251122,N.S5N16
20251122,N.S5N17
20251122,N.S5N18
20251122,N.S5N19
20251122,N.S5N20
20251122,N.S5N21
20251122,N.S5N22
20251122,N.S5N23
20251122,N.S6N05
20251122,N.S6N06
20251122,N.S6N07
20251122,N.S6N08
20251122,N.S6N09
20251122,N.S6N10
20251122,N.S6N11
20251122,N.TMRF
20251122,N.TYSF
20251122,N.URHF
20251123,N.GJMF
20251123,N.HIDF
20251123,N.HSSF
20251123,N.IMGF
20251123,N.IYGF
20251123,N.KMUF
20251123,N.KSNF
20251123,N.KSRF
20251123,N.NMRF
20251123,N.OOWF
20251123,N.S3N01
20251123,N.S3N02
20251123,N.S3N03
20251123,N.S3N04
20251123,N.S3N05
20251123,N.S3N06
20251123,N.S3N07
20251123,N.S3N08
20251123,N.S3N09
20251123,N.S3N10
20251123,N.S3N11
20251123,N.S3N12
20251123,N.S3N13
20251123,N.S3N14
20251123,N.S3N15
20251123,N.S3N16
20251123,N.S3N17
20251123,N.S3N18
20251123,N.S3N19
20251123,N.S3N23
20251123,N.S3N24
20251123,N.S3N25
20251123,N.S3N26
20251123,N.S4N01
20251123,N.S4N02
20251123,N.S4N03
20251123,N.S4N04
20251123,N.S4N05
20251123,N.S4N06
20251123,N.S4N07
20251123,N.S4N08
20251123,N.S4N09
20251123,N.S4N10
20251123,N.S4N11
20251123,N.S4N12
20251123,N.S4N13
20251123,N.S4N14
20251123,N.S4N15
20251123,N.S4N16
20251123,N.S4N17
20251123,N.S4N18
20251123,N.S4N19
20251123,N.S4N20
20251123,N.S4N21
20251123,N.S4N22
20251123,N.S4N23
20251123,N.S4N24
20251123,N.S4N25
20251123,N.S4N26
20251123,N.S4N27
20251123,N.S4N28
20251123,N.S5N01
20251123,N.S5N02
20251123,N.S5N03
20251123,N.S5N04
20251123,N.S5N05
20251123,N.S5N06
20251123,N.S5N07
20251123,N.S5N08
20251123,N.S5N09
20251123,N.S5N10
20251123,N.S5N11
20251123,N.S5N12
20251123,N.S5N13
20251123,N.S5N14
20251123,N.S5N15
20251123,N.S5N16
20251123,N.S5N17
20251123,N.S5N18
20251123,N.S5N19
20251123,N.S5N20
20251123,N.S5N21
20251123,N.S5N22
20251123,N.S5N23
20251123,N.S6N05
20251123,N.S6N06
20251123,N.S6N07
20251123,N.S6N08
20251123,N.S6N09
20251123,N.S6N10
20251123,N.S6N11
20251123,N.TMRF
20251123,N.TYSF
20251123,N.URHF
20251124,N.GJMF
20251124,N.HIDF
20251124,N.HSSF
20251124,N.IMGF
20251124,N.IYGF
20251124,N.KMUF
20251124,N.KSNF
20251124,N.KSRF
20251124,N.NMRF
20251124,N.OOWF
20251124,N.S3N01
20251124,N.S3N02
20251124,N.S3N03
20251124,N.S3N04
20251124,N.S3N05
20251124,N.S3N06
20251124,N.S3N07
20251124,N.S3N08
20251124,N.S3N09
20251124,N.S3N10
20251124,N.S3N11
20251124,N.S3N12
20251124,N.S3N13
20251124,N.S3N14
20251124,N.S3N15
20251124,N.S3N16
20251124,N.S3N17
20251124,N.S3N18
20251124,N.S3N19
20251124,N.S3N23
20251124,N.S3N24
20251124,N.S3N25
20251124,N.S3N26
20251124,N.S4N01
20251124,N.S4N02
20251124,N.S4N03
20251124,N.S4N04
20251124,N.S4N05
20251124,N.S4N06
20251124,N.S4N07
20251124,N.S4N08
20251124,N.S4N09
20251124,N.S4N10
20251124,N.S4N11
20251124,N.S4N12
20251124,N.S4N13
20251124,N.S4N14
20251124,N.S4N15
20251124,N.S4N16
20251124,N.S4N17
20251124,N.S4N18
20251124,N.S4N19
20251124,N.S4N20
20251124,N.S4N21
20251124,N.S4N22
20251124,N.S4N23
20251124,N.S4N24
20251124,N.S4N25
20251124,N.S4N26
20251124,N.S4N27
20251124,N.S4N28
20251124,N.S5N01
20251124,N.S5N02
20251124,N.S5N03
20251124,N.S5N04
20251124,N.S5N05
20251124,N.S5N06
20251124,N.S5N07
20251124,N.S5N08
20251124,N.S5N09
20251124,N.S5N10
20251124,N.S5N11
20251124,N.S5N12
20251124,N.S5N13
20251124,N.S5N14
20251124,N.S5N15
20251124,N.S5N16
20251124,N.S5N17
20251124,N.S5N18
20251124,N.S5N19
20251124,N.S5N20
20251124,N.S5N21
20251124,N.S5N22
20251124,N.S5N23
20251124,N.S6N05
20251124,N.S6N06
20251124,N.S6N07
20251124,N.S6N08
20251124,N.S6N09
20251124,N.S6N10
20251124,N.S6N11
20251124,N.TMRF
20251124,N.TYSF
20251124,N.URHF
20251125,N.GJMF
20251125,N.HIDF
20251125,N.HSSF
20251125,N.IMGF
20251125,N.IYGF
20251125,N.KMUF
20251125,N.KSNF
20251125,N.KSRF
20251125,N.NMRF
20251125,N.OOWF
20251125,N.S3N01
20251125,N.S3N02
20251125,N.S3N03
20251125,N.S3N04
20251125,N.S3N05
20251125,N.S3N06
20251125,N.S3N07
20251125,N.S3N08
20251125,N.S3N09
20251125,N.S3N10
20251125,N.S3N11
20251125,N.S3N12
20251125,N.S3N13
20251125,N.S3N14
20251125,N.S3N15
20251125,N.S3N16
20251125,N.S3N17
20251125,N.S3N18
20251125,N.S3N19
20251125,N.S3N23
20251125,N.S3N24
20251125,N.S3N25
20251125,N.S3N26
20251125,N.S4N01
20251125,N.S4N02
20251125,N.S4N03
20251125,N.S4N04
20251125,N.S4N05
20251125,N.S4N06
20251125,N.S4N07
20251125,N.S4N08
20251125,N.S4N09
20251125,N.S4N10
20251125,N.S4N11
20251125,N.S4N12
20251125,N.S4N13
20251125,N.S4N14
20251125,N.S4N15
20251125,N.S4N16
20251125,N.S4N17
20251125,N.S4N18
20251125,N.S4N19
20251125,N.S4N20
20251125,N.S4N21
20251125,N.S4N22
20251125,N.S4N23
20251125,N.S4N24
20251125,N.S4N25
20251125,N.S4N26
20251125,N.S4N27
20251125,N.S4N28
20251125,N.S5N01
20251125,N.S5N02
20251125,N.S5N03
20251125,N.S5N04
20251125,N.S5N05
20251125,N.S5N06
20251125,N.S5N07
20251125,N.S5N08
20251125,N.S5N09
20251125,N.S5N10
20251125,N.S5N11
20251125,N.S5N12
20251125,N.S5N13
20251125,N.S5N14
20251125,N.S5N15
20251125,N.S5N16
20251125,N.S5N17
20251125,N.S5N18
20251125,N.S5N19
20251125,N.S5N20
20251125,N.S5N21
20251125,N.S5N22
20251125,N.S5N23
20251125,N.S6N05
20251125,N.S6N06
20251125,N.S6N07
20251125,N.S6N08
20251125,N.S6N09
20251125,N.S6N10
20251125,N.S6N11
20251125,N.TMRF
20251125,N.TYSF
20251125,N.URHF
20251126,N.GJMF
20251126,N.HIDF
20251126,N.HSSF
20251126,N.IMGF
20251126,N.IYGF
20251126,N.KMUF
20251126,N.KSNF
20251126,N.KSRF
20251126,N.NMRF
20251126,N.OOWF
20251126,N.S3N01
20251126,N.S3N02
20251126,N.S3N03
20251126,N.S3N04
20251126,N.S3N05
20251126,N.S3N06
20251126,N.S3N07
20251126,N.S3N08
20251126,N.S3N09
20251126,N.S3N10
20251126,N.S3N11
20251126,N.S3N12
20251126,N.S3N13
20251126,N.S3N14
20251126,N.S3N15
20251126,N.S3N16
20251126,N.S3N17
20251126,N.S3N18
20251126,N.S3N19
20251126,N.S3N23
20251126,N.S3N24
20251126,N.S3N25
20251126,N.S3N26
20251126,N.S4N01
20251126,N.S4N02
20251126,N.S4N03
20251126,N.S4N04
20251126,N.S4N05
20251126,N.S4N06
20251126,N.S4N07
20251126,N.S4N08
20251126,N.S4N09
20251126,N.S4N10
20251126,N.S4N11
20251126,N.S4N12
20251126,N.S4N13
20251126,N.S4N14
20251126,N.S4N15
20251126,N.S4N16
20251126,N.S4N17
20251126,N.S4N18
20251126,N.S4N19
20251126,N.S4N20
20251126,N.S4N21
20251126,N.S4N22
20251126,N.S4N23
20251126,N.S4N24
20251126,N.S4N25
20251126,N.S4N26
20251126,N.S4N27
20251126,N.S4N28
20251126,N.S5N01
20251126,N.S5N02
20251126,N.S5N03
20251126,N.S5N04
20251126,N.S5N05
20251126,N.S5N06
20251126,N.S5N07
20251126,N.S5N08
20251126,N.S5N09
20251126,N.S5N10
20251126,N.S5N11
20251126,N.S5N12
20251126,N.S5N13
20251126,N.S5N14
20251126,N.S5N15
20251126,N.S5N16
20251126,N.S5N17
20251126,N.S5N18
20251126,N.S5N19
20251126,N.S5N20
20251126,N.S5N21
20251126,N.S5N22
20251126,N.S5N23
20251126,N.S6N05
20251126,N.S6N06
20251126,N.S6N07
20251126,N.S6N08
20251126,N.S6N09
20251126,N.S6N10
20251126,N.S6N11
20251126,N.TMRF
20251126,N.TYSF
20251126,N.URHF
20251127,N.GJMF
20251127,N.HIDF
20251127,N.HSSF
20251127,N.IMGF
20251127,N.IYGF
20251127,N.KMUF
20251127,N.KSNF
20251127,N.KSRF
20251127,N.NMRF
20251127,N.OOWF
20251127,N.S3N01
20251127,N.S3N02
20251127,N.S3N03
20251127,N.S3N04
20251127,N.S3N05
20251127,N.S3N06
20251127,N.S3N07
20251127,N.S3N08
20251127,N.S3N09
20251127,N.S3N10
20251127,N.S3N11
20251127,N.S3N12
20251127,N.S3N13
20251127,N.S3N14
20251127,N.S3N15
20251127,N.S3N16
20251127,N.S3N17
20251127,N.S3N18
20251127,N.S3N19
20251127,N.S3N23
20251127,N.S3N24
20251127,N.S3N25
20251127,N.S3N26
20251127,N.S4N01
20251127,N.S4N02
20251127,N.S4N03
20251127,N.S4N04
20251127,N.S4N05
20251127,N.S4N06
20251127,N.S4N07
20251127,N.S4N08
20251127,N.S4N09
20251127,N.S4N10
20251127,N.S4N11
20251127,N.S4N12
20251127,N.S4N13
20251127,N.S4N14
20251127,N.S4N15
20251127,N.S4N16
20251127,N.S4N17
20251127,N.S4N18
20251127,N.S4N19
20251127,N.S4N20
20251127,N.S4N21
20251127,N.S4N22
20251127,N.S4N23
20251127,N.S4N24
20251127,N.S4N25
20251127,N.S4N26
20251127,N.S4N27
20251127,N.S4N28
20251127,N.S5N01
20251127,N.S5N02
20251127,N.S5N03
20251127,N.S5N04
20251127,N.S5N05
20251127,N.S5N06
20251127,N.S5N07
20251127,N.S5N08
20251127,N.S5N09
20251127,N.S5N10
20251127,N.S5N11
20251127,N.S5N12
20251127,N.S5N13
20251127,N.S5N14
20251127,N.S5N15
20251127,N.S5N16
20251127,N.S5N17
20251127,N.S5N18
20251127,N.S5N19
20251127,N.S5N20
20251127,N.S5N21
20251127,N.S5N22
20251127,N.S5N23
20251127,N.S6N05
20251127,N.S6N06
20251127,N.S6N07
20251127,N.S6N08
20251127,N.S6N09
20251127,N.S6N10
20251127,N.S6N11
20251127,N.TMRF
20251127,N.TYSF
20251127,N.URHF
20251128,N.GJMF
20251128,N.HIDF
20251128,N.HSSF
20251128,N.IMGF
20251128,N.IYGF
20251128,N.KMUF
20251128,N.KSNF
20251128,N.KSRF
20251128,N.NMRF
20251128,N.OOWF
20251128,N.S3N01
20251128,N.S3N02
20251128,N.S3N03
20251128,N.S3N04
20251128,N.S3N05
20251128,N.S3N06
20251128,N.S3N07
20251128,N.S3N08
20251128,N.S3N09
20251128,N.S3N10
20251128,N.S3N11
20251128,N.S3N12
20251128,N.S3N13
20251128,N.S3N14
20251128,N.S3N15
20251128,N.S3N16
20251128,N.S3N17
20251128,N.S3N18
20251128,N.S3N19
20251128,N.S3N23
20251128,N.S3N24
20251128,N.S3N25
20251128,N.S3N26
20251128,N.S4N01
20251128,N.S4N02
20251128,N.S4N03
20251128,N.S4N04
20251128,N.S4N05
20251128,N.S4N06
20251128,N.S4N07
20251128,N.S4N08
20251128,N.S4N09
20251128,N.S4N10
20251128,N.S4N11
20251128,N.S4N12
20251128,N.S4N13
20251128,N.S4N14
20251128,N.S4N15
20251128,N.S4N16
20251128,N.S4N17
20251128,N.S4N18
20251128,N.S4N19
20251128,N.S4N20
20251128,N.S4N21
20251128,N.S4N22
20251128,N.S4N23
20251128,N.S4N24
20251128,N.S4N25
20251128,N.S4N26
20251128,N.S4N27
20251128,N.S4N28
20251128,N.S5N01
20251128,N.S5N02
20251128,N.S5N03
20251128,N.S5N04
20251128,N.S5N05
20251128,N.S5N06
20251128,N.S5N07
20251128,N.S5N08
20251128,N.S5N09
20251128,N.S5N10
20251128,N.S5N11
20251128,N.S5N12
20251128,N.S5N13
20251128,N.S5N14
20251128,N.S5N15
20251128,N.S5N16
20251128,N.S5N17
20251128,N.S5N18
20251128,N.S5N19
20251128,N.S5N20
20251128,N.S5N21
20251128,N.S5N22
20251128,N.S5N23
20251128,N.S6N05
20251128,N.S6N06
20251128,N.S6N07
20251128,N.S6N08
20251128,N.S6N09
20251128,N.S6N10
20251128,N.S6N11
20251128,N.TMRF
20251128,N.TYSF
20251128,N.URHF
20251129,N.GJMF
20251129,N.HIDF
20251129,N.HSSF
20251129,N.IMGF
20251129,N.IYGF
20251129,N.KMUF
20251129,N.KSNF
20251129,N.KSRF
20251129,N.NMRF
20251129,N.OOWF
20251129,N.S3N01
20251129,N.S3N02
20251129,N.S3N03
20251129,N.S3N04
20251129,N.S3N05
20251129,N.S3N06
20251129,N.S3N07
20251129,N.S3N08
20251129,N.S3N09
20251129,N.S3N10
20251129,N.S3N11
20251129,N.S3N12
20251129,N.S3N13
20251129,N.S3N14
20251129,N.S3N15
20251129,N.S3N16
20251129,N.S3N17
20251129,N.S3N18
20251129,N.S3N19
20251129,N.S3N23
20251129,N.S3N24
20251129,N.S3N25
20251129,N.S3N26
20251129,N.S4N01
20251129,N.S4N02
20251129,N.S4N03
20251129,N.S4N04
20251129,N.S4N05
20251129,N.S4N06
20251129,N.S4N07
20251129,N.S4N08
20251129,N.S4N09
20251129,N.S4N10
20251129,N.S4N11
20251129,N.S4N12
20251129,N.S4N13
20251129,N.S4N14
20251129,N.S4N15
20251129,N.S4N16
20251129,N.S4N17
20251129,N.S4N18
20251129,N.S4N19
20251129,N.S4N20
20251129,N.S4N21
20251129,N.S4N22
20251129,N.S4N23
20251129,N.S4N24
20251129,N.S4N25
20251129,N.S4N26
20251129,N.S4N27
20251129,N.S4N28
20251129,N.S5N01
20251129,N.S5N02
20251129,N.S5N03
20251129,N.S5N04
20251129,N.S5N05
20251129,N.S5N06
20251129,N.S5N07
20251129,N.S5N08
20251129,N.S5N09
20251129,N.S5N10
20251129,N.S5N11
20251129,N.S5N12
20251129,N.S5N13
20251129,N.S5N14
20251129,N.S5N15
20251129,N.S5N16
20251129,N.S5N17
20251129,N.S5N18
20251129,N.S5N19
20251129,N.S5N20
20251129,N.S5N21
20251129,N.S5N22
20251129,N.S5N23
20251129,N.S6N05
20251129,N.S6N06
20251129,N.S6N07
20251129,N.S6N08
20251129,N.S6N09
20251129,N.S6N10
20251129,N.S6N11
20251129,N.TMRF
20251129,N.TYSF
20251129,N.URHF
20251130,N.GJMF
20251130,N.HIDF
20251130,N.HSSF
20251130,N.IMGF
20251130,N.IYGF
20251130,N.KMUF
20251130,N.KSNF
20251130,N.KSRF
20251130,N.NMRF
20251130,N.OOWF
20251130,N.S3N01
20251130,N.S3N02
20251130,N.S3N03
20251130,N.S3N04
20251130,N.S3N05
20251130,N.S3N06
20251130,N.S3N07
20251130,N.S3N08
20251130,N.S3N09
20251130,N.S3N10
20251130,N.S3N11
20251130,N.S3N12
20251130,N.S3N13
20251130,N.S3N14
20251130,N.S3N15
20251130,N.S3N16
20251130,N.S3N17
20251130,N.S3N18
20251130,N.S3N19
20251130,N.S3N23
20251130,N.S3N24
20251130,N.S3N25
20251130,N.S3N26
20251130,N.S4N01
20251130,N.S4N02
20251130,N.S4N03
20251130,N.S4N04
20251130,N.S4N05
20251130,N.S4N06
20251130,N.S4N07
20251130,N.S4N08
20251130,N.S4N09
20251130,N.S4N10
20251130,N.S4N11
20251130,N.S4N12
20251130,N.S4N13
20251130,N.S4N14
20251130,N.S4N15
20251130,N.S4N16
20251130,N.S4N17
20251130,N.S4N18
20251130,N.S4N19
20251130,N.S4N20
20251130,N.S4N21
20251130,N.S4N22
20251130,N.S4N23
20251130,N.S4N24
20251130,N.S4N25
20251130,N.S4N26
20251130,N.S4N27
20251130,N.S4N28
20251130,N.S5N01
20251130,N.S5N02
20251130,N.S5N03
20251130,N.S5N04
20251130,N.S5N05
20251130,N.S5N06
20251130,N.S5N07
20251130,N.S5N08
20251130,N.S5N09
20251130,N.S5N10
20251130,N.S5N11
20251130,N.S5N12
20251130,N.S5N13
20251130,N.S5N14
20251130,N.S5N15
20251130,N.S5N16
20251130,N.S5N17
20251130,N.S5N18
20251130,N.S5N19
20251130,N.S5N20
20251130,N.S5N21
20251130,N.S5N22
20251130,N.S5N23
20251130,N.S6N05
20251130,N.S6N06
20251130,N.S6N07
20251130,N.S6N08
20251130,N.S6N09
20251130,N.S6N10
20251130,N.S6N11
20251130,N.TMRF
20251130,N.TYSF
20251130,N.URHF
20251201,N.GJMF
20251201,N.HIDF
20251201,N.HSSF
20251201,N.IMGF
20251201,N.IYGF
20251201,N.KMUF
20251201,N.KSNF
20251201,N.KSRF
20251201,N.NMRF
20251201,N.OOWF
20251201,N.S3N01
20251201,N.S3N02
20251201,N.S3N03
20251201,N.S3N04
20251201,N.S3N05
20251201,N.S3N06
20251201,N.S3N07
20251201,N.S3N08
20251201,N.S3N09
20251201,N.S3N10
20251201,N.S3N11
20251201,N.S3N12
20251201,N.S3N13
20251201,N.S3N14
20251201,N.S3N15
20251201,N.S3N16
20251201,N.S3N17
20251201,N.S3N18
20251201,N.S3N19
20251201,N.S3N23
20251201,N.S3N24
20251201,N.S3N25
20251201,N.S3N26
20251201,N.S4N01
20251201,N.S4N02
20251201,N.S4N03
20251201,N.S4N04
20251201,N.S4N05
20251201,N.S4N06
20251201,N.S4N07
20251201,N.S4N08
20251201,N.S4N09
20251201,N.S4N10
20251201,N.S4N11
20251201,N.S4N12
20251201,N.S4N13
20251201,N.S4N14
20251201,N.S4N15
20251201,N.S4N16
20251201,N.S4N17
20251201,N.S4N18
20251201,N.S4N19
20251201,N.S4N20
20251201,N.S4N21
20251201,N.S4N22
20251201,N.S4N23
20251201,N.S4N24
20251201,N.S4N25
20251201,N.S4N26
20251201,N.S4N27
20251201,N.S4N28
20251201,N.S5N01
20251201,N.S5N02
20251201,N.S5N03
20251201,N.S5N04
20251201,N.S5N05
20251201,N.S5N06
20251201,N.S5N07
20251201,N.S5N08
20251201,N.S5N09
20251201,N.S5N10
20251201,N.S5N11
20251201,N.S5N12
20251201,N.S5N13
20251201,N.S5N14
20251201,N.S5N15
20251201,N.S5N16
20251201,N.S5N17
20251201,N.S5N18
20251201,N.S5N19
20251201,N.S5N20
20251201,N.S5N21
20251201,N.S5N22
20251201,N.S5N23
20251201,N.S6N05
20251201,N.S6N06
20251201,N.S6N07
20251201,N.S6N08
20251201,N.S6N09
20251201,N.S6N10
20251201,N.S6N11
20251201,N.TMRF
20251201,N.TYSF
20251201,N.URHF
20251202,N.GJMF
20251202,N.HIDF
20251202,N.HSSF
20251202,N.IMGF
20251202,N.IYGF
20251202,N.KMUF
20251202,N.KSNF
20251202,N.KSRF
20251202,N.NMRF
20251202,N.OOWF
20251202,N.S3N01
20251202,N.S3N02
20251202,N.S3N03
20251202,N.S3N04
20251202,N.S3N05
20251202,N.S3N06
20251202,N.S3N07
20251202,N.S3N08
20251202,N.S3N09
20251202,N.S3N10
20251202,N.S3N11
20251202,N.S3N12
20251202,N.S3N13
20251202,N.S3N14
20251202,N.S3N15
20251202,N.S3N16
20251202,N.S3N17
20251202,N.S3N18
20251202,N.S3N19
20251202,N.S3N23
20251202,N.S3N24
20251202,N.S3N25
20251202,N.S3N26
20251202,N.S4N01
20251202,N.S4N02
20251202,N.S4N03
20251202,N.S4N04
20251202,N.S4N05
20251202,N.S4N06
20251202,N.S4N07
20251202,N.S4N08
20251202,N.S4N09
20251202,N.S4N10
20251202,N.S4N11
20251202,N.S4N12
20251202,N.S4N13
20251202,N.S4N14
20251202,N.S4N15
20251202,N.S4N16
20251202,N.S4N17
20251202,N.S4N18
20251202,N.S4N19
20251202,N.S4N20
20251202,N.S4N21
20251202,N.S4N22
20251202,N.S4N23
20251202,N.S4N24
20251202,N.S4N25
20251202,N.S4N26
20251202,N.S4N27
20251202,N.S4N28
20251202,N.S5N01
20251202,N.S5N02
20251202,N.S5N03
20251202,N.S5N04
20251202,N.S5N05
20251202,N.S5N06
20251202,N.S5N07
20251202,N.S5N08
20251202,N.S5N09
20251202,N.S5N10
20251202,N.S5N11
20251202,N.S5N12
20251202,N.S5N13
20251202,N.S5N14
20251202,N.S5N15
20251202,N.S5N16
20251202,N.S5N17
20251202,N.S5N18
20251202,N.S5N19
20251202,N.S5N20
20251202,N.S5N21
20251202,N.S5N22
20251202,N.S5N23
20251202,N.S6N05
20251202,N.S6N06
20251202,N.S6N07
20251202,N.S6N08
20251202,N.S6N09
20251202,N.S6N10
20251202,N.S6N11
20251202,N.TMRF
20251202,N.TYSF
20251202,N.URHF
20251203,N.GJMF
20251203,N.HIDF
20251203,N.HSSF
20251203,N.IMGF
20251203,N.IYGF
20251203,N.KMUF
20251203,N.KSNF
20251203,N.KSRF
20251203,N.NMRF
20251203,N.OOWF
20251203,N.S3N01
20251203,N.S3N02
20251203,N.S3N03
20251203,N.S3N04
20251203,N.S3N05
20251203,N.S3N06
20251203,N.S3N07
20251203,N.S3N08
20251203,N.S3N09
20251203,N.S3N10
20251203,N.S3N11
20251203,N.S3N12
20251203,N.S3N13
20251203,N.S3N14
20251203,N.S3N15
20251203,N.S3N16
20251203,N.S3N17
20251203,N.S3N18
20251203,N.S3N19
20251203,N.S3N23
20251203,N.S3N24
20251203,N.S3N25
20251203,N.S3N26
20251203,N.S4N01
20251203,N.S4N02
20251203,N.S4N03
20251203,N.S4N04
20251203,N.S4N05
20251203,N.S4N06
20251203,N.S4N07
20251203,N.S4N08
20251203,N.S4N09
20251203,N.S4N10
20251203,N.S4N11
20251203,N.S4N12
20251203,N.S4N13
20251203,N.S4N14
20251203,N.S4N15
20251203,N.S4N16
20251203,N.S4N17
20251203,N.S4N18
20251203,N.S4N19
20251203,N.S4N20
20251203,N.S4N21
20251203,N.S4N22
20251203,N.S4N23
20251203,N.S4N24
20251203,N.S4N25
20251203,N.S4N26
20251203,N.S4N27
20251203,N.S4N28
20251203,N.S5N01
20251203,N.S5N02
20251203,N.S5N03
20251203,N.S5N04
20251203,N.S5N05
20251203,N.S5N06
20251203,N.S5N07
20251203,N.S5N08
20251203,N.S5N09
20251203,N.S5N10
20251203,N.S5N11
20251203,N.S5N12
20251203,N.S5N13
20251203,N.S5N14
20251203,N.S5N15
20251203,N.S5N16
20251203,N.S5N17
20251203,N.S5N18
20251203,N.S5N19
20251203,N.S5N20
20251203,N.S5N21
20251203,N.S5N22
20251203,N.S5N23
20251203,N.S6N05
20251203,N.S6N06
20251203,N.S6N07
20251203,N.S6N08
20251203,N.S6N09
20251203,N.S6N10
20251203,N.S6N11
20251203,N.TMRF
20251203,N.TYSF
20251203,N.URHF
20251204,N.GJMF
20251204,N.HIDF
20251204,N.HSSF
20251204,N.IMGF
20251204,N.IYGF
20251204,N.KMUF
20251204,N.KSNF
20251204,N.KSRF
20251204,N.NMRF
20251204,N.OOWF
20251204,N.S3N01
20251204,N.S3N02
20251204,N.S3N03
20251204,N.S3N04
20251204,N.S3N05
20251204,N.S3N06
20251204,N.S3N07
20251204,N.S3N08
20251204,N.S3N09
20251204,N.S3N10
20251204,N.S3N11
20251204,N.S3N12
20251204,N.S3N13
20251204,N.S3N14
20251204,N.S3N15
20251204,N.S3N16
20251204,N.S3N17
20251204,N.S3N18
20251204,N.S3N19
20251204,N.S3N23
20251204,N.S3N24
20251204,N.S3N25
20251204,N.S3N26
20251204,N.S4N01
20251204,N.S4N02
20251204,N.S4N03
20251204,N.S4N04
20251204,N.S4N05
20251204,N.S4N06
20251204,N.S4N07
20251204,N.S4N08
20251204,N.S4N09
20251204,N.S4N10
20251204,N.S4N11
20251204,N.S4N12
20251204,N.S4N13
20251204,N.S4N14
20251204,N.S4N15
20251204,N.S4N16
20251204,N.S4N17
20251204,N.S4N18
20251204,N.S4N19
20251204,N.S4N20
20251204,N.S4N21
20251204,N.S4N22
20251204,N.S4N23
20251204,N.S4N24
20251204,N.S4N25
20251204,N.S4N26
20251204,N.S4N27
20251204,N.S4N28
20251204,N.S5N01
20251204,N.S5N02
20251204,N.S5N03
20251204,N.S5N04
20251204,N.S5N05
20251204,N.S5N06
20251204,N.S5N07
20251204,N.S5N08
20251204,N.S5N09
20251204,N.S5N10
20251204,N.S5N11
20251204,N.S5N12
20251204,N.S5N13
20251204,N.S5N14
20251204,N.S5N15
20251204,N.S5N16
20251204,N.S5N17
20251204,N.S5N18
20251204,N.S5N19
20251204,N.S5N20
20251204,N.S5N21
20251204,N.S5N22
20251204,N.S5N23
20251204,N.S6N05
20251204,N.S6N06
20251204,N.S6N07
20251204,N.S6N08
20251204,N.S6N09
20251204,N.S6N10
20251204,N.S6N11
20251204,N.TMRF
20251204,N.TYSF
20251204,N.URHF
20251205,N.GJMF
20251205,N.HIDF
20251205,N.HSSF
20251205,N.IMGF
20251205,N.IYGF
20251205,N.KMUF
20251205,N.KSNF
20251205,N.KSRF
20251205,N.NMRF
20251205,N.OOWF
20251205,N.S3N01
20251205,N.S3N02
20251205,N.S3N03
20251205,N.S3N04
20251205,N.S3N05
20251205,N.S3N06
20251205,N.S3N07
20251205,N.S3N08
20251205,N.S3N09
20251205,N.S3N10
20251205,N.S3N11
20251205,N.S3N12
20251205,N.S3N13
20251205,N.S3N14
20251205,N.S3N15
20251205,N.S3N16
20251205,N.S3N17
20251205,N.S3N18
20251205,N.S3N19
20251205,N.S3N23
20251205,N.S3N24
20251205,N.S3N25
20251205,N.S3N26
20251205,N.S4N01
20251205,N.S4N02
20251205,N.S4N03
20251205,N.S4N04
20251205,N.S4N05
20251205,N.S4N06
20251205,N.S4N07
20251205,N.S4N08
20251205,N.S4N09
20251205,N.S4N10
20251205,N.S4N11
20251205,N.S4N12
20251205,N.S4N13
20251205,N.S4N14
20251205,N.S4N15
20251205,N.S4N16
20251205,N.S4N17
20251205,N.S4N18
20251205,N.S4N19
20251205,N.S4N20
20251205,N.S4N21
20251205,N.S4N22
20251205,N.S4N23
20251205,N.S4N24
20251205,N.S4N25
20251205,N.S4N26
20251205,N.S4N27
20251205,N.S4N28
20251205,N.S5N01
20251205,N.S5N02
20251205,N.S5N03
20251205,N.S5N04
20251205,N.S5N05
20251205,N.S5N06
20251205,N.S5N07
20251205,N.S5N08
20251205,N.S5N09
20251205,N.S5N10
20251205,N.S5N11
20251205,N.S5N12
20251205,N.S5N13
20251205,N.S5N14
20251205,N.S5N15
20251205,N.S5N16
20251205,N.S5N17
20251205,N.S5N18
20251205,N.S5N19
20251205,N.S5N20
20251205,N.S5N21
20251205,N.S5N22
20251205,N.S5N23
20251205,N.S6N05
20251205,N.S6N06
20251205,N.S6N07
20251205,N.S6N08
20251205,N.S6N09
20251205,N.S6N10
20251205,N.S6N11
20251205,N.TMRF
20251205,N.TYSF
20251205,N.URHF
20251206,N.GJMF
20251206,N.HIDF
20251206,N.HSSF
20251206,N.IMGF
20251206,N.IYGF
20251206,N.KMUF
20251206,N.KSNF
20251206,N.KSRF
20251206,N.NMRF
20251206,N.OOWF
20251206,N.S3N01
20251206,N.S3N02
20251206,N.S3N03
20251206,N.S3N04
20251206,N.S3N05
20251206,N.S3N06
20251206,N.S3N07
20251206,N.S3N08
20251206,N.S3N09
20251206,N.S3N10
20251206,N.S3N11
20251206,N.S3N12
20251206,N.S3N13
20251206,N.S3N14
20251206,N.S3N15
20251206,N.S3N16
20251206,N.S3N17
20251206,N.S3N18
20251206,N.S3N19
20251206,N.S3N23
20251206,N.S3N24
20251206,N.S3N25
20251206,N.S3N26
20251206,N.S4N01
20251206,N.S4N02
20251206,N.S4N03
20251206,N.S4N04
20251206,N.S4N05
20251206,N.S4N06
20251206,N.S4N07
20251206,N.S4N08
20251206,N.S4N09
20251206,N.S4N10
20251206,N.S4N11
20251206,N.S4N12
20251206,N.S4N13
20251206,N.S4N14
20251206,N.S4N15
20251206,N.S4N16
20251206,N.S4N17
20251206,N.S4N18
20251206,N.S4N19
20251206,N.S4N20
20251206,N.S4N21
20251206,N.S4N22
20251206,N.S4N23
20251206,N.S4N24
20251206,N.S4N25
20251206,N.S4N26
20251206,N.S4N27
20251206,N.S4N28
20251206,N.S5N01
20251206,N.S5N02
20251206,N.S5N03
20251206,N.S5N04
20251206,N.S5N05
20251206,N.S5N06
20251206,N.S5N07
20251206,N.S5N08
20251206,N.S5N09
20251206,N.S5N10
20251206,N.S5N11
20251206,N.S5N12
20251206,N.S5N13
20251206,N.S5N14
20251206,N.S5N15
20251206,N.S5N16
20251206,N.S5N17
20251206,N.S5N18
20251206,N.S5N19
20251206,N.S5N20
20251206,N.S5N21
20251206,N.S5N22
20251206,N.S5N23
20251206,N.S6N05
20251206,N.S6N06
20251206,N.S6N07
20251206,N.S6N08
20251206,N.S6N09
20251206,N.S6N10
20251206,N.S6N11
20251206,N.TMRF
20251206,N.TYSF
20251206,N.URHF
20251207,N.GJMF
20251207,N.HIDF
20251207,N.HSSF
20251207,N.IMGF
20251207,N.IYGF
20251207,N.KMUF
20251207,N.KSNF
20251207,N.KSRF
20251207,N.NMRF
20251207,N.OOWF
20251207,N.S3N01
20251207,N.S3N02
20251207,N.S3N03
20251207,N.S3N04
20251207,N.S3N05
20251207,N.S3N06
20251207,N.S3N07
20251207,N.S3N08
20251207,N.S3N09
20251207,N.S3N10
20251207,N.S3N11
20251207,N.S3N12
20251207,N.S3N13
20251207,N.S3N14
20251207,N.S3N15
20251207,N.S3N16
20251207,N.S3N17
20251207,N.S3N18
20251207,N.S3N19
20251207,N.S3N23
20251207,N.S3N24
20251207,N.S3N25
20251207,N.S3N26
20251207,N.S4N01
20251207,N.S4N02
20251207,N.S4N03
20251207,N.S4N04
20251207,N.S4N05
20251207,N.S4N06
20251207,N.S4N07
20251207,N.S4N08
20251207,N.S4N09
20251207,N.S4N10
20251207,N.S4N11
20251207,N.S4N12
20251207,N.S4N13
20251207,N.S4N14
20251207,N.S4N15
20251207,N.S4N16
20251207,N.S4N17
20251207,N.S4N18
20251207,N.S4N19
20251207,N.S4N20
20251207,N.S4N21
20251207,N.S4N22
20251207,N.S4N23
20251207,N.S4N24
20251207,N.S4N25
20251207,N.S4N26
20251207,N.S4N27
20251207,N.S4N28
20251207,N.S5N01
20251207,N.S5N02
20251207,N.S5N03
20251207,N.S5N04
20251207,N.S5N05
20251207,N.S5N06
20251207,N.S5N07
20251207,N.S5N08
20251207,N.S5N09
20251207,N.S5N10
20251207,N.S5N11
20251207,N.S5N12
20251207,N.S5N13
20251207,N.S5N14
20251207,N.S5N15
20251207,N.S5N16
20251207,N.S5N17
20251207,N.S5N18
20251207,N.S5N19
20251207,N.S5N20
20251207,N.S5N21
20251207,N.S5N22
20251207,N.S5N23
20251207,N.S6N05
20251207,N.S6N06
20251207,N.S6N07
20251207,N.S6N08
20251207,N.S6N09
20251207,N.S6N10
20251207,N.S6N11
20251207,N.TMRF
20251207,N.TYSF
20251207,N.URHF
20251208,N.GJMF
20251208,N.HIDF
20251208,N.HSSF
20251208,N.IMGF
20251208,N.IYGF
20251208,N.KMUF
20251208,N.KSNF
20251208,N.KSRF
20251208,N.NMRF
20251208,N.OOWF
20251208,N.S3N01
20251208,N.S3N02
20251208,N.S3N03
20251208,N.S3N04
20251208,N.S3N05
20251208,N.S3N06
20251208,N.S3N07
20251208,N.S3N08
20251208,N.S3N09
20251208,N.S3N10
20251208,N.S3N11
20251208,N.S3N12
20251208,N.S3N13
20251208,N.S3N14
20251208,N.S3N15
20251208,N.S3N16
20251208,N.S3N17
20251208,N.S3N18
20251208,N.S3N19
20251208,N.S3N23
20251208,N.S3N24
20251208,N.S3N25
20251208,N.S3N26
20251208,N.S4N01
20251208,N.S4N02
20251208,N.S4N03
20251208,N.S4N04
20251208,N.S4N05
20251208,N.S4N06
20251208,N.S4N07
20251208,N.S4N08
20251208,N.S4N09
20251208,N.S4N10
20251208,N.S4N11
20251208,N.S4N12
20251208,N.S4N13
20251208,N.S4N14
20251208,N.S4N15
20251208,N.S4N16
20251208,N.S4N17
20251208,N.S4N18
20251208,N.S4N19
20251208,N.S4N20
20251208,N.S4N21
20251208,N.S4N22
20251208,N.S4N23
20251208,N.S4N24
20251208,N.S4N25
20251208,N.S4N26
20251208,N.S4N27
20251208,N.S4N28
20251208,N.S5N01
20251208,N.S5N02
20251208,N.S5N03
20251208,N.S5N04
20251208,N.S5N05
20251208,N.S5N06
20251208,N.S5N07
20251208,N.S5N08
20251208,N.S5N09
20251208,N.S5N10
20251208,N.S5N11
20251208,N.S5N12
20251208,N.S5N13
20251208,N.S5N14
20251208,N.S5N15
20251208,N.S5N16
20251208,N.S5N17
20251208,N.S5N18
20251208,N.S5N19
20251208,N.S5N20
20251208,N.S5N21
20251208,N.S5N22
20251208,N.S5N23
20251208,N.S6N05
20251208,N.S6N06
20251208,N.S6N07
20251208,N.S6N08
20251208,N.S6N09
20251208,N.S6N10
20251208,N.S6N11
20251208,N.TMRF
20251208,N.TYSF
20251208,N.URHF
20251209,N.GJMF
20251209,N.HIDF
20251209,N.HSSF
20251209,N.IMGF
20251209,N.IYGF
20251209,N.KMUF
20251209,N.KSNF
20251209,N.KSRF
20251209,N.NMRF
20251209,N.OOWF
20251209,N.S3N01
20251209,N.S3N02
20251209,N.S3N03
20251209,N.S3N04
20251209,N.S3N05
20251209,N.S3N06
20251209,N.S3N07
20251209,N.S3N08
20251209,N.S3N09
20251209,N.S3N10
20251209,N.S3N11
20251209,N.S3N12
20251209,N.S3N13
20251209,N.S3N14
20251209,N.S3N15
20251209,N.S3N16
20251209,N.S3N17
20251209,N.S3N18
20251209,N.S3N19
20251209,N.S3N23
20251209,N.S3N24
20251209,N.S3N25
20251209,N.S3N26
20251209,N.S4N01
20251209,N.S4N02
20251209,N.S4N03
20251209,N.S4N04
20251209,N.S4N05
20251209,N.S4N06
20251209,N.S4N07
20251209,N.S4N08
20251209,N.S4N09
20251209,N.S4N10
20251209,N.S4N11
20251209,N.S4N12
20251209,N.S4N13
20251209,N.S4N14
20251209,N.S4N15
20251209,N.S4N16
20251209,N.S4N17
20251209,N.S4N18
20251209,N.S4N19
20251209,N.S4N20
20251209,N.S4N21
20251209,N.S4N22
20251209,N.S4N23
20251209,N.S4N24
20251209,N.S4N25
20251209,N.S4N26
20251209,N.S4N27
20251209,N.S4N28
20251209,N.S5N01
20251209,N.S5N02
20251209,N.S5N03
20251209,N.S5N04
20251209,N.S5N05
20251209,N.S5N06
20251209,N.S5N07
20251209,N.S5N08
20251209,N.S5N09
20251209,N.S5N10
20251209,N.S5N11
20251209,N.S5N12
20251209,N.S5N13
20251209,N.S5N14
20251209,N.S5N15
20251209,N.S5N16
20251209,N.S5N17
20251209,N.S5N18
20251209,N.S5N19
20251209,N.S5N20
20251209,N.S5N21
20251209,N.S5N22
20251209,N.S5N23
20251209,N.S6N05
20251209,N.S6N06
20251209,N.S6N07
20251209,N.S6N08
20251209,N.S6N09
20251209,N.S6N10
20251209,N.S6N11
20251209,N.TMRF
20251209,N.TYSF
20251209,N.URHF
20251210,N.GJMF
20251210,N.HIDF
20251210,N.HSSF
20251210,N.IMGF
20251210,N.IYGF
20251210,N.KMUF
20251210,N.KSNF
20251210,N.KSRF
20251210,N.NMRF
20251210,N.OOWF
20251210,N.S3N01
20251210,N.S3N02
20251210,N.S3N03
20251210,N.S3N04
20251210,N.S3N05
20251210,N.S3N06
20251210,N.S3N07
20251210,N.S3N08
20251210,N.S3N09
20251210,N.S3N10
20251210,N.S3N11
20251210,N.S3N12
20251210,N.S3N13
20251210,N.S3N14
20251210,N.S3N15
20251210,N.S3N16
20251210,N.S3N17
20251210,N.S3N18
20251210,N.S3N19
20251210,N.S3N23
20251210,N.S3N24
20251210,N.S3N25
20251210,N.S3N26
20251210,N.S4N01
20251210,N.S4N02
20251210,N.S4N03
20251210,N.S4N04
20251210,N.S4N05
20251210,N.S4N06
20251210,N.S4N07
20251210,N.S4N08
20251210,N.S4N09
20251210,N.S4N10
20251210,N.S4N11
20251210,N.S4N12
20251210,N.S4N13
20251210,N.S4N14
20251210,N.S4N15
20251210,N.S4N16
20251210,N.S4N17
20251210,N.S4N18
20251210,N.S4N19
20251210,N.S4N20
20251210,N.S4N21
20251210,N.S4N22
20251210,N.S4N23
20251210,N.S4N24
20251210,N.S4N25
20251210,N.S4N26
20251210,N.S4N27
20251210,N.S4N28
20251210,N.S5N01
20251210,N.S5N02
20251210,N.S5N03
20251210,N.S5N04
20251210,N.S5N05
20251210,N.S5N06
20251210,N.S5N07
20251210,N.S5N08
20251210,N.S5N09
20251210,N.S5N10
20251210,N.S5N11
20251210,N.S5N12
20251210,N.S5N13
20251210,N.S5N14
20251210,N.S5N15
20251210,N.S5N16
20251210,N.S5N17
20251210,N.S5N18
20251210,N.S5N19
20251210,N.S5N20
20251210,N.S5N21
20251210,N.S5N22
20251210,N.S5N23
20251210,N.S6N05
20251210,N.S6N06
20251210,N.S6N07
20251210,N.S6N08
20251210,N.S6N09
20251210,N.S6N10
20251210,N.S6N11
20251210,N.TMRF
20251210,N.TYSF
20251210,N.URHF
20251211,N.GJMF
20251211,N.HIDF
20251211,N.HSSF
20251211,N.IMGF
20251211,N.IYGF
20251211,N.KMUF
20251211,N.KSNF
20251211,N.KSRF
20251211,N.NMRF
20251211,N.OOWF
20251211,N.S3N01
20251211,N.S3N02
20251211,N.S3N03
20251211,N.S3N04
20251211,N.S3N05
20251211,N.S3N06
20251211,N.S3N07
20251211,N.S3N08
20251211,N.S3N09
20251211,N.S3N10
20251211,N.S3N11
20251211,N.S3N12
20251211,N.S3N13
20251211,N.S3N14
20251211,N.S3N15
20251211,N.S3N16
20251211,N.S3N17
20251211,N.S3N18
20251211,N.S3N19
20251211,N.S3N23
20251211,N.S3N24
20251211,N.S3N25
20251211,N.S3N26
20251211,N.S4N01
20251211,N.S4N02
20251211,N.S4N03
20251211,N.S4N04
20251211,N.S4N05
20251211,N.S4N06
20251211,N.S4N07
20251211,N.S4N08
20251211,N.S4N09
20251211,N.S4N10
20251211,N.S4N11
20251211,N.S4N12
20251211,N.S4N13
20251211,N.S4N14
20251211,N.S4N15
20251211,N.S4N16
20251211,N.S4N17
20251211,N.S4N18
20251211,N.S4N19
20251211,N.S4N20
20251211,N.S4N21
20251211,N.S4N22
20251211,N.S4N23
20251211,N.S4N24
20251211,N.S4N25
20251211,N.S4N26
20251211,N.S4N27
20251211,N.S4N28
20251211,N.S5N01
20251211,N.S5N02
20251211,N.S5N03
20251211,N.S5N04
20251211,N.S5N05
20251211,N.S5N06
20251211,N.S5N07
20251211,N.S5N08
20251211,N.S5N09
20251211,N.S5N10
20251211,N.S5N11
20251211,N.S5N12
20251211,N.S5N13
20251211,N.S5N14
20251211,N.S5N15
20251211,N.S5N16
20251211,N.S5N17
20251211,N.S5N18
20251211,N.S5N19
20251211,N.S5N20
20251211,N.S5N21
20251211,N.S5N22
20251211,N.S5N23
20251211,N.S6N05
20251211,N.S6N06
20251211,N.S6N07
20251211,N.S6N08
20251211,N.S6N09
20251211,N.S6N10
20251211,N.S6N11
20251211,N.TMRF
20251211,N.TYSF
20251211,N.URHF
20251212,N.GJMF
20251212,N.HIDF
20251212,N.HSSF
20251212,N.IMGF
20251212,N.IYGF
20251212,N.KMUF
20251212,N.KSNF
20251212,N.KSRF
20251212,N.NMRF
20251212,N.OOWF
20251212,N.S3N01
20251212,N.S3N02
20251212,N.S3N03
20251212,N.S3N04
20251212,N.S3N05
20251212,N.S3N06
20251212,N.S3N07
20251212,N.S3N08
20251212,N.S3N09
20251212,N.S3N10
20251212,N.S3N11
20251212,N.S3N12
20251212,N.S3N13
20251212,N.S3N14
20251212,N.S3N15
20251212,N.S3N16
20251212,N.S3N17
20251212,N.S3N18
20251212,N.S3N19
20251212,N.S3N23
20251212,N.S3N24
20251212,N.S3N25
20251212,N.S3N26
20251212,N.S4N01
20251212,N.S4N02
20251212,N.S4N03
20251212,N.S4N04
20251212,N.S4N05
20251212,N.S4N06
20251212,N.S4N07
20251212,N.S4N08
20251212,N.S4N09
20251212,N.S4N10
20251212,N.S4N11
20251212,N.S4N12
20251212,N.S4N13
20251212,N.S4N14
20251212,N.S4N15
20251212,N.S4N16
20251212,N.S4N17
20251212,N.S4N18
20251212,N.S4N19
20251212,N.S4N20
20251212,N.S4N21
20251212,N.S4N22
20251212,N.S4N23
20251212,N.S4N24
20251212,N.S4N25
20251212,N.S4N26
20251212,N.S4N27
20251212,N.S4N28
20251212,N.S5N01
20251212,N.S5N02
20251212,N.S5N03
20251212,N.S5N04
20251212,N.S5N05
20251212,N.S5N06
20251212,N.S5N07
20251212,N.S5N08
20251212,N.S5N09
20251212,N.S5N10
20251212,N.S5N11
20251212,N.S5N12
20251212,N.S5N13
20251212,N.S5N14
20251212,N.S5N15
20251212,N.S5N16
20251212,N.S5N17
20251212,N.S5N18
20251212,N.S5N19
20251212,N.S5N20
20251212,N.S5N21
20251212,N.S5N22
20251212,N.S5N23
20251212,N.S6N05
20251212,N.S6N06
20251212,N.S6N07
20251212,N.S6N08
20251212,N.S6N09
20251212,N.S6N10
20251212,N.S6N11
20251212,N.TMRF
20251212,N.TYSF
20251212,N.URHF
20251213,N.GJMF
20251213,N.HIDF
20251213,N.HSSF
20251213,N.IMGF
20251213,N.IYGF
20251213,N.KMUF
20251213,N.KSNF
20251213,N.KSRF
20251213,N.NMRF
20251213,N.OOWF
20251213,N.S3N01
20251213,N.S3N02
20251213,N.S3N03
20251213,N.S3N04
20251213,N.S3N05
20251213,N.S3N06
20251213,N.S3N07
20251213,N.S3N08
20251213,N.S3N09
20251213,N.S3N10
20251213,N.S3N11
20251213,N.S3N12
20251213,N.S3N13
20251213,N.S3N14
20251213,N.S3N15
20251213,N.S3N16
20251213,N.S3N17
20251213,N.S3N18
20251213,N.S3N19
20251213,N.S3N23
20251213,N.S3N24
20251213,N.S3N25
20251213,N.S3N26
20251213,N.S4N01
20251213,N.S4N02
20251213,N.S4N03
20251213,N.S4N04
20251213,N.S4N05
20251213,N.S4N06
20251213,N.S4N07
20251213,N.S4N08
20251213,N.S4N09
20251213,N.S4N10
20251213,N.S4N11
20251213,N.S4N12
20251213,N.S4N13
20251213,N.S4N14
20251213,N.S4N15
20251213,N.S4N16
20251213,N.S4N17
20251213,N.S4N18
20251213,N.S4N19
20251213,N.S4N20
20251213,N.S4N21
20251213,N.S4N22
20251213,N.S4N23
20251213,N.S4N24
20251213,N.S4N25
20251213,N.S4N26
20251213,N.S4N27
20251213,N.S4N28
20251213,N.S5N01
20251213,N.S5N02
20251213,N.S5N03
20251213,N.S5N04
20251213,N.S5N05
20251213,N.S5N06
20251213,N.S5N07
20251213,N.S5N08
20251213,N.S5N09
20251213,N.S5N10
20251213,N.S5N11
20251213,N.S5N12
20251213,N.S5N13
20251213,N.S5N14
20251213,N.S5N15
20251213,N.S5N16
20251213,N.S5N17
20251213,N.S5N18
20251213,N.S5N19
20251213,N.S5N20
20251213,N.S5N21
20251213,N.S5N22
20251213,N.S5N23
20251213,N.S6N05
20251213,N.S6N06
20251213,N.S6N07
20251213,N.S6N08
20251213,N.S6N09
20251213,N.S6N10
20251213,N.S6N11
20251213,N.TMRF
20251213,N.TYSF
20251213,N.URHF
20251214,N.GJMF
20251214,N.HIDF
20251214,N.HSSF
20251214,N.IMGF
20251214,N.IYGF
20251214,N.KMUF
20251214,N.KSNF
20251214,N.KSRF
20251214,N.NMRF
20251214,N.OOWF
20251214,N.S3N01
20251214,N.S3N02
20251214,N.S3N03
20251214,N.S3N04
20251214,N.S3N05
20251214,N.S3N06
20251214,N.S3N07
20251214,N.S3N08
20251214,N.S3N09
20251214,N.S3N10
20251214,N.S3N11
20251214,N.S3N12
20251214,N.S3N13
20251214,N.S3N14
20251214,N.S3N15
20251214,N.S3N16
20251214,N.S3N17
20251214,N.S3N18
20251214,N.S3N19
20251214,N.S3N23
20251214,N.S3N24
20251214,N.S3N25
20251214,N.S3N26
20251214,N.S4N01
20251214,N.S4N02
20251214,N.S4N03
20251214,N.S4N04
20251214,N.S4N05
20251214,N.S4N06
20251214,N.S4N07
20251214,N.S4N08
20251214,N.S4N09
20251214,N.S4N10
20251214,N.S4N11
20251214,N.S4N12
20251214,N.S4N13
20251214,N.S4N14
20251214,N.S4N15
20251214,N.S4N16
20251214,N.S4N17
20251214,N.S4N18
20251214,N.S4N19
20251214,N.S4N20
20251214,N.S4N21
20251214,N.S4N22
20251214,N.S4N23
20251214,N.S4N24
20251214,N.S4N25
20251214,N.S4N26
20251214,N.S4N27
20251214,N.S4N28
20251214,N.S5N01
20251214,N.S5N02
20251214,N.S5N03
20251214,N.S5N04
20251214,N.S5N05
20251214,N.S5N06
20251214,N.S5N07
20251214,N.S5N08
20251214,N.S5N09
20251214,N.S5N10
20251214,N.S5N11
20251214,N.S5N12
20251214,N.S5N13
20251214,N.S5N14
20251214,N.S5N15
20251214,N.S5N16
20251214,N.S5N17
20251214,N.S5N18
20251214,N.S5N19
20251214,N.S5N20
20251214,N.S5N21
20251214,N.S5N22
20251214,N.S5N23
20251214,N.S6N05
20251214,N.S6N06
20251214,N.S6N07
20251214,N.S6N08
20251214,N.S6N09
20251214,N.S6N10
20251214,N.S6N11
20251214,N.TMRF
20251214,N.TYSF
20251214,N.URHF
20251215,N.GJMF
20251215,N.HIDF
20251215,N.HSSF
20251215,N.IMGF
20251215,N.IYGF
20251215,N.KMUF
20251215,N.KSNF
20251215,N.KSRF
20251215,N.NMRF
20251215,N.OOWF
20251215,N.S3N01
20251215,N.S3N02
20251215,N.S3N03
20251215,N.S3N04
20251215,N.S3N05
20251215,N.S3N06
20251215,N.S3N07
20251215,N.S3N08
20251215,N.S3N09
20251215,N.S3N10
20251215,N.S3N11
20251215,N.S3N12
20251215,N.S3N13
20251215,N.S3N14
20251215,N.S3N15
20251215,N.S3N16
20251215,N.S3N17
20251215,N.S3N18
20251215,N.S3N19
20251215,N.S3N23
20251215,N.S3N24
20251215,N.S3N25
20251215,N.S3N26
20251215,N.S4N01
20251215,N.S4N02
20251215,N.S4N03
20251215,N.S4N04
20251215,N.S4N05
20251215,N.S4N06
20251215,N.S4N07
20251215,N.S4N08
20251215,N.S4N09
20251215,N.S4N10
20251215,N.S4N11
20251215,N.S4N12
20251215,N.S4N13
20251215,N.S4N14
20251215,N.S4N15
20251215,N.S4N16
20251215,N.S4N17
20251215,N.S4N18
20251215,N.S4N19
20251215,N.S4N20
20251215,N.S4N21
20251215,N.S4N22
20251215,N.S4N23
20251215,N.S4N24
20251215,N.S4N25
20251215,N.S4N26
20251215,N.S4N27
20251215,N.S4N28
20251215,N.S5N01
20251215,N.S5N02
20251215,N.S5N03
20251215,N.S5N04
20251215,N.S5N05
20251215,N.S5N06
20251215,N.S5N07
20251215,N.S5N08
20251215,N.S5N09
20251215,N.S5N10
20251215,N.S5N11
20251215,N.S5N12
20251215,N.S5N13
20251215,N.S5N14
20251215,N.S5N15
20251215,N.S5N16
20251215,N.S5N17
20251215,N.S5N18
20251215,N.S5N19
20251215,N.S5N20
20251215,N.S5N21
20251215,N.S5N22
20251215,N.S5N23
20251215,N.S6N05
20251215,N.S6N06
20251215,N.S6N07
20251215,N.S6N08
20251215,N.S6N09
20251215,N.S6N10
20251215,N.S6N11
20251215,N.TMRF
20251215,N.TYSF
20251215,N.URHF
20251216,N.GJMF
20251216,N.HIDF
20251216,N.HSSF
20251216,N.IMGF
20251216,N.IYGF
20251216,N.KMUF
20251216,N.KSNF
20251216,N.KSRF
20251216,N.NMRF
20251216,N.OOWF
20251216,N.S3N01
20251216,N.S3N02
20251216,N.S3N03
20251216,N.S3N04
20251216,N.S3N05
20251216,N.S3N06
20251216,N.S3N07
20251216,N.S3N08
20251216,N.S3N09
20251216,N.S3N10
20251216,N.S3N11
20251216,N.S3N12
20251216,N.S3N13
20251216,N.S3N14
20251216,N.S3N15
20251216,N.S3N16
20251216,N.S3N17
20251216,N.S3N18
20251216,N.S3N19
20251216,N.S3N23
20251216,N.S3N24
20251216,N.S3N25
20251216,N.S3N26
20251216,N.S4N01
20251216,N.S4N02
20251216,N.S4N03
20251216,N.S4N04
20251216,N.S4N05
20251216,N.S4N06
20251216,N.S4N07
20251216,N.S4N08
20251216,N.S4N09
20251216,N.S4N10
20251216,N.S4N11
20251216,N.S4N12
20251216,N.S4N13
20251216,N.S4N14
20251216,N.S4N15
20251216,N.S4N16
20251216,N.S4N17
20251216,N.S4N18
20251216,N.S4N19
20251216,N.S4N20
20251216,N.S4N21
20251216,N.S4N22
20251216,N.S4N23
20251216,N.S4N24
20251216,N.S4N25
20251216,N.S4N26
20251216,N.S4N27
20251216,N.S4N28
20251216,N.S5N01
20251216,N.S5N02
20251216,N.S5N03
20251216,N.S5N04
20251216,N.S5N05
20251216,N.S5N06
20251216,N.S5N07
20251216,N.S5N08
20251216,N.S5N09
20251216,N.S5N10
20251216,N.S5N11
20251216,N.S5N12
20251216,N.S5N13
20251216,N.S5N14
20251216,N.S5N15
20251216,N.S5N16
20251216,N.S5N17
20251216,N.S5N18
20251216,N.S5N19
20251216,N.S5N20
20251216,N.S5N21
20251216,N.S5N22
20251216,N.S5N23
20251216,N.S6N05
20251216,N.S6N06
20251216,N.S6N07
20251216,N.S6N08
20251216,N.S6N09
20251216,N.S6N10
20251216,N.S6N11
20251216,N.TMRF
20251216,N.TYSF
20251216,N.URHF
20251217,N.GJMF
20251217,N.HIDF
20251217,N.HSSF
20251217,N.IMGF
20251217,N.IYGF
20251217,N.KMUF
20251217,N.KSNF
20251217,N.KSRF
20251217,N.NMRF
20251217,N.OOWF
20251217,N.S3N01
20251217,N.S3N02
20251217,N.S3N03
20251217,N.S3N04
20251217,N.S3N05
20251217,N.S3N06
20251217,N.S3N07
20251217,N.S3N08
20251217,N.S3N09
20251217,N.S3N10
20251217,N.S3N11
20251217,N.S3N12
20251217,N.S3N13
20251217,N.S3N14
20251217,N.S3N15
20251217,N.S3N16
20251217,N.S3N17
20251217,N.S3N18
20251217,N.S3N19
20251217,N.S3N23
20251217,N.S3N24
20251217,N.S3N25
20251217,N.S3N26
20251217,N.S4N01
20251217,N.S4N02
20251217,N.S4N03
20251217,N.S4N04
20251217,N.S4N05
20251217,N.S4N06
20251217,N.S4N07
20251217,N.S4N08
20251217,N.S4N09
20251217,N.S4N10
20251217,N.S4N11
20251217,N.S4N12
20251217,N.S4N13
20251217,N.S4N14
20251217,N.S4N15
20251217,N.S4N16
20251217,N.S4N17
20251217,N.S4N18
20251217,N.S4N19
20251217,N.S4N20
20251217,N.S4N21
20251217,N.S4N22
20251217,N.S4N23
20251217,N.S4N24
20251217,N.S4N25
20251217,N.S4N26
20251217,N.S4N27
20251217,N.S4N28
20251217,N.S5N01
20251217,N.S5N02
20251217,N.S5N03
20251217,N.S5N04
20251217,N.S5N05
20251217,N.S5N06
20251217,N.S5N07
20251217,N.S5N08
20251217,N.S5N09
20251217,N.S5N10
20251217,N.S5N11
20251217,N.S5N12
20251217,N.S5N13
20251217,N.S5N14
20251217,N.S5N15
20251217,N.S5N16
20251217,N.S5N17
20251217,N.S5N18
20251217,N.S5N19
20251217,N.S5N20
20251217,N.S5N21
20251217,N.S5N22
20251217,N.S5N23
20251217,N.S6N05
20251217,N.S6N06
20251217,N.S6N07
20251217,N.S6N08
20251217,N.S6N09
20251217,N.S6N10
20251217,N.S6N11
20251217,N.TMRF
20251217,N.TYSF
20251217,N.URHF
20251218,N.GJMF
20251218,N.HIDF
20251218,N.HSSF
20251218,N.IMGF
20251218,N.IYGF
20251218,N.KMUF
20251218,N.KSNF
20251218,N.KSRF
20251218,N.NMRF
20251218,N.OOWF
20251218,N.S3N01
20251218,N.S3N02
20251218,N.S3N03
20251218,N.S3N04
20251218,N.S3N05
20251218,N.S3N06
20251218,N.S3N07
20251218,N.S3N08
20251218,N.S3N09
20251218,N.S3N10
20251218,N.S3N11
20251218,N.S3N12
20251218,N.S3N13
20251218,N.S3N14
20251218,N.S3N15
20251218,N.S3N16
20251218,N.S3N17
20251218,N.S3N18
20251218,N.S3N19
20251218,N.S3N23
20251218,N.S3N24
20251218,N.S3N25
20251218,N.S3N26
20251218,N.S4N01
20251218,N.S4N02
20251218,N.S4N03
20251218,N.S4N04
20251218,N.S4N05
20251218,N.S4N06
20251218,N.S4N07
20251218,N.S4N08
20251218,N.S4N09
20251218,N.S4N10
20251218,N.S4N11
20251218,N.S4N12
20251218,N.S4N13
20251218,N.S4N14
20251218,N.S4N15
20251218,N.S4N16
20251218,N.S4N17
20251218,N.S4N18
20251218,N.S4N19
20251218,N.S4N20
20251218,N.S4N21
20251218,N.S4N22
20251218,N.S4N23
20251218,N.S4N24
20251218,N.S4N25
20251218,N.S4N26
20251218,N.S4N27
20251218,N.S4N28
20251218,N.S5N01
20251218,N.S5N02
20251218,N.S5N03
20251218,N.S5N04
20251218,N.S5N05
20251218,N.S5N06
20251218,N.S5N07
20251218,N.S5N08
20251218,N.S5N09
20251218,N.S5N10
20251218,N.S5N11
20251218,N.S5N12
20251218,N.S5N13
20251218,N.S5N14
20251218,N.S5N15
20251218,N.S5N16
20251218,N.S5N17
20251218,N.S5N18
20251218,N.S5N19
20251218,N.S5N20
20251218,N.S5N21
20251218,N.S5N22
20251218,N.S5N23
20251218,N.S6N05
20251218,N.S6N06
20251218,N.S6N07
20251218,N.S6N08
20251218,N.S6N09
20251218,N.S6N10
20251218,N.S6N11
20251218,N.TMRF
20251218,N.TYSF
20251218,N.URHF
20251219,N.GJMF
20251219,N.HIDF
20251219,N.HSSF
20251219,N.IMGF
20251219,N.IYGF
20251219,N.KMUF
20251219,N.KSNF
20251219,N.KSRF
20251219,N.NMRF
20251219,N.OOWF
20251219,N.S3N01
20251219,N.S3N02
20251219,N.S3N03
20251219,N.S3N04
20251219,N.S3N05
20251219,N.S3N06
20251219,N.S3N07
20251219,N.S3N08
20251219,N.S3N09
20251219,N.S3N10
20251219,N.S3N11
20251219,N.S3N12
20251219,N.S3N13
20251219,N.S3N14
20251219,N.S3N15
20251219,N.S3N16
20251219,N.S3N17
20251219,N.S3N18
20251219,N.S3N19
20251219,N.S3N23
20251219,N.S3N24
20251219,N.S3N25
20251219,N.S3N26
20251219,N.S4N01
20251219,N.S4N02
20251219,N.S4N03
20251219,N.S4N04
20251219,N.S4N05
20251219,N.S4N06
20251219,N.S4N07
20251219,N.S4N08
20251219,N.S4N09
20251219,N.S4N10
20251219,N.S4N11
20251219,N.S4N12
20251219,N.S4N13
20251219,N.S4N14
20251219,N.S4N15
20251219,N.S4N16
20251219,N.S4N17
20251219,N.S4N18
20251219,N.S4N19
20251219,N.S4N20
20251219,N.S4N21
20251219,N.S4N22
20251219,N.S4N23
20251219,N.S4N24
20251219,N.S4N25
20251219,N.S4N26
20251219,N.S4N27
20251219,N.S4N28
20251219,N.S5N01
20251219,N.S5N02
20251219,N.S5N03
20251219,N.S5N04
20251219,N.S5N05
20251219,N.S5N06
20251219,N.S5N07
20251219,N.S5N08
20251219,N.S5N09
20251219,N.S5N10
20251219,N.S5N11
20251219,N.S5N12
20251219,N.S5N13
20251219,N.S5N14
20251219,N.S5N15
20251219,N.S5N16
20251219,N.S5N17
20251219,N.S5N18
20251219,N.S5N19
20251219,N.S5N20
20251219,N.S5N21
20251219,N.S5N22
20251219,N.S5N23
20251219,N.S6N05
20251219,N.S6N06
20251219,N.S6N07
20251219,N.S6N08
20251219,N.S6N09
20251219,N.S6N10
20251219,N.S6N11
20251219,N.TMRF
20251219,N.TYSF
20251219,N.URHF
20251220,N.GJMF
20251220,N.HIDF
20251220,N.HSSF
20251220,N.IMGF
20251220,N.IYGF
20251220,N.KSNF
20251220,N.KSRF
20251220,N.NMRF
20251220,N.OOWF
20251220,N.S3N01
20251220,N.S3N02
20251220,N.S3N03
20251220,N.S3N04
20251220,N.S3N05
20251220,N.S3N06
20251220,N.S3N07
20251220,N.S3N08
20251220,N.S3N09
20251220,N.S3N10
20251220,N.S3N11
20251220,N.S3N12
20251220,N.S3N13
20251220,N.S3N14
20251220,N.S3N15
20251220,N.S3N16
20251220,N.S3N17
20251220,N.S3N18
20251220,N.S3N19
20251220,N.S3N23
20251220,N.S3N24
20251220,N.S3N25
20251220,N.S3N26
20251220,N.S4N01
20251220,N.S4N02
20251220,N.S4N03
20251220,N.S4N04
20251220,N.S4N05
20251220,N.S4N06
20251220,N.S4N07
20251220,N.S4N08
20251220,N.S4N09
20251220,N.S4N10
20251220,N.S4N11
20251220,N.S4N12
20251220,N.S4N13
20251220,N.S4N14
20251220,N.S4N15
20251220,N.S4N16
20251220,N.S4N17
20251220,N.S4N18
20251220,N.S4N19
20251220,N.S4N20
20251220,N.S4N21
20251220,N.S4N22
20251220,N.S4N23
20251220,N.S4N24
20251220,N.S4N25
20251220,N.S4N26
20251220,N.S4N27
20251220,N.S4N28
20251220,N.S5N01
20251220,N.S5N02
20251220,N.S5N03
20251220,N.S5N04
20251220,N.S5N05
20251220,N.S5N06
20251220,N.S5N07
20251220,N.S5N08
20251220,N.S5N09
20251220,N.S5N10
20251220,N.S5N11
20251220,N.S5N12
20251220,N.S5N13
20251220,N.S5N14
20251220,N.S5N15
20251220,N.S5N16
20251220,N.S5N17
20251220,N.S5N18
20251220,N.S5N19
20251220,N.S5N20
20251220,N.S5N21
20251220,N.S5N22
20251220,N.S5N23
20251220,N.S6N05
20251220,N.S6N06
20251220,N.S6N07
20251220,N.S6N08
20251220,N.S6N09
20251220,N.S6N10
20251220,N.S6N11
20251220,N.TMRF
20251220,N.TYSF
20251220,N.URHF
20251221,N.GJMF
20251221,N.HIDF
20251221,N.HSSF
20251221,N.IMGF
20251221,N.IYGF
20251221,N.KSNF
20251221,N.KSRF
20251221,N.NMRF
20251221,N.OOWF
20251221,N.S3N01
20251221,N.S3N02
20251221,N.S3N03
20251221,N.S3N04
20251221,N.S3N05
20251221,N.S3N06
20251221,N.S3N07
20251221,N.S3N08
20251221,N.S3N09
20251221,N.S3N10
20251221,N.S3N11
20251221,N.S3N12
20251221,N.S3N13
20251221,N.S3N14
20251221,N.S3N15
20251221,N.S3N16
20251221,N.S3N17
20251221,N.S3N18
20251221,N.S3N19
20251221,N.S3N23
20251221,N.S3N24
20251221,N.S3N25
20251221,N.S3N26
20251221,N.S4N01
20251221,N.S4N02
20251221,N.S4N03
20251221,N.S4N04
20251221,N.S4N05
20251221,N.S4N06
20251221,N.S4N07
20251221,N.S4N08
20251221,N.S4N09
20251221,N.S4N10
20251221,N.S4N11
20251221,N.S4N12
20251221,N.S4N13
20251221,N.S4N14
20251221,N.S4N15
20251221,N.S4N16
20251221,N.S4N17
20251221,N.S4N18
20251221,N.S4N19
20251221,N.S4N20
20251221,N.S4N21
20251221,N.S4N22
20251221,N.S4N23
20251221,N.S4N24
20251221,N.S4N25
20251221,N.S4N26
20251221,N.S4N27
20251221,N.S4N28
20251221,N.S5N01
20251221,N.S5N02
20251221,N.S5N03
20251221,N.S5N04
20251221,N.S5N05
20251221,N.S5N06
20251221,N.S5N07
20251221,N.S5N08
20251221,N.S5N09
20251221,N.S5N10
20251221,N.S5N11
20251221,N.S5N12
20251221,N.S5N13
20251221,N.S5N14
20251221,N.S5N15
20251221,N.S5N16
20251221,N.S5N17
20251221,N.S5N18
20251221,N.S5N19
20251221,N.S5N20
20251221,N.S5N21
20251221,N.S5N22
20251221,N.S5N23
20251221,N.S6N05
20251221,N.S6N06
20251221,N.S6N07
20251221,N.S6N08
20251221,N.S6N09
20251221,N.S6N10
20251221,N.S6N11
20251221,N.TMRF
20251221,N.TYSF
20251221,N.URHF
20251222,N.GJMF
20251222,N.HIDF
20251222,N.HSSF
20251222,N.IMGF
20251222,N.IYGF
20251222,N.KSNF
20251222,N.KSRF
20251222,N.NMRF
20251222,N.OOWF
20251222,N.S3N01
20251222,N.S3N02
20251222,N.S3N03
20251222,N.S3N04
20251222,N.S3N05
20251222,N.S3N06
20251222,N.S3N07
20251222,N.S3N08
20251222,N.S3N09
20251222,N.S3N10
20251222,N.S3N11
20251222,N.S3N12
20251222,N.S3N13
20251222,N.S3N14
20251222,N.S3N15
20251222,N.S3N16
20251222,N.S3N17
20251222,N.S3N18
20251222,N.S3N19
20251222,N.S3N23
20251222,N.S3N24
20251222,N.S3N25
20251222,N.S3N26
20251222,N.S4N01
20251222,N.S4N02
20251222,N.S4N03
20251222,N.S4N04
20251222,N.S4N05
20251222,N.S4N06
20251222,N.S4N07
20251222,N.S4N08
20251222,N.S4N09
20251222,N.S4N10
20251222,N.S4N11
20251222,N.S4N12
20251222,N.S4N13
20251222,N.S4N14
20251222,N.S4N15
20251222,N.S4N16
20251222,N.S4N17
20251222,N.S4N18
20251222,N.S4N19
20251222,N.S4N20
20251222,N.S4N21
20251222,N.S4N22
20251222,N.S4N23
20251222,N.S4N24
20251222,N.S4N25
20251222,N.S4N26
20251222,N.S4N27
20251222,N.S4N28
20251222,N.S5N01
20251222,N.S5N02
20251222,N.S5N03
20251222,N.S5N04
20251222,N.S5N05
20251222,N.S5N06
20251222,N.S5N07
20251222,N.S5N08
20251222,N.S5N09
20251222,N.S5N10
20251222,N.S5N11
20251222,N.S5N12
20251222,N.S5N13
20251222,N.S5N14
20251222,N.S5N15
20251222,N.S5N16
20251222,N.S5N17
20251222,N.S5N18
20251222,N.S5N19
20251222,N.S5N20
20251222,N.S5N21
20251222,N.S5N22
20251222,N.S5N23
20251222,N.S6N05
20251222,N.S6N06
20251222,N.S6N07
20251222,N.S6N08
20251222,N.S6N09
20251222,N.S6N10
20251222,N.S6N11
20251222,N.TMRF
20251222,N.TYSF
20251222,N.URHF
20251223,N.GJMF
20251223,N.HIDF
20251223,N.HSSF
20251223,N.IMGF
20251223,N.IYGF
20251223,N.KSNF
20251223,N.KSRF
20251223,N.NMRF
20251223,N.OOWF
20251223,N.S3N01
20251223,N.S3N02
20251223,N.S3N03
20251223,N.S3N04
20251223,N.S3N05
20251223,N.S3N06
20251223,N.S3N07
20251223,N.S3N08
20251223,N.S3N09
20251223,N.S3N10
20251223,N.S3N11
20251223,N.S3N12
20251223,N.S3N13
20251223,N.S3N14
20251223,N.S3N15
20251223,N.S3N16
20251223,N.S3N17
20251223,N.S3N18
20251223,N.S3N19
20251223,N.S3N23
20251223,N.S3N24
20251223,N.S3N25
20251223,N.S3N26
20251223,N.S4N01
20251223,N.S4N02
20251223,N.S4N03
20251223,N.S4N04
20251223,N.S4N05
20251223,N.S4N06
20251223,N.S4N07
20251223,N.S4N08
20251223,N.S4N09
20251223,N.S4N10
20251223,N.S4N11
20251223,N.S4N12
20251223,N.S4N13
20251223,N.S4N14
20251223,N.S4N15
20251223,N.S4N16
20251223,N.S4N17
20251223,N.S4N18
20251223,N.S4N19
20251223,N.S4N20
20251223,N.S4N21
20251223,N.S4N22
20251223,N.S4N23
20251223,N.S4N24
20251223,N.S4N25
20251223,N.S4N26
20251223,N.S4N27
20251223,N.S4N28
20251223,N.S5N01
20251223,N.S5N02
20251223,N.S5N03
20251223,N.S5N04
20251223,N.S5N05
20251223,N.S5N06
20251223,N.S5N07
20251223,N.S5N08
20251223,N.S5N09
20251223,N.S5N10
20251223,N.S5N11
20251223,N.S5N12
20251223,N.S5N13
20251223,N.S5N14
20251223,N.S5N15
20251223,N.S5N16
20251223,N.S5N17
20251223,N.S5N18
20251223,N.S5N19
20251223,N.S5N20
20251223,N.S5N21
20251223,N.S5N22
20251223,N.S5N23
20251223,N.S6N05
20251223,N.S6N06
20251223,N.S6N07
20251223,N.S6N08
20251223,N.S6N09
20251223,N.S6N10
20251223,N.S6N11
20251223,N.TMRF
20251223,N.TYSF
20251223,N.URHF
20251224,N.GJMF
20251224,N.HIDF
20251224,N.HSSF
20251224,N.IMGF
20251224,N.IYGF
20251224,N.KSNF
20251224,N.KSRF
20251224,N.NMRF
20251224,N.OOWF
20251224,N.S3N01
20251224,N.S3N02
20251224,N.S3N03
20251224,N.S3N04
20251224,N.S3N05
20251224,N.S3N06
20251224,N.S3N07
20251224,N.S3N08
20251224,N.S3N09
20251224,N.S3N10
20251224,N.S3N11
20251224,N.S3N12
20251224,N.S3N13
20251224,N.S3N14
20251224,N.S3N15
20251224,N.S3N16
20251224,N.S3N17
20251224,N.S3N18
20251224,N.S3N19
20251224,N.S3N23
20251224,N.S3N24
20251224,N.S3N25
20251224,N.S3N26
20251224,N.S4N01
20251224,N.S4N02
20251224,N.S4N03
20251224,N.S4N04
20251224,N.S4N05
20251224,N.S4N06
20251224,N.S4N07
20251224,N.S4N08
20251224,N.S4N09
20251224,N.S4N10
20251224,N.S4N11
20251224,N.S4N12
20251224,N.S4N13
20251224,N.S4N14
20251224,N.S4N15
20251224,N.S4N16
20251224,N.S4N17
20251224,N.S4N18
20251224,N.S4N19
20251224,N.S4N20
20251224,N.S4N21
20251224,N.S4N22
20251224,N.S4N23
20251224,N.S4N24
20251224,N.S4N25
20251224,N.S4N26
20251224,N.S4N27
20251224,N.S4N28
20251224,N.S5N01
20251224,N.S5N02
20251224,N.S5N03
20251224,N.S5N04
20251224,N.S5N05
20251224,N.S5N06
20251224,N.S5N07
20251224,N.S5N08
20251224,N.S5N09
20251224,N.S5N10
20251224,N.S5N11
20251224,N.S5N12
20251224,N.S5N13
20251224,N.S5N14
20251224,N.S5N15
20251224,N.S5N16
20251224,N.S5N17
20251224,N.S5N18
20251224,N.S5N19
20251224,N.S5N20
20251224,N.S5N21
20251224,N.S5N22
20251224,N.S5N23
20251224,N.S6N05
20251224,N.S6N06
20251224,N.S6N07
20251224,N.S6N08
20251224,N.S6N09
20251224,N.S6N10
20251224,N.S6N11
20251224,N.TMRF
20251224,N.TYSF
20251224,N.URHF
20251225,N.GJMF
20251225,N.HIDF
20251225,N.HSSF
20251225,N.IMGF
20251225,N.IYGF
20251225,N.KSNF
20251225,N.KSRF
20251225,N.NMRF
20251225,N.OOWF
20251225,N.S3N01
20251225,N.S3N02
20251225,N.S3N03
20251225,N.S3N04
20251225,N.S3N05
20251225,N.S3N06
20251225,N.S3N07
20251225,N.S3N08
20251225,N.S3N09
20251225,N.S3N10
20251225,N.S3N11
20251225,N.S3N12
20251225,N.S3N13
20251225,N.S3N14
20251225,N.S3N15
20251225,N.S3N16
20251225,N.S3N17
20251225,N.S3N18
20251225,N.S3N19
20251225,N.S3N23
20251225,N.S3N24
20251225,N.S3N25
20251225,N.S3N26
20251225,N.S4N01
20251225,N.S4N02
20251225,N.S4N03
20251225,N.S4N04
20251225,N.S4N05
20251225,N.S4N06
20251225,N.S4N07
20251225,N.S4N08
20251225,N.S4N09
20251225,N.S4N10
20251225,N.S4N11
20251225,N.S4N12
20251225,N.S4N13
20251225,N.S4N14
20251225,N.S4N15
20251225,N.S4N16
20251225,N.S4N17
20251225,N.S4N18
20251225,N.S4N19
20251225,N.S4N20
20251225,N.S4N21
20251225,N.S4N22
20251225,N.S4N23
20251225,N.S4N24
20251225,N.S4N25
20251225,N.S4N26
20251225,N.S4N27
20251225,N.S4N28
20251225,N.S5N01
20251225,N.S5N02
20251225,N.S5N03
20251225,N.S5N04
20251225,N.S5N05
20251225,N.S5N06
20251225,N.S5N07
20251225,N.S5N08
20251225,N.S5N09
20251225,N.S5N10
20251225,N.S5N11
20251225,N.S5N12
20251225,N.S5N13
20251225,N.S5N14
20251225,N.S5N15
20251225,N.S5N16
20251225,N.S5N17
20251225,N.S5N18
20251225,N.S5N19
20251225,N.S5N20
20251225,N.S5N21
20251225,N.S5N22
20251225,N.S5N23
20251225,N.S6N05
20251225,N.S6N06
20251225,N.S6N07
20251225,N.S6N08
20251225,N.S6N09
20251225,N.S6N10
20251225,N.S6N11
20251225,N.TMRF
20251225,N.TYSF
20251225,N.URHF
20251226,N.GJMF
20251226,N.HIDF
20251226,N.HSSF
20251226,N.IMGF
20251226,N.IYGF
20251226,N.KSNF
20251226,N.KSRF
20251226,N.NMRF
20251226,N.OOWF
20251226,N.S3N01
20251226,N.S3N02
20251226,N.S3N03
20251226,N.S3N04
20251226,N.S3N05
20251226,N.S3N06
20251226,N.S3N07
20251226,N.S3N08
20251226,N.S3N09
20251226,N.S3N10
20251226,N.S3N11
20251226,N.S3N12
20251226,N.S3N13
20251226,N.S3N14
20251226,N.S3N15
20251226,N.S3N16
20251226,N.S3N17
20251226,N.S3N18
20251226,N.S3N19
20251226,N.S3N23
20251226,N.S3N24
20251226,N.S3N25
20251226,N.S3N26
20251226,N.S4N01
20251226,N.S4N02
20251226,N.S4N03
20251226,N.S4N04
20251226,N.S4N05
20251226,N.S4N06
20251226,N.S4N07
20251226,N.S4N08
20251226,N.S4N09
20251226,N.S4N10
20251226,N.S4N11
20251226,N.S4N12
20251226,N.S4N13
20251226,N.S4N14
20251226,N.S4N15
20251226,N.S4N16
20251226,N.S4N17
20251226,N.S4N18
20251226,N.S4N19
20251226,N.S4N20
20251226,N.S4N21
20251226,N.S4N22
20251226,N.S4N23
20251226,N.S4N24
20251226,N.S4N25
20251226,N.S4N26
20251226,N.S4N27
20251226,N.S4N28
20251226,N.S5N01
20251226,N.S5N02
20251226,N.S5N03
20251226,N.S5N04
20251226,N.S5N05
20251226,N.S5N06
20251226,N.S5N07
20251226,N.S5N08
20251226,N.S5N09
20251226,N.S5N10
20251226,N.S5N11
20251226,N.S5N12
20251226,N.S5N13
20251226,N.S5N14
20251226,N.S5N15
20251226,N.S5N16
20251226,N.S5N17
20251226,N.S5N18
20251226,N.S5N19
20251226,N.S5N20
20251226,N.S5N21
20251226,N.S5N22
20251226,N.S5N23
20251226,N.S6N05
20251226,N.S6N06
20251226,N.S6N07
20251226,N.S6N08
20251226,N.S6N09
20251226,N.S6N10
20251226,N.S6N11
20251226,N.TMRF
20251226,N.TYSF
20251226,N.URHF
20251227,N.GJMF
20251227,N.HIDF
20251227,N.HSSF
20251227,N.IMGF
20251227,N.IYGF
20251227,N.KSNF
20251227,N.KSRF
20251227,N.NMRF
20251227,N.OOWF
20251227,N.S3N01
20251227,N.S3N02
20251227,N.S3N03
20251227,N.S3N04
20251227,N.S3N05
20251227,N.S3N06
20251227,N.S3N07
20251227,N.S3N08
20251227,N.S3N09
20251227,N.S3N10
20251227,N.S3N11
20251227,N.S3N12
20251227,N.S3N13
20251227,N.S3N14
20251227,N.S3N15
20251227,N.S3N16
20251227,N.S3N17
20251227,N.S3N18
20251227,N.S3N19
20251227,N.S3N23
20251227,N.S3N24
20251227,N.S3N25
20251227,N.S3N26
20251227,N.S4N01
20251227,N.S4N02
20251227,N.S4N03
20251227,N.S4N04
20251227,N.S4N05
20251227,N.S4N06
20251227,N.S4N07
20251227,N.S4N08
20251227,N.S4N09
20251227,N.S4N10
20251227,N.S4N11
20251227,N.S4N12
20251227,N.S4N13
20251227,N.S4N14
20251227,N.S4N15
20251227,N.S4N16
20251227,N.S4N17
20251227,N.S4N18
20251227,N.S4N19
20251227,N.S4N20
20251227,N.S4N21
20251227,N.S4N22
20251227,N.S4N23
20251227,N.S4N24
20251227,N.S4N25
20251227,N.S4N26
20251227,N.S4N27
20251227,N.S4N28
20251227,N.S5N01
20251227,N.S5N02
20251227,N.S5N03
20251227,N.S5N04
20251227,N.S5N05
20251227,N.S5N06
20251227,N.S5N07
20251227,N.S5N08
20251227,N.S5N09
20251227,N.S5N10
20251227,N.S5N11
20251227,N.S5N12
20251227,N.S5N13
20251227,N.S5N14
20251227,N.S5N15
20251227,N.S5N16
20251227,N.S5N17
20251227,N.S5N18
20251227,N.S5N19
20251227,N.S5N20
20251227,N.S5N21
20251227,N.S5N22
20251227,N.S5N23
20251227,N.S6N05
20251227,N.S6N06
20251227,N.S6N07
20251227,N.S6N08
20251227,N.S6N09
20251227,N.S6N10
20251227,N.S6N11
20251227,N.TMRF
20251227,N.TYSF
20251227,N.URHF
20251228,N.GJMF
20251228,N.HIDF
20251228,N.HSSF
20251228,N.IMGF
20251228,N.IYGF
20251228,N.KSNF
20251228,N.KSRF
20251228,N.NMRF
20251228,N.OOWF
20251228,N.S3N01
20251228,N.S3N02
20251228,N.S3N03
20251228,N.S3N04
20251228,N.S3N05
20251228,N.S3N06
20251228,N.S3N07
20251228,N.S3N08
20251228,N.S3N09
20251228,N.S3N10
20251228,N.S3N11
20251228,N.S3N12
20251228,N.S3N13
20251228,N.S3N14
20251228,N.S3N15
20251228,N.S3N16
20251228,N.S3N17
20251228,N.S3N18
20251228,N.S3N19
20251228,N.S3N23
20251228,N.S3N24
20251228,N.S3N25
20251228,N.S3N26
20251228,N.S4N01
20251228,N.S4N02
20251228,N.S4N03
20251228,N.S4N04
20251228,N.S4N05
20251228,N.S4N06
20251228,N.S4N07
20251228,N.S4N08
20251228,N.S4N09
20251228,N.S4N10
20251228,N.S4N11
20251228,N.S4N12
20251228,N.S4N13
20251228,N.S4N14
20251228,N.S4N15
20251228,N.S4N16
20251228,N.S4N17
20251228,N.S4N18
20251228,N.S4N19
20251228,N.S4N20
20251228,N.S4N21
20251228,N.S4N22
20251228,N.S4N23
20251228,N.S4N24
20251228,N.S4N25
20251228,N.S4N26
20251228,N.S4N27
20251228,N.S4N28
20251228,N.S5N01
20251228,N.S5N02
20251228,N.S5N03
20251228,N.S5N04
20251228,N.S5N05
20251228,N.S5N06
20251228,N.S5N07
20251228,N.S5N08
20251228,N.S5N09
20251228,N.S5N10
20251228,N.S5N11
20251228,N.S5N12
20251228,N.S5N13
20251228,N.S5N14
20251228,N.S5N15
20251228,N.S5N16
20251228,N.S5N17
20251228,N.S5N18
20251228,N.S5N19
20251228,N.S5N20
20251228,N.S5N21
20251228,N.S5N22
20251228,N.S5N23
20251228,N.S6N05
20251228,N.S6N06
20251228,N.S6N07
20251228,N.S6N08
20251228,N.S6N09
20251228,N.S6N10
20251228,N.S6N11
20251228,N.TMRF
20251228,N.TYSF
20251228,N.URHF
20251229,N.GJMF
20251229,N.HIDF
20251229,N.HSSF
20251229,N.IMGF
20251229,N.IYGF
20251229,N.KSNF
20251229,N.KSRF
20251229,N.NMRF
20251229,N.OOWF
20251229,N.S3N01
20251229,N.S3N02
20251229,N.S3N03
20251229,N.S3N04
20251229,N.S3N05
20251229,N.S3N06
20251229,N.S3N07
20251229,N.S3N08
20251229,N.S3N09
20251229,N.S3N10
20251229,N.S3N11
20251229,N.S3N12
20251229,N.S3N13
20251229,N.S3N14
20251229,N.S3N15
20251229,N.S3N16
20251229,N.S3N17
20251229,N.S3N18
20251229,N.S3N19
20251229,N.S3N23
20251229,N.S3N24
20251229,N.S3N25
20251229,N.S3N26
20251229,N.S4N01
20251229,N.S4N02
20251229,N.S4N03
20251229,N.S4N04
20251229,N.S4N05
20251229,N.S4N06
20251229,N.S4N07
20251229,N.S4N08
20251229,N.S4N09
20251229,N.S4N10
20251229,N.S4N11
20251229,N.S4N12
20251229,N.S4N13
20251229,N.S4N14
20251229,N.S4N15
20251229,N.S4N16
20251229,N.S4N17
20251229,N.S4N18
20251229,N.S4N19
20251229,N.S4N20
20251229,N.S4N21
20251229,N.S4N22
20251229,N.S4N23
20251229,N.S4N24
20251229,N.S4N25
20251229,N.S4N26
20251229,N.S4N27
20251229,N.S4N28
20251229,N.S5N01
20251229,N.S5N02
20251229,N.S5N03
20251229,N.S5N04
20251229,N.S5N05
20251229,N.S5N06
20251229,N.S5N07
20251229,N.S5N08
20251229,N.S5N09
20251229,N.S5N10
20251229,N.S5N11
20251229,N.S5N12
20251229,N.S5N13
20251229,N.S5N14
20251229,N.S5N15
20251229,N.S5N16
20251229,N.S5N17
20251229,N.S5N18
20251229,N.S5N19
20251229,N.S5N20
20251229,N.S5N21
20251229,N.S5N22
20251229,N.S5N23
20251229,N.S6N05
20251229,N.S6N06
20251229,N.S6N07
20251229,N.S6N08
20251229,N.S6N09
20251229,N.S6N10
20251229,N.S6N11
20251229,N.TMRF
20251229,N.TYSF
20251229,N.URHF
20251230,N.GJMF
20251230,N.HIDF
20251230,N.HSSF
20251230,N.IMGF
20251230,N.IYGF
20251230,N.KSNF
20251230,N.KSRF
20251230,N.NMRF
20251230,N.OOWF
20251230,N.S3N01
20251230,N.S3N02
20251230,N.S3N03
20251230,N.S3N04
20251230,N.S3N05
20251230,N.S3N06
20251230,N.S3N07
20251230,N.S3N08
20251230,N.S3N09
20251230,N.S3N10
20251230,N.S3N11
20251230,N.S3N12
20251230,N.S3N13
20251230,N.S3N14
20251230,N.S3N15
20251230,N.S3N16
20251230,N.S3N17
20251230,N.S3N18
20251230,N.S3N19
20251230,N.S3N23
20251230,N.S3N24
20251230,N.S3N25
20251230,N.S3N26
20251230,N.S4N01
20251230,N.S4N02
20251230,N.S4N03
20251230,N.S4N04
20251230,N.S4N05
20251230,N.S4N06
20251230,N.S4N07
20251230,N.S4N08
20251230,N.S4N09
20251230,N.S4N10
20251230,N.S4N11
20251230,N.S4N12
20251230,N.S4N13
20251230,N.S4N14
20251230,N.S4N15
20251230,N.S4N16
20251230,N.S4N17
20251230,N.S4N18
20251230,N.S4N19
20251230,N.S4N20
20251230,N.S4N21
20251230,N.S4N22
20251230,N.S4N23
20251230,N.S4N24
20251230,N.S4N25
20251230,N.S4N26
20251230,N.S4N27
20251230,N.S4N28
20251230,N.S5N01
20251230,N.S5N02
20251230,N.S5N03
20251230,N.S5N04
20251230,N.S5N05
20251230,N.S5N06
20251230,N.S5N07
20251230,N.S5N08
20251230,N.S5N09
20251230,N.S5N10
20251230,N.S5N11
20251230,N.S5N12
20251230,N.S5N13
20251230,N.S5N14
20251230,N.S5N15
20251230,N.S5N16
20251230,N.S5N17
20251230,N.S5N18
20251230,N.S5N19
20251230,N.S5N20
20251230,N.S5N21
20251230,N.S5N22
20251230,N.S5N23
20251230,N.S6N05
20251230,N.S6N06
20251230,N.S6N07
20251230,N.S6N08
20251230,N.S6N09
20251230,N.S6N10
20251230,N.S6N11
20251230,N.TMRF
20251230,N.TYSF
20251230,N.URHF
20251231,N.GJMF
20251231,N.HIDF
20251231,N.HSSF
20251231,N.IMGF
20251231,N.IYGF
20251231,N.KSNF
20251231,N.KSRF
20251231,N.NMRF
20251231,N.OOWF
20251231,N.S3N01
20251231,N.S3N02
20251231,N.S3N03
20251231,N.S3N04
20251231,N.S3N05
20251231,N.S3N06
20251231,N.S3N07
20251231,N.S3N08
20251231,N.S3N09
20251231,N.S3N10
20251231,N.S3N11
20251231,N.S3N12
20251231,N.S3N13
20251231,N.S3N14
20251231,N.S3N15
20251231,N.S3N16
20251231,N.S3N17
20251231,N.S3N18
20251231,N.S3N19
20251231,N.S3N23
20251231,N.S3N24
20251231,N.S3N25
20251231,N.S3N26
20251231,N.S4N01
20251231,N.S4N02
20251231,N.S4N03
20251231,N.S4N04
20251231,N.S4N05
20251231,N.S4N06
20251231,N.S4N07
20251231,N.S4N08
20251231,N.S4N09
20251231,N.S4N10
20251231,N.S4N11
20251231,N.S4N12
20251231,N.S4N13
20251231,N.S4N14
20251231,N.S4N15
20251231,N.S4N16
20251231,N.S4N17
20251231,N.S4N18
20251231,N.S4N19
20251231,N.S4N20
20251231,N.S4N21
20251231,N.S4N22
20251231,N.S4N23
20251231,N.S4N24
20251231,N.S4N25
20251231,N.S4N26
20251231,N.S4N27
20251231,N.S4N28
20251231,N.S5N01
20251231,N.S5N02
20251231,N.S5N03
20251231,N.S5N04
20251231,N.S5N05
20251231,N.S5N06
20251231,N.S5N07
20251231,N.S5N08
20251231,N.S5N09
20251231,N.S5N10
20251231,N.S5N11
20251231,N.S5N12
20251231,N.S5N13
20251231,N.S5N14
20251231,N.S5N15
20251231,N.S5N16
20251231,N.S5N17
20251231,N.S5N18
20251231,N.S5N19
20251231,N.S5N20
20251231,N.S5N21
20251231,N.S5N22
20251231,N.S5N23
20251231,N.S6N05
20251231,N.S6N06
20251231,N.S6N07
20251231,N.S6N08
20251231,N.S6N09
20251231,N.S6N10
20251231,N.S6N11
20251231,N.TMRF
20251231,N.TYSF
20251231,N.URHF
20260101,N.GJMF
20260101,N.HIDF
20260101,N.HSSF
20260101,N.IMGF
20260101,N.IYGF
20260101,N.KSNF
20260101,N.KSRF
20260101,N.NMRF
20260101,N.OOWF
20260101,N.S3N01
20260101,N.S3N02
20260101,N.S3N03
20260101,N.S3N04
20260101,N.S3N05
20260101,N.S3N06
20260101,N.S3N07
20260101,N.S3N08
20260101,N.S3N09
20260101,N.S3N10
20260101,N.S3N11
20260101,N.S3N12
20260101,N.S3N13
20260101,N.S3N14
20260101,N.S3N15
20260101,N.S3N16
20260101,N.S3N17
20260101,N.S3N18
20260101,N.S3N19
20260101,N.S3N23
20260101,N.S3N24
20260101,N.S3N25
20260101,N.S3N26
20260101,N.S4N01
20260101,N.S4N02
20260101,N.S4N03
20260101,N.S4N04
20260101,N.S4N05
20260101,N.S4N06
20260101,N.S4N07
20260101,N.S4N08
20260101,N.S4N09
20260101,N.S4N10
20260101,N.S4N11
20260101,N.S4N12
20260101,N.S4N13
20260101,N.S4N14
20260101,N.S4N15
20260101,N.S4N16
20260101,N.S4N17
20260101,N.S4N18
20260101,N.S4N19
20260101,N.S4N20
20260101,N.S4N21
20260101,N.S4N22
20260101,N.S4N23
20260101,N.S4N24
20260101,N.S4N25
20260101,N.S4N26
20260101,N.S4N27
20260101,N.S4N28
20260101,N.S5N01
20260101,N.S5N02
20260101,N.S5N03
20260101,N.S5N04
20260101,N.S5N05
20260101,N.S5N06
20260101,N.S5N07
20260101,N.S5N08
20260101,N.S5N09
20260101,N.S5N10
20260101,N.S5N11
20260101,N.S5N12
20260101,N.S5N13
20260101,N.S5N14
20260101,N.S5N15
20260101,N.S5N16
20260101,N.S5N17
20260101,N.S5N18
20260101,N.S5N19
20260101,N.S5N20
20260101,N.S5N21
20260101,N.S5N22
20260101,N.S5N23
20260101,N.S6N05
20260101,N.S6N06
20260101,N.S6N07
20260101,N.S6N08
20260101,N.S6N09
20260101,N.S6N10
20260101,N.S6N11
20260101,N.TMRF
20260101,N.TYSF
20260101,N.URHF
20260102,N.GJMF
20260102,N.HIDF
20260102,N.HSSF
20260102,N.IMGF
20260102,N.IYGF
20260102,N.KSNF
20260102,N.KSRF
20260102,N.NMRF
20260102,N.OOWF
20260102,N.S3N01
20260102,N.S3N02
20260102,N.S3N03
20260102,N.S3N04
20260102,N.S3N05
20260102,N.S3N06
20260102,N.S3N07
20260102,N.S3N08
20260102,N.S3N09
20260102,N.S3N10
20260102,N.S3N11
20260102,N.S3N12
20260102,N.S3N13
20260102,N.S3N14
20260102,N.S3N15
20260102,N.S3N16
20260102,N.S3N17
20260102,N.S3N18
20260102,N.S3N19
20260102,N.S3N23
20260102,N.S3N24
20260102,N.S3N25
20260102,N.S3N26
20260102,N.S4N01
20260102,N.S4N02
20260102,N.S4N03
20260102,N.S4N04
20260102,N.S4N05
20260102,N.S4N06
20260102,N.S4N07
20260102,N.S4N08
20260102,N.S4N09
20260102,N.S4N10
20260102,N.S4N11
20260102,N.S4N12
20260102,N.S4N13
20260102,N.S4N14
20260102,N.S4N15
20260102,N.S4N16
20260102,N.S4N17
20260102,N.S4N18
20260102,N.S4N19
20260102,N.S4N20
20260102,N.S4N21
20260102,N.S4N22
20260102,N.S4N23
20260102,N.S4N24
20260102,N.S4N25
20260102,N.S4N26
20260102,N.S4N27
20260102,N.S4N28
20260102,N.S5N01
20260102,N.S5N02
20260102,N.S5N03
20260102,N.S5N04
20260102,N.S5N05
20260102,N.S5N06
20260102,N.S5N07
20260102,N.S5N08
20260102,N.S5N09
20260102,N.S5N10
20260102,N.S5N11
20260102,N.S5N12
20260102,N.S5N13
20260102,N.S5N14
20260102,N.S5N15
20260102,N.S5N16
20260102,N.S5N17
20260102,N.S5N18
20260102,N.S5N19
20260102,N.S5N20
20260102,N.S5N21
20260102,N.S5N22
20260102,N.S5N23
20260102,N.S6N05
20260102,N.S6N06
20260102,N.S6N07
20260102,N.S6N08
20260102,N.S6N09
20260102,N.S6N10
20260102,N.S6N11
20260102,N.TMRF
20260102,N.TYSF
20260102,N.URHF
20260103,N.GJMF
20260103,N.HIDF
20260103,N.HSSF
20260103,N.IMGF
20260103,N.IYGF
20260103,N.KSNF
20260103,N.KSRF
20260103,N.NMRF
20260103,N.OOWF
20260103,N.S3N01
20260103,N.S3N02
20260103,N.S3N03
20260103,N.S3N04
20260103,N.S3N05
20260103,N.S3N06
20260103,N.S3N07
20260103,N.S3N08
20260103,N.S3N09
20260103,N.S3N10
20260103,N.S3N11
20260103,N.S3N12
20260103,N.S3N13
20260103,N.S3N14
20260103,N.S3N15
20260103,N.S3N16
20260103,N.S3N17
20260103,N.S3N18
20260103,N.S3N19
20260103,N.S3N23
20260103,N.S3N24
20260103,N.S3N25
20260103,N.S3N26
20260103,N.S4N01
20260103,N.S4N02
20260103,N.S4N03
20260103,N.S4N04
20260103,N.S4N05
20260103,N.S4N06
20260103,N.S4N07
20260103,N.S4N08
20260103,N.S4N09
20260103,N.S4N10
20260103,N.S4N11
20260103,N.S4N12
20260103,N.S4N13
20260103,N.S4N14
20260103,N.S4N15
20260103,N.S4N16
20260103,N.S4N17
20260103,N.S4N18
20260103,N.S4N19
20260103,N.S4N20
20260103,N.S4N21
20260103,N.S4N22
20260103,N.S4N23
20260103,N.S4N24
20260103,N.S4N25
20260103,N.S4N26
20260103,N.S4N27
20260103,N.S4N28
20260103,N.S5N01
20260103,N.S5N02
20260103,N.S5N03
20260103,N.S5N04
20260103,N.S5N05
20260103,N.S5N06
20260103,N.S5N07
20260103,N.S5N08
20260103,N.S5N09
20260103,N.S5N10
20260103,N.S5N11
20260103,N.S5N12
20260103,N.S5N13
20260103,N.S5N14
20260103,N.S5N15
20260103,N.S5N16
20260103,N.S5N17
20260103,N.S5N18
20260103,N.S5N19
20260103,N.S5N20
20260103,N.S5N21
20260103,N.S5N22
20260103,N.S5N23
20260103,N.S6N05
20260103,N.S6N06
20260103,N.S6N07
20260103,N.S6N08
20260103,N.S6N09
20260103,N.S6N10
20260103,N.S6N11
20260103,N.TMRF
20260103,N.TYSF
20260103,N.URHF
20260104,N.GJMF
20260104,N.HIDF
20260104,N.HSSF
20260104,N.IMGF
20260104,N.IYGF
20260104,N.KSNF
20260104,N.KSRF
20260104,N.NMRF
20260104,N.OOWF
20260104,N.S3N01
20260104,N.S3N02
20260104,N.S3N03
20260104,N.S3N04
20260104,N.S3N05
20260104,N.S3N06
20260104,N.S3N07
20260104,N.S3N08
20260104,N.S3N09
20260104,N.S3N10
20260104,N.S3N11
20260104,N.S3N12
20260104,N.S3N13
20260104,N.S3N14
20260104,N.S3N15
20260104,N.S3N16
20260104,N.S3N17
20260104,N.S3N18
20260104,N.S3N19
20260104,N.S3N23
20260104,N.S3N24
20260104,N.S3N25
20260104,N.S3N26
20260104,N.S4N01
20260104,N.S4N02
20260104,N.S4N03
20260104,N.S4N04
20260104,N.S4N05
20260104,N.S4N06
20260104,N.S4N07
20260104,N.S4N08
20260104,N.S4N09
20260104,N.S4N10
20260104,N.S4N11
20260104,N.S4N12
20260104,N.S4N13
20260104,N.S4N14
20260104,N.S4N15
20260104,N.S4N16
20260104,N.S4N17
20260104,N.S4N18
20260104,N.S4N19
20260104,N.S4N20
20260104,N.S4N21
20260104,N.S4N22
20260104,N.S4N23
20260104,N.S4N24
20260104,N.S4N25
20260104,N.S4N26
20260104,N.S4N27
20260104,N.S4N28
20260104,N.S5N01
20260104,N.S5N02
20260104,N.S5N03
20260104,N.S5N04
20260104,N.S5N05
20260104,N.S5N06
20260104,N.S5N07
20260104,N.S5N08
20260104,N.S5N09
20260104,N.S5N10
20260104,N.S5N11
20260104,N.S5N12
20260104,N.S5N13
20260104,N.S5N14
20260104,N.S5N15
20260104,N.S5N16
20260104,N.S5N17
20260104,N.S5N18
20260104,N.S5N19
20260104,N.S5N20
20260104,N.S5N21
20260104,N.S5N22
20260104,N.S5N23
20260104,N.S6N05
20260104,N.S6N06
20260104,N.S6N07
20260104,N.S6N08
20260104,N.S6N09
20260104,N.S6N10
20260104,N.S6N11
20260104,N.TMRF
20260104,N.TYSF
20260104,N.URHF
20260105,N.GJMF
20260105,N.HIDF
20260105,N.HSSF
20260105,N.IMGF
20260105,N.IYGF
20260105,N.KSNF
20260105,N.KSRF
20260105,N.NMRF
20260105,N.OOWF
20260105,N.S3N01
20260105,N.S3N02
20260105,N.S3N03
20260105,N.S3N04
20260105,N.S3N05
20260105,N.S3N06
20260105,N.S3N07
20260105,N.S3N08
20260105,N.S3N09
20260105,N.S3N10
20260105,N.S3N11
20260105,N.S3N12
20260105,N.S3N13
20260105,N.S3N14
20260105,N.S3N15
20260105,N.S3N16
20260105,N.S3N17
20260105,N.S3N18
20260105,N.S3N19
20260105,N.S3N23
20260105,N.S3N24
20260105,N.S3N25
20260105,N.S3N26
20260105,N.S4N01
20260105,N.S4N02
20260105,N.S4N03
20260105,N.S4N04
20260105,N.S4N05
20260105,N.S4N06
20260105,N.S4N07
20260105,N.S4N08
20260105,N.S4N09
20260105,N.S4N10
20260105,N.S4N11
20260105,N.S4N12
20260105,N.S4N13
20260105,N.S4N14
20260105,N.S4N15
20260105,N.S4N16
20260105,N.S4N17
20260105,N.S4N18
20260105,N.S4N19
20260105,N.S4N20
20260105,N.S4N21
20260105,N.S4N22
20260105,N.S4N23
20260105,N.S4N24
20260105,N.S4N25
20260105,N.S4N26
20260105,N.S4N27
20260105,N.S4N28
20260105,N.S5N01
20260105,N.S5N02
20260105,N.S5N03
20260105,N.S5N04
20260105,N.S5N05
20260105,N.S5N06
20260105,N.S5N07
20260105,N.S5N08
20260105,N.S5N09
20260105,N.S5N10
20260105,N.S5N11
20260105,N.S5N12
20260105,N.S5N13
20260105,N.S5N14
20260105,N.S5N15
20260105,N.S5N16
20260105,N.S5N17
20260105,N.S5N18
20260105,N.S5N19
20260105,N.S5N20
20260105,N.S5N21
20260105,N.S5N22
20260105,N.S5N23
20260105,N.S6N05
20260105,N.S6N06
20260105,N.S6N07
20260105,N.S6N08
20260105,N.S6N09
20260105,N.S6N10
20260105,N.S6N11
20260105,N.TMRF
20260105,N.TYSF
20260105,N.URHF
20260106,N.GJMF
20260106,N.HIDF
20260106,N.HSSF
20260106,N.IMGF
20260106,N.IYGF
20260106,N.KSNF
20260106,N.KSRF
20260106,N.NMRF
20260106,N.OOWF
20260106,N.S3N01
20260106,N.S3N02
20260106,N.S3N03
20260106,N.S3N04
20260106,N.S3N05
20260106,N.S3N06
20260106,N.S3N07
20260106,N.S3N08
20260106,N.S3N09
20260106,N.S3N10
20260106,N.S3N11
20260106,N.S3N12
20260106,N.S3N13
20260106,N.S3N14
20260106,N.S3N15
20260106,N.S3N16
20260106,N.S3N17
20260106,N.S3N18
20260106,N.S3N19
20260106,N.S3N23
20260106,N.S3N24
20260106,N.S3N25
20260106,N.S3N26
20260106,N.S4N01
20260106,N.S4N02
20260106,N.S4N03
20260106,N.S4N04
20260106,N.S4N05
20260106,N.S4N06
20260106,N.S4N07
20260106,N.S4N08
20260106,N.S4N09
20260106,N.S4N10
20260106,N.S4N11
20260106,N.S4N12
20260106,N.S4N13
20260106,N.S4N14
20260106,N.S4N15
20260106,N.S4N16
20260106,N.S4N17
20260106,N.S4N18
20260106,N.S4N19
20260106,N.S4N20
20260106,N.S4N21
20260106,N.S4N22
20260106,N.S4N23
20260106,N.S4N24
20260106,N.S4N25
20260106,N.S4N26
20260106,N.S4N27
20260106,N.S4N28
20260106,N.S5N01
20260106,N.S5N02
20260106,N.S5N03
20260106,N.S5N04
20260106,N.S5N05
20260106,N.S5N06
20260106,N.S5N07
20260106,N.S5N08
20260106,N.S5N09
20260106,N.S5N10
20260106,N.S5N11
20260106,N.S5N12
20260106,N.S5N13
20260106,N.S5N14
20260106,N.S5N15
20260106,N.S5N16
20260106,N.S5N17
20260106,N.S5N18
20260106,N.S5N19
20260106,N.S5N20
20260106,N.S5N21
20260106,N.S5N22
20260106,N.S5N23
20260106,N.S6N05
20260106,N.S6N06
20260106,N.S6N07
20260106,N.S6N08
20260106,N.S6N09
20260106,N.S6N10
20260106,N.S6N11
20260106,N.TMRF
20260106,N.TYSF
20260106,N.URHF
20260107,N.GJMF
20260107,N.HIDF
20260107,N.HSSF
20260107,N.IMGF
20260107,N.IYGF
20260107,N.KSNF
20260107,N.KSRF
20260107,N.NMRF
20260107,N.OOWF
20260107,N.S3N01
20260107,N.S3N02
20260107,N.S3N03
20260107,N.S3N04
20260107,N.S3N05
20260107,N.S3N06
20260107,N.S3N07
20260107,N.S3N08
20260107,N.S3N09
20260107,N.S3N10
20260107,N.S3N11
20260107,N.S3N12
20260107,N.S3N13
20260107,N.S3N14
20260107,N.S3N15
20260107,N.S3N16
20260107,N.S3N17
20260107,N.S3N18
20260107,N.S3N19
20260107,N.S3N23
20260107,N.S3N24
20260107,N.S3N25
20260107,N.S3N26
20260107,N.S4N01
20260107,N.S4N02
20260107,N.S4N03
20260107,N.S4N04
20260107,N.S4N05
20260107,N.S4N06
20260107,N.S4N07
20260107,N.S4N08
20260107,N.S4N09
20260107,N.S4N10
20260107,N.S4N11
20260107,N.S4N12
20260107,N.S4N13
20260107,N.S4N14
20260107,N.S4N15
20260107,N.S4N16
20260107,N.S4N17
20260107,N.S4N18
20260107,N.S4N19
20260107,N.S4N20
20260107,N.S4N21
20260107,N.S4N22
20260107,N.S4N23
20260107,N.S4N24
20260107,N.S4N25
20260107,N.S4N26
20260107,N.S4N27
20260107,N.S4N28
20260107,N.S5N01
20260107,N.S5N02
20260107,N.S5N03
20260107,N.S5N04
20260107,N.S5N05
20260107,N.S5N06
20260107,N.S5N07
20260107,N.S5N08
20260107,N.S5N09
20260107,N.S5N10
20260107,N.S5N11
20260107,N.S5N12
20260107,N.S5N13
20260107,N.S5N14
20260107,N.S5N15
20260107,N.S5N16
20260107,N.S5N17
20260107,N.S5N18
20260107,N.S5N19
20260107,N.S5N20
20260107,N.S5N21
20260107,N.S5N22
20260107,N.S5N23
20260107,N.S6N05
20260107,N.S6N06
20260107,N.S6N07
20260107,N.S6N08
20260107,N.S6N09
20260107,N.S6N10
20260107,N.S6N11
20260107,N.TMRF
20260107,N.TYSF
20260107,N.URHF
20260108,N.GJMF
20260108,N.HIDF
20260108,N.HSSF
20260108,N.IMGF
20260108,N.IYGF
20260108,N.KSNF
20260108,N.KSRF
20260108,N.NMRF
20260108,N.OOWF
20260108,N.S3N01
20260108,N.S3N02
20260108,N.S3N03
20260108,N.S3N04
20260108,N.S3N05
20260108,N.S3N06
20260108,N.S3N07
20260108,N.S3N08
20260108,N.S3N09
20260108,N.S3N10
20260108,N.S3N11
20260108,N.S3N12
20260108,N.S3N13
20260108,N.S3N14
20260108,N.S3N15
20260108,N.S3N16
20260108,N.S3N17
20260108,N.S3N18
20260108,N.S3N19
20260108,N.S3N23
20260108,N.S3N24
20260108,N.S3N25
20260108,N.S3N26
20260108,N.S4N01
20260108,N.S4N02
20260108,N.S4N03
20260108,N.S4N04
20260108,N.S4N05
20260108,N.S4N06
20260108,N.S4N07
20260108,N.S4N08
20260108,N.S4N09
20260108,N.S4N10
20260108,N.S4N11
20260108,N.S4N12
20260108,N.S4N13
20260108,N.S4N14
20260108,N.S4N15
20260108,N.S4N16
20260108,N.S4N17
20260108,N.S4N18
20260108,N.S4N19
20260108,N.S4N20
20260108,N.S4N21
20260108,N.S4N22
20260108,N.S4N23
20260108,N.S4N24
20260108,N.S4N25
20260108,N.S4N26
20260108,N.S4N27
20260108,N.S4N28
20260108,N.S5N01
20260108,N.S5N02
20260108,N.S5N03
20260108,N.S5N04
20260108,N.S5N05
20260108,N.S5N06
20260108,N.S5N07
20260108,N.S5N08
20260108,N.S5N09
20260108,N.S5N10
20260108,N.S5N11
20260108,N.S5N12
20260108,N.S5N13
20260108,N.S5N14
20260108,N.S5N15
20260108,N.S5N16
20260108,N.S5N17
20260108,N.S5N18
20260108,N.S5N19
20260108,N.S5N20
20260108,N.S5N21
20260108,N.S5N22
20260108,N.S5N23
20260108,N.S6N05
20260108,N.S6N06
20260108,N.S6N07
20260108,N.S6N08
20260108,N.S6N09
20260108,N.S6N10
20260108,N.S6N11
20260108,N.TMRF
20260108,N.TYSF
20260108,N.URHF
20260109,N.GJMF
20260109,N.HIDF
20260109,N.HSSF
20260109,N.IMGF
20260109,N.IYGF
20260109,N.KSNF
20260109,N.KSRF
20260109,N.NMRF
20260109,N.OOWF
20260109,N.S3N01
20260109,N.S3N02
20260109,N.S3N03
20260109,N.S3N04
20260109,N.S3N05
20260109,N.S3N06
20260109,N.S3N07
20260109,N.S3N08
20260109,N.S3N09
20260109,N.S3N10
20260109,N.S3N11
20260109,N.S3N12
20260109,N.S3N13
20260109,N.S3N14
20260109,N.S3N15
20260109,N.S3N16
20260109,N.S3N17
20260109,N.S3N18
20260109,N.S3N19
20260109,N.S3N23
20260109,N.S3N24
20260109,N.S3N25
20260109,N.S3N26
20260109,N.S4N01
20260109,N.S4N02
20260109,N.S4N03
20260109,N.S4N04
20260109,N.S4N05
20260109,N.S4N06
20260109,N.S4N07
20260109,N.S4N08
20260109,N.S4N09
20260109,N.S4N10
20260109,N.S4N11
20260109,N.S4N12
20260109,N.S4N13
20260109,N.S4N14
20260109,N.S4N15
20260109,N.S4N16
20260109,N.S4N17
20260109,N.S4N18
20260109,N.S4N19
20260109,N.S4N20
20260109,N.S4N21
20260109,N.S4N22
20260109,N.S4N23
20260109,N.S4N24
20260109,N.S4N25
20260109,N.S4N26
20260109,N.S4N27
20260109,N.S4N28
20260109,N.S5N01
20260109,N.S5N02
20260109,N.S5N03
20260109,N.S5N04
20260109,N.S5N05
20260109,N.S5N06
20260109,N.S5N07
20260109,N.S5N08
20260109,N.S5N09
20260109,N.S5N10
20260109,N.S5N11
20260109,N.S5N12
20260109,N.S5N13
20260109,N.S5N14
20260109,N.S5N15
20260109,N.S5N16
20260109,N.S5N17
20260109,N.S5N18
20260109,N.S5N19
20260109,N.S5N20
20260109,N.S5N21
20260109,N.S5N22
20260109,N.S5N23
20260109,N.S6N05
20260109,N.S6N06
20260109,N.S6N07
20260109,N.S6N08
20260109,N.S6N09
20260109,N.S6N10
20260109,N.S6N11
20260109,N.TMRF
20260109,N.TYSF
20260109,N.URHF
20260110,N.GJMF
20260110,N.HIDF
20260110,N.HSSF
20260110,N.IMGF
20260110,N.IYGF
20260110,N.KSNF
20260110,N.KSRF
20260110,N.NMRF
20260110,N.OOWF
20260110,N.S3N01
20260110,N.S3N02
20260110,N.S3N03
20260110,N.S3N04
20260110,N.S3N05
20260110,N.S3N06
20260110,N.S3N07
20260110,N.S3N08
20260110,N.S3N09
20260110,N.S3N10
20260110,N.S3N11
20260110,N.S3N12
20260110,N.S3N13
20260110,N.S3N14
20260110,N.S3N15
20260110,N.S3N16
20260110,N.S3N17
20260110,N.S3N18
20260110,N.S3N19
20260110,N.S3N23
20260110,N.S3N24
20260110,N.S3N25
20260110,N.S3N26
20260110,N.S4N01
20260110,N.S4N02
20260110,N.S4N03
20260110,N.S4N04
20260110,N.S4N05
20260110,N.S4N06
20260110,N.S4N07
20260110,N.S4N08
20260110,N.S4N09
20260110,N.S4N10
20260110,N.S4N11
20260110,N.S4N12
20260110,N.S4N13
20260110,N.S4N14
20260110,N.S4N15
20260110,N.S4N16
20260110,N.S4N17
20260110,N.S4N18
20260110,N.S4N19
20260110,N.S4N20
20260110,N.S4N21
20260110,N.S4N22
20260110,N.S4N23
20260110,N.S4N24
20260110,N.S4N25
20260110,N.S4N26
20260110,N.S4N27
20260110,N.S4N28
20260110,N.S5N01
20260110,N.S5N02
20260110,N.S5N03
20260110,N.S5N04
20260110,N.S5N05
20260110,N.S5N06
20260110,N.S5N07
20260110,N.S5N08
20260110,N.S5N09
20260110,N.S5N10
20260110,N.S5N11
20260110,N.S5N12
20260110,N.S5N13
20260110,N.S5N14
20260110,N.S5N15
20260110,N.S5N16
20260110,N.S5N17
20260110,N.S5N18
20260110,N.S5N19
20260110,N.S5N20
20260110,N.S5N21
20260110,N.S5N22
20260110,N.S5N23
20260110,N.S6N05
20260110,N.S6N06
20260110,N.S6N07
20260110,N.S6N08
20260110,N.S6N09
20260110,N.S6N10
20260110,N.S6N11
20260110,N.TMRF
20260110,N.TYSF
20260110,N.URHF
20260111,N.GJMF
20260111,N.HIDF
20260111,N.HSSF
20260111,N.IMGF
20260111,N.IYGF
20260111,N.KSNF
20260111,N.KSRF
20260111,N.NMRF
20260111,N.OOWF
20260111,N.S3N01
20260111,N.S3N02
20260111,N.S3N03
20260111,N.S3N04
20260111,N.S3N05
20260111,N.S3N06
20260111,N.S3N07
20260111,N.S3N08
20260111,N.S3N09
20260111,N.S3N10
20260111,N.S3N11
20260111,N.S3N12
20260111,N.S3N13
20260111,N.S3N14
20260111,N.S3N15
20260111,N.S3N16
20260111,N.S3N17
20260111,N.S3N18
20260111,N.S3N19
20260111,N.S3N23
20260111,N.S3N24
20260111,N.S3N25
20260111,N.S3N26
20260111,N.S4N01
20260111,N.S4N02
20260111,N.S4N03
20260111,N.S4N04
20260111,N.S4N05
20260111,N.S4N06
20260111,N.S4N07
20260111,N.S4N08
20260111,N.S4N09
20260111,N.S4N10
20260111,N.S4N11
20260111,N.S4N12
20260111,N.S4N13
20260111,N.S4N14
20260111,N.S4N15
20260111,N.S4N16
20260111,N.S4N17
20260111,N.S4N18
20260111,N.S4N19
20260111,N.S4N20
20260111,N.S4N21
20260111,N.S4N22
20260111,N.S4N23
20260111,N.S4N24
20260111,N.S4N25
20260111,N.S4N26
20260111,N.S4N27
20260111,N.S4N28
20260111,N.S5N01
20260111,N.S5N02
20260111,N.S5N03
20260111,N.S5N04
20260111,N.S5N05
20260111,N.S5N06
20260111,N.S5N07
20260111,N.S5N08
20260111,N.S5N09
20260111,N.S5N10
20260111,N.S5N11
20260111,N.S5N12
20260111,N.S5N13
20260111,N.S5N14
20260111,N.S5N15
20260111,N.S5N16
20260111,N.S5N17
20260111,N.S5N18
20260111,N.S5N19
20260111,N.S5N20
20260111,N.S5N21
20260111,N.S5N22
20260111,N.S5N23
20260111,N.S6N05
20260111,N.S6N06
20260111,N.S6N07
20260111,N.S6N08
20260111,N.S6N09
20260111,N.S6N10
20260111,N.S6N11
20260111,N.TMRF
20260111,N.TYSF
20260111,N.URHF
20260112,N.GJMF
20260112,N.HIDF
20260112,N.HSSF
20260112,N.IMGF
20260112,N.IYGF
20260112,N.KSNF
20260112,N.KSRF
20260112,N.NMRF
20260112,N.OOWF
20260112,N.S3N01
20260112,N.S3N02
20260112,N.S3N03
20260112,N.S3N04
20260112,N.S3N05
20260112,N.S3N06
20260112,N.S3N07
20260112,N.S3N08
20260112,N.S3N09
20260112,N.S3N10
20260112,N.S3N11
20260112,N.S3N12
20260112,N.S3N13
20260112,N.S3N14
20260112,N.S3N15
20260112,N.S3N16
20260112,N.S3N17
20260112,N.S3N18
20260112,N.S3N19
20260112,N.S3N23
20260112,N.S3N24
20260112,N.S3N25
20260112,N.S3N26
20260112,N.S4N01
20260112,N.S4N02
20260112,N.S4N03
20260112,N.S4N04
20260112,N.S4N05
20260112,N.S4N06
20260112,N.S4N07
20260112,N.S4N08
20260112,N.S4N09
20260112,N.S4N10
20260112,N.S4N11
20260112,N.S4N12
20260112,N.S4N13
20260112,N.S4N14
20260112,N.S4N15
20260112,N.S4N16
20260112,N.S4N17
20260112,N.S4N18
20260112,N.S4N19
20260112,N.S4N20
20260112,N.S4N21
20260112,N.S4N22
20260112,N.S4N23
20260112,N.S4N24
20260112,N.S4N25
20260112,N.S4N26
20260112,N.S4N27
20260112,N.S4N28
20260112,N.S5N01
20260112,N.S5N02
20260112,N.S5N03
20260112,N.S5N04
20260112,N.S5N05
20260112,N.S5N06
20260112,N.S5N07
20260112,N.S5N08
20260112,N.S5N09
20260112,N.S5N10
20260112,N.S5N11
20260112,N.S5N12
20260112,N.S5N13
20260112,N.S5N14
20260112,N.S5N15
20260112,N.S5N16
20260112,N.S5N17
20260112,N.S5N18
20260112,N.S5N19
20260112,N.S5N20
20260112,N.S5N21
20260112,N.S5N22
20260112,N.S5N23
20260112,N.S6N05
20260112,N.S6N06
20260112,N.S6N07
20260112,N.S6N08
20260112,N.S6N09
20260112,N.S6N10
20260112,N.S6N11
20260112,N.TMRF
20260112,N.TYSF
20260112,N.URHF
20260113,N.GJMF
20260113,N.HIDF
20260113,N.HSSF
20260113,N.IMGF
20260113,N.IYGF
20260113,N.KSNF
20260113,N.KSRF
20260113,N.NMRF
20260113,N.OOWF
20260113,N.S3N01
20260113,N.S3N02
20260113,N.S3N03
20260113,N.S3N04
20260113,N.S3N05
20260113,N.S3N06
20260113,N.S3N07
20260113,N.S3N08
20260113,N.S3N09
20260113,N.S3N10
20260113,N.S3N11
20260113,N.S3N12
20260113,N.S3N13
20260113,N.S3N14
20260113,N.S3N15
20260113,N.S3N16
20260113,N.S3N17
20260113,N.S3N18
20260113,N.S3N19
20260113,N.S3N23
20260113,N.S3N24
20260113,N.S3N25
20260113,N.S3N26
20260113,N.S4N01
20260113,N.S4N02
20260113,N.S4N03
20260113,N.S4N04
20260113,N.S4N05
20260113,N.S4N06
20260113,N.S4N07
20260113,N.S4N08
20260113,N.S4N09
20260113,N.S4N10
20260113,N.S4N11
20260113,N.S4N12
20260113,N.S4N13
20260113,N.S4N14
20260113,N.S4N15
20260113,N.S4N16
20260113,N.S4N17
20260113,N.S4N18
20260113,N.S4N19
20260113,N.S4N20
20260113,N.S4N21
20260113,N.S4N22
20260113,N.S4N23
20260113,N.S4N24
20260113,N.S4N25
20260113,N.S4N26
20260113,N.S4N27
20260113,N.S4N28
20260113,N.S5N01
20260113,N.S5N02
20260113,N.S5N03
20260113,N.S5N04
20260113,N.S5N05
20260113,N.S5N06
20260113,N.S5N07
20260113,N.S5N08
20260113,N.S5N09
20260113,N.S5N10
20260113,N.S5N11
20260113,N.S5N12
20260113,N.S5N13
20260113,N.S5N14
20260113,N.S5N15
20260113,N.S5N16
20260113,N.S5N17
20260113,N.S5N18
20260113,N.S5N19
20260113,N.S5N20
20260113,N.S5N21
20260113,N.S5N22
20260113,N.S5N23
20260113,N.S6N05
20260113,N.S6N06
20260113,N.S6N07
20260113,N.S6N08
20260113,N.S6N09
20260113,N.S6N10
20260113,N.S6N11
20260113,N.TMRF
20260113,N.TYSF
20260113,N.URHF
20260114,N.GJMF
20260114,N.HIDF
20260114,N.HSSF
20260114,N.IMGF
20260114,N.IYGF
20260114,N.KSNF
20260114,N.KSRF
20260114,N.NMRF
20260114,N.OOWF
20260114,N.S3N01
20260114,N.S3N02
20260114,N.S3N03
20260114,N.S3N04
20260114,N.S3N05
20260114,N.S3N06
20260114,N.S3N07
20260114,N.S3N08
20260114,N.S3N09
20260114,N.S3N10
20260114,N.S3N11
20260114,N.S3N12
20260114,N.S3N13
20260114,N.S3N14
20260114,N.S3N15
20260114,N.S3N16
20260114,N.S3N17
20260114,N.S3N18
20260114,N.S3N19
20260114,N.S3N23
20260114,N.S3N24
20260114,N.S3N25
20260114,N.S3N26
20260114,N.S4N01
20260114,N.S4N02
20260114,N.S4N03
20260114,N.S4N04
20260114,N.S4N05
20260114,N.S4N06
20260114,N.S4N07
20260114,N.S4N08
20260114,N.S4N09
20260114,N.S4N10
20260114,N.S4N11
20260114,N.S4N12
20260114,N.S4N13
20260114,N.S4N14
20260114,N.S4N15
20260114,N.S4N16
20260114,N.S4N17
20260114,N.S4N18
20260114,N.S4N19
20260114,N.S4N20
20260114,N.S4N21
20260114,N.S4N22
20260114,N.S4N23
20260114,N.S4N24
20260114,N.S4N25
20260114,N.S4N26
20260114,N.S4N27
20260114,N.S4N28
20260114,N.S5N01
20260114,N.S5N02
20260114,N.S5N03
20260114,N.S5N04
20260114,N.S5N05
20260114,N.S5N06
20260114,N.S5N07
20260114,N.S5N08
20260114,N.S5N09
20260114,N.S5N10
20260114,N.S5N11
20260114,N.S5N12
20260114,N.S5N13
20260114,N.S5N14
20260114,N.S5N15
20260114,N.S5N16
20260114,N.S5N17
20260114,N.S5N18
20260114,N.S5N19
20260114,N.S5N20
20260114,N.S5N21
20260114,N.S5N22
20260114,N.S5N23
20260114,N.S6N05
20260114,N.S6N06
20260114,N.S6N07
20260114,N.S6N08
20260114,N.S6N09
20260114,N.S6N10
20260114,N.S6N11
20260114,N.TMRF
20260114,N.TYSF
20260114,N.URHF
20260115,N.GJMF
20260115,N.HIDF
20260115,N.HSSF
20260115,N.IMGF
20260115,N.IYGF
20260115,N.KSNF
20260115,N.KSRF
20260115,N.NMRF
20260115,N.OOWF
20260115,N.S3N01
20260115,N.S3N02
20260115,N.S3N03
20260115,N.S3N04
20260115,N.S3N05
20260115,N.S3N06
20260115,N.S3N07
20260115,N.S3N08
20260115,N.S3N09
20260115,N.S3N10
20260115,N.S3N11
20260115,N.S3N12
20260115,N.S3N13
20260115,N.S3N14
20260115,N.S3N15
20260115,N.S3N16
20260115,N.S3N17
20260115,N.S3N18
20260115,N.S3N19
20260115,N.S3N23
20260115,N.S3N24
20260115,N.S3N25
20260115,N.S3N26
20260115,N.S4N01
20260115,N.S4N02
20260115,N.S4N03
20260115,N.S4N04
20260115,N.S4N05
20260115,N.S4N06
20260115,N.S4N07
20260115,N.S4N08
20260115,N.S4N09
20260115,N.S4N10
20260115,N.S4N11
20260115,N.S4N12
20260115,N.S4N13
20260115,N.S4N14
20260115,N.S4N15
20260115,N.S4N16
20260115,N.S4N17
20260115,N.S4N18
20260115,N.S4N19
20260115,N.S4N20
20260115,N.S4N21
20260115,N.S4N22
20260115,N.S4N23
20260115,N.S4N24
20260115,N.S4N25
20260115,N.S4N26
20260115,N.S4N27
20260115,N.S4N28
20260115,N.S5N01
20260115,N.S5N02
20260115,N.S5N03
20260115,N.S5N04
20260115,N.S5N05
20260115,N.S5N06
20260115,N.S5N07
20260115,N.S5N08
20260115,N.S5N09
20260115,N.S5N10
20260115,N.S5N11
20260115,N.S5N12
20260115,N.S5N13
20260115,N.S5N14
20260115,N.S5N15
20260115,N.S5N16
20260115,N.S5N17
20260115,N.S5N18
20260115,N.S5N19
20260115,N.S5N20
20260115,N.S5N21
20260115,N.S5N22
20260115,N.S5N23
20260115,N.S6N05
20260115,N.S6N06
20260115,N.S6N07
20260115,N.S6N08
20260115,N.S6N09
20260115,N.S6N10
20260115,N.S6N11
20260115,N.TMRF
20260115,N.TYSF
20260115,N.URHF
20260116,N.GJMF
20260116,N.HIDF
20260116,N.HSSF
20260116,N.IMGF
20260116,N.IYGF
20260116,N.KSNF
20260116,N.KSRF
20260116,N.NMRF
20260116,N.OOWF
20260116,N.S3N01
20260116,N.S3N02
20260116,N.S3N03
20260116,N.S3N04
20260116,N.S3N05
20260116,N.S3N06
20260116,N.S3N07
20260116,N.S3N08
20260116,N.S3N09
20260116,N.S3N10
20260116,N.S3N11
20260116,N.S3N12
20260116,N.S3N13
20260116,N.S3N14
20260116,N.S3N15
20260116,N.S3N16
20260116,N.S3N17
20260116,N.S3N18
20260116,N.S3N19
20260116,N.S3N23
20260116,N.S3N24
20260116,N.S3N25
20260116,N.S3N26
20260116,N.S4N01
20260116,N.S4N02
20260116,N.S4N03
20260116,N.S4N04
20260116,N.S4N05
20260116,N.S4N06
20260116,N.S4N07
20260116,N.S4N08
20260116,N.S4N09
20260116,N.S4N10
20260116,N.S4N11
20260116,N.S4N12
20260116,N.S4N13
20260116,N.S4N14
20260116,N.S4N15
20260116,N.S4N16
20260116,N.S4N17
20260116,N.S4N18
20260116,N.S4N19
20260116,N.S4N20
20260116,N.S4N21
20260116,N.S4N22
20260116,N.S4N23
20260116,N.S4N24
20260116,N.S4N25
20260116,N.S4N26
20260116,N.S4N27
20260116,N.S4N28
20260116,N.S5N01
20260116,N.S5N02
20260116,N.S5N03
20260116,N.S5N04
20260116,N.S5N05
20260116,N.S5N06
20260116,N.S5N07
20260116,N.S5N08
20260116,N.S5N09
20260116,N.S5N10
20260116,N.S5N11
20260116,N.S5N12
20260116,N.S5N13
20260116,N.S5N14
20260116,N.S5N15
20260116,N.S5N16
20260116,N.S5N17
20260116,N.S5N18
20260116,N.S5N19
20260116,N.S5N20
20260116,N.S5N21
20260116,N.S5N22
20260116,N.S5N23
20260116,N.S6N05
20260116,N.S6N06
20260116,N.S6N07
20260116,N.S6N08
20260116,N.S6N09
20260116,N.S6N10
20260116,N.S6N11
20260116,N.TMRF
20260116,N.TYSF
20260116,N.URHF
20260117,N.GJMF
20260117,N.HIDF
20260117,N.HSSF
20260117,N.IMGF
20260117,N.IYGF
20260117,N.KSNF
20260117,N.KSRF
20260117,N.NMRF
20260117,N.OOWF
20260117,N.S3N01
20260117,N.S3N02
20260117,N.S3N03
20260117,N.S3N04
20260117,N.S3N05
20260117,N.S3N06
20260117,N.S3N07
20260117,N.S3N08
20260117,N.S3N09
20260117,N.S3N10
20260117,N.S3N11
20260117,N.S3N12
20260117,N.S3N13
20260117,N.S3N14
20260117,N.S3N15
20260117,N.S3N16
20260117,N.S3N17
20260117,N.S3N18
20260117,N.S3N19
20260117,N.S3N23
20260117,N.S3N24
20260117,N.S3N25
20260117,N.S3N26
20260117,N.S4N01
20260117,N.S4N02
20260117,N.S4N03
20260117,N.S4N04
20260117,N.S4N05
20260117,N.S4N06
20260117,N.S4N07
20260117,N.S4N08
20260117,N.S4N09
20260117,N.S4N10
20260117,N.S4N11
20260117,N.S4N12
20260117,N.S4N13
20260117,N.S4N14
20260117,N.S4N15
20260117,N.S4N16
20260117,N.S4N17
20260117,N.S4N18
20260117,N.S4N19
20260117,N.S4N20
20260117,N.S4N21
20260117,N.S4N22
20260117,N.S4N23
20260117,N.S4N24
20260117,N.S4N25
20260117,N.S4N26
20260117,N.S4N27
20260117,N.S4N28
20260117,N.S5N01
20260117,N.S5N02
20260117,N.S5N03
20260117,N.S5N04
20260117,N.S5N05
20260117,N.S5N06
20260117,N.S5N07
20260117,N.S5N08
20260117,N.S5N09
20260117,N.S5N10
20260117,N.S5N11
20260117,N.S5N12
20260117,N.S5N13
20260117,N.S5N14
20260117,N.S5N15
20260117,N.S5N16
20260117,N.S5N17
20260117,N.S5N18
20260117,N.S5N19
20260117,N.S5N20
20260117,N.S5N21
20260117,N.S5N22
20260117,N.S5N23
20260117,N.S6N05
20260117,N.S6N06
20260117,N.S6N07
20260117,N.S6N08
20260117,N.S6N09
20260117,N.S6N10
20260117,N.S6N11
20260117,N.TMRF
20260117,N.TYSF
20260117,N.URHF
20260118,N.GJMF
20260118,N.HIDF
20260118,N.HSSF
20260118,N.IMGF
20260118,N.IYGF
20260118,N.KSNF
20260118,N.KSRF
20260118,N.NMRF
20260118,N.OOWF
20260118,N.S3N01
20260118,N.S3N02
20260118,N.S3N03
20260118,N.S3N04
20260118,N.S3N05
20260118,N.S3N06
20260118,N.S3N07
20260118,N.S3N08
20260118,N.S3N09
20260118,N.S3N10
20260118,N.S3N11
20260118,N.S3N12
20260118,N.S3N13
20260118,N.S3N14
20260118,N.S3N15
20260118,N.S3N16
20260118,N.S3N17
20260118,N.S3N18
20260118,N.S3N19
20260118,N.S3N23
20260118,N.S3N24
20260118,N.S3N25
20260118,N.S3N26
20260118,N.S4N01
20260118,N.S4N02
20260118,N.S4N03
20260118,N.S4N04
20260118,N.S4N05
20260118,N.S4N06
20260118,N.S4N07
20260118,N.S4N08
20260118,N.S4N09
20260118,N.S4N10
20260118,N.S4N11
20260118,N.S4N12
20260118,N.S4N13
20260118,N.S4N14
20260118,N.S4N15
20260118,N.S4N16
20260118,N.S4N17
20260118,N.S4N18
20260118,N.S4N19
20260118,N.S4N20
20260118,N.S4N21
20260118,N.S4N22
20260118,N.S4N23
20260118,N.S4N24
20260118,N.S4N25
20260118,N.S4N26
20260118,N.S4N27
20260118,N.S4N28
20260118,N.S5N01
20260118,N.S5N02
20260118,N.S5N03
20260118,N.S5N04
20260118,N.S5N05
20260118,N.S5N06
20260118,N.S5N07
20260118,N.S5N08
20260118,N.S5N09
20260118,N.S5N10
20260118,N.S5N11
20260118,N.S5N12
20260118,N.S5N13
20260118,N.S5N14
20260118,N.S5N15
20260118,N.S5N16
20260118,N.S5N17
20260118,N.S5N18
20260118,N.S5N19
20260118,N.S5N20
20260118,N.S5N21
20260118,N.S5N22
20260118,N.S5N23
20260118,N.S6N05
20260118,N.S6N06
20260118,N.S6N07
20260118,N.S6N08
20260118,N.S6N09
20260118,N.S6N10
20260118,N.S6N11
20260118,N.TMRF
20260118,N.TYSF
20260118,N.URHF
20260119,N.GJMF
20260119,N.HIDF
20260119,N.HSSF
20260119,N.IMGF
20260119,N.IYGF
20260119,N.KSNF
20260119,N.KSRF
20260119,N.NMRF
20260119,N.OOWF
20260119,N.S3N01
20260119,N.S3N02
20260119,N.S3N03
20260119,N.S3N04
20260119,N.S3N05
20260119,N.S3N06
20260119,N.S3N07
20260119,N.S3N08
20260119,N.S3N09
20260119,N.S3N10
20260119,N.S3N11
20260119,N.S3N12
20260119,N.S3N13
20260119,N.S3N14
20260119,N.S3N15
20260119,N.S3N16
20260119,N.S3N17
20260119,N.S3N18
20260119,N.S3N19
20260119,N.S3N23
20260119,N.S3N24
20260119,N.S3N25
20260119,N.S3N26
20260119,N.S4N01
20260119,N.S4N02
20260119,N.S4N03
20260119,N.S4N04
20260119,N.S4N05
20260119,N.S4N06
20260119,N.S4N07
20260119,N.S4N08
20260119,N.S4N09
20260119,N.S4N10
20260119,N.S4N11
20260119,N.S4N12
20260119,N.S4N13
20260119,N.S4N14
20260119,N.S4N15
20260119,N.S4N16
20260119,N.S4N17
20260119,N.S4N18
20260119,N.S4N19
20260119,N.S4N20
20260119,N.S4N21
20260119,N.S4N22
20260119,N.S4N23
20260119,N.S4N24
20260119,N.S4N25
20260119,N.S4N26
20260119,N.S4N27
20260119,N.S4N28
20260119,N.S5N01
20260119,N.S5N02
20260119,N.S5N03
20260119,N.S5N04
20260119,N.S5N05
20260119,N.S5N06
20260119,N.S5N07
20260119,N.S5N08
20260119,N.S5N09
20260119,N.S5N10
20260119,N.S5N11
20260119,N.S5N12
20260119,N.S5N13
20260119,N.S5N14
20260119,N.S5N15
20260119,N.S5N16
20260119,N.S5N17
20260119,N.S5N18
20260119,N.S5N19
20260119,N.S5N20
20260119,N.S5N21
20260119,N.S5N22
20260119,N.S5N23
20260119,N.S6N05
20260119,N.S6N06
20260119,N.S6N07
20260119,N.S6N08
20260119,N.S6N09
20260119,N.S6N10
20260119,N.S6N11
20260119,N.TMRF
20260119,N.TYSF
20260119,N.URHF
20260120,N.GJMF
20260120,N.HIDF
20260120,N.HSSF
20260120,N.IMGF
20260120,N.IYGF
20260120,N.KSNF
20260120,N.KSRF
20260120,N.NMRF
20260120,N.OOWF
20260120,N.S3N01
20260120,N.S3N02
20260120,N.S3N03
20260120,N.S3N04
20260120,N.S3N05
20260120,N.S3N06
20260120,N.S3N07
20260120,N.S3N08
20260120,N.S3N09
20260120,N.S3N10
20260120,N.S3N11
20260120,N.S3N12
20260120,N.S3N13
20260120,N.S3N14
20260120,N.S3N15
20260120,N.S3N16
20260120,N.S3N17
20260120,N.S3N18
20260120,N.S3N19
20260120,N.S3N23
20260120,N.S3N24
20260120,N.S3N25
20260120,N.S3N26
20260120,N.S4N01
20260120,N.S4N02
20260120,N.S4N03
20260120,N.S4N04
20260120,N.S4N05
20260120,N.S4N06
20260120,N.S4N07
20260120,N.S4N08
20260120,N.S4N09
20260120,N.S4N10
20260120,N.S4N11
20260120,N.S4N12
20260120,N.S4N13
20260120,N.S4N14
20260120,N.S4N15
20260120,N.S4N16
20260120,N.S4N17
20260120,N.S4N18
20260120,N.S4N19
20260120,N.S4N20
20260120,N.S4N21
20260120,N.S4N22
20260120,N.S4N23
20260120,N.S4N24
20260120,N.S4N25
20260120,N.S4N26
20260120,N.S4N27
20260120,N.S4N28
20260120,N.S5N01
20260120,N.S5N02
20260120,N.S5N03
20260120,N.S5N04
20260120,N.S5N05
20260120,N.S5N06
20260120,N.S5N07
20260120,N.S5N08
20260120,N.S5N09
20260120,N.S5N10
20260120,N.S5N11
20260120,N.S5N12
20260120,N.S5N13
20260120,N.S5N14
20260120,N.S5N15
20260120,N.S5N16
20260120,N.S5N17
20260120,N.S5N18
20260120,N.S5N19
20260120,N.S5N20
20260120,N.S5N21
20260120,N.S5N22
20260120,N.S5N23
20260120,N.S6N05
20260120,N.S6N06
20260120,N.S6N07
20260120,N.S6N08
20260120,N.S6N09
20260120,N.S6N10
20260120,N.S6N11
20260120,N.TMRF
20260120,N.TYSF
20260120,N.URHF
20260121,N.GJMF
20260121,N.HIDF
20260121,N.HSSF
20260121,N.IMGF
20260121,N.IYGF
20260121,N.KSNF
20260121,N.KSRF
20260121,N.NMRF
20260121,N.OOWF
20260121,N.S3N01
20260121,N.S3N02
20260121,N.S3N03
20260121,N.S3N04
20260121,N.S3N05
20260121,N.S3N06
20260121,N.S3N07
20260121,N.S3N08
20260121,N.S3N09
20260121,N.S3N10
20260121,N.S3N11
20260121,N.S3N12
20260121,N.S3N13
20260121,N.S3N14
20260121,N.S3N15
20260121,N.S3N16
20260121,N.S3N17
20260121,N.S3N18
20260121,N.S3N19
20260121,N.S3N23
20260121,N.S3N24
20260121,N.S3N25
20260121,N.S3N26
20260121,N.S4N01
20260121,N.S4N02
20260121,N.S4N03
20260121,N.S4N04
20260121,N.S4N05
20260121,N.S4N06
20260121,N.S4N07
20260121,N.S4N08
20260121,N.S4N09
20260121,N.S4N10
20260121,N.S4N11
20260121,N.S4N12
20260121,N.S4N13
20260121,N.S4N14
20260121,N.S4N15
20260121,N.S4N16
20260121,N.S4N17
20260121,N.S4N18
20260121,N.S4N19
20260121,N.S4N20
20260121,N.S4N21
20260121,N.S4N22
20260121,N.S4N23
20260121,N.S4N24
20260121,N.S4N25
20260121,N.S4N26
20260121,N.S4N27
20260121,N.S4N28
20260121,N.S5N01
20260121,N.S5N02
20260121,N.S5N03
20260121,N.S5N04
20260121,N.S5N05
20260121,N.S5N06
20260121,N.S5N07
20260121,N.S5N08
20260121,N.S5N09
20260121,N.S5N10
20260121,N.S5N11
20260121,N.S5N12
20260121,N.S5N13
20260121,N.S5N14
20260121,N.S5N15
20260121,N.S5N16
20260121,N.S5N17
20260121,N.S5N18
20260121,N.S5N19
20260121,N.S5N20
20260121,N.S5N21
20260121,N.S5N22
20260121,N.S5N23
20260121,N.S6N05
20260121,N.S6N06
20260121,N.S6N07
20260121,N.S6N08
20260121,N.S6N09
20260121,N.S6N10
20260121,N.S6N11
20260121,N.TMRF
20260121,N.TYSF
20260121,N.URHF
20260122,N.GJMF
20260122,N.HIDF
20260122,N.HSSF
20260122,N.IMGF
20260122,N.IYGF
20260122,N.KSNF
20260122,N.KSRF
20260122,N.NMRF
20260122,N.OOWF
20260122,N.S3N01
20260122,N.S3N02
20260122,N.S3N03
20260122,N.S3N04
20260122,N.S3N05
20260122,N.S3N06
20260122,N.S3N07
20260122,N.S3N08
20260122,N.S3N09
20260122,N.S3N10
20260122,N.S3N11
20260122,N.S3N12
20260122,N.S3N13
20260122,N.S3N14
20260122,N.S3N15
20260122,N.S3N16
20260122,N.S3N17
20260122,N.S3N18
20260122,N.S3N19
20260122,N.S3N23
20260122,N.S3N24
20260122,N.S3N25
20260122,N.S3N26
20260122,N.S4N01
20260122,N.S4N02
20260122,N.S4N03
20260122,N.S4N04
20260122,N.S4N05
20260122,N.S4N06
20260122,N.S4N07
20260122,N.S4N08
20260122,N.S4N09
20260122,N.S4N10
20260122,N.S4N11
20260122,N.S4N12
20260122,N.S4N13
20260122,N.S4N14
20260122,N.S4N15
20260122,N.S4N16
20260122,N.S4N17
20260122,N.S4N18
20260122,N.S4N19
20260122,N.S4N20
20260122,N.S4N21
20260122,N.S4N22
20260122,N.S4N23
20260122,N.S4N24
20260122,N.S4N25
20260122,N.S4N26
20260122,N.S4N27
20260122,N.S4N28
20260122,N.S5N01
20260122,N.S5N02
20260122,N.S5N03
20260122,N.S5N04
20260122,N.S5N05
20260122,N.S5N06
20260122,N.S5N07
20260122,N.S5N08
20260122,N.S5N09
20260122,N.S5N10
20260122,N.S5N11
20260122,N.S5N12
20260122,N.S5N13
20260122,N.S5N14
20260122,N.S5N15
20260122,N.S5N16
20260122,N.S5N17
20260122,N.S5N18
20260122,N.S5N19
20260122,N.S5N20
20260122,N.S5N21
20260122,N.S5N22
20260122,N.S5N23
20260122,N.S6N05
20260122,N.S6N06
20260122,N.S6N07
20260122,N.S6N08
20260122,N.S6N09
20260122,N.S6N10
20260122,N.S6N11
20260122,N.TMRF
20260122,N.TYSF
20260122,N.URHF
20260123,N.GJMF
20260123,N.HIDF
20260123,N.HSSF
20260123,N.IMGF
20260123,N.IYGF
20260123,N.KSNF
20260123,N.KSRF
20260123,N.NMRF
20260123,N.OOWF
20260123,N.S3N01
20260123,N.S3N02
20260123,N.S3N03
20260123,N.S3N04
20260123,N.S3N05
20260123,N.S3N06
20260123,N.S3N07
20260123,N.S3N08
20260123,N.S3N09
20260123,N.S3N10
20260123,N.S3N11
20260123,N.S3N12
20260123,N.S3N13
20260123,N.S3N14
20260123,N.S3N15
20260123,N.S3N16
20260123,N.S3N17
20260123,N.S3N18
20260123,N.S3N19
20260123,N.S3N23
20260123,N.S3N24
20260123,N.S3N25
20260123,N.S3N26
20260123,N.S4N01
20260123,N.S4N02
20260123,N.S4N03
20260123,N.S4N04
20260123,N.S4N05
20260123,N.S4N06
20260123,N.S4N07
20260123,N.S4N08
20260123,N.S4N09
20260123,N.S4N10
20260123,N.S4N11
20260123,N.S4N12
20260123,N.S4N13
20260123,N.S4N14
20260123,N.S4N15
20260123,N.S4N16
20260123,N.S4N17
20260123,N.S4N18
20260123,N.S4N19
20260123,N.S4N20
20260123,N.S4N21
20260123,N.S4N22
20260123,N.S4N23
20260123,N.S4N24
20260123,N.S4N25
20260123,N.S4N26
20260123,N.S4N27
20260123,N.S4N28
20260123,N.S5N01
20260123,N.S5N02
20260123,N.S5N03
20260123,N.S5N04
20260123,N.S5N05
20260123,N.S5N06
20260123,N.S5N07
20260123,N.S5N08
20260123,N.S5N09
20260123,N.S5N10
20260123,N.S5N11
20260123,N.S5N12
20260123,N.S5N13
20260123,N.S5N14
20260123,N.S5N15
20260123,N.S5N16
20260123,N.S5N17
20260123,N.S5N18
20260123,N.S5N19
20260123,N.S5N20
20260123,N.S5N21
20260123,N.S5N22
20260123,N.S5N23
20260123,N.S6N05
20260123,N.S6N06
20260123,N.S6N07
20260123,N.S6N08
20260123,N.S6N09
20260123,N.S6N10
20260123,N.S6N11
20260123,N.TMRF
20260123,N.TYSF
20260123,N.URHF
20260124,N.GJMF
20260124,N.HIDF
20260124,N.HSSF
20260124,N.IMGF
20260124,N.IYGF
20260124,N.KSNF
20260124,N.KSRF
20260124,N.NMRF
20260124,N.OOWF
20260124,N.S3N01
20260124,N.S3N02
20260124,N.S3N03
20260124,N.S3N04
20260124,N.S3N05
20260124,N.S3N06
20260124,N.S3N07
20260124,N.S3N08
20260124,N.S3N09
20260124,N.S3N10
20260124,N.S3N11
20260124,N.S3N12
20260124,N.S3N13
20260124,N.S3N14
20260124,N.S3N15
20260124,N.S3N16
20260124,N.S3N17
20260124,N.S3N18
20260124,N.S3N19
20260124,N.S3N23
20260124,N.S3N24
20260124,N.S3N25
20260124,N.S3N26
20260124,N.S4N01
20260124,N.S4N02
20260124,N.S4N03
20260124,N.S4N04
20260124,N.S4N05
20260124,N.S4N06
20260124,N.S4N07
20260124,N.S4N08
20260124,N.S4N09
20260124,N.S4N10
20260124,N.S4N11
20260124,N.S4N12
20260124,N.S4N13
20260124,N.S4N14
20260124,N.S4N15
20260124,N.S4N16
20260124,N.S4N17
20260124,N.S4N18
20260124,N.S4N19
20260124,N.S4N20
20260124,N.S4N21
20260124,N.S4N22
20260124,N.S4N23
20260124,N.S4N24
20260124,N.S4N25
20260124,N.S4N26
20260124,N.S4N27
20260124,N.S4N28
20260124,N.S5N01
20260124,N.S5N02
20260124,N.S5N03
20260124,N.S5N04
20260124,N.S5N05
20260124,N.S5N06
20260124,N.S5N07
20260124,N.S5N08
20260124,N.S5N09
20260124,N.S5N10
20260124,N.S5N11
20260124,N.S5N12
20260124,N.S5N13
20260124,N.S5N14
20260124,N.S5N15
20260124,N.S5N16
20260124,N.S5N17
20260124,N.S5N18
20260124,N.S5N19
20260124,N.S5N20
20260124,N.S5N21
20260124,N.S5N22
20260124,N.S5N23
20260124,N.S6N05
20260124,N.S6N06
20260124,N.S6N07
20260124,N.S6N08
20260124,N.S6N09
20260124,N.S6N10
20260124,N.S6N11
20260124,N.TMRF
20260124,N.TYSF
20260124,N.URHF
20260125,N.GJMF
20260125,N.HIDF
20260125,N.HSSF
20260125,N.IMGF
20260125,N.IYGF
20260125,N.KSNF
20260125,N.KSRF
20260125,N.NMRF
20260125,N.OOWF
20260125,N.S3N01
20260125,N.S3N02
20260125,N.S3N03
20260125,N.S3N04
20260125,N.S3N05
20260125,N.S3N06
20260125,N.S3N07
20260125,N.S3N08
20260125,N.S3N09
20260125,N.S3N10
20260125,N.S3N11
20260125,N.S3N12
20260125,N.S3N13
20260125,N.S3N14
20260125,N.S3N15
20260125,N.S3N16
20260125,N.S3N17
20260125,N.S3N18
20260125,N.S3N19
20260125,N.S3N23
20260125,N.S3N24
20260125,N.S3N25
20260125,N.S3N26
20260125,N.S4N01
20260125,N.S4N02
20260125,N.S4N03
20260125,N.S4N04
20260125,N.S4N05
20260125,N.S4N06
20260125,N.S4N07
20260125,N.S4N08
20260125,N.S4N09
20260125,N.S4N10
20260125,N.S4N11
20260125,N.S4N12
20260125,N.S4N13
20260125,N.S4N14
20260125,N.S4N15
20260125,N.S4N16
20260125,N.S4N17
20260125,N.S4N18
20260125,N.S4N19
20260125,N.S4N20
20260125,N.S4N21
20260125,N.S4N22
20260125,N.S4N23
20260125,N.S4N24
20260125,N.S4N25
20260125,N.S4N26
20260125,N.S4N27
20260125,N.S4N28
20260125,N.S5N01
20260125,N.S5N02
20260125,N.S5N03
20260125,N.S5N04
20260125,N.S5N05
20260125,N.S5N06
20260125,N.S5N07
20260125,N.S5N08
20260125,N.S5N09
20260125,N.S5N10
20260125,N.S5N11
20260125,N.S5N12
20260125,N.S5N13
20260125,N.S5N14
20260125,N.S5N15
20260125,N.S5N16
20260125,N.S5N17
20260125,N.S5N18
20260125,N.S5N19
20260125,N.S5N20
20260125,N.S5N21
20260125,N.S5N22
20260125,N.S5N23
20260125,N.S6N05
20260125,N.S6N06
20260125,N.S6N07
20260125,N.S6N08
20260125,N.S6N09
20260125,N.S6N10
20260125,N.S6N11
20260125,N.TMRF
20260125,N.TYSF
20260125,N.URHF
20260126,N.GJMF
20260126,N.HIDF
20260126,N.HSSF
20260126,N.IMGF
20260126,N.IYGF
20260126,N.KSNF
20260126,N.KSRF
20260126,N.NMRF
20260126,N.OOWF
20260126,N.S3N01
20260126,N.S3N02
20260126,N.S3N03
20260126,N.S3N04
20260126,N.S3N05
20260126,N.S3N06
20260126,N.S3N07
20260126,N.S3N08
20260126,N.S3N09
20260126,N.S3N10
20260126,N.S3N11
20260126,N.S3N12
20260126,N.S3N13
20260126,N.S3N14
20260126,N.S3N15
20260126,N.S3N16
20260126,N.S3N17
20260126,N.S3N18
20260126,N.S3N19
20260126,N.S3N23
20260126,N.S3N24
20260126,N.S3N25
20260126,N.S3N26
20260126,N.S4N01
20260126,N.S4N02
20260126,N.S4N03
20260126,N.S4N04
20260126,N.S4N05
20260126,N.S4N06
20260126,N.S4N07
20260126,N.S4N08
20260126,N.S4N09
20260126,N.S4N10
20260126,N.S4N11
20260126,N.S4N12
20260126,N.S4N13
20260126,N.S4N14
20260126,N.S4N15
20260126,N.S4N16
20260126,N.S4N17
20260126,N.S4N18
20260126,N.S4N19
20260126,N.S4N20
20260126,N.S4N21
20260126,N.S4N22
20260126,N.S4N23
20260126,N.S4N24
20260126,N.S4N25
20260126,N.S4N26
20260126,N.S4N27
20260126,N.S4N28
20260126,N.S5N01
20260126,N.S5N02
20260126,N.S5N03
20260126,N.S5N04
20260126,N.S5N05
20260126,N.S5N06
20260126,N.S5N07
20260126,N.S5N08
20260126,N.S5N09
20260126,N.S5N10
20260126,N.S5N11
20260126,N.S5N12
20260126,N.S5N13
20260126,N.S5N14
20260126,N.S5N15
20260126,N.S5N16
20260126,N.S5N17
20260126,N.S5N18
20260126,N.S5N19
20260126,N.S5N20
20260126,N.S5N21
20260126,N.S5N22
20260126,N.S5N23
20260126,N.S6N05
20260126,N.S6N06
20260126,N.S6N07
20260126,N.S6N08
20260126,N.S6N09
20260126,N.S6N10
20260126,N.S6N11
20260126,N.TMRF
20260126,N.TYSF
20260126,N.URHF
20260127,N.GJMF
20260127,N.HIDF
20260127,N.HSSF
20260127,N.IMGF
20260127,N.IYGF
20260127,N.KSNF
20260127,N.KSRF
20260127,N.NMRF
20260127,N.OOWF
20260127,N.S3N01
20260127,N.S3N02
20260127,N.S3N03
20260127,N.S3N04
20260127,N.S3N05
20260127,N.S3N06
20260127,N.S3N07
20260127,N.S3N08
20260127,N.S3N09
20260127,N.S3N10
20260127,N.S3N11
20260127,N.S3N12
20260127,N.S3N13
20260127,N.S3N14
20260127,N.S3N15
20260127,N.S3N16
20260127,N.S3N17
20260127,N.S3N18
20260127,N.S3N19
20260127,N.S3N23
20260127,N.S3N24
20260127,N.S3N25
20260127,N.S3N26
20260127,N.S4N01
20260127,N.S4N02
20260127,N.S4N03
20260127,N.S4N04
20260127,N.S4N05
20260127,N.S4N06
20260127,N.S4N07
20260127,N.S4N08
20260127,N.S4N09
20260127,N.S4N10
20260127,N.S4N11
20260127,N.S4N12
20260127,N.S4N13
20260127,N.S4N14
20260127,N.S4N15
20260127,N.S4N16
20260127,N.S4N17
20260127,N.S4N18
20260127,N.S4N19
20260127,N.S4N20
20260127,N.S4N21
20260127,N.S4N22
20260127,N.S4N23
20260127,N.S4N24
20260127,N.S4N25
20260127,N.S4N26
20260127,N.S4N27
20260127,N.S4N28
20260127,N.S5N01
20260127,N.S5N02
20260127,N.S5N03
20260127,N.S5N04
20260127,N.S5N05
20260127,N.S5N06
20260127,N.S5N07
20260127,N.S5N08
20260127,N.S5N09
20260127,N.S5N10
20260127,N.S5N11
20260127,N.S5N12
20260127,N.S5N13
20260127,N.S5N14
20260127,N.S5N15
20260127,N.S5N16
20260127,N.S5N17
20260127,N.S5N18
20260127,N.S5N19
20260127,N.S5N20
20260127,N.S5N21
20260127,N.S5N22
20260127,N.S5N23
20260127,N.S6N05
20260127,N.S6N06
20260127,N.S6N07
20260127,N.S6N08
20260127,N.S6N09
20260127,N.S6N10
20260127,N.S6N11
20260127,N.TMRF
20260127,N.TYSF
20260127,N.URHF
20260128,N.GJMF
20260128,N.HIDF
20260128,N.HSSF
20260128,N.IMGF
20260128,N.IYGF
20260128,N.KSNF
20260128,N.KSRF
20260128,N.NMRF
20260128,N.OOWF
20260128,N.S3N01
20260128,N.S3N02
20260128,N.S3N03
20260128,N.S3N04
20260128,N.S3N05
20260128,N.S3N06
20260128,N.S3N07
20260128,N.S3N08
20260128,N.S3N09
20260128,N.S3N10
20260128,N.S3N11
20260128,N.S3N12
20260128,N.S3N13
20260128,N.S3N14
20260128,N.S3N15
20260128,N.S3N16
20260128,N.S3N17
20260128,N.S3N18
20260128,N.S3N19
20260128,N.S3N23
20260128,N.S3N24
20260128,N.S3N25
20260128,N.S3N26
20260128,N.S4N01
20260128,N.S4N02
20260128,N.S4N03
20260128,N.S4N04
20260128,N.S4N05
20260128,N.S4N06
20260128,N.S4N07
20260128,N.S4N08
20260128,N.S4N09
20260128,N.S4N10
20260128,N.S4N11
20260128,N.S4N12
20260128,N.S4N13
20260128,N.S4N14
20260128,N.S4N15
20260128,N.S4N16
20260128,N.S4N17
20260128,N.S4N18
20260128,N.S4N19
20260128,N.S4N20
20260128,N.S4N21
20260128,N.S4N22
20260128,N.S4N23
20260128,N.S4N24
20260128,N.S4N25
20260128,N.S4N26
20260128,N.S4N27
20260128,N.S4N28
20260128,N.S5N01
20260128,N.S5N02
20260128,N.S5N03
20260128,N.S5N04
20260128,N.S5N05
20260128,N.S5N06
20260128,N.S5N07
20260128,N.S5N08
20260128,N.S5N09
20260128,N.S5N10
20260128,N.S5N11
20260128,N.S5N12
20260128,N.S5N13
20260128,N.S5N14
20260128,N.S5N15
20260128,N.S5N16
20260128,N.S5N17
20260128,N.S5N18
20260128,N.S5N19
20260128,N.S5N20
20260128,N.S5N21
20260128,N.S5N22
20260128,N.S5N23
20260128,N.S6N05
20260128,N.S6N06
20260128,N.S6N07
20260128,N.S6N08
20260128,N.S6N09
20260128,N.S6N10
20260128,N.S6N11
20260128,N.TMRF
20260128,N.TYSF
20260128,N.URHF
20260129,N.GJMF
20260129,N.HIDF
20260129,N.HSSF
20260129,N.IMGF
20260129,N.IYGF
20260129,N.KSNF
20260129,N.KSRF
20260129,N.NMRF
20260129,N.OOWF
20260129,N.S3N01
20260129,N.S3N02
20260129,N.S3N03
20260129,N.S3N04
20260129,N.S3N05
20260129,N.S3N06
20260129,N.S3N07
20260129,N.S3N08
20260129,N.S3N09
20260129,N.S3N10
20260129,N.S3N11
20260129,N.S3N12
20260129,N.S3N13
20260129,N.S3N14
20260129,N.S3N15
20260129,N.S3N16
20260129,N.S3N17
20260129,N.S3N18
20260129,N.S3N19
20260129,N.S3N23
20260129,N.S3N24
20260129,N.S3N25
20260129,N.S3N26
20260129,N.S4N01
20260129,N.S4N02
20260129,N.S4N03
20260129,N.S4N04
20260129,N.S4N05
20260129,N.S4N06
20260129,N.S4N07
20260129,N.S4N08
20260129,N.S4N09
20260129,N.S4N10
20260129,N.S4N11
20260129,N.S4N12
20260129,N.S4N13
20260129,N.S4N14
20260129,N.S4N15
20260129,N.S4N16
20260129,N.S4N17
20260129,N.S4N18
20260129,N.S4N19
20260129,N.S4N20
20260129,N.S4N21
20260129,N.S4N22
20260129,N.S4N23
20260129,N.S4N24
20260129,N.S4N25
20260129,N.S4N26
20260129,N.S4N27
20260129,N.S4N28
20260129,N.S5N01
20260129,N.S5N02
20260129,N.S5N03
20260129,N.S5N04
20260129,N.S5N05
20260129,N.S5N06
20260129,N.S5N07
20260129,N.S5N08
20260129,N.S5N09
20260129,N.S5N10
20260129,N.S5N11
20260129,N.S5N12
20260129,N.S5N13
20260129,N.S5N14
20260129,N.S5N15
20260129,N.S5N16
20260129,N.S5N17
20260129,N.S5N18
20260129,N.S5N19
20260129,N.S5N20
20260129,N.S5N21
20260129,N.S5N22
20260129,N.S5N23
20260129,N.S6N05
20260129,N.S6N06
20260129,N.S6N07
20260129,N.S6N08
20260129,N.S6N09
20260129,N.S6N10
20260129,N.S6N11
20260129,N.TMRF
20260129,N.TYSF
20260129,N.URHF
20260130,N.GJMF
20260130,N.HIDF
20260130,N.HSSF
20260130,N.IMGF
20260130,N.IYGF
20260130,N.KSNF
20260130,N.KSRF
20260130,N.NMRF
20260130,N.OOWF
20260130,N.S3N01
20260130,N.S3N02
20260130,N.S3N03
20260130,N.S3N04
20260130,N.S3N05
20260130,N.S3N06
20260130,N.S3N07
20260130,N.S3N08
20260130,N.S3N09
20260130,N.S3N10
20260130,N.S3N11
20260130,N.S3N12
20260130,N.S3N13
20260130,N.S3N14
20260130,N.S3N15
20260130,N.S3N16
20260130,N.S3N17
20260130,N.S3N18
20260130,N.S3N19
20260130,N.S3N23
20260130,N.S3N24
20260130,N.S3N25
20260130,N.S3N26
20260130,N.S4N01
20260130,N.S4N02
20260130,N.S4N03
20260130,N.S4N04
20260130,N.S4N05
20260130,N.S4N06
20260130,N.S4N07
20260130,N.S4N08
20260130,N.S4N09
20260130,N.S4N10
20260130,N.S4N11
20260130,N.S4N12
20260130,N.S4N13
20260130,N.S4N14
20260130,N.S4N15
20260130,N.S4N16
20260130,N.S4N17
20260130,N.S4N18
20260130,N.S4N19
20260130,N.S4N20
20260130,N.S4N21
20260130,N.S4N22
20260130,N.S4N23
20260130,N.S4N24
20260130,N.S4N25
20260130,N.S4N26
20260130,N.S4N27
20260130,N.S4N28
20260130,N.S5N01
20260130,N.S5N02
20260130,N.S5N03
20260130,N.S5N04
20260130,N.S5N05
20260130,N.S5N06
20260130,N.S5N07
20260130,N.S5N08
20260130,N.S5N09
20260130,N.S5N10
20260130,N.S5N11
20260130,N.S5N12
20260130,N.S5N13
20260130,N.S5N14
20260130,N.S5N15
20260130,N.S5N16
20260130,N.S5N17
20260130,N.S5N18
20260130,N.S5N19
20260130,N.S5N20
20260130,N.S5N21
20260130,N.S5N22
20260130,N.S5N23
20260130,N.S6N05
20260130,N.S6N06
20260130,N.S6N07
20260130,N.S6N08
20260130,N.S6N09
20260130,N.S6N10
20260130,N.S6N11
20260130,N.TMRF
20260130,N.TYSF
20260130,N.URHF
20260131,N.GJMF
20260131,N.HIDF
20260131,N.HSSF
20260131,N.IMGF
20260131,N.IYGF
20260131,N.KSNF
20260131,N.KSRF
20260131,N.NMRF
20260131,N.OOWF
20260131,N.S3N01
20260131,N.S3N02
20260131,N.S3N03
20260131,N.S3N04
20260131,N.S3N05
20260131,N.S3N06
20260131,N.S3N07
20260131,N.S3N08
20260131,N.S3N09
20260131,N.S3N10
20260131,N.S3N11
20260131,N.S3N12
20260131,N.S3N13
20260131,N.S3N14
20260131,N.S3N15
20260131,N.S3N16
20260131,N.S3N17
20260131,N.S3N18
20260131,N.S3N19
20260131,N.S3N23
20260131,N.S3N24
20260131,N.S3N25
20260131,N.S3N26
20260131,N.S4N01
20260131,N.S4N02
20260131,N.S4N03
20260131,N.S4N04
20260131,N.S4N05
20260131,N.S4N06
20260131,N.S4N07
20260131,N.S4N08
20260131,N.S4N09
20260131,N.S4N10
20260131,N.S4N11
20260131,N.S4N12
20260131,N.S4N13
20260131,N.S4N14
20260131,N.S4N15
20260131,N.S4N16
20260131,N.S4N17
20260131,N.S4N18
20260131,N.S4N19
20260131,N.S4N20
20260131,N.S4N21
20260131,N.S4N22
20260131,N.S4N23
20260131,N.S4N24
20260131,N.S4N25
20260131,N.S4N26
20260131,N.S4N27
20260131,N.S4N28
20260131,N.S5N01
20260131,N.S5N02
20260131,N.S5N03
20260131,N.S5N04
20260131,N.S5N05
20260131,N.S5N06
20260131,N.S5N07
20260131,N.S5N08
20260131,N.S5N09
20260131,N.S5N10
20260131,N.S5N11
20260131,N.S5N12
20260131,N.S5N13
20260131,N.S5N14
20260131,N.S5N15
20260131,N.S5N16
20260131,N.S5N17
20260131,N.S5N18
20260131,N.S5N19
20260131,N.S5N20
20260131,N.S5N21
20260131,N.S5N22
20260131,N.S5N23
20260131,N.S6N05
20260131,N.S6N06
20260131,N.S6N07
20260131,N.S6N08
20260131,N.S6N09
20260131,N.S6N10
20260131,N.S6N11
20260131,N.TMRF
20260131,N.TYSF
20260131,N.URHF
20260201,N.GJMF
20260201,N.HIDF
20260201,N.HSSF
20260201,N.IMGF
20260201,N.IYGF
20260201,N.KSNF
20260201,N.KSRF
20260201,N.NMRF
20260201,N.OOWF
20260201,N.S3N01
20260201,N.S3N02
20260201,N.S3N03
20260201,N.S3N04
20260201,N.S3N05
20260201,N.S3N06
20260201,N.S3N07
20260201,N.S3N08
20260201,N.S3N09
20260201,N.S3N10
20260201,N.S3N11
20260201,N.S3N12
20260201,N.S3N13
20260201,N.S3N14
20260201,N.S3N15
20260201,N.S3N16
20260201,N.S3N17
20260201,N.S3N18
20260201,N.S3N19
20260201,N.S3N23
20260201,N.S3N24
20260201,N.S3N25
20260201,N.S3N26
20260201,N.S4N01
20260201,N.S4N02
20260201,N.S4N03
20260201,N.S4N04
20260201,N.S4N05
20260201,N.S4N06
20260201,N.S4N07
20260201,N.S4N08
20260201,N.S4N09
20260201,N.S4N10
20260201,N.S4N11
20260201,N.S4N12
20260201,N.S4N13
20260201,N.S4N14
20260201,N.S4N15
20260201,N.S4N16
20260201,N.S4N17
20260201,N.S4N18
20260201,N.S4N19
20260201,N.S4N20
20260201,N.S4N21
20260201,N.S4N22
20260201,N.S4N23
20260201,N.S4N24
20260201,N.S4N25
20260201,N.S4N26
20260201,N.S4N27
20260201,N.S4N28
20260201,N.S5N01
20260201,N.S5N02
20260201,N.S5N03
20260201,N.S5N04
20260201,N.S5N05
20260201,N.S5N06
20260201,N.S5N07
20260201,N.S5N08
20260201,N.S5N09
20260201,N.S5N10
20260201,N.S5N11
20260201,N.S5N12
20260201,N.S5N13
20260201,N.S5N14
20260201,N.S5N15
20260201,N.S5N16
20260201,N.S5N17
20260201,N.S5N18
20260201,N.S5N19
20260201,N.S5N20
20260201,N.S5N21
20260201,N.S5N22
20260201,N.S5N23
20260201,N.S6N05
20260201,N.S6N06
20260201,N.S6N07
20260201,N.S6N08
20260201,N.S6N09
20260201,N.S6N10
20260201,N.S6N11
20260201,N.TMRF
20260201,N.TYSF
20260201,N.URHF
20260202,N.GJMF
20260202,N.HIDF
20260202,N.HSSF
20260202,N.IMGF
20260202,N.IYGF
20260202,N.KSNF
20260202,N.KSRF
20260202,N.NMRF
20260202,N.OOWF
20260202,N.S3N01
20260202,N.S3N02
20260202,N.S3N03
20260202,N.S3N04
20260202,N.S3N05
20260202,N.S3N06
20260202,N.S3N07
20260202,N.S3N08
20260202,N.S3N09
20260202,N.S3N10
20260202,N.S3N11
20260202,N.S3N12
20260202,N.S3N13
20260202,N.S3N14
20260202,N.S3N15
20260202,N.S3N16
20260202,N.S3N17
20260202,N.S3N18
20260202,N.S3N19
20260202,N.S3N23
20260202,N.S3N24
20260202,N.S3N25
20260202,N.S3N26
20260202,N.S4N01
20260202,N.S4N02
20260202,N.S4N03
20260202,N.S4N04
20260202,N.S4N05
20260202,N.S4N06
20260202,N.S4N07
20260202,N.S4N08
20260202,N.S4N09
20260202,N.S4N10
20260202,N.S4N11
20260202,N.S4N12
20260202,N.S4N13
20260202,N.S4N14
20260202,N.S4N15
20260202,N.S4N16
20260202,N.S4N17
20260202,N.S4N18
20260202,N.S4N19
20260202,N.S4N20
20260202,N.S4N21
20260202,N.S4N22
20260202,N.S4N23
20260202,N.S4N24
20260202,N.S4N25
20260202,N.S4N26
20260202,N.S4N27
20260202,N.S4N28
20260202,N.S5N01
20260202,N.S5N02
20260202,N.S5N03
20260202,N.S5N04
20260202,N.S5N05
20260202,N.S5N06
20260202,N.S5N07
20260202,N.S5N08
20260202,N.S5N09
20260202,N.S5N10
20260202,N.S5N11
20260202,N.S5N12
20260202,N.S5N13
20260202,N.S5N14
20260202,N.S5N15
20260202,N.S5N16
20260202,N.S5N17
20260202,N.S5N18
20260202,N.S5N19
20260202,N.S5N20
20260202,N.S5N21
20260202,N.S5N22
20260202,N.S5N23
20260202,N.S6N05
20260202,N.S6N06
20260202,N.S6N07
20260202,N.S6N08
20260202,N.S6N09
20260202,N.S6N10
20260202,N.S6N11
20260202,N.TMRF
20260202,N.TYSF
20260202,N.URHF
20260203,N.GJMF
20260203,N.HIDF
20260203,N.HSSF
20260203,N.IMGF
20260203,N.IYGF
20260203,N.KSNF
20260203,N.KSRF
20260203,N.NMRF
20260203,N.OOWF
20260203,N.S3N01
20260203,N.S3N02
20260203,N.S3N03
20260203,N.S3N04
20260203,N.S3N05
20260203,N.S3N06
20260203,N.S3N07
20260203,N.S3N08
20260203,N.S3N09
20260203,N.S3N10
20260203,N.S3N11
20260203,N.S3N12
20260203,N.S3N13
20260203,N.S3N14
20260203,N.S3N15
20260203,N.S3N16
20260203,N.S3N17
20260203,N.S3N18
20260203,N.S3N19
20260203,N.S3N23
20260203,N.S3N24
20260203,N.S3N25
20260203,N.S3N26
20260203,N.S4N01
20260203,N.S4N02
20260203,N.S4N03
20260203,N.S4N04
20260203,N.S4N05
20260203,N.S4N06
20260203,N.S4N07
20260203,N.S4N08
20260203,N.S4N09
20260203,N.S4N10
20260203,N.S4N11
20260203,N.S4N12
20260203,N.S4N13
20260203,N.S4N14
20260203,N.S4N15
20260203,N.S4N16
20260203,N.S4N17
20260203,N.S4N18
20260203,N.S4N19
20260203,N.S4N20
20260203,N.S4N21
20260203,N.S4N22
20260203,N.S4N23
20260203,N.S4N24
20260203,N.S4N25
20260203,N.S4N26
20260203,N.S4N27
20260203,N.S4N28
20260203,N.S5N01
20260203,N.S5N02
20260203,N.S5N03
20260203,N.S5N04
20260203,N.S5N05
20260203,N.S5N06
20260203,N.S5N07
20260203,N.S5N08
20260203,N.S5N09
20260203,N.S5N10
20260203,N.S5N11
20260203,N.S5N12
20260203,N.S5N13
20260203,N.S5N14
20260203,N.S5N15
20260203,N.S5N16
20260203,N.S5N17
20260203,N.S5N18
20260203,N.S5N19
20260203,N.S5N20
20260203,N.S5N21
20260203,N.S5N22
20260203,N.S5N23
20260203,N.S6N05
20260203,N.S6N06
20260203,N.S6N07
20260203,N.S6N08
20260203,N.S6N09
20260203,N.S6N10
20260203,N.S6N11
20260203,N.TMRF
20260203,N.TYSF
20260203,N.URHF
20260204,N.GJMF
20260204,N.HIDF
20260204,N.HSSF
20260204,N.IMGF
20260204,N.IYGF
20260204,N.KSNF
20260204,N.KSRF
20260204,N.NMRF
20260204,N.OOWF
20260204,N.S3N01
20260204,N.S3N02
20260204,N.S3N03
20260204,N.S3N04
20260204,N.S3N05
20260204,N.S3N06
20260204,N.S3N07
20260204,N.S3N08
20260204,N.S3N09
20260204,N.S3N10
20260204,N.S3N11
20260204,N.S3N12
20260204,N.S3N13
20260204,N.S3N14
20260204,N.S3N15
20260204,N.S3N16
20260204,N.S3N17
20260204,N.S3N18
20260204,N.S3N19
20260204,N.S3N23
20260204,N.S3N24
20260204,N.S3N25
20260204,N.S3N26
20260204,N.S4N01
20260204,N.S4N02
20260204,N.S4N03
20260204,N.S4N04
20260204,N.S4N05
20260204,N.S4N06
20260204,N.S4N07
20260204,N.S4N08
20260204,N.S4N09
20260204,N.S4N10
20260204,N.S4N11
20260204,N.S4N12
20260204,N.S4N13
20260204,N.S4N14
20260204,N.S4N15
20260204,N.S4N16
20260204,N.S4N17
20260204,N.S4N18
20260204,N.S4N19
20260204,N.S4N20
20260204,N.S4N21
20260204,N.S4N22
20260204,N.S4N23
20260204,N.S4N24
20260204,N.S4N25
20260204,N.S4N26
20260204,N.S4N27
20260204,N.S4N28
20260204,N.S5N01
20260204,N.S5N02
20260204,N.S5N03
20260204,N.S5N04
20260204,N.S5N05
20260204,N.S5N06
20260204,N.S5N07
20260204,N.S5N08
20260204,N.S5N09
20260204,N.S5N10
20260204,N.S5N11
20260204,N.S5N12
20260204,N.S5N13
20260204,N.S5N14
20260204,N.S5N15
20260204,N.S5N16
20260204,N.S5N17
20260204,N.S5N18
20260204,N.S5N19
20260204,N.S5N20
20260204,N.S5N21
20260204,N.S5N22
20260204,N.S5N23
20260204,N.S6N05
20260204,N.S6N06
20260204,N.S6N07
20260204,N.S6N08
20260204,N.S6N09
20260204,N.S6N10
20260204,N.S6N11
20260204,N.TMRF
20260204,N.TYSF
20260204,N.URHF
20260205,N.GJMF
20260205,N.HIDF
20260205,N.HSSF
20260205,N.IMGF
20260205,N.IYGF
20260205,N.KSNF
20260205,N.KSRF
20260205,N.NMRF
20260205,N.OOWF
20260205,N.S3N01
20260205,N.S3N02
20260205,N.S3N03
20260205,N.S3N04
20260205,N.S3N05
20260205,N.S3N06
20260205,N.S3N07
20260205,N.S3N08
20260205,N.S3N09
20260205,N.S3N10
20260205,N.S3N11
20260205,N.S3N12
20260205,N.S3N13
20260205,N.S3N14
20260205,N.S3N15
20260205,N.S3N16
20260205,N.S3N17
20260205,N.S3N18
20260205,N.S3N19
20260205,N.S3N23
20260205,N.S3N24
20260205,N.S3N25
20260205,N.S3N26
20260205,N.S4N01
20260205,N.S4N02
20260205,N.S4N03
20260205,N.S4N04
20260205,N.S4N05
20260205,N.S4N06
20260205,N.S4N07
20260205,N.S4N08
20260205,N.S4N09
20260205,N.S4N10
20260205,N.S4N11
20260205,N.S4N12
20260205,N.S4N13
20260205,N.S4N14
20260205,N.S4N15
20260205,N.S4N16
20260205,N.S4N17
20260205,N.S4N18
20260205,N.S4N19
20260205,N.S4N20
20260205,N.S4N21
20260205,N.S4N22
20260205,N.S4N23
20260205,N.S4N24
20260205,N.S4N25
20260205,N.S4N26
20260205,N.S4N27
20260205,N.S4N28
20260205,N.S5N01
20260205,N.S5N02
20260205,N.S5N03
20260205,N.S5N04
20260205,N.S5N05
20260205,N.S5N06
20260205,N.S5N07
20260205,N.S5N08
20260205,N.S5N09
20260205,N.S5N10
20260205,N.S5N11
20260205,N.S5N12
20260205,N.S5N13
20260205,N.S5N14
20260205,N.S5N15
20260205,N.S5N16
20260205,N.S5N17
20260205,N.S5N18
20260205,N.S5N19
20260205,N.S5N20
20260205,N.S5N21
20260205,N.S5N22
20260205,N.S5N23
20260205,N.S6N05
20260205,N.S6N06
20260205,N.S6N07
20260205,N.S6N08
20260205,N.S6N09
20260205,N.S6N10
20260205,N.S6N11
20260205,N.TMRF
20260205,N.TYSF
20260205,N.URHF
20260206,N.GJMF
20260206,N.HIDF
20260206,N.HSSF
20260206,N.IMGF
20260206,N.IYGF
20260206,N.KSNF
20260206,N.KSRF
20260206,N.NMRF
20260206,N.OOWF
20260206,N.S3N01
20260206,N.S3N02
20260206,N.S3N03
20260206,N.S3N04
20260206,N.S3N05
20260206,N.S3N06
20260206,N.S3N07
20260206,N.S3N08
20260206,N.S3N09
20260206,N.S3N10
20260206,N.S3N11
20260206,N.S3N12
20260206,N.S3N13
20260206,N.S3N14
20260206,N.S3N15
20260206,N.S3N16
20260206,N.S3N17
20260206,N.S3N18
20260206,N.S3N19
20260206,N.S3N23
20260206,N.S3N24
20260206,N.S3N25
20260206,N.S3N26
20260206,N.S4N01
20260206,N.S4N02
20260206,N.S4N03
20260206,N.S4N04
20260206,N.S4N05
20260206,N.S4N06
20260206,N.S4N07
20260206,N.S4N08
20260206,N.S4N09
20260206,N.S4N10
20260206,N.S4N11
20260206,N.S4N12
20260206,N.S4N13
20260206,N.S4N14
20260206,N.S4N15
20260206,N.S4N16
20260206,N.S4N17
20260206,N.S4N18
20260206,N.S4N19
20260206,N.S4N20
20260206,N.S4N21
20260206,N.S4N22
20260206,N.S4N23
20260206,N.S4N24
20260206,N.S4N25
20260206,N.S4N26
20260206,N.S4N27
20260206,N.S4N28
20260206,N.S5N01
20260206,N.S5N02
20260206,N.S5N03
20260206,N.S5N04
20260206,N.S5N05
20260206,N.S5N06
20260206,N.S5N07
20260206,N.S5N08
20260206,N.S5N09
20260206,N.S5N10
20260206,N.S5N11
20260206,N.S5N12
20260206,N.S5N13
20260206,N.S5N14
20260206,N.S5N15
20260206,N.S5N16
20260206,N.S5N17
20260206,N.S5N18
20260206,N.S5N19
20260206,N.S5N20
20260206,N.S5N21
20260206,N.S5N22
20260206,N.S5N23
20260206,N.S6N05
20260206,N.S6N06
20260206,N.S6N07
20260206,N.S6N08
20260206,N.S6N09
20260206,N.S6N10
20260206,N.S6N11
20260206,N.TMRF
20260206,N.TYSF
20260206,N.URHF
20260207,N.GJMF
20260207,N.HIDF
20260207,N.HSSF
20260207,N.IMGF
20260207,N.IYGF
20260207,N.KSNF
20260207,N.KSRF
20260207,N.NMRF
20260207,N.OOWF
20260207,N.S3N01
20260207,N.S3N02
20260207,N.S3N03
20260207,N.S3N04
20260207,N.S3N05
20260207,N.S3N06
20260207,N.S3N07
20260207,N.S3N08
20260207,N.S3N09
20260207,N.S3N10
20260207,N.S3N11
20260207,N.S3N12
20260207,N.S3N13
20260207,N.S3N14
20260207,N.S3N15
20260207,N.S3N16
20260207,N.S3N17
20260207,N.S3N18
20260207,N.S3N19
20260207,N.S3N23
20260207,N.S3N24
20260207,N.S3N25
20260207,N.S3N26
20260207,N.S4N01
20260207,N.S4N02
20260207,N.S4N03
20260207,N.S4N04
20260207,N.S4N05
20260207,N.S4N06
20260207,N.S4N07
20260207,N.S4N08
20260207,N.S4N09
20260207,N.S4N10
20260207,N.S4N11
20260207,N.S4N12
20260207,N.S4N13
20260207,N.S4N14
20260207,N.S4N15
20260207,N.S4N16
20260207,N.S4N17
20260207,N.S4N18
20260207,N.S4N19
20260207,N.S4N20
20260207,N.S4N21
20260207,N.S4N22
20260207,N.S4N23
20260207,N.S4N24
20260207,N.S4N25
20260207,N.S4N26
20260207,N.S4N27
20260207,N.S4N28
20260207,N.S5N01
20260207,N.S5N02
20260207,N.S5N03
20260207,N.S5N04
20260207,N.S5N05
20260207,N.S5N06
20260207,N.S5N07
20260207,N.S5N08
20260207,N.S5N09
20260207,N.S5N10
20260207,N.S5N11
20260207,N.S5N12
20260207,N.S5N13
20260207,N.S5N14
20260207,N.S5N15
20260207,N.S5N16
20260207,N.S5N17
20260207,N.S5N18
20260207,N.S5N19
20260207,N.S5N20
20260207,N.S5N21
20260207,N.S5N22
20260207,N.S5N23
20260207,N.S6N05
20260207,N.S6N06
20260207,N.S6N07
20260207,N.S6N08
20260207,N.S6N09
20260207,N.S6N10
20260207,N.S6N11
20260207,N.TMRF
20260207,N.TYSF
20260207,N.URHF
20260208,N.GJMF
20260208,N.HIDF
20260208,N.HSSF
20260208,N.IMGF
20260208,N.IYGF
20260208,N.KSNF
20260208,N.KSRF
20260208,N.NMRF
20260208,N.OOWF
20260208,N.S3N01
20260208,N.S3N02
20260208,N.S3N03
20260208,N.S3N04
20260208,N.S3N05
20260208,N.S3N06
20260208,N.S3N07
20260208,N.S3N08
20260208,N.S3N09
20260208,N.S3N10
20260208,N.S3N11
20260208,N.S3N12
20260208,N.S3N13
20260208,N.S3N14
20260208,N.S3N15
20260208,N.S3N16
20260208,N.S3N17
20260208,N.S3N18
20260208,N.S3N19
20260208,N.S3N23
20260208,N.S3N24
20260208,N.S3N25
20260208,N.S3N26
20260208,N.S4N01
20260208,N.S4N02
20260208,N.S4N03
20260208,N.S4N04
20260208,N.S4N05
20260208,N.S4N06
20260208,N.S4N07
20260208,N.S4N08
20260208,N.S4N09
20260208,N.S4N10
20260208,N.S4N11
20260208,N.S4N12
20260208,N.S4N13
20260208,N.S4N14
20260208,N.S4N15
20260208,N.S4N16
20260208,N.S4N17
20260208,N.S4N18
20260208,N.S4N19
20260208,N.S4N20
20260208,N.S4N21
20260208,N.S4N22
20260208,N.S4N23
20260208,N.S4N24
20260208,N.S4N25
20260208,N.S4N26
20260208,N.S4N27
20260208,N.S4N28
20260208,N.S5N01
20260208,N.S5N02
20260208,N.S5N03
20260208,N.S5N04
20260208,N.S5N05
20260208,N.S5N06
20260208,N.S5N07
20260208,N.S5N08
20260208,N.S5N09
20260208,N.S5N10
20260208,N.S5N11
20260208,N.S5N12
20260208,N.S5N13
20260208,N.S5N14
20260208,N.S5N15
20260208,N.S5N16
20260208,N.S5N17
20260208,N.S5N18
20260208,N.S5N19
20260208,N.S5N20
20260208,N.S5N21
20260208,N.S5N22
20260208,N.S5N23
20260208,N.S6N05
20260208,N.S6N06
20260208,N.S6N07
20260208,N.S6N08
20260208,N.S6N09
20260208,N.S6N10
20260208,N.S6N11
20260208,N.TMRF
20260208,N.TYSF
20260208,N.URHF
20260209,N.GJMF
20260209,N.HIDF
20260209,N.HSSF
20260209,N.IMGF
20260209,N.IYGF
20260209,N.KSNF
20260209,N.KSRF
20260209,N.NMRF
20260209,N.OOWF
20260209,N.S3N01
20260209,N.S3N02
20260209,N.S3N03
20260209,N.S3N04
20260209,N.S3N05
20260209,N.S3N06
20260209,N.S3N07
20260209,N.S3N08
20260209,N.S3N09
20260209,N.S3N10
20260209,N.S3N11
20260209,N.S3N12
20260209,N.S3N13
20260209,N.S3N14
20260209,N.S3N15
20260209,N.S3N16
20260209,N.S3N17
20260209,N.S3N18
20260209,N.S3N19
20260209,N.S3N23
20260209,N.S3N24
20260209,N.S3N25
20260209,N.S3N26
20260209,N.S4N01
20260209,N.S4N02
20260209,N.S4N03
20260209,N.S4N04
20260209,N.S4N05
20260209,N.S4N06
20260209,N.S4N07
20260209,N.S4N08
20260209,N.S4N09
20260209,N.S4N10
20260209,N.S4N11
20260209,N.S4N12
20260209,N.S4N13
20260209,N.S4N14
20260209,N.S4N15
20260209,N.S4N16
20260209,N.S4N17
20260209,N.S4N18
20260209,N.S4N19
20260209,N.S4N20
20260209,N.S4N21
20260209,N.S4N22
20260209,N.S4N23
20260209,N.S4N24
20260209,N.S4N25
20260209,N.S4N26
20260209,N.S4N27
20260209,N.S4N28
20260209,N.S5N01
20260209,N.S5N02
20260209,N.S5N03
20260209,N.S5N04
20260209,N.S5N05
20260209,N.S5N06
20260209,N.S5N07
20260209,N.S5N08
20260209,N.S5N09
20260209,N.S5N10
20260209,N.S5N11
20260209,N.S5N12
20260209,N.S5N13
20260209,N.S5N14
20260209,N.S5N15
20260209,N.S5N16
20260209,N.S5N17
20260209,N.S5N18
20260209,N.S5N19
20260209,N.S5N20
20260209,N.S5N21
20260209,N.S5N22
20260209,N.S5N23
20260209,N.S6N05
20260209,N.S6N06
20260209,N.S6N07
20260209,N.S6N08
20260209,N.S6N09
20260209,N.S6N10
20260209,N.S6N11
20260209,N.TMRF
20260209,N.TYSF
20260209,N.URHF
20260210,N.GJMF
20260210,N.HIDF
20260210,N.HSSF
20260210,N.IMGF
20260210,N.IYGF
20260210,N.KSNF
20260210,N.KSRF
20260210,N.NMRF
20260210,N.OOWF
20260210,N.S3N01
20260210,N.S3N02
20260210,N.S3N03
20260210,N.S3N04
20260210,N.S3N05
20260210,N.S3N06
20260210,N.S3N07
20260210,N.S3N08
20260210,N.S3N09
20260210,N.S3N10
20260210,N.S3N11
20260210,N.S3N12
20260210,N.S3N13
20260210,N.S3N14
20260210,N.S3N15
20260210,N.S3N16
20260210,N.S3N17
20260210,N.S3N18
20260210,N.S3N19
20260210,N.S3N23
20260210,N.S3N24
20260210,N.S3N25
20260210,N.S3N26
20260210,N.S4N01
20260210,N.S4N02
20260210,N.S4N03
20260210,N.S4N04
20260210,N.S4N05
20260210,N.S4N06
20260210,N.S4N07
20260210,N.S4N08
20260210,N.S4N09
20260210,N.S4N10
20260210,N.S4N11
20260210,N.S4N12
20260210,N.S4N13
20260210,N.S4N14
20260210,N.S4N15
20260210,N.S4N16
20260210,N.S4N17
20260210,N.S4N18
20260210,N.S4N19
20260210,N.S4N20
20260210,N.S4N21
20260210,N.S4N22
20260210,N.S4N23
20260210,N.S4N24
20260210,N.S4N25
20260210,N.S4N26
20260210,N.S4N27
20260210,N.S4N28
20260210,N.S5N01
20260210,N.S5N02
20260210,N.S5N03
20260210,N.S5N04
20260210,N.S5N05
20260210,N.S5N06
20260210,N.S5N07
20260210,N.S5N08
20260210,N.S5N09
20260210,N.S5N10
20260210,N.S5N11
20260210,N.S5N12
20260210,N.S5N13
20260210,N.S5N14
20260210,N.S5N15
20260210,N.S5N16
20260210,N.S5N17
20260210,N.S5N18
20260210,N.S5N19
20260210,N.S5N20
20260210,N.S5N21
20260210,N.S5N22
20260210,N.S5N23
20260210,N.S6N05
20260210,N.S6N06
20260210,N.S6N07
20260210,N.S6N08
20260210,N.S6N09
20260210,N.S6N10
20260210,N.S6N11
20260210,N.TMRF
20260210,N.TYSF
20260210,N.URHF
20260211,N.GJMF
20260211,N.HIDF
20260211,N.HSSF
20260211,N.IMGF
20260211,N.IYGF
20260211,N.KSNF
20260211,N.KSRF
20260211,N.NMRF
20260211,N.OOWF
20260211,N.S3N01
20260211,N.S3N02
20260211,N.S3N03
20260211,N.S3N04
20260211,N.S3N05
20260211,N.S3N06
20260211,N.S3N07
20260211,N.S3N08
20260211,N.S3N09
20260211,N.S3N10
20260211,N.S3N11
20260211,N.S3N12
20260211,N.S3N13
20260211,N.S3N14
20260211,N.S3N15
20260211,N.S3N16
20260211,N.S3N17
20260211,N.S3N18
20260211,N.S3N19
20260211,N.S3N23
20260211,N.S3N24
20260211,N.S3N25
20260211,N.S3N26
20260211,N.S4N01
20260211,N.S4N02
20260211,N.S4N03
20260211,N.S4N04
20260211,N.S4N05
20260211,N.S4N06
20260211,N.S4N07
20260211,N.S4N08
20260211,N.S4N09
20260211,N.S4N10
20260211,N.S4N11
20260211,N.S4N12
20260211,N.S4N13
20260211,N.S4N14
20260211,N.S4N15
20260211,N.S4N16
20260211,N.S4N17
20260211,N.S4N18
20260211,N.S4N19
20260211,N.S4N20
20260211,N.S4N21
20260211,N.S4N22
20260211,N.S4N23
20260211,N.S4N24
20260211,N.S4N25
20260211,N.S4N26
20260211,N.S4N27
20260211,N.S4N28
20260211,N.S5N01
20260211,N.S5N02
20260211,N.S5N03
20260211,N.S5N04
20260211,N.S5N05
20260211,N.S5N06
20260211,N.S5N07
20260211,N.S5N08
20260211,N.S5N09
20260211,N.S5N10
20260211,N.S5N11
20260211,N.S5N12
20260211,N.S5N13
20260211,N.S5N14
20260211,N.S5N15
20260211,N.S5N16
20260211,N.S5N17
20260211,N.S5N18
20260211,N.S5N19
20260211,N.S5N20
20260211,N.S5N21
20260211,N.S5N22
20260211,N.S5N23
20260211,N.S6N05
20260211,N.S6N06
20260211,N.S6N07
20260211,N.S6N08
20260211,N.S6N09
20260211,N.S6N10
20260211,N.S6N11
20260211,N.TMRF
20260211,N.TYSF
20260211,N.URHF
20260212,N.GJMF
20260212,N.HIDF
20260212,N.HSSF
20260212,N.IMGF
20260212,N.IYGF
20260212,N.KSNF
20260212,N.KSRF
20260212,N.NMRF
20260212,N.OOWF
20260212,N.S3N01
20260212,N.S3N02
20260212,N.S3N03
20260212,N.S3N04
20260212,N.S3N05
20260212,N.S3N06
20260212,N.S3N07
20260212,N.S3N08
20260212,N.S3N09
20260212,N.S3N10
20260212,N.S3N11
20260212,N.S3N12
20260212,N.S3N13
20260212,N.S3N14
20260212,N.S3N15
20260212,N.S3N16
20260212,N.S3N17
20260212,N.S3N18
20260212,N.S3N19
20260212,N.S3N23
20260212,N.S3N24
20260212,N.S3N25
20260212,N.S3N26
20260212,N.S4N01
20260212,N.S4N02
20260212,N.S4N03
20260212,N.S4N04
20260212,N.S4N05
20260212,N.S4N06
20260212,N.S4N07
20260212,N.S4N08
20260212,N.S4N09
20260212,N.S4N10
20260212,N.S4N11
20260212,N.S4N12
20260212,N.S4N13
20260212,N.S4N14
20260212,N.S4N15
20260212,N.S4N16
20260212,N.S4N17
20260212,N.S4N18
20260212,N.S4N19
20260212,N.S4N20
20260212,N.S4N21
20260212,N.S4N22
20260212,N.S4N23
20260212,N.S4N24
20260212,N.S4N25
20260212,N.S4N26
20260212,N.S4N27
20260212,N.S4N28
20260212,N.S5N01
20260212,N.S5N02
20260212,N.S5N03
20260212,N.S5N04
20260212,N.S5N05
20260212,N.S5N06
20260212,N.S5N07
20260212,N.S5N08
20260212,N.S5N09
20260212,N.S5N10
20260212,N.S5N11
20260212,N.S5N12
20260212,N.S5N13
20260212,N.S5N14
20260212,N.S5N15
20260212,N.S5N16
20260212,N.S5N17
20260212,N.S5N18
20260212,N.S5N19
20260212,N.S5N20
20260212,N.S5N21
20260212,N.S5N22
20260212,N.S5N23
20260212,N.S6N05
20260212,N.S6N06
20260212,N.S6N07
20260212,N.S6N08
20260212,N.S6N09
20260212,N.S6N10
20260212,N.S6N11
20260212,N.TMRF
20260212,N.TYSF
20260212,N.URHF
20260213,N.GJMF
20260213,N.HIDF
20260213,N.HSSF
20260213,N.IMGF
20260213,N.IYGF
20260213,N.KSNF
20260213,N.KSRF
20260213,N.NMRF
20260213,N.OOWF
20260213,N.S3N01
20260213,N.S3N02
20260213,N.S3N03
20260213,N.S3N04
20260213,N.S3N05
20260213,N.S3N06
20260213,N.S3N07
20260213,N.S3N08
20260213,N.S3N09
20260213,N.S3N10
20260213,N.S3N11
20260213,N.S3N12
20260213,N.S3N13
20260213,N.S3N14
20260213,N.S3N15
20260213,N.S3N16
20260213,N.S3N17
20260213,N.S3N18
20260213,N.S3N19
20260213,N.S3N23
20260213,N.S3N24
20260213,N.S3N25
20260213,N.S3N26
20260213,N.S4N01
20260213,N.S4N02
20260213,N.S4N03
20260213,N.S4N04
20260213,N.S4N05
20260213,N.S4N06
20260213,N.S4N07
20260213,N.S4N08
20260213,N.S4N09
20260213,N.S4N10
20260213,N.S4N11
20260213,N.S4N12
20260213,N.S4N13
20260213,N.S4N14
20260213,N.S4N15
20260213,N.S4N16
20260213,N.S4N17
20260213,N.S4N18
20260213,N.S4N19
20260213,N.S4N20
20260213,N.S4N21
20260213,N.S4N22
20260213,N.S4N23
20260213,N.S4N24
20260213,N.S4N25
20260213,N.S4N26
20260213,N.S4N27
20260213,N.S4N28
20260213,N.S5N01
20260213,N.S5N02
20260213,N.S5N03
20260213,N.S5N04
20260213,N.S5N05
20260213,N.S5N06
20260213,N.S5N07
20260213,N.S5N08
20260213,N.S5N09
20260213,N.S5N10
20260213,N.S5N11
20260213,N.S5N12
20260213,N.S5N13
20260213,N.S5N14
20260213,N.S5N15
20260213,N.S5N16
20260213,N.S5N17
20260213,N.S5N18
20260213,N.S5N19
20260213,N.S5N20
20260213,N.S5N21
20260213,N.S5N22
20260213,N.S5N23
20260213,N.S6N05
20260213,N.S6N06
20260213,N.S6N07
20260213,N.S6N08
20260213,N.S6N09
20260213,N.S6N10
20260213,N.S6N11
20260213,N.TMRF
20260213,N.TYSF
20260213,N.URHF
20260214,N.GJMF
20260214,N.HIDF
20260214,N.HSSF
20260214,N.IMGF
20260214,N.IYGF
20260214,N.KSNF
20260214,N.KSRF
20260214,N.NMRF
20260214,N.OOWF
20260214,N.S3N01
20260214,N.S3N02
20260214,N.S3N03
20260214,N.S3N04
20260214,N.S3N05
20260214,N.S3N06
20260214,N.S3N07
20260214,N.S3N08
20260214,N.S3N09
20260214,N.S3N10
20260214,N.S3N11
20260214,N.S3N12
20260214,N.S3N13
20260214,N.S3N14
20260214,N.S3N15
20260214,N.S3N16
20260214,N.S3N17
20260214,N.S3N18
20260214,N.S3N19
20260214,N.S3N23
20260214,N.S3N24
20260214,N.S3N25
20260214,N.S3N26
20260214,N.S4N01
20260214,N.S4N02
20260214,N.S4N03
20260214,N.S4N04
20260214,N.S4N05
20260214,N.S4N06
20260214,N.S4N07
20260214,N.S4N08
20260214,N.S4N09
20260214,N.S4N10
20260214,N.S4N11
20260214,N.S4N12
20260214,N.S4N13
20260214,N.S4N14
20260214,N.S4N15
20260214,N.S4N16
20260214,N.S4N17
20260214,N.S4N18
20260214,N.S4N19
20260214,N.S4N20
20260214,N.S4N21
20260214,N.S4N22
20260214,N.S4N23
20260214,N.S4N24
20260214,N.S4N25
20260214,N.S4N26
20260214,N.S4N27
20260214,N.S4N28
20260214,N.S5N01
20260214,N.S5N02
20260214,N.S5N03
20260214,N.S5N04
20260214,N.S5N05
20260214,N.S5N06
20260214,N.S5N07
20260214,N.S5N08
20260214,N.S5N09
20260214,N.S5N10
20260214,N.S5N11
20260214,N.S5N12
20260214,N.S5N13
20260214,N.S5N14
20260214,N.S5N15
20260214,N.S5N16
20260214,N.S5N17
20260214,N.S5N18
20260214,N.S5N19
20260214,N.S5N20
20260214,N.S5N21
20260214,N.S5N22
20260214,N.S5N23
20260214,N.S6N05
20260214,N.S6N06
20260214,N.S6N07
20260214,N.S6N08
20260214,N.S6N09
20260214,N.S6N10
20260214,N.S6N11
20260214,N.TMRF
20260214,N.TYSF
20260214,N.URHF
20260215,N.GJMF
20260215,N.HIDF
20260215,N.HSSF
20260215,N.IMGF
20260215,N.IYGF
20260215,N.KSNF
20260215,N.KSRF
20260215,N.NMRF
20260215,N.OOWF
20260215,N.S3N01
20260215,N.S3N02
20260215,N.S3N03
20260215,N.S3N04
20260215,N.S3N05
20260215,N.S3N06
20260215,N.S3N07
20260215,N.S3N08
20260215,N.S3N09
20260215,N.S3N10
20260215,N.S3N11
20260215,N.S3N12
20260215,N.S3N13
20260215,N.S3N14
20260215,N.S3N15
20260215,N.S3N16
20260215,N.S3N17
20260215,N.S3N18
20260215,N.S3N19
20260215,N.S3N23
20260215,N.S3N24
20260215,N.S3N25
20260215,N.S3N26
20260215,N.S4N01
20260215,N.S4N02
20260215,N.S4N03
20260215,N.S4N04
20260215,N.S4N05
20260215,N.S4N06
20260215,N.S4N07
20260215,N.S4N08
20260215,N.S4N09
20260215,N.S4N10
20260215,N.S4N11
20260215,N.S4N12
20260215,N.S4N13
20260215,N.S4N14
20260215,N.S4N15
20260215,N.S4N16
20260215,N.S4N17
20260215,N.S4N18
20260215,N.S4N19
20260215,N.S4N20
20260215,N.S4N21
20260215,N.S4N22
20260215,N.S4N23
20260215,N.S4N24
20260215,N.S4N25
20260215,N.S4N26
20260215,N.S4N27
20260215,N.S4N28
20260215,N.S5N01
20260215,N.S5N02
20260215,N.S5N03
20260215,N.S5N04
20260215,N.S5N05
20260215,N.S5N06
20260215,N.S5N07
20260215,N.S5N08
20260215,N.S5N09
20260215,N.S5N10
20260215,N.S5N11
20260215,N.S5N12
20260215,N.S5N13
20260215,N.S5N14
20260215,N.S5N15
20260215,N.S5N16
20260215,N.S5N17
20260215,N.S5N18
20260215,N.S5N19
20260215,N.S5N20
20260215,N.S5N21
20260215,N.S5N22
20260215,N.S5N23
20260215,N.S6N05
20260215,N.S6N06
20260215,N.S6N07
20260215,N.S6N08
20260215,N.S6N09
20260215,N.S6N10
20260215,N.S6N11
20260215,N.TMRF
20260215,N.TYSF
20260215,N.URHF
20260216,N.GJMF
20260216,N.HIDF
20260216,N.HSSF
20260216,N.IMGF
20260216,N.IYGF
20260216,N.KSNF
20260216,N.KSRF
20260216,N.NMRF
20260216,N.OOWF
20260216,N.S3N01
20260216,N.S3N02
20260216,N.S3N03
20260216,N.S3N04
20260216,N.S3N05
20260216,N.S3N06
20260216,N.S3N07
20260216,N.S3N08
20260216,N.S3N09
20260216,N.S3N10
20260216,N.S3N11
20260216,N.S3N12
20260216,N.S3N13
20260216,N.S3N14
20260216,N.S3N15
20260216,N.S3N16
20260216,N.S3N17
20260216,N.S3N18
20260216,N.S3N19
20260216,N.S3N23
20260216,N.S3N24
20260216,N.S3N25
20260216,N.S3N26
20260216,N.S4N01
20260216,N.S4N02
20260216,N.S4N03
20260216,N.S4N04
20260216,N.S4N05
20260216,N.S4N06
20260216,N.S4N07
20260216,N.S4N08
20260216,N.S4N09
20260216,N.S4N10
20260216,N.S4N11
20260216,N.S4N12
20260216,N.S4N13
20260216,N.S4N14
20260216,N.S4N15
20260216,N.S4N16
20260216,N.S4N17
20260216,N.S4N18
20260216,N.S4N19
20260216,N.S4N20
20260216,N.S4N21
20260216,N.S4N22
20260216,N.S4N23
20260216,N.S4N24
20260216,N.S4N25
20260216,N.S4N26
20260216,N.S4N27
20260216,N.S4N28
20260216,N.S5N01
20260216,N.S5N02
20260216,N.S5N03
20260216,N.S5N04
20260216,N.S5N05
20260216,N.S5N06
20260216,N.S5N07
20260216,N.S5N08
20260216,N.S5N09
20260216,N.S5N10
20260216,N.S5N11
20260216,N.S5N12
20260216,N.S5N13
20260216,N.S5N14
20260216,N.S5N15
20260216,N.S5N16
20260216,N.S5N17
20260216,N.S5N18
20260216,N.S5N19
20260216,N.S5N20
20260216,N.S5N21
20260216,N.S5N22
20260216,N.S5N23
20260216,N.S6N05
20260216,N.S6N06
20260216,N.S6N07
20260216,N.S6N08
20260216,N.S6N09
20260216,N.S6N10
20260216,N.S6N11
20260216,N.TMRF
20260216,N.TYSF
20260216,N.URHF
20260217,N.GJMF
20260217,N.HIDF
20260217,N.HSSF
20260217,N.IMGF
20260217,N.IYGF
20260217,N.KSNF
20260217,N.KSRF
20260217,N.NMRF
20260217,N.OOWF
20260217,N.S3N01
20260217,N.S3N02
20260217,N.S3N03
20260217,N.S3N04
20260217,N.S3N05
20260217,N.S3N06
20260217,N.S3N07
20260217,N.S3N08
20260217,N.S3N09
20260217,N.S3N10
20260217,N.S3N11
20260217,N.S3N12
20260217,N.S3N13
20260217,N.S3N14
20260217,N.S3N15
20260217,N.S3N16
20260217,N.S3N17
20260217,N.S3N18
20260217,N.S3N19
20260217,N.S3N23
20260217,N.S3N24
20260217,N.S3N25
20260217,N.S3N26
20260217,N.S4N01
20260217,N.S4N02
20260217,N.S4N03
20260217,N.S4N04
20260217,N.S4N05
20260217,N.S4N06
20260217,N.S4N07
20260217,N.S4N08
20260217,N.S4N09
20260217,N.S4N10
20260217,N.S4N11
20260217,N.S4N12
20260217,N.S4N13
20260217,N.S4N14
20260217,N.S4N15
20260217,N.S4N16
20260217,N.S4N17
20260217,N.S4N18
20260217,N.S4N19
20260217,N.S4N20
20260217,N.S4N21
20260217,N.S4N22
20260217,N.S4N23
20260217,N.S4N24
20260217,N.S4N25
20260217,N.S4N26
20260217,N.S4N27
20260217,N.S4N28
20260217,N.S5N01
20260217,N.S5N02
20260217,N.S5N03
20260217,N.S5N04
20260217,N.S5N05
20260217,N.S5N06
20260217,N.S5N07
20260217,N.S5N08
20260217,N.S5N09
20260217,N.S5N10
20260217,N.S5N11
20260217,N.S5N12
20260217,N.S5N13
20260217,N.S5N14
20260217,N.S5N15
20260217,N.S5N16
20260217,N.S5N17
20260217,N.S5N18
20260217,N.S5N19
20260217,N.S5N20
20260217,N.S5N21
20260217,N.S5N22
20260217,N.S5N23
20260217,N.S6N05
20260217,N.S6N06
20260217,N.S6N07
20260217,N.S6N08
20260217,N.S6N09
20260217,N.S6N10
20260217,N.S6N11
20260217,N.TMRF
20260217,N.TYSF
20260217,N.URHF
20260218,N.GJMF
20260218,N.HIDF
20260218,N.HSSF
20260218,N.IMGF
20260218,N.IYGF
20260218,N.KSNF
20260218,N.KSRF
20260218,N.NMRF
20260218,N.OOWF
20260218,N.S3N01
20260218,N.S3N02
20260218,N.S3N03
20260218,N.S3N04
20260218,N.S3N05
20260218,N.S3N06
20260218,N.S3N07
20260218,N.S3N08
20260218,N.S3N09
20260218,N.S3N10
20260218,N.S3N11
20260218,N.S3N12
20260218,N.S3N13
20260218,N.S3N14
20260218,N.S3N15
20260218,N.S3N16
20260218,N.S3N17
20260218,N.S3N18
20260218,N.S3N19
20260218,N.S3N23
20260218,N.S3N24
20260218,N.S3N25
20260218,N.S3N26
20260218,N.S4N01
20260218,N.S4N02
20260218,N.S4N03
20260218,N.S4N04
20260218,N.S4N05
20260218,N.S4N06
20260218,N.S4N07
20260218,N.S4N08
20260218,N.S4N09
20260218,N.S4N10
20260218,N.S4N11
20260218,N.S4N12
20260218,N.S4N13
20260218,N.S4N14
20260218,N.S4N15
20260218,N.S4N16
20260218,N.S4N17
20260218,N.S4N18
20260218,N.S4N19
20260218,N.S4N20
20260218,N.S4N21
20260218,N.S4N22
20260218,N.S4N23
20260218,N.S4N24
20260218,N.S4N25
20260218,N.S4N26
20260218,N.S4N27
20260218,N.S4N28
20260218,N.S5N01
20260218,N.S5N02
20260218,N.S5N03
20260218,N.S5N04
20260218,N.S5N05
20260218,N.S5N06
20260218,N.S5N07
20260218,N.S5N08
20260218,N.S5N09
20260218,N.S5N10
20260218,N.S5N11
20260218,N.S5N12
20260218,N.S5N13
20260218,N.S5N14
20260218,N.S5N15
20260218,N.S5N16
20260218,N.S5N17
20260218,N.S5N18
20260218,N.S5N19
20260218,N.S5N20
20260218,N.S5N21
20260218,N.S5N22
20260218,N.S5N23
20260218,N.S6N05
20260218,N.S6N06
20260218,N.S6N07
20260218,N.S6N08
20260218,N.S6N09
20260218,N.S6N10
20260218,N.S6N11
20260218,N.TMRF
20260218,N.TYSF
20260218,N.URHF
20260219,N.GJMF
20260219,N.HIDF
20260219,N.HSSF
20260219,N.IMGF
20260219,N.IYGF
20260219,N.KSNF
20260219,N.KSRF
20260219,N.NMRF
20260219,N.OOWF
20260219,N.S3N01
20260219,N.S3N02
20260219,N.S3N03
20260219,N.S3N04
20260219,N.S3N05
20260219,N.S3N06
20260219,N.S3N07
20260219,N.S3N08
20260219,N.S3N09
20260219,N.S3N10
20260219,N.S3N11
20260219,N.S3N12
20260219,N.S3N13
20260219,N.S3N14
20260219,N.S3N15
20260219,N.S3N16
20260219,N.S3N17
20260219,N.S3N18
20260219,N.S3N19
20260219,N.S3N23
20260219,N.S3N24
20260219,N.S3N25
20260219,N.S3N26
20260219,N.S4N01
20260219,N.S4N02
20260219,N.S4N03
20260219,N.S4N04
20260219,N.S4N05
20260219,N.S4N06
20260219,N.S4N07
20260219,N.S4N08
20260219,N.S4N09
20260219,N.S4N10
20260219,N.S4N11
20260219,N.S4N12
20260219,N.S4N13
20260219,N.S4N14
20260219,N.S4N15
20260219,N.S4N16
20260219,N.S4N17
20260219,N.S4N18
20260219,N.S4N19
20260219,N.S4N20
20260219,N.S4N21
20260219,N.S4N22
20260219,N.S4N23
20260219,N.S4N24
20260219,N.S4N25
20260219,N.S4N26
20260219,N.S4N27
20260219,N.S4N28
20260219,N.S5N01
20260219,N.S5N02
20260219,N.S5N03
20260219,N.S5N04
20260219,N.S5N05
20260219,N.S5N06
20260219,N.S5N07
20260219,N.S5N08
20260219,N.S5N09
20260219,N.S5N10
20260219,N.S5N11
20260219,N.S5N12
20260219,N.S5N13
20260219,N.S5N14
20260219,N.S5N15
20260219,N.S5N16
20260219,N.S5N17
20260219,N.S5N18
20260219,N.S5N19
20260219,N.S5N20
20260219,N.S5N21
20260219,N.S5N22
20260219,N.S5N23
20260219,N.S6N05
20260219,N.S6N06
20260219,N.S6N07
20260219,N.S6N08
20260219,N.S6N09
20260219,N.S6N10
20260219,N.S6N11
20260219,N.TMRF
20260219,N.TYSF
20260219,N.URHF
20260220,N.GJMF
20260220,N.HIDF
20260220,N.HSSF
20260220,N.IMGF
20260220,N.IYGF
20260220,N.KSNF
20260220,N.KSRF
20260220,N.NMRF
20260220,N.OOWF
20260220,N.S3N01
20260220,N.S3N02
20260220,N.S3N03
20260220,N.S3N04
20260220,N.S3N05
20260220,N.S3N06
20260220,N.S3N07
20260220,N.S3N08
20260220,N.S3N09
20260220,N.S3N10
20260220,N.S3N11
20260220,N.S3N12
20260220,N.S3N13
20260220,N.S3N14
20260220,N.S3N15
20260220,N.S3N16
20260220,N.S3N17
20260220,N.S3N18
20260220,N.S3N19
20260220,N.S3N23
20260220,N.S3N24
20260220,N.S3N25
20260220,N.S3N26
20260220,N.S4N01
20260220,N.S4N02
20260220,N.S4N03
20260220,N.S4N04
20260220,N.S4N05
20260220,N.S4N06
20260220,N.S4N07
20260220,N.S4N08
20260220,N.S4N09
20260220,N.S4N10
20260220,N.S4N11
20260220,N.S4N12
20260220,N.S4N13
20260220,N.S4N14
20260220,N.S4N15
20260220,N.S4N16
20260220,N.S4N17
20260220,N.S4N18
20260220,N.S4N19
20260220,N.S4N20
20260220,N.S4N21
20260220,N.S4N22
20260220,N.S4N23
20260220,N.S4N24
20260220,N.S4N25
20260220,N.S4N26
20260220,N.S4N27
20260220,N.S4N28
20260220,N.S5N01
20260220,N.S5N02
20260220,N.S5N03
20260220,N.S5N04
20260220,N.S5N05
20260220,N.S5N06
20260220,N.S5N07
20260220,N.S5N08
20260220,N.S5N09
20260220,N.S5N10
20260220,N.S5N11
20260220,N.S5N12
20260220,N.S5N13
20260220,N.S5N14
20260220,N.S5N15
20260220,N.S5N16
20260220,N.S5N17
20260220,N.S5N18
20260220,N.S5N19
20260220,N.S5N20
20260220,N.S5N21
20260220,N.S5N22
20260220,N.S5N23
20260220,N.S6N05
20260220,N.S6N06
20260220,N.S6N07
20260220,N.S6N08
20260220,N.S6N09
20260220,N.S6N10
20260220,N.S6N11
20260220,N.TMRF
20260220,N.TYSF
20260220,N.URHF
20260221,N.GJMF
20260221,N.HIDF
20260221,N.HSSF
20260221,N.IMGF
20260221,N.IYGF
20260221,N.KSNF
20260221,N.KSRF
20260221,N.NMRF
20260221,N.OOWF
20260221,N.S3N01
20260221,N.S3N02
20260221,N.S3N03
20260221,N.S3N04
20260221,N.S3N05
20260221,N.S3N06
20260221,N.S3N07
20260221,N.S3N08
20260221,N.S3N09
20260221,N.S3N10
20260221,N.S3N11
20260221,N.S3N12
20260221,N.S3N13
20260221,N.S3N14
20260221,N.S3N15
20260221,N.S3N16
20260221,N.S3N17
20260221,N.S3N18
20260221,N.S3N19
20260221,N.S3N23
20260221,N.S3N24
20260221,N.S3N25
20260221,N.S3N26
20260221,N.S4N01
20260221,N.S4N02
20260221,N.S4N03
20260221,N.S4N04
20260221,N.S4N05
20260221,N.S4N06
20260221,N.S4N07
20260221,N.S4N08
20260221,N.S4N09
20260221,N.S4N10
20260221,N.S4N11
20260221,N.S4N12
20260221,N.S4N13
20260221,N.S4N14
20260221,N.S4N15
20260221,N.S4N16
20260221,N.S4N17
20260221,N.S4N18
20260221,N.S4N19
20260221,N.S4N20
20260221,N.S4N21
20260221,N.S4N22
20260221,N.S4N23
20260221,N.S4N24
20260221,N.S4N25
20260221,N.S4N26
20260221,N.S4N27
20260221,N.S4N28
20260221,N.S5N01
20260221,N.S5N02
20260221,N.S5N03
20260221,N.S5N04
20260221,N.S5N05
20260221,N.S5N06
20260221,N.S5N07
20260221,N.S5N08
20260221,N.S5N09
20260221,N.S5N10
20260221,N.S5N11
20260221,N.S5N12
20260221,N.S5N13
20260221,N.S5N14
20260221,N.S5N15
20260221,N.S5N16
20260221,N.S5N17
20260221,N.S5N18
20260221,N.S5N19
20260221,N.S5N20
20260221,N.S5N21
20260221,N.S5N22
20260221,N.S5N23
20260221,N.S6N05
20260221,N.S6N06
20260221,N.S6N07
20260221,N.S6N08
20260221,N.S6N09
20260221,N.S6N10
20260221,N.S6N11
20260221,N.TMRF
20260221,N.TYSF
20260221,N.URHF
20260222,N.GJMF
20260222,N.HIDF
20260222,N.HSSF
20260222,N.IMGF
20260222,N.IYGF
20260222,N.KSNF
20260222,N.KSRF
20260222,N.NMRF
20260222,N.OOWF
20260222,N.S3N01
20260222,N.S3N02
20260222,N.S3N03
20260222,N.S3N04
20260222,N.S3N05
20260222,N.S3N06
20260222,N.S3N07
20260222,N.S3N08
20260222,N.S3N09
20260222,N.S3N10
20260222,N.S3N11
20260222,N.S3N12
20260222,N.S3N13
20260222,N.S3N14
20260222,N.S3N15
20260222,N.S3N16
20260222,N.S3N17
20260222,N.S3N18
20260222,N.S3N19
20260222,N.S3N23
20260222,N.S3N24
20260222,N.S3N25
20260222,N.S3N26
20260222,N.S4N01
20260222,N.S4N02
20260222,N.S4N03
20260222,N.S4N04
20260222,N.S4N05
20260222,N.S4N06
20260222,N.S4N07
20260222,N.S4N08
20260222,N.S4N09
20260222,N.S4N10
20260222,N.S4N11
20260222,N.S4N12
20260222,N.S4N13
20260222,N.S4N14
20260222,N.S4N15
20260222,N.S4N16
20260222,N.S4N17
20260222,N.S4N18
20260222,N.S4N19
20260222,N.S4N20
20260222,N.S4N21
20260222,N.S4N22
20260222,N.S4N23
20260222,N.S4N24
20260222,N.S4N25
20260222,N.S4N26
20260222,N.S4N27
20260222,N.S4N28
20260222,N.S5N01
20260222,N.S5N02
20260222,N.S5N03
20260222,N.S5N04
20260222,N.S5N05
20260222,N.S5N06
20260222,N.S5N07
20260222,N.S5N08
20260222,N.S5N09
20260222,N.S5N10
20260222,N.S5N11
20260222,N.S5N12
20260222,N.S5N13
20260222,N.S5N14
20260222,N.S5N15
20260222,N.S5N16
20260222,N.S5N17
20260222,N.S5N18
20260222,N.S5N19
20260222,N.S5N20
20260222,N.S5N21
20260222,N.S5N22
20260222,N.S5N23
20260222,N.S6N05
20260222,N.S6N06
20260222,N.S6N07
20260222,N.S6N08
20260222,N.S6N09
20260222,N.S6N10
20260222,N.S6N11
20260222,N.TMRF
20260222,N.TYSF
20260222,N.URHF
20260223,N.GJMF
20260223,N.HIDF
20260223,N.HSSF
20260223,N.IMGF
20260223,N.IYGF
20260223,N.KSNF
20260223,N.KSRF
20260223,N.NMRF
20260223,N.OOWF
20260223,N.S3N01
20260223,N.S3N02
20260223,N.S3N03
20260223,N.S3N04
20260223,N.S3N05
20260223,N.S3N06
20260223,N.S3N07
20260223,N.S3N08
20260223,N.S3N09
20260223,N.S3N10
20260223,N.S3N11
20260223,N.S3N12
20260223,N.S3N13
20260223,N.S3N14
20260223,N.S3N15
20260223,N.S3N16
20260223,N.S3N17
20260223,N.S3N18
20260223,N.S3N19
20260223,N.S3N23
20260223,N.S3N24
20260223,N.S3N25
20260223,N.S3N26
20260223,N.S4N01
20260223,N.S4N02
20260223,N.S4N03
20260223,N.S4N04
20260223,N.S4N05
20260223,N.S4N06
20260223,N.S4N07
20260223,N.S4N08
20260223,N.S4N09
20260223,N.S4N10
20260223,N.S4N11
20260223,N.S4N12
20260223,N.S4N13
20260223,N.S4N14
20260223,N.S4N15
20260223,N.S4N16
20260223,N.S4N17
20260223,N.S4N18
20260223,N.S4N19
20260223,N.S4N20
20260223,N.S4N21
20260223,N.S4N22
20260223,N.S4N23
20260223,N.S4N24
20260223,N.S4N25
20260223,N.S4N26
20260223,N.S4N27
20260223,N.S4N28
20260223,N.S5N01
20260223,N.S5N02
20260223,N.S5N03
20260223,N.S5N04
20260223,N.S5N05
20260223,N.S5N06
20260223,N.S5N07
20260223,N.S5N08
20260223,N.S5N09
20260223,N.S5N10
20260223,N.S5N11
20260223,N.S5N12
20260223,N.S5N13
20260223,N.S5N14
20260223,N.S5N15
20260223,N.S5N16
20260223,N.S5N17
20260223,N.S5N18
20260223,N.S5N19
20260223,N.S5N20
20260223,N.S5N21
20260223,N.S5N22
20260223,N.S5N23
20260223,N.S6N05
20260223,N.S6N06
20260223,N.S6N07
20260223,N.S6N08
20260223,N.S6N09
20260223,N.S6N10
20260223,N.S6N11
20260223,N.TMRF
20260223,N.TYSF
20260223,N.URHF
20260224,N.GJMF
20260224,N.HIDF
20260224,N.HSSF
20260224,N.IMGF
20260224,N.IYGF
20260224,N.KSNF
20260224,N.KSRF
20260224,N.NMRF
20260224,N.OOWF
20260224,N.S3N01
20260224,N.S3N02
20260224,N.S3N03
20260224,N.S3N04
20260224,N.S3N05
20260224,N.S3N06
20260224,N.S3N07
20260224,N.S3N08
20260224,N.S3N09
20260224,N.S3N10
20260224,N.S3N11
20260224,N.S3N12
20260224,N.S3N13
20260224,N.S3N14
20260224,N.S3N15
20260224,N.S3N16
20260224,N.S3N17
20260224,N.S3N18
20260224,N.S3N19
20260224,N.S3N23
20260224,N.S3N24
20260224,N.S3N25
20260224,N.S3N26
20260224,N.S4N01
20260224,N.S4N02
20260224,N.S4N03
20260224,N.S4N04
20260224,N.S4N05
20260224,N.S4N06
20260224,N.S4N07
20260224,N.S4N08
20260224,N.S4N09
20260224,N.S4N10
20260224,N.S4N11
20260224,N.S4N12
20260224,N.S4N13
20260224,N.S4N14
20260224,N.S4N15
20260224,N.S4N16
20260224,N.S4N17
20260224,N.S4N18
20260224,N.S4N19
20260224,N.S4N20
20260224,N.S4N21
20260224,N.S4N22
20260224,N.S4N23
20260224,N.S4N24
20260224,N.S4N25
20260224,N.S4N26
20260224,N.S4N27
20260224,N.S4N28
20260224,N.S5N01
20260224,N.S5N02
20260224,N.S5N03
20260224,N.S5N04
20260224,N.S5N05
20260224,N.S5N06
20260224,N.S5N07
20260224,N.S5N08
20260224,N.S5N09
20260224,N.S5N10
20260224,N.S5N11
20260224,N.S5N12
20260224,N.S5N13
20260224,N.S5N14
20260224,N.S5N15
20260224,N.S5N16
20260224,N.S5N17
20260224,N.S5N18
20260224,N.S5N19
20260224,N.S5N20
20260224,N.S5N21
20260224,N.S5N22
20260224,N.S5N23
20260224,N.S6N05
20260224,N.S6N06
20260224,N.S6N07
20260224,N.S6N08
20260224,N.S6N09
20260224,N.S6N10
20260224,N.S6N11
20260224,N.TMRF
20260224,N.TYSF
20260224,N.URHF
20260225,N.GJMF
20260225,N.HIDF
20260225,N.HSSF
20260225,N.IMGF
20260225,N.IYGF
20260225,N.KSNF
20260225,N.KSRF
20260225,N.NMRF
20260225,N.OOWF
20260225,N.S3N01
20260225,N.S3N02
20260225,N.S3N03
20260225,N.S3N04
20260225,N.S3N05
20260225,N.S3N06
20260225,N.S3N07
20260225,N.S3N08
20260225,N.S3N09
20260225,N.S3N10
20260225,N.S3N11
20260225,N.S3N12
20260225,N.S3N13
20260225,N.S3N14
20260225,N.S3N15
20260225,N.S3N16
20260225,N.S3N17
20260225,N.S3N18
20260225,N.S3N19
20260225,N.S3N23
20260225,N.S3N24
20260225,N.S3N25
20260225,N.S3N26
20260225,N.S4N01
20260225,N.S4N02
20260225,N.S4N03
20260225,N.S4N04
20260225,N.S4N05
20260225,N.S4N06
20260225,N.S4N07
20260225,N.S4N08
20260225,N.S4N09
20260225,N.S4N10
20260225,N.S4N11
20260225,N.S4N12
20260225,N.S4N13
20260225,N.S4N14
20260225,N.S4N15
20260225,N.S4N16
20260225,N.S4N17
20260225,N.S4N18
20260225,N.S4N19
20260225,N.S4N20
20260225,N.S4N21
20260225,N.S4N22
20260225,N.S4N23
20260225,N.S4N24
20260225,N.S4N25
20260225,N.S4N26
20260225,N.S4N27
20260225,N.S4N28
20260225,N.S5N01
20260225,N.S5N02
20260225,N.S5N03
20260225,N.S5N04
20260225,N.S5N05
20260225,N.S5N06
20260225,N.S5N07
20260225,N.S5N08
20260225,N.S5N09
20260225,N.S5N10
20260225,N.S5N11
20260225,N.S5N12
20260225,N.S5N13
20260225,N.S5N14
20260225,N.S5N15
20260225,N.S5N16
20260225,N.S5N17
20260225,N.S5N18
20260225,N.S5N19
20260225,N.S5N20
20260225,N.S5N21
20260225,N.S5N22
20260225,N.S5N23
20260225,N.S6N05
20260225,N.S6N06
20260225,N.S6N07
20260225,N.S6N08
20260225,N.S6N09
20260225,N.S6N10
20260225,N.S6N11
20260225,N.TMRF
20260225,N.TYSF
20260225,N.URHF
20260226,N.GJMF
20260226,N.HIDF
20260226,N.HSSF
20260226,N.IMGF
20260226,N.IYGF
20260226,N.KSNF
20260226,N.KSRF
20260226,N.NMRF
20260226,N.OOWF
20260226,N.S3N01
20260226,N.S3N02
20260226,N.S3N03
20260226,N.S3N04
20260226,N.S3N05
20260226,N.S3N06
20260226,N.S3N07
20260226,N.S3N08
20260226,N.S3N09
20260226,N.S3N10
20260226,N.S3N11
20260226,N.S3N12
20260226,N.S3N13
20260226,N.S3N14
20260226,N.S3N15
20260226,N.S3N16
20260226,N.S3N17
20260226,N.S3N18
20260226,N.S3N19
20260226,N.S3N23
20260226,N.S3N24
20260226,N.S3N25
20260226,N.S3N26
20260226,N.S4N01
20260226,N.S4N02
20260226,N.S4N03
20260226,N.S4N04
20260226,N.S4N05
20260226,N.S4N06
20260226,N.S4N07
20260226,N.S4N08
20260226,N.S4N09
20260226,N.S4N10
20260226,N.S4N11
20260226,N.S4N12
20260226,N.S4N13
20260226,N.S4N14
20260226,N.S4N15
20260226,N.S4N16
20260226,N.S4N17
20260226,N.S4N18
20260226,N.S4N19
20260226,N.S4N20
20260226,N.S4N21
20260226,N.S4N22
20260226,N.S4N23
20260226,N.S4N24
20260226,N.S4N25
20260226,N.S4N26
20260226,N.S4N27
20260226,N.S4N28
20260226,N.S5N01
20260226,N.S5N02
20260226,N.S5N03
20260226,N.S5N04
20260226,N.S5N05
20260226,N.S5N06
20260226,N.S5N07
20260226,N.S5N08
20260226,N.S5N09
20260226,N.S5N10
20260226,N.S5N11
20260226,N.S5N12
20260226,N.S5N13
20260226,N.S5N14
20260226,N.S5N15
20260226,N.S5N16
20260226,N.S5N17
20260226,N.S5N18
20260226,N.S5N19
20260226,N.S5N20
20260226,N.S5N21
20260226,N.S5N22
20260226,N.S5N23
20260226,N.S6N05
20260226,N.S6N06
20260226,N.S6N07
20260226,N.S6N08
20260226,N.S6N09
20260226,N.S6N10
20260226,N.S6N11
20260226,N.TMRF
20260226,N.TYSF
20260226,N.URHF
20260227,N.GJMF
20260227,N.HIDF
20260227,N.HSSF
20260227,N.IMGF
20260227,N.IYGF
20260227,N.KSNF
20260227,N.KSRF
20260227,N.NMRF
20260227,N.OOWF
20260227,N.S3N01
20260227,N.S3N02
20260227,N.S3N03
20260227,N.S3N04
20260227,N.S3N05
20260227,N.S3N06
20260227,N.S3N07
20260227,N.S3N08
20260227,N.S3N09
20260227,N.S3N10
20260227,N.S3N11
20260227,N.S3N12
20260227,N.S3N13
20260227,N.S3N14
20260227,N.S3N15
20260227,N.S3N16
20260227,N.S3N17
20260227,N.S3N18
20260227,N.S3N19
20260227,N.S3N23
20260227,N.S3N24
20260227,N.S3N25
20260227,N.S3N26
20260227,N.S4N01
20260227,N.S4N02
20260227,N.S4N03
20260227,N.S4N04
20260227,N.S4N05
20260227,N.S4N06
20260227,N.S4N07
20260227,N.S4N08
20260227,N.S4N09
20260227,N.S4N10
20260227,N.S4N11
20260227,N.S4N12
20260227,N.S4N13
20260227,N.S4N14
20260227,N.S4N15
20260227,N.S4N16
20260227,N.S4N17
20260227,N.S4N18
20260227,N.S4N19
20260227,N.S4N20
20260227,N.S4N21
20260227,N.S4N22
20260227,N.S4N23
20260227,N.S4N24
20260227,N.S4N25
20260227,N.S4N26
20260227,N.S4N27
20260227,N.S4N28
20260227,N.S5N01
20260227,N.S5N02
20260227,N.S5N03
20260227,N.S5N04
20260227,N.S5N05
20260227,N.S5N06
20260227,N.S5N07
20260227,N.S5N08
20260227,N.S5N09
20260227,N.S5N10
20260227,N.S5N11
20260227,N.S5N12
20260227,N.S5N13
20260227,N.S5N14
20260227,N.S5N15
20260227,N.S5N16
20260227,N.S5N17
20260227,N.S5N18
20260227,N.S5N19
20260227,N.S5N20
20260227,N.S5N21
20260227,N.S5N22
20260227,N.S5N23
20260227,N.S6N05
20260227,N.S6N06
20260227,N.S6N07
20260227,N.S6N08
20260227,N.S6N09
20260227,N.S6N10
20260227,N.S6N11
20260227,N.TMRF
20260227,N.TYSF
20260227,N.URHF
20260228,N.GJMF
20260228,N.HIDF
20260228,N.HSSF
20260228,N.IMGF
20260228,N.IYGF
20260228,N.KSNF
20260228,N.KSRF
20260228,N.NMRF
20260228,N.OOWF
20260228,N.S3N01
20260228,N.S3N02
20260228,N.S3N03
20260228,N.S3N04
20260228,N.S3N05
20260228,N.S3N06
20260228,N.S3N07
20260228,N.S3N08
20260228,N.S3N09
20260228,N.S3N10
20260228,N.S3N11
20260228,N.S3N12
20260228,N.S3N13
20260228,N.S3N14
20260228,N.S3N15
20260228,N.S3N16
20260228,N.S3N17
20260228,N.S3N18
20260228,N.S3N19
20260228,N.S3N23
20260228,N.S3N24
20260228,N.S3N25
20260228,N.S3N26
20260228,N.S4N01
20260228,N.S4N02
20260228,N.S4N03
20260228,N.S4N04
20260228,N.S4N05
20260228,N.S4N06
20260228,N.S4N07
20260228,N.S4N08
20260228,N.S4N09
20260228,N.S4N10
20260228,N.S4N11
20260228,N.S4N12
20260228,N.S4N13
20260228,N.S4N14
20260228,N.S4N15
20260228,N.S4N16
20260228,N.S4N17
20260228,N.S4N18
20260228,N.S4N19
20260228,N.S4N20
20260228,N.S4N21
20260228,N.S4N22
20260228,N.S4N23
20260228,N.S4N24
20260228,N.S4N25
20260228,N.S4N26
20260228,N.S4N27
20260228,N.S4N28
20260228,N.S5N01
20260228,N.S5N02
20260228,N.S5N03
20260228,N.S5N04
20260228,N.S5N05
20260228,N.S5N06
20260228,N.S5N07
20260228,N.S5N08
20260228,N.S5N09
20260228,N.S5N10
20260228,N.S5N11
20260228,N.S5N12
20260228,N.S5N13
20260228,N.S5N14
20260228,N.S5N15
20260228,N.S5N16
20260228,N.S5N17
20260228,N.S5N18
20260228,N.S5N19
20260228,N.S5N20
20260228,N.S5N21
20260228,N.S5N22
20260228,N.S5N23
20260228,N.S6N05
20260228,N.S6N06
20260228,N.S6N07
20260228,N.S6N08
20260228,N.S6N09
20260228,N.S6N10
20260228,N.S6N11
20260228,N.TMRF
20260228,N.TYSF
20260228,N.URHF
20260301,N.GJMF
20260301,N.HIDF
20260301,N.HSSF
20260301,N.IMGF
20260301,N.IYGF
20260301,N.KSNF
20260301,N.KSRF
20260301,N.NMRF
20260301,N.OOWF
20260301,N.S3N01
20260301,N.S3N02
20260301,N.S3N03
20260301,N.S3N04
20260301,N.S3N05
20260301,N.S3N06
20260301,N.S3N07
20260301,N.S3N08
20260301,N.S3N09
20260301,N.S3N10
20260301,N.S3N11
20260301,N.S3N12
20260301,N.S3N13
20260301,N.S3N14
20260301,N.S3N15
20260301,N.S3N16
20260301,N.S3N17
20260301,N.S3N18
20260301,N.S3N19
20260301,N.S3N23
20260301,N.S3N24
20260301,N.S3N25
20260301,N.S3N26
20260301,N.S4N01
20260301,N.S4N02
20260301,N.S4N03
20260301,N.S4N04
20260301,N.S4N05
20260301,N.S4N06
20260301,N.S4N07
20260301,N.S4N08
20260301,N.S4N09
20260301,N.S4N10
20260301,N.S4N11
20260301,N.S4N12
20260301,N.S4N13
20260301,N.S4N14
20260301,N.S4N15
20260301,N.S4N16
20260301,N.S4N17
20260301,N.S4N18
20260301,N.S4N19
20260301,N.S4N20
20260301,N.S4N21
20260301,N.S4N22
20260301,N.S4N23
20260301,N.S4N24
20260301,N.S4N25
20260301,N.S4N26
20260301,N.S4N27
20260301,N.S4N28
20260301,N.S5N01
20260301,N.S5N02
20260301,N.S5N03
20260301,N.S5N04
20260301,N.S5N05
20260301,N.S5N06
20260301,N.S5N07
20260301,N.S5N08
20260301,N.S5N09
20260301,N.S5N10
20260301,N.S5N11
20260301,N.S5N12
20260301,N.S5N13
20260301,N.S5N14
20260301,N.S5N15
20260301,N.S5N16
20260301,N.S5N17
20260301,N.S5N18
20260301,N.S5N19
20260301,N.S5N20
20260301,N.S5N21
20260301,N.S5N22
20260301,N.S5N23
20260301,N.S6N05
20260301,N.S6N06
20260301,N.S6N07
20260301,N.S6N08
20260301,N.S6N09
20260301,N.S6N10
20260301,N.S6N11
20260301,N.TMRF
20260301,N.TYSF
20260301,N.URHF
20260302,N.GJMF
20260302,N.HIDF
20260302,N.HSSF
20260302,N.IMGF
20260302,N.IYGF
20260302,N.KSNF
20260302,N.KSRF
20260302,N.NMRF
20260302,N.OOWF
20260302,N.S3N01
20260302,N.S3N02
20260302,N.S3N03
20260302,N.S3N04
20260302,N.S3N05
20260302,N.S3N06
20260302,N.S3N07
20260302,N.S3N08
20260302,N.S3N09
20260302,N.S3N10
20260302,N.S3N11
20260302,N.S3N12
20260302,N.S3N13
20260302,N.S3N14
20260302,N.S3N15
20260302,N.S3N16
20260302,N.S3N17
20260302,N.S3N18
20260302,N.S3N19
20260302,N.S3N23
20260302,N.S3N24
20260302,N.S3N25
20260302,N.S3N26
20260302,N.S4N01
20260302,N.S4N02
20260302,N.S4N03
20260302,N.S4N04
20260302,N.S4N05
20260302,N.S4N06
20260302,N.S4N07
20260302,N.S4N08
20260302,N.S4N09
20260302,N.S4N10
20260302,N.S4N11
20260302,N.S4N12
20260302,N.S4N13
20260302,N.S4N14
20260302,N.S4N15
20260302,N.S4N16
20260302,N.S4N17
20260302,N.S4N18
20260302,N.S4N19
20260302,N.S4N20
20260302,N.S4N21
20260302,N.S4N22
20260302,N.S4N23
20260302,N.S4N24
20260302,N.S4N25
20260302,N.S4N26
20260302,N.S4N27
20260302,N.S4N28
20260302,N.S5N01
20260302,N.S5N02
20260302,N.S5N03
20260302,N.S5N04
20260302,N.S5N05
20260302,N.S5N06
20260302,N.S5N07
20260302,N.S5N08
20260302,N.S5N09
20260302,N.S5N10
20260302,N.S5N11
20260302,N.S5N12
20260302,N.S5N13
20260302,N.S5N14
20260302,N.S5N15
20260302,N.S5N16
20260302,N.S5N17
20260302,N.S5N18
20260302,N.S5N19
20260302,N.S5N20
20260302,N.S5N21
20260302,N.S5N22
20260302,N.S5N23
20260302,N.S6N05
20260302,N.S6N06
20260302,N.S6N07
20260302,N.S6N08
20260302,N.S6N09
20260302,N.S6N10
20260302,N.S6N11
20260302,N.TMRF
20260302,N.TYSF
20260302,N.URHF
20260303,N.GJMF
20260303,N.HIDF
20260303,N.HSSF
20260303,N.IMGF
20260303,N.IYGF
20260303,N.KSNF
20260303,N.KSRF
20260303,N.NMRF
20260303,N.OOWF
20260303,N.S3N01
20260303,N.S3N02
20260303,N.S3N03
20260303,N.S3N04
20260303,N.S3N05
20260303,N.S3N06
20260303,N.S3N07
20260303,N.S3N08
20260303,N.S3N09
20260303,N.S3N10
20260303,N.S3N11
20260303,N.S3N12
20260303,N.S3N13
20260303,N.S3N14
20260303,N.S3N15
20260303,N.S3N16
20260303,N.S3N17
20260303,N.S3N18
20260303,N.S3N19
20260303,N.S3N23
20260303,N.S3N24
20260303,N.S3N25
20260303,N.S3N26
20260303,N.S4N01
20260303,N.S4N02
20260303,N.S4N03
20260303,N.S4N04
20260303,N.S4N05
20260303,N.S4N06
20260303,N.S4N07
20260303,N.S4N08
20260303,N.S4N09
20260303,N.S4N10
20260303,N.S4N11
20260303,N.S4N12
20260303,N.S4N13
20260303,N.S4N14
20260303,N.S4N15
20260303,N.S4N16
20260303,N.S4N17
20260303,N.S4N18
20260303,N.S4N19
20260303,N.S4N20
20260303,N.S4N21
20260303,N.S4N22
20260303,N.S4N23
20260303,N.S4N24
20260303,N.S4N25
20260303,N.S4N26
20260303,N.S4N27
20260303,N.S4N28
20260303,N.S5N01
20260303,N.S5N02
20260303,N.S5N03
20260303,N.S5N04
20260303,N.S5N05
20260303,N.S5N06
20260303,N.S5N07
20260303,N.S5N08
20260303,N.S5N09
20260303,N.S5N10
20260303,N.S5N11
20260303,N.S5N12
20260303,N.S5N13
20260303,N.S5N14
20260303,N.S5N15
20260303,N.S5N16
20260303,N.S5N17
20260303,N.S5N18
20260303,N.S5N19
20260303,N.S5N20
20260303,N.S5N21
20260303,N.S5N22
20260303,N.S5N23
20260303,N.S6N05
20260303,N.S6N06
20260303,N.S6N07
20260303,N.S6N08
20260303,N.S6N09
20260303,N.S6N10
20260303,N.S6N11
20260303,N.TMRF
20260303,N.TYSF
20260303,N.URHF
20260304,N.GJMF
20260304,N.HIDF
20260304,N.HSSF
20260304,N.IMGF
20260304,N.IYGF
20260304,N.KSNF
20260304,N.KSRF
20260304,N.NMRF
20260304,N.OOWF
20260304,N.S3N01
20260304,N.S3N02
20260304,N.S3N03
20260304,N.S3N04
20260304,N.S3N05
20260304,N.S3N06
20260304,N.S3N07
20260304,N.S3N08
20260304,N.S3N09
20260304,N.S3N10
20260304,N.S3N11
20260304,N.S3N12
20260304,N.S3N13
20260304,N.S3N14
20260304,N.S3N15
20260304,N.S3N16
20260304,N.S3N17
20260304,N.S3N18
20260304,N.S3N19
20260304,N.S3N23
20260304,N.S3N24
20260304,N.S3N25
20260304,N.S3N26
20260304,N.S4N01
20260304,N.S4N02
20260304,N.S4N03
20260304,N.S4N04
20260304,N.S4N05
20260304,N.S4N06
20260304,N.S4N07
20260304,N.S4N08
20260304,N.S4N09
20260304,N.S4N10
20260304,N.S4N11
20260304,N.S4N12
20260304,N.S4N13
20260304,N.S4N14
20260304,N.S4N15
20260304,N.S4N16
20260304,N.S4N17
20260304,N.S4N18
20260304,N.S4N19
20260304,N.S4N20
20260304,N.S4N21
20260304,N.S4N22
20260304,N.S4N23
20260304,N.S4N24
20260304,N.S4N25
20260304,N.S4N26
20260304,N.S4N27
20260304,N.S4N28
20260304,N.S5N01
20260304,N.S5N02
20260304,N.S5N03
20260304,N.S5N04
20260304,N.S5N05
20260304,N.S5N06
20260304,N.S5N07
20260304,N.S5N08
20260304,N.S5N09
20260304,N.S5N10
20260304,N.S5N11
20260304,N.S5N12
20260304,N.S5N13
20260304,N.S5N14
20260304,N.S5N15
20260304,N.S5N16
20260304,N.S5N17
20260304,N.S5N18
20260304,N.S5N19
20260304,N.S5N20
20260304,N.S5N21
20260304,N.S5N22
20260304,N.S5N23
20260304,N.S6N05
20260304,N.S6N06
20260304,N.S6N07
20260304,N.S6N08
20260304,N.S6N09
20260304,N.S6N10
20260304,N.S6N11
20260304,N.TMRF
20260304,N.TYSF
20260304,N.URHF
20260305,N.GJMF
20260305,N.HIDF
20260305,N.HSSF
20260305,N.IMGF
20260305,N.IYGF
20260305,N.KSNF
20260305,N.KSRF
20260305,N.NMRF
20260305,N.OOWF
20260305,N.S3N01
20260305,N.S3N02
20260305,N.S3N03
20260305,N.S3N04
20260305,N.S3N05
20260305,N.S3N06
20260305,N.S3N07
20260305,N.S3N08
20260305,N.S3N09
20260305,N.S3N10
20260305,N.S3N11
20260305,N.S3N12
20260305,N.S3N13
20260305,N.S3N14
20260305,N.S3N15
20260305,N.S3N16
20260305,N.S3N17
20260305,N.S3N18
20260305,N.S3N19
20260305,N.S3N23
20260305,N.S3N24
20260305,N.S3N25
20260305,N.S3N26
20260305,N.S4N01
20260305,N.S4N02
20260305,N.S4N03
20260305,N.S4N04
20260305,N.S4N05
20260305,N.S4N06
20260305,N.S4N07
20260305,N.S4N08
20260305,N.S4N09
20260305,N.S4N10
20260305,N.S4N11
20260305,N.S4N12
20260305,N.S4N13
20260305,N.S4N14
20260305,N.S4N15
20260305,N.S4N16
20260305,N.S4N17
20260305,N.S4N18
20260305,N.S4N19
20260305,N.S4N20
20260305,N.S4N21
20260305,N.S4N22
20260305,N.S4N23
20260305,N.S4N24
20260305,N.S4N25
20260305,N.S4N26
20260305,N.S4N27
20260305,N.S4N28
20260305,N.S5N01
20260305,N.S5N02
20260305,N.S5N03
20260305,N.S5N04
20260305,N.S5N05
20260305,N.S5N06
20260305,N.S5N07
20260305,N.S5N08
20260305,N.S5N09
20260305,N.S5N10
20260305,N.S5N11
20260305,N.S5N12
20260305,N.S5N13
20260305,N.S5N14
20260305,N.S5N15
20260305,N.S5N16
20260305,N.S5N17
20260305,N.S5N18
20260305,N.S5N19
20260305,N.S5N20
20260305,N.S5N21
20260305,N.S5N22
20260305,N.S5N23
20260305,N.S6N05
20260305,N.S6N06
20260305,N.S6N07
20260305,N.S6N08
20260305,N.S6N09
20260305,N.S6N10
20260305,N.S6N11
20260305,N.TMRF
20260305,N.TYSF
20260305,N.URHF
20260306,N.GJMF
20260306,N.HIDF
20260306,N.HSSF
20260306,N.IMGF
20260306,N.IYGF
20260306,N.KSNF
20260306,N.KSRF
20260306,N.NMRF
20260306,N.OOWF
20260306,N.S3N01
20260306,N.S3N02
20260306,N.S3N03
20260306,N.S3N04
20260306,N.S3N05
20260306,N.S3N06
20260306,N.S3N07
20260306,N.S3N08
20260306,N.S3N09
20260306,N.S3N10
20260306,N.S3N11
20260306,N.S3N12
20260306,N.S3N13
20260306,N.S3N14
20260306,N.S3N15
20260306,N.S3N16
20260306,N.S3N17
20260306,N.S3N18
20260306,N.S3N19
20260306,N.S3N23
20260306,N.S3N24
20260306,N.S3N25
20260306,N.S3N26
20260306,N.S4N01
20260306,N.S4N02
20260306,N.S4N03
20260306,N.S4N04
20260306,N.S4N05
20260306,N.S4N06
20260306,N.S4N07
20260306,N.S4N08
20260306,N.S4N09
20260306,N.S4N10
20260306,N.S4N11
20260306,N.S4N12
20260306,N.S4N13
20260306,N.S4N14
20260306,N.S4N15
20260306,N.S4N16
20260306,N.S4N17
20260306,N.S4N18
20260306,N.S4N19
20260306,N.S4N20
20260306,N.S4N21
20260306,N.S4N22
20260306,N.S4N23
20260306,N.S4N24
20260306,N.S4N25
20260306,N.S4N26
20260306,N.S4N27
20260306,N.S4N28
20260306,N.S5N01
20260306,N.S5N02
20260306,N.S5N03
20260306,N.S5N04
20260306,N.S5N05
20260306,N.S5N06
20260306,N.S5N07
20260306,N.S5N08
20260306,N.S5N09
20260306,N.S5N10
20260306,N.S5N11
20260306,N.S5N12
20260306,N.S5N13
20260306,N.S5N14
20260306,N.S5N15
20260306,N.S5N16
20260306,N.S5N17
20260306,N.S5N18
20260306,N.S5N19
20260306,N.S5N20
20260306,N.S5N21
20260306,N.S5N22
20260306,N.S5N23
20260306,N.S6N05
20260306,N.S6N06
20260306,N.S6N07
20260306,N.S6N08
20260306,N.S6N09
20260306,N.S6N10
20260306,N.S6N11
20260306,N.TMRF
20260306,N.TYSF
20260306,N.URHF
20260307,N.GJMF
20260307,N.HIDF
20260307,N.HSSF
20260307,N.IMGF
20260307,N.IYGF
20260307,N.KSNF
20260307,N.KSRF
20260307,N.NMRF
20260307,N.OOWF
20260307,N.S3N01
20260307,N.S3N02
20260307,N.S3N03
20260307,N.S3N04
20260307,N.S3N05
20260307,N.S3N06
20260307,N.S3N07
20260307,N.S3N08
20260307,N.S3N09
20260307,N.S3N10
20260307,N.S3N11
20260307,N.S3N12
20260307,N.S3N13
20260307,N.S3N14
20260307,N.S3N15
20260307,N.S3N16
20260307,N.S3N17
20260307,N.S3N18
20260307,N.S3N19
20260307,N.S3N23
20260307,N.S3N24
20260307,N.S3N25
20260307,N.S3N26
20260307,N.S4N01
20260307,N.S4N02
20260307,N.S4N03
20260307,N.S4N04
20260307,N.S4N05
20260307,N.S4N06
20260307,N.S4N07
20260307,N.S4N08
20260307,N.S4N09
20260307,N.S4N10
20260307,N.S4N11
20260307,N.S4N12
20260307,N.S4N13
20260307,N.S4N14
20260307,N.S4N15
20260307,N.S4N16
20260307,N.S4N17
20260307,N.S4N18
20260307,N.S4N19
20260307,N.S4N20
20260307,N.S4N21
20260307,N.S4N22
20260307,N.S4N23
20260307,N.S4N24
20260307,N.S4N25
20260307,N.S4N26
20260307,N.S4N27
20260307,N.S4N28
20260307,N.S5N01
20260307,N.S5N02
20260307,N.S5N03
20260307,N.S5N04
20260307,N.S5N05
20260307,N.S5N06
20260307,N.S5N07
20260307,N.S5N08
20260307,N.S5N09
20260307,N.S5N10
20260307,N.S5N11
20260307,N.S5N12
20260307,N.S5N13
20260307,N.S5N14
20260307,N.S5N15
20260307,N.S5N16
20260307,N.S5N17
20260307,N.S5N18
20260307,N.S5N19
20260307,N.S5N20
20260307,N.S5N21
20260307,N.S5N22
20260307,N.S5N23
20260307,N.S6N05
20260307,N.S6N06
20260307,N.S6N07
20260307,N.S6N08
20260307,N.S6N09
20260307,N.S6N10
20260307,N.S6N11
20260307,N.TMRF
20260307,N.TYSF
20260307,N.URHF
20260308,N.GJMF
20260308,N.HIDF
20260308,N.HSSF
20260308,N.IMGF
20260308,N.IYGF
20260308,N.KSNF
20260308,N.KSRF
20260308,N.NMRF
20260308,N.OOWF
20260308,N.S3N01
20260308,N.S3N02
20260308,N.S3N03
20260308,N.S3N04
20260308,N.S3N05
20260308,N.S3N06
20260308,N.S3N07
20260308,N.S3N08
20260308,N.S3N09
20260308,N.S3N10
20260308,N.S3N11
20260308,N.S3N12
20260308,N.S3N13
20260308,N.S3N14
20260308,N.S3N15
20260308,N.S3N16
20260308,N.S3N17
20260308,N.S3N18
20260308,N.S3N19
20260308,N.S3N23
20260308,N.S3N24
20260308,N.S3N25
20260308,N.S3N26
20260308,N.S4N01
20260308,N.S4N02
20260308,N.S4N03
20260308,N.S4N04
20260308,N.S4N05
20260308,N.S4N06
20260308,N.S4N07
20260308,N.S4N08
20260308,N.S4N09
20260308,N.S4N10
20260308,N.S4N11
20260308,N.S4N12
20260308,N.S4N13
20260308,N.S4N14
20260308,N.S4N15
20260308,N.S4N16
20260308,N.S4N17
20260308,N.S4N18
20260308,N.S4N19
20260308,N.S4N20
20260308,N.S4N21
20260308,N.S4N22
20260308,N.S4N23
20260308,N.S4N24
20260308,N.S4N25
20260308,N.S4N26
20260308,N.S4N27
20260308,N.S4N28
20260308,N.S5N01
20260308,N.S5N02
20260308,N.S5N03
20260308,N.S5N04
20260308,N.S5N05
20260308,N.S5N06
20260308,N.S5N07
20260308,N.S5N08
20260308,N.S5N09
20260308,N.S5N10
20260308,N.S5N11
20260308,N.S5N12
20260308,N.S5N13
20260308,N.S5N14
20260308,N.S5N15
20260308,N.S5N16
20260308,N.S5N17
20260308,N.S5N18
20260308,N.S5N19
20260308,N.S5N20
20260308,N.S5N21
20260308,N.S5N22
20260308,N.S5N23
20260308,N.S6N05
20260308,N.S6N06
20260308,N.S6N07
20260308,N.S6N08
20260308,N.S6N09
20260308,N.S6N10
20260308,N.S6N11
20260308,N.TMRF
20260308,N.TYSF
20260308,N.URHF
20260309,N.GJMF
20260309,N.HIDF
20260309,N.HSSF
20260309,N.IMGF
20260309,N.IYGF
20260309,N.KSNF
20260309,N.KSRF
20260309,N.NMRF
20260309,N.OOWF
20260309,N.S3N01
20260309,N.S3N02
20260309,N.S3N03
20260309,N.S3N04
20260309,N.S3N05
20260309,N.S3N06
20260309,N.S3N07
20260309,N.S3N08
20260309,N.S3N09
20260309,N.S3N10
20260309,N.S3N11
20260309,N.S3N12
20260309,N.S3N13
20260309,N.S3N14
20260309,N.S3N15
20260309,N.S3N16
20260309,N.S3N17
20260309,N.S3N18
20260309,N.S3N19
20260309,N.S3N23
20260309,N.S3N24
20260309,N.S3N25
20260309,N.S3N26
20260309,N.S4N01
20260309,N.S4N02
20260309,N.S4N03
20260309,N.S4N04
20260309,N.S4N05
20260309,N.S4N06
20260309,N.S4N07
20260309,N.S4N08
20260309,N.S4N09
20260309,N.S4N10
20260309,N.S4N11
20260309,N.S4N12
20260309,N.S4N13
20260309,N.S4N14
20260309,N.S4N15
20260309,N.S4N16
20260309,N.S4N17
20260309,N.S4N18
20260309,N.S4N19
20260309,N.S4N20
20260309,N.S4N21
20260309,N.S4N22
20260309,N.S4N23
20260309,N.S4N24
20260309,N.S4N25
20260309,N.S4N26
20260309,N.S4N27
20260309,N.S4N28
20260309,N.S5N01
20260309,N.S5N02
20260309,N.S5N03
20260309,N.S5N04
20260309,N.S5N05
20260309,N.S5N06
20260309,N.S5N07
20260309,N.S5N08
20260309,N.S5N09
20260309,N.S5N10
20260309,N.S5N11
20260309,N.S5N12
20260309,N.S5N13
20260309,N.S5N14
20260309,N.S5N15
20260309,N.S5N16
20260309,N.S5N17
20260309,N.S5N18
20260309,N.S5N19
20260309,N.S5N20
20260309,N.S5N21
20260309,N.S5N22
20260309,N.S5N23
20260309,N.S6N05
20260309,N.S6N06
20260309,N.S6N07
20260309,N.S6N08
20260309,N.S6N09
20260309,N.S6N10
20260309,N.S6N11
20260309,N.TMRF
20260309,N.TYSF
20260309,N.URHF
20260310,N.GJMF
20260310,N.HIDF
20260310,N.HSSF
20260310,N.IMGF
20260310,N.IYGF
20260310,N.KSNF
20260310,N.KSRF
20260310,N.NMRF
20260310,N.OOWF
20260310,N.S3N01
20260310,N.S3N02
20260310,N.S3N03
20260310,N.S3N04
20260310,N.S3N05
20260310,N.S3N06
20260310,N.S3N07
20260310,N.S3N08
20260310,N.S3N09
20260310,N.S3N10
20260310,N.S3N11
20260310,N.S3N12
20260310,N.S3N13
20260310,N.S3N14
20260310,N.S3N15
20260310,N.S3N16
20260310,N.S3N17
20260310,N.S3N18
20260310,N.S3N19
20260310,N.S3N23
20260310,N.S3N24
20260310,N.S3N25
20260310,N.S3N26
20260310,N.S4N01
20260310,N.S4N02
20260310,N.S4N03
20260310,N.S4N04
20260310,N.S4N05
20260310,N.S4N06
20260310,N.S4N07
20260310,N.S4N08
20260310,N.S4N09
20260310,N.S4N10
20260310,N.S4N11
20260310,N.S4N12
20260310,N.S4N13
20260310,N.S4N14
20260310,N.S4N15
20260310,N.S4N16
20260310,N.S4N17
20260310,N.S4N18
20260310,N.S4N19
20260310,N.S4N20
20260310,N.S4N21
20260310,N.S4N22
20260310,N.S4N23
20260310,N.S4N24
20260310,N.S4N25
20260310,N.S4N26
20260310,N.S4N27
20260310,N.S4N28
20260310,N.S5N01
20260310,N.S5N02
20260310,N.S5N03
20260310,N.S5N04
20260310,N.S5N05
20260310,N.S5N06
20260310,N.S5N07
20260310,N.S5N08
20260310,N.S5N09
20260310,N.S5N10
20260310,N.S5N11
20260310,N.S5N12
20260310,N.S5N13
20260310,N.S5N14
20260310,N.S5N15
20260310,N.S5N16
20260310,N.S5N17
20260310,N.S5N18
20260310,N.S5N19
20260310,N.S5N20
20260310,N.S5N21
20260310,N.S5N22
20260310,N.S5N23
20260310,N.S6N05
20260310,N.S6N06
20260310,N.S6N07
20260310,N.S6N08
20260310,N.S6N09
20260310,N.S6N10
20260310,N.S6N11
20260310,N.TMRF
20260310,N.TYSF
20260310,N.URHF
20260311,N.GJMF
20260311,N.HIDF
20260311,N.HSSF
20260311,N.IMGF
20260311,N.IYGF
20260311,N.KSNF
20260311,N.KSRF
20260311,N.NMRF
20260311,N.OOWF
20260311,N.S3N01
20260311,N.S3N02
20260311,N.S3N03
20260311,N.S3N04
20260311,N.S3N05
20260311,N.S3N06
20260311,N.S3N07
20260311,N.S3N08
20260311,N.S3N09
20260311,N.S3N10
20260311,N.S3N11
20260311,N.S3N12
20260311,N.S3N13
20260311,N.S3N14
20260311,N.S3N15
20260311,N.S3N16
20260311,N.S3N17
20260311,N.S3N18
20260311,N.S3N19
20260311,N.S3N23
20260311,N.S3N24
20260311,N.S3N25
20260311,N.S3N26
20260311,N.S4N01
20260311,N.S4N02
20260311,N.S4N03
20260311,N.S4N04
20260311,N.S4N05
20260311,N.S4N06
20260311,N.S4N07
20260311,N.S4N08
20260311,N.S4N09
20260311,N.S4N10
20260311,N.S4N11
20260311,N.S4N12
20260311,N.S4N13
20260311,N.S4N14
20260311,N.S4N15
20260311,N.S4N16
20260311,N.S4N17
20260311,N.S4N18
20260311,N.S4N19
20260311,N.S4N20
20260311,N.S4N21
20260311,N.S4N22
20260311,N.S4N23
20260311,N.S4N24
20260311,N.S4N25
20260311,N.S4N26
20260311,N.S4N27
20260311,N.S4N28
20260311,N.S5N01
20260311,N.S5N02
20260311,N.S5N03
20260311,N.S5N04
20260311,N.S5N05
20260311,N.S5N06
20260311,N.S5N07
20260311,N.S5N08
20260311,N.S5N09
20260311,N.S5N10
20260311,N.S5N11
20260311,N.S5N12
20260311,N.S5N13
20260311,N.S5N14
20260311,N.S5N15
20260311,N.S5N16
20260311,N.S5N17
20260311,N.S5N18
20260311,N.S5N19
20260311,N.S5N20
20260311,N.S5N21
20260311,N.S5N22
20260311,N.S5N23
20260311,N.S6N05
20260311,N.S6N06
20260311,N.S6N07
20260311,N.S6N08
20260311,N.S6N09
20260311,N.S6N10
20260311,N.S6N11
20260311,N.TMRF
20260311,N.TYSF
20260311,N.URHF
20260312,N.GJMF
20260312,N.HIDF
20260312,N.HSSF
20260312,N.IMGF
20260312,N.IYGF
20260312,N.KSNF
20260312,N.KSRF
20260312,N.NMRF
20260312,N.OOWF
20260312,N.S3N01
20260312,N.S3N02
20260312,N.S3N03
20260312,N.S3N04
20260312,N.S3N05
20260312,N.S3N06
20260312,N.S3N07
20260312,N.S3N08
20260312,N.S3N09
20260312,N.S3N10
20260312,N.S3N11
20260312,N.S3N12
20260312,N.S3N13
20260312,N.S3N14
20260312,N.S3N15
20260312,N.S3N16
20260312,N.S3N17
20260312,N.S3N18
20260312,N.S3N19
20260312,N.S3N23
20260312,N.S3N24
20260312,N.S3N25
20260312,N.S3N26
20260312,N.S4N01
20260312,N.S4N02
20260312,N.S4N03
20260312,N.S4N04
20260312,N.S4N05
20260312,N.S4N06
20260312,N.S4N07
20260312,N.S4N08
20260312,N.S4N09
20260312,N.S4N10
20260312,N.S4N11
20260312,N.S4N12
20260312,N.S4N13
20260312,N.S4N14
20260312,N.S4N15
20260312,N.S4N16
20260312,N.S4N17
20260312,N.S4N18
20260312,N.S4N19
20260312,N.S4N20
20260312,N.S4N21
20260312,N.S4N22
20260312,N.S4N23
20260312,N.S4N24
20260312,N.S4N25
20260312,N.S4N26
20260312,N.S4N27
20260312,N.S4N28
20260312,N.S5N01
20260312,N.S5N02
20260312,N.S5N03
20260312,N.S5N04
20260312,N.S5N05
20260312,N.S5N06
20260312,N.S5N07
20260312,N.S5N08
20260312,N.S5N09
20260312,N.S5N10
20260312,N.S5N11
20260312,N.S5N12
20260312,N.S5N13
20260312,N.S5N14
20260312,N.S5N15
20260312,N.S5N16
20260312,N.S5N17
20260312,N.S5N18
20260312,N.S5N19
20260312,N.S5N20
20260312,N.S5N21
20260312,N.S5N22
20260312,N.S5N23
20260312,N.S6N05
20260312,N.S6N06
20260312,N.S6N07
20260312,N.S6N08
20260312,N.S6N09
20260312,N.S6N10
20260312,N.S6N11
20260312,N.TMRF
20260312,N.TYSF
20260312,N.URHF
20260313,N.GJMF
20260313,N.HIDF
20260313,N.HSSF
20260313,N.IMGF
20260313,N.IYGF
20260313,N.KSNF
20260313,N.KSRF
20260313,N.NMRF
20260313,N.OOWF
20260313,N.S3N01
20260313,N.S3N02
20260313,N.S3N03
20260313,N.S3N04
20260313,N.S3N05
20260313,N.S3N06
20260313,N.S3N07
20260313,N.S3N08
20260313,N.S3N09
20260313,N.S3N10
20260313,N.S3N11
20260313,N.S3N12
20260313,N.S3N13
20260313,N.S3N14
20260313,N.S3N15
20260313,N.S3N16
20260313,N.S3N17
20260313,N.S3N18
20260313,N.S3N19
20260313,N.S3N23
20260313,N.S3N24
20260313,N.S3N25
20260313,N.S3N26
20260313,N.S4N01
20260313,N.S4N02
20260313,N.S4N03
20260313,N.S4N04
20260313,N.S4N05
20260313,N.S4N06
20260313,N.S4N07
20260313,N.S4N08
20260313,N.S4N09
20260313,N.S4N10
20260313,N.S4N11
20260313,N.S4N12
20260313,N.S4N13
20260313,N.S4N14
20260313,N.S4N15
20260313,N.S4N16
20260313,N.S4N17
20260313,N.S4N18
20260313,N.S4N19
20260313,N.S4N20
20260313,N.S4N21
20260313,N.S4N22
20260313,N.S4N23
20260313,N.S4N24
20260313,N.S4N25
20260313,N.S4N26
20260313,N.S4N27
20260313,N.S4N28
20260313,N.S5N01
20260313,N.S5N02
20260313,N.S5N03
20260313,N.S5N04
20260313,N.S5N05
20260313,N.S5N06
20260313,N.S5N07
20260313,N.S5N08
20260313,N.S5N09
20260313,N.S5N10
20260313,N.S5N11
20260313,N.S5N12
20260313,N.S5N13
20260313,N.S5N14
20260313,N.S5N15
20260313,N.S5N16
20260313,N.S5N17
20260313,N.S5N18
20260313,N.S5N19
20260313,N.S5N20
20260313,N.S5N21
20260313,N.S5N22
20260313,N.S5N23
20260313,N.S6N05
20260313,N.S6N06
20260313,N.S6N07
20260313,N.S6N08
20260313,N.S6N09
20260313,N.S6N10
20260313,N.S6N11
20260313,N.TMRF
20260313,N.TYSF
20260313,N.URHF
20260314,N.GJMF
20260314,N.HIDF
20260314,N.HSSF
20260314,N.IMGF
20260314,N.IYGF
20260314,N.KSNF
20260314,N.KSRF
20260314,N.NMRF
20260314,N.OOWF
20260314,N.S3N01
20260314,N.S3N02
20260314,N.S3N03
20260314,N.S3N04
20260314,N.S3N05
20260314,N.S3N06
20260314,N.S3N07
20260314,N.S3N08
20260314,N.S3N09
20260314,N.S3N10
20260314,N.S3N11
20260314,N.S3N12
20260314,N.S3N13
20260314,N.S3N14
20260314,N.S3N15
20260314,N.S3N16
20260314,N.S3N17
20260314,N.S3N18
20260314,N.S3N19
20260314,N.S3N23
20260314,N.S3N24
20260314,N.S3N25
20260314,N.S3N26
20260314,N.S4N01
20260314,N.S4N02
20260314,N.S4N03
20260314,N.S4N04
20260314,N.S4N05
20260314,N.S4N06
20260314,N.S4N07
20260314,N.S4N08
20260314,N.S4N09
20260314,N.S4N10
20260314,N.S4N11
20260314,N.S4N12
20260314,N.S4N13
20260314,N.S4N14
20260314,N.S4N15
20260314,N.S4N16
20260314,N.S4N17
20260314,N.S4N18
20260314,N.S4N19
20260314,N.S4N20
20260314,N.S4N21
20260314,N.S4N22
20260314,N.S4N23
20260314,N.S4N24
20260314,N.S4N25
20260314,N.S4N26
20260314,N.S4N27
20260314,N.S4N28
20260314,N.S5N01
20260314,N.S5N02
20260314,N.S5N03
20260314,N.S5N04
20260314,N.S5N05
20260314,N.S5N06
20260314,N.S5N07
20260314,N.S5N08
20260314,N.S5N09
20260314,N.S5N10
20260314,N.S5N11
20260314,N.S5N12
20260314,N.S5N13
20260314,N.S5N14
20260314,N.S5N15
20260314,N.S5N16
20260314,N.S5N17
20260314,N.S5N18
20260314,N.S5N19
20260314,N.S5N20
20260314,N.S5N21
20260314,N.S5N22
20260314,N.S5N23
20260314,N.S6N05
20260314,N.S6N06
20260314,N.S6N07
20260314,N.S6N08
20260314,N.S6N09
20260314,N.S6N10
20260314,N.S6N11
20260314,N.TMRF
20260314,N.TYSF
20260314,N.URHF
20260315,N.GJMF
20260315,N.HIDF
20260315,N.HSSF
20260315,N.IMGF
20260315,N.IYGF
20260315,N.KSNF
20260315,N.KSRF
20260315,N.NMRF
20260315,N.OOWF
20260315,N.S3N01
20260315,N.S3N02
20260315,N.S3N03
20260315,N.S3N04
20260315,N.S3N05
20260315,N.S3N06
20260315,N.S3N07
20260315,N.S3N08
20260315,N.S3N09
20260315,N.S3N10
20260315,N.S3N11
20260315,N.S3N12
20260315,N.S3N13
20260315,N.S3N14
20260315,N.S3N15
20260315,N.S3N16
20260315,N.S3N17
20260315,N.S3N18
20260315,N.S3N19
20260315,N.S3N23
20260315,N.S3N24
20260315,N.S3N25
20260315,N.S3N26
20260315,N.S4N01
20260315,N.S4N02
20260315,N.S4N03
20260315,N.S4N04
20260315,N.S4N05
20260315,N.S4N06
20260315,N.S4N07
20260315,N.S4N08
20260315,N.S4N09
20260315,N.S4N10
20260315,N.S4N11
20260315,N.S4N12
20260315,N.S4N13
20260315,N.S4N14
20260315,N.S4N15
20260315,N.S4N16
20260315,N.S4N17
20260315,N.S4N18
20260315,N.S4N19
20260315,N.S4N20
20260315,N.S4N21
20260315,N.S4N22
20260315,N.S4N23
20260315,N.S4N24
20260315,N.S4N25
20260315,N.S4N26
20260315,N.S4N27
20260315,N.S4N28
20260315,N.S5N01
20260315,N.S5N02
20260315,N.S5N03
20260315,N.S5N04
20260315,N.S5N05
20260315,N.S5N06
20260315,N.S5N07
20260315,N.S5N08
20260315,N.S5N09
20260315,N.S5N10
20260315,N.S5N11
20260315,N.S5N12
20260315,N.S5N13
20260315,N.S5N14
20260315,N.S5N15
20260315,N.S5N16
20260315,N.S5N17
20260315,N.S5N18
20260315,N.S5N19
20260315,N.S5N20
20260315,N.S5N21
20260315,N.S5N22
20260315,N.S5N23
20260315,N.S6N05
20260315,N.S6N06
20260315,N.S6N07
20260315,N.S6N08
20260315,N.S6N09
20260315,N.S6N10
20260315,N.S6N11
20260315,N.TMRF
20260315,N.TYSF
20260315,N.URHF
20260316,N.GJMF
20260316,N.HIDF
20260316,N.HSSF
20260316,N.IMGF
20260316,N.IYGF
20260316,N.KSNF
20260316,N.KSRF
20260316,N.NMRF
20260316,N.OOWF
20260316,N.S3N01
20260316,N.S3N02
20260316,N.S3N03
20260316,N.S3N04
20260316,N.S3N05
20260316,N.S3N06
20260316,N.S3N07
20260316,N.S3N08
20260316,N.S3N09
20260316,N.S3N10
20260316,N.S3N11
20260316,N.S3N12
20260316,N.S3N13
20260316,N.S3N14
20260316,N.S3N15
20260316,N.S3N16
20260316,N.S3N17
20260316,N.S3N18
20260316,N.S3N19
20260316,N.S3N23
20260316,N.S3N24
20260316,N.S3N25
20260316,N.S3N26
20260316,N.S4N01
20260316,N.S4N02
20260316,N.S4N03
20260316,N.S4N04
20260316,N.S4N05
20260316,N.S4N06
20260316,N.S4N07
20260316,N.S4N08
20260316,N.S4N09
20260316,N.S4N10
20260316,N.S4N11
20260316,N.S4N12
20260316,N.S4N13
20260316,N.S4N14
20260316,N.S4N15
20260316,N.S4N16
20260316,N.S4N17
20260316,N.S4N18
20260316,N.S4N19
20260316,N.S4N20
20260316,N.S4N21
20260316,N.S4N22
20260316,N.S4N23
20260316,N.S4N24
20260316,N.S4N25
20260316,N.S4N26
20260316,N.S4N27
20260316,N.S4N28
20260316,N.S5N01
20260316,N.S5N02
20260316,N.S5N03
20260316,N.S5N04
20260316,N.S5N05
20260316,N.S5N06
20260316,N.S5N07
20260316,N.S5N08
20260316,N.S5N09
20260316,N.S5N10
20260316,N.S5N11
20260316,N.S5N12
20260316,N.S5N13
20260316,N.S5N14
20260316,N.S5N15
20260316,N.S5N16
20260316,N.S5N17
20260316,N.S5N18
20260316,N.S5N19
20260316,N.S5N20
20260316,N.S5N21
20260316,N.S5N22
20260316,N.S5N23
20260316,N.S6N05
20260316,N.S6N06
20260316,N.S6N07
20260316,N.S6N08
20260316,N.S6N09
20260316,N.S6N10
20260316,N.S6N11
20260316,N.TMRF
20260316,N.TYSF
20260316,N.URHF
20260317,N.GJMF
20260317,N.HIDF
20260317,N.HSSF
20260317,N.IMGF
20260317,N.IYGF
20260317,N.KSNF
20260317,N.KSRF
20260317,N.NMRF
20260317,N.OOWF
20260317,N.S3N01
20260317,N.S3N02
20260317,N.S3N03
20260317,N.S3N04
20260317,N.S3N05
20260317,N.S3N06
20260317,N.S3N07
20260317,N.S3N08
20260317,N.S3N09
20260317,N.S3N10
20260317,N.S3N11
20260317,N.S3N12
20260317,N.S3N13
20260317,N.S3N14
20260317,N.S3N15
20260317,N.S3N16
20260317,N.S3N17
20260317,N.S3N18
20260317,N.S3N19
20260317,N.S3N23
20260317,N.S3N24
20260317,N.S3N25
20260317,N.S3N26
20260317,N.S4N01
20260317,N.S4N02
20260317,N.S4N03
20260317,N.S4N04
20260317,N.S4N05
20260317,N.S4N06
20260317,N.S4N07
20260317,N.S4N08
20260317,N.S4N09
20260317,N.S4N10
20260317,N.S4N11
20260317,N.S4N12
20260317,N.S4N13
20260317,N.S4N14
20260317,N.S4N15
20260317,N.S4N16
20260317,N.S4N17
20260317,N.S4N18
20260317,N.S4N19
20260317,N.S4N20
20260317,N.S4N21
20260317,N.S4N22
20260317,N.S4N23
20260317,N.S4N24
20260317,N.S4N25
20260317,N.S4N26
20260317,N.S4N27
20260317,N.S4N28
20260317,N.S5N01
20260317,N.S5N02
20260317,N.S5N03
20260317,N.S5N04
20260317,N.S5N05
20260317,N.S5N06
20260317,N.S5N07
20260317,N.S5N08
20260317,N.S5N09
20260317,N.S5N10
20260317,N.S5N11
20260317,N.S5N12
20260317,N.S5N13
20260317,N.S5N14
20260317,N.S5N15
20260317,N.S5N16
20260317,N.S5N17
20260317,N.S5N18
20260317,N.S5N19
20260317,N.S5N20
20260317,N.S5N21
20260317,N.S5N22
20260317,N.S5N23
20260317,N.S6N05
20260317,N.S6N06
20260317,N.S6N07
20260317,N.S6N08
20260317,N.S6N09
20260317,N.S6N10
20260317,N.S6N11
20260317,N.TMRF
20260317,N.TYSF
20260317,N.URHF
20260318,N.GJMF
20260318,N.HIDF
20260318,N.HSSF
20260318,N.IMGF
20260318,N.IYGF
20260318,N.KSNF
20260318,N.KSRF
20260318,N.NMRF
20260318,N.OOWF
20260318,N.S3N01
20260318,N.S3N02
20260318,N.S3N03
20260318,N.S3N04
20260318,N.S3N05
20260318,N.S3N06
20260318,N.S3N07
20260318,N.S3N08
20260318,N.S3N09
20260318,N.S3N10
20260318,N.S3N11
20260318,N.S3N12
20260318,N.S3N13
20260318,N.S3N14
20260318,N.S3N15
20260318,N.S3N16
20260318,N.S3N17
20260318,N.S3N18
20260318,N.S3N19
20260318,N.S3N23
20260318,N.S3N24
20260318,N.S3N25
20260318,N.S3N26
20260318,N.S4N01
20260318,N.S4N02
20260318,N.S4N03
20260318,N.S4N04
20260318,N.S4N05
20260318,N.S4N06
20260318,N.S4N07
20260318,N.S4N08
20260318,N.S4N09
20260318,N.S4N10
20260318,N.S4N11
20260318,N.S4N12
20260318,N.S4N13
20260318,N.S4N14
20260318,N.S4N15
20260318,N.S4N16
20260318,N.S4N17
20260318,N.S4N18
20260318,N.S4N19
20260318,N.S4N20
20260318,N.S4N21
20260318,N.S4N22
20260318,N.S4N23
20260318,N.S4N24
20260318,N.S4N25
20260318,N.S4N26
20260318,N.S4N27
20260318,N.S4N28
20260318,N.S5N01
20260318,N.S5N02
20260318,N.S5N03
20260318,N.S5N04
20260318,N.S5N05
20260318,N.S5N06
20260318,N.S5N07
20260318,N.S5N08
20260318,N.S5N09
20260318,N.S5N10
20260318,N.S5N11
20260318,N.S5N12
20260318,N.S5N13
20260318,N.S5N14
20260318,N.S5N15
20260318,N.S5N16
20260318,N.S5N17
20260318,N.S5N18
20260318,N.S5N19
20260318,N.S5N20
20260318,N.S5N21
20260318,N.S5N22
20260318,N.S5N23
20260318,N.S6N05
20260318,N.S6N06
20260318,N.S6N07
20260318,N.S6N08
20260318,N.S6N09
20260318,N.S6N10
20260318,N.S6N11
20260318,N.TMRF
20260318,N.TYSF
20260318,N.URHF
20260319,N.GJMF
20260319,N.HIDF
20260319,N.HSSF
20260319,N.IMGF
20260319,N.IYGF
20260319,N.KSNF
20260319,N.KSRF
20260319,N.NMRF
20260319,N.OOWF
20260319,N.S3N01
20260319,N.S3N02
20260319,N.S3N03
20260319,N.S3N04
20260319,N.S3N05
20260319,N.S3N06
20260319,N.S3N07
20260319,N.S3N08
20260319,N.S3N09
20260319,N.S3N10
20260319,N.S3N11
20260319,N.S3N12
20260319,N.S3N13
20260319,N.S3N14
20260319,N.S3N15
20260319,N.S3N16
20260319,N.S3N17
20260319,N.S3N18
20260319,N.S3N19
20260319,N.S3N23
20260319,N.S3N24
20260319,N.S3N25
20260319,N.S3N26
20260319,N.S4N01
20260319,N.S4N02
20260319,N.S4N03
20260319,N.S4N04
20260319,N.S4N05
20260319,N.S4N06
20260319,N.S4N07
20260319,N.S4N08
20260319,N.S4N09
20260319,N.S4N10
20260319,N.S4N11
20260319,N.S4N12
20260319,N.S4N13
20260319,N.S4N14
20260319,N.S4N15
20260319,N.S4N16
20260319,N.S4N17
20260319,N.S4N18
20260319,N.S4N19
20260319,N.S4N20
20260319,N.S4N21
20260319,N.S4N22
20260319,N.S4N23
20260319,N.S4N24
20260319,N.S4N25
20260319,N.S4N26
20260319,N.S4N27
20260319,N.S4N28
20260319,N.S5N01
20260319,N.S5N02
20260319,N.S5N03
20260319,N.S5N04
20260319,N.S5N05
20260319,N.S5N06
20260319,N.S5N07
20260319,N.S5N08
20260319,N.S5N09
20260319,N.S5N10
20260319,N.S5N11
20260319,N.S5N12
20260319,N.S5N13
20260319,N.S5N14
20260319,N.S5N15
20260319,N.S5N16
20260319,N.S5N17
20260319,N.S5N18
20260319,N.S5N19
20260319,N.S5N20
20260319,N.S5N21
20260319,N.S5N22
20260319,N.S5N23
20260319,N.S6N05
20260319,N.S6N06
20260319,N.S6N07
20260319,N.S6N08
20260319,N.S6N09
20260319,N.S6N10
20260319,N.S6N11
20260319,N.TMRF
20260319,N.TYSF
20260319,N.URHF
20260320,N.GJMF
20260320,N.HIDF
20260320,N.HSSF
20260320,N.IMGF
20260320,N.IYGF
20260320,N.KSNF
20260320,N.KSRF
20260320,N.NMRF
20260320,N.OOWF
20260320,N.S3N01
20260320,N.S3N02
20260320,N.S3N03
20260320,N.S3N04
20260320,N.S3N05
20260320,N.S3N06
20260320,N.S3N07
20260320,N.S3N08
20260320,N.S3N09
20260320,N.S3N10
20260320,N.S3N11
20260320,N.S3N12
20260320,N.S3N13
20260320,N.S3N14
20260320,N.S3N15
20260320,N.S3N16
20260320,N.S3N17
20260320,N.S3N18
20260320,N.S3N19
20260320,N.S3N23
20260320,N.S3N24
20260320,N.S3N25
20260320,N.S3N26
20260320,N.S4N01
20260320,N.S4N02
20260320,N.S4N03
20260320,N.S4N04
20260320,N.S4N05
20260320,N.S4N06
20260320,N.S4N07
20260320,N.S4N08
20260320,N.S4N09
20260320,N.S4N10
20260320,N.S4N11
20260320,N.S4N12
20260320,N.S4N13
20260320,N.S4N14
20260320,N.S4N15
20260320,N.S4N16
20260320,N.S4N17
20260320,N.S4N18
20260320,N.S4N19
20260320,N.S4N20
20260320,N.S4N21
20260320,N.S4N22
20260320,N.S4N23
20260320,N.S4N24
20260320,N.S4N25
20260320,N.S4N26
20260320,N.S4N27
20260320,N.S4N28
20260320,N.S5N01
20260320,N.S5N02
20260320,N.S5N03
20260320,N.S5N04
20260320,N.S5N05
20260320,N.S5N06
20260320,N.S5N07
20260320,N.S5N08
20260320,N.S5N09
20260320,N.S5N10
20260320,N.S5N11
20260320,N.S5N12
20260320,N.S5N13
20260320,N.S5N14
20260320,N.S5N15
20260320,N.S5N16
20260320,N.S5N17
20260320,N.S5N18
20260320,N.S5N19
20260320,N.S5N20
20260320,N.S5N21
20260320,N.S5N22
20260320,N.S5N23
20260320,N.S6N05
20260320,N.S6N06
20260320,N.S6N07
20260320,N.S6N08
20260320,N.S6N09
20260320,N.S6N10
20260320,N.S6N11
20260320,N.TMRF
20260320,N.TYSF
20260320,N.URHF
20260321,N.GJMF
20260321,N.HIDF
20260321,N.HSSF
20260321,N.IMGF
20260321,N.IYGF
20260321,N.KSNF
20260321,N.KSRF
20260321,N.NMRF
20260321,N.OOWF
20260321,N.S3N01
20260321,N.S3N02
20260321,N.S3N03
20260321,N.S3N04
20260321,N.S3N05
20260321,N.S3N06
20260321,N.S3N07
20260321,N.S3N08
20260321,N.S3N09
20260321,N.S3N10
20260321,N.S3N11
20260321,N.S3N12
20260321,N.S3N13
20260321,N.S3N14
20260321,N.S3N15
20260321,N.S3N16
20260321,N.S3N17
20260321,N.S3N18
20260321,N.S3N19
20260321,N.S3N23
20260321,N.S3N24
20260321,N.S3N25
20260321,N.S3N26
20260321,N.S4N01
20260321,N.S4N02
20260321,N.S4N03
20260321,N.S4N04
20260321,N.S4N05
20260321,N.S4N06
20260321,N.S4N07
20260321,N.S4N08
20260321,N.S4N09
20260321,N.S4N10
20260321,N.S4N11
20260321,N.S4N12
20260321,N.S4N13
20260321,N.S4N14
20260321,N.S4N15
20260321,N.S4N16
20260321,N.S4N17
20260321,N.S4N18
20260321,N.S4N19
20260321,N.S4N20
20260321,N.S4N21
20260321,N.S4N22
20260321,N.S4N23
20260321,N.S4N24
20260321,N.S4N25
20260321,N.S4N26
20260321,N.S4N27
20260321,N.S4N28
20260321,N.S5N01
20260321,N.S5N02
20260321,N.S5N03
20260321,N.S5N04
20260321,N.S5N05
20260321,N.S5N06
20260321,N.S5N07
20260321,N.S5N08
20260321,N.S5N09
20260321,N.S5N10
20260321,N.S5N11
20260321,N.S5N12
20260321,N.S5N13
20260321,N.S5N14
20260321,N.S5N15
20260321,N.S5N16
20260321,N.S5N17
20260321,N.S5N18
20260321,N.S5N19
20260321,N.S5N20
20260321,N.S5N21
20260321,N.S5N22
20260321,N.S5N23
20260321,N.S6N05
20260321,N.S6N06
20260321,N.S6N07
20260321,N.S6N08
20260321,N.S6N09
20260321,N.S6N10
20260321,N.S6N11
20260321,N.TMRF
20260321,N.TYSF
20260321,N.URHF
20260322,N.GJMF
20260322,N.HIDF
20260322,N.HSSF
20260322,N.IMGF
20260322,N.IYGF
20260322,N.KSNF
20260322,N.KSRF
20260322,N.NMRF
20260322,N.OOWF
20260322,N.S3N01
20260322,N.S3N02
20260322,N.S3N03
20260322,N.S3N04
20260322,N.S3N05
20260322,N.S3N06
20260322,N.S3N07
20260322,N.S3N08
20260322,N.S3N09
20260322,N.S3N10
20260322,N.S3N11
20260322,N.S3N12
20260322,N.S3N13
20260322,N.S3N14
20260322,N.S3N15
20260322,N.S3N16
20260322,N.S3N17
20260322,N.S3N18
20260322,N.S3N19
20260322,N.S3N23
20260322,N.S3N24
20260322,N.S3N25
20260322,N.S3N26
20260322,N.S4N01
20260322,N.S4N02
20260322,N.S4N03
20260322,N.S4N04
20260322,N.S4N05
20260322,N.S4N06
20260322,N.S4N07
20260322,N.S4N08
20260322,N.S4N09
20260322,N.S4N10
20260322,N.S4N11
20260322,N.S4N12
20260322,N.S4N13
20260322,N.S4N14
20260322,N.S4N15
20260322,N.S4N16
20260322,N.S4N17
20260322,N.S4N18
20260322,N.S4N19
20260322,N.S4N20
20260322,N.S4N21
20260322,N.S4N22
20260322,N.S4N23
20260322,N.S4N24
20260322,N.S4N25
20260322,N.S4N26
20260322,N.S4N27
20260322,N.S4N28
20260322,N.S5N01
20260322,N.S5N02
20260322,N.S5N03
20260322,N.S5N04
20260322,N.S5N05
20260322,N.S5N06
20260322,N.S5N07
20260322,N.S5N08
20260322,N.S5N09
20260322,N.S5N10
20260322,N.S5N11
20260322,N.S5N12
20260322,N.S5N13
20260322,N.S5N14
20260322,N.S5N15
20260322,N.S5N16
20260322,N.S5N17
20260322,N.S5N18
20260322,N.S5N19
20260322,N.S5N20
20260322,N.S5N21
20260322,N.S5N22
20260322,N.S5N23
20260322,N.S6N05
20260322,N.S6N06
20260322,N.S6N07
20260322,N.S6N08
20260322,N.S6N09
20260322,N.S6N10
20260322,N.S6N11
20260322,N.TMRF
20260322,N.TYSF
20260322,N.URHF
20260323,N.GJMF
20260323,N.HIDF
20260323,N.HSSF
20260323,N.IMGF
20260323,N.IYGF
20260323,N.KSNF
20260323,N.KSRF
20260323,N.NMRF
20260323,N.OOWF
20260323,N.S3N01
20260323,N.S3N02
20260323,N.S3N03
20260323,N.S3N04
20260323,N.S3N05
20260323,N.S3N06
20260323,N.S3N07
20260323,N.S3N08
20260323,N.S3N09
20260323,N.S3N10
20260323,N.S3N11
20260323,N.S3N12
20260323,N.S3N13
20260323,N.S3N14
20260323,N.S3N15
20260323,N.S3N16
20260323,N.S3N17
20260323,N.S3N18
20260323,N.S3N19
20260323,N.S3N23
20260323,N.S3N24
20260323,N.S3N25
20260323,N.S3N26
20260323,N.S4N01
20260323,N.S4N02
20260323,N.S4N03
20260323,N.S4N04
20260323,N.S4N05
20260323,N.S4N06
20260323,N.S4N07
20260323,N.S4N08
20260323,N.S4N09
20260323,N.S4N10
20260323,N.S4N11
20260323,N.S4N12
20260323,N.S4N13
20260323,N.S4N14
20260323,N.S4N15
20260323,N.S4N16
20260323,N.S4N17
20260323,N.S4N18
20260323,N.S4N19
20260323,N.S4N20
20260323,N.S4N21
20260323,N.S4N22
20260323,N.S4N23
20260323,N.S4N24
20260323,N.S4N25
20260323,N.S4N26
20260323,N.S4N27
20260323,N.S4N28
20260323,N.S5N01
20260323,N.S5N02
20260323,N.S5N03
20260323,N.S5N04
20260323,N.S5N05
20260323,N.S5N06
20260323,N.S5N07
20260323,N.S5N08
20260323,N.S5N09
20260323,N.S5N10
20260323,N.S5N11
20260323,N.S5N12
20260323,N.S5N13
20260323,N.S5N14
20260323,N.S5N15
20260323,N.S5N16
20260323,N.S5N17
20260323,N.S5N18
20260323,N.S5N19
20260323,N.S5N20
20260323,N.S5N21
20260323,N.S5N22
20260323,N.S5N23
20260323,N.S6N05
20260323,N.S6N06
20260323,N.S6N07
20260323,N.S6N08
20260323,N.S6N09
20260323,N.S6N10
20260323,N.S6N11
20260323,N.TMRF
20260323,N.TYSF
20260323,N.URHF
20260324,N.GJMF
20260324,N.HIDF
20260324,N.HSSF
20260324,N.IMGF
20260324,N.IYGF
20260324,N.KSNF
20260324,N.KSRF
20260324,N.NMRF
20260324,N.OOWF
20260324,N.S3N01
20260324,N.S3N02
20260324,N.S3N03
20260324,N.S3N04
20260324,N.S3N05
20260324,N.S3N06
20260324,N.S3N07
20260324,N.S3N08
20260324,N.S3N09
20260324,N.S3N10
20260324,N.S3N11
20260324,N.S3N12
20260324,N.S3N13
20260324,N.S3N14
20260324,N.S3N15
20260324,N.S3N16
20260324,N.S3N17
20260324,N.S3N18
20260324,N.S3N19
20260324,N.S3N23
20260324,N.S3N24
20260324,N.S3N25
20260324,N.S3N26
20260324,N.S4N01
20260324,N.S4N02
20260324,N.S4N03
20260324,N.S4N04
20260324,N.S4N05
20260324,N.S4N06
20260324,N.S4N07
20260324,N.S4N08
20260324,N.S4N09
20260324,N.S4N10
20260324,N.S4N11
20260324,N.S4N12
20260324,N.S4N13
20260324,N.S4N14
20260324,N.S4N15
20260324,N.S4N16
20260324,N.S4N17
20260324,N.S4N18
20260324,N.S4N19
20260324,N.S4N20
20260324,N.S4N21
20260324,N.S4N22
20260324,N.S4N23
20260324,N.S4N24
20260324,N.S4N25
20260324,N.S4N26
20260324,N.S4N27
20260324,N.S4N28
20260324,N.S5N01
20260324,N.S5N02
20260324,N.S5N03
20260324,N.S5N04
20260324,N.S5N05
20260324,N.S5N06
20260324,N.S5N07
20260324,N.S5N08
20260324,N.S5N09
20260324,N.S5N10
20260324,N.S5N11
20260324,N.S5N12
20260324,N.S5N13
20260324,N.S5N14
20260324,N.S5N15
20260324,N.S5N16
20260324,N.S5N17
20260324,N.S5N18
20260324,N.S5N19
20260324,N.S5N20
20260324,N.S5N21
20260324,N.S5N22
20260324,N.S5N23
20260324,N.S6N05
20260324,N.S6N06
20260324,N.S6N07
20260324,N.S6N08
20260324,N.S6N09
20260324,N.S6N10
20260324,N.S6N11
20260324,N.TMRF
20260324,N.TYSF
20260324,N.URHF
20260325,N.GJMF
20260325,N.HIDF
20260325,N.HSSF
20260325,N.IMGF
20260325,N.IYGF
20260325,N.KSNF
20260325,N.KSRF
20260325,N.NMRF
20260325,N.OOWF
20260325,N.S3N01
20260325,N.S3N02
20260325,N.S3N03
20260325,N.S3N04
20260325,N.S3N05
20260325,N.S3N06
20260325,N.S3N07
20260325,N.S3N08
20260325,N.S3N09
20260325,N.S3N10
20260325,N.S3N11
20260325,N.S3N12
20260325,N.S3N13
20260325,N.S3N14
20260325,N.S3N15
20260325,N.S3N16
20260325,N.S3N17
20260325,N.S3N18
20260325,N.S3N19
20260325,N.S3N23
20260325,N.S3N24
20260325,N.S3N25
20260325,N.S3N26
20260325,N.S4N01
20260325,N.S4N02
20260325,N.S4N03
20260325,N.S4N04
20260325,N.S4N05
20260325,N.S4N06
20260325,N.S4N07
20260325,N.S4N08
20260325,N.S4N09
20260325,N.S4N10
20260325,N.S4N11
20260325,N.S4N12
20260325,N.S4N13
20260325,N.S4N14
20260325,N.S4N15
20260325,N.S4N16
20260325,N.S4N17
20260325,N.S4N18
20260325,N.S4N19
20260325,N.S4N20
20260325,N.S4N21
20260325,N.S4N22
20260325,N.S4N23
20260325,N.S4N24
20260325,N.S4N25
20260325,N.S4N26
20260325,N.S4N27
20260325,N.S4N28
20260325,N.S5N01
20260325,N.S5N02
20260325,N.S5N03
20260325,N.S5N04
20260325,N.S5N05
20260325,N.S5N06
20260325,N.S5N07
20260325,N.S5N08
20260325,N.S5N09
20260325,N.S5N10
20260325,N.S5N11
20260325,N.S5N12
20260325,N.S5N13
20260325,N.S5N14
20260325,N.S5N15
20260325,N.S5N16
20260325,N.S5N17
20260325,N.S5N18
20260325,N.S5N19
20260325,N.S5N20
20260325,N.S5N21
20260325,N.S5N22
20260325,N.S5N23
20260325,N.S6N05
20260325,N.S6N06
20260325,N.S6N07
20260325,N.S6N08
20260325,N.S6N09
20260325,N.S6N10
20260325,N.S6N11
20260325,N.TMRF
20260325,N.TYSF
20260325,N.URHF
20260326,N.GJMF
20260326,N.HIDF
20260326,N.HSSF
20260326,N.IMGF
20260326,N.IYGF
20260326,N.KSNF
20260326,N.KSRF
20260326,N.NMRF
20260326,N.OOWF
20260326,N.S3N01
20260326,N.S3N02
20260326,N.S3N03
20260326,N.S3N04
20260326,N.S3N05
20260326,N.S3N06
20260326,N.S3N07
20260326,N.S3N08
20260326,N.S3N09
20260326,N.S3N10
20260326,N.S3N11
20260326,N.S3N12
20260326,N.S3N13
20260326,N.S3N14
20260326,N.S3N15
20260326,N.S3N16
20260326,N.S3N17
20260326,N.S3N18
20260326,N.S3N19
20260326,N.S3N23
20260326,N.S3N24
20260326,N.S3N25
20260326,N.S3N26
20260326,N.S4N01
20260326,N.S4N02
20260326,N.S4N03
20260326,N.S4N04
20260326,N.S4N05
20260326,N.S4N06
20260326,N.S4N07
20260326,N.S4N08
20260326,N.S4N09
20260326,N.S4N10
20260326,N.S4N11
20260326,N.S4N12
20260326,N.S4N13
20260326,N.S4N14
20260326,N.S4N15
20260326,N.S4N16
20260326,N.S4N17
20260326,N.S4N18
20260326,N.S4N19
20260326,N.S4N20
20260326,N.S4N21
20260326,N.S4N22
20260326,N.S4N23
20260326,N.S4N24
20260326,N.S4N25
20260326,N.S4N26
20260326,N.S4N27
20260326,N.S4N28
20260326,N.S5N01
20260326,N.S5N02
20260326,N.S5N03
20260326,N.S5N04
20260326,N.S5N05
20260326,N.S5N06
20260326,N.S5N07
20260326,N.S5N08
20260326,N.S5N09
20260326,N.S5N10
20260326,N.S5N11
20260326,N.S5N12
20260326,N.S5N13
20260326,N.S5N14
20260326,N.S5N15
20260326,N.S5N16
20260326,N.S5N17
20260326,N.S5N18
20260326,N.S5N19
20260326,N.S5N20
20260326,N.S5N21
20260326,N.S5N22
20260326,N.S5N23
20260326,N.S6N05
20260326,N.S6N06
20260326,N.S6N07
20260326,N.S6N08
20260326,N.S6N09
20260326,N.S6N10
20260326,N.S6N11
20260326,N.TMRF
20260326,N.TYSF
20260326,N.URHF
20260327,N.GJMF
20260327,N.HIDF
20260327,N.HSSF
20260327,N.IMGF
20260327,N.IYGF
20260327,N.KSNF
20260327,N.KSRF
20260327,N.NMRF
20260327,N.OOWF
20260327,N.S3N01
20260327,N.S3N02
20260327,N.S3N03
20260327,N.S3N04
20260327,N.S3N05
20260327,N.S3N06
20260327,N.S3N07
20260327,N.S3N08
20260327,N.S3N09
20260327,N.S3N10
20260327,N.S3N11
20260327,N.S3N12
20260327,N.S3N13
20260327,N.S3N14
20260327,N.S3N15
20260327,N.S3N16
20260327,N.S3N17
20260327,N.S3N18
20260327,N.S3N19
20260327,N.S3N23
20260327,N.S3N24
20260327,N.S3N25
20260327,N.S3N26
20260327,N.S4N01
20260327,N.S4N02
20260327,N.S4N03
20260327,N.S4N04
20260327,N.S4N05
20260327,N.S4N06
20260327,N.S4N07
20260327,N.S4N08
20260327,N.S4N09
20260327,N.S4N10
20260327,N.S4N11
20260327,N.S4N12
20260327,N.S4N13
20260327,N.S4N14
20260327,N.S4N15
20260327,N.S4N16
20260327,N.S4N17
20260327,N.S4N18
20260327,N.S4N19
20260327,N.S4N20
20260327,N.S4N21
20260327,N.S4N22
20260327,N.S4N23
20260327,N.S4N24
20260327,N.S4N25
20260327,N.S4N26
20260327,N.S4N27
20260327,N.S4N28
20260327,N.S5N01
20260327,N.S5N02
20260327,N.S5N03
20260327,N.S5N04
20260327,N.S5N05
20260327,N.S5N06
20260327,N.S5N07
20260327,N.S5N08
20260327,N.S5N09
20260327,N.S5N10
20260327,N.S5N11
20260327,N.S5N12
20260327,N.S5N13
20260327,N.S5N14
20260327,N.S5N15
20260327,N.S5N16
20260327,N.S5N17
20260327,N.S5N18
20260327,N.S5N19
20260327,N.S5N20
20260327,N.S5N21
20260327,N.S5N22
20260327,N.S5N23
20260327,N.S6N05
20260327,N.S6N06
20260327,N.S6N07
20260327,N.S6N08
20260327,N.S6N09
20260327,N.S6N10
20260327,N.S6N11
20260327,N.TMRF
20260327,N.TYSF
20260327,N.URHF
20260328,N.GJMF
20260328,N.HIDF
20260328,N.HSSF
20260328,N.IMGF
20260328,N.IYGF
20260328,N.KSNF
20260328,N.KSRF
20260328,N.NMRF
20260328,N.OOWF
20260328,N.S3N01
20260328,N.S3N02
20260328,N.S3N03
20260328,N.S3N04
20260328,N.S3N05
20260328,N.S3N06
20260328,N.S3N07
20260328,N.S3N08
20260328,N.S3N09
20260328,N.S3N10
20260328,N.S3N11
20260328,N.S3N12
20260328,N.S3N13
20260328,N.S3N14
20260328,N.S3N15
20260328,N.S3N16
20260328,N.S3N17
20260328,N.S3N18
20260328,N.S3N19
20260328,N.S3N23
20260328,N.S3N24
20260328,N.S3N25
20260328,N.S3N26
20260328,N.S4N01
20260328,N.S4N02
20260328,N.S4N03
20260328,N.S4N04
20260328,N.S4N05
20260328,N.S4N06
20260328,N.S4N07
20260328,N.S4N08
20260328,N.S4N09
20260328,N.S4N10
20260328,N.S4N11
20260328,N.S4N12
20260328,N.S4N13
20260328,N.S4N14
20260328,N.S4N15
20260328,N.S4N16
20260328,N.S4N17
20260328,N.S4N18
20260328,N.S4N19
20260328,N.S4N20
20260328,N.S4N21
20260328,N.S4N22
20260328,N.S4N23
20260328,N.S4N24
20260328,N.S4N25
20260328,N.S4N26
20260328,N.S4N27
20260328,N.S4N28
20260328,N.S5N01
20260328,N.S5N02
20260328,N.S5N03
20260328,N.S5N04
20260328,N.S5N05
20260328,N.S5N06
20260328,N.S5N07
20260328,N.S5N08
20260328,N.S5N09
20260328,N.S5N10
20260328,N.S5N11
20260328,N.S5N12
20260328,N.S5N13
20260328,N.S5N14
20260328,N.S5N15
20260328,N.S5N16
20260328,N.S5N17
20260328,N.S5N18
20260328,N.S5N19
20260328,N.S5N20
20260328,N.S5N21
20260328,N.S5N22
20260328,N.S5N23
20260328,N.S6N05
20260328,N.S6N06
20260328,N.S6N07
20260328,N.S6N08
20260328,N.S6N09
20260328,N.S6N10
20260328,N.S6N11
20260328,N.TMRF
20260328,N.TYSF
20260328,N.URHF
20260329,N.GJMF
20260329,N.HIDF
20260329,N.HSSF
20260329,N.IMGF
20260329,N.IYGF
20260329,N.KSNF
20260329,N.KSRF
20260329,N.NMRF
20260329,N.OOWF
20260329,N.S3N01
20260329,N.S3N02
20260329,N.S3N03
20260329,N.S3N04
20260329,N.S3N05
20260329,N.S3N06
20260329,N.S3N07
20260329,N.S3N08
20260329,N.S3N09
20260329,N.S3N10
20260329,N.S3N11
20260329,N.S3N12
20260329,N.S3N13
20260329,N.S3N14
20260329,N.S3N15
20260329,N.S3N16
20260329,N.S3N17
20260329,N.S3N18
20260329,N.S3N19
20260329,N.S3N23
20260329,N.S3N24
20260329,N.S3N25
20260329,N.S3N26
20260329,N.S4N01
20260329,N.S4N02
20260329,N.S4N03
20260329,N.S4N04
20260329,N.S4N05
20260329,N.S4N06
20260329,N.S4N07
20260329,N.S4N08
20260329,N.S4N09
20260329,N.S4N10
20260329,N.S4N11
20260329,N.S4N12
20260329,N.S4N13
20260329,N.S4N14
20260329,N.S4N15
20260329,N.S4N16
20260329,N.S4N17
20260329,N.S4N18
20260329,N.S4N19
20260329,N.S4N20
20260329,N.S4N21
20260329,N.S4N22
20260329,N.S4N23
20260329,N.S4N24
20260329,N.S4N25
20260329,N.S4N26
20260329,N.S4N27
20260329,N.S4N28
20260329,N.S5N01
20260329,N.S5N02
20260329,N.S5N03
20260329,N.S5N04
20260329,N.S5N05
20260329,N.S5N06
20260329,N.S5N07
20260329,N.S5N08
20260329,N.S5N09
20260329,N.S5N10
20260329,N.S5N11
20260329,N.S5N12
20260329,N.S5N13
20260329,N.S5N14
20260329,N.S5N15
20260329,N.S5N16
20260329,N.S5N17
20260329,N.S5N18
20260329,N.S5N19
20260329,N.S5N20
20260329,N.S5N21
20260329,N.S5N22
20260329,N.S5N23
20260329,N.S6N05
20260329,N.S6N06
20260329,N.S6N07
20260329,N.S6N08
20260329,N.S6N09
20260329,N.S6N10
20260329,N.S6N11
20260329,N.TMRF
20260329,N.TYSF
20260329,N.URHF
20260330,N.GJMF
20260330,N.HIDF
20260330,N.HSSF
20260330,N.IMGF
20260330,N.IYGF
20260330,N.KSNF
20260330,N.KSRF
20260330,N.NMRF
20260330,N.OOWF
20260330,N.S3N01
20260330,N.S3N02
20260330,N.S3N03
20260330,N.S3N04
20260330,N.S3N05
20260330,N.S3N06
20260330,N.S3N07
20260330,N.S3N08
20260330,N.S3N09
20260330,N.S3N10
20260330,N.S3N11
20260330,N.S3N12
20260330,N.S3N13
20260330,N.S3N14
20260330,N.S3N15
20260330,N.S3N16
20260330,N.S3N17
20260330,N.S3N18
20260330,N.S3N19
20260330,N.S3N23
20260330,N.S3N24
20260330,N.S3N25
20260330,N.S3N26
20260330,N.S4N01
20260330,N.S4N02
20260330,N.S4N03
20260330,N.S4N04
20260330,N.S4N05
20260330,N.S4N06
20260330,N.S4N07
20260330,N.S4N08
20260330,N.S4N09
20260330,N.S4N10
20260330,N.S4N11
20260330,N.S4N12
20260330,N.S4N13
20260330,N.S4N14
20260330,N.S4N15
20260330,N.S4N16
20260330,N.S4N17
20260330,N.S4N18
20260330,N.S4N19
20260330,N.S4N20
20260330,N.S4N21
20260330,N.S4N22
20260330,N.S4N23
20260330,N.S4N24
20260330,N.S4N25
20260330,N.S4N26
20260330,N.S4N27
20260330,N.S4N28
20260330,N.S5N01
20260330,N.S5N02
20260330,N.S5N03
20260330,N.S5N04
20260330,N.S5N05
20260330,N.S5N06
20260330,N.S5N07
20260330,N.S5N08
20260330,N.S5N09
20260330,N.S5N10
20260330,N.S5N11
20260330,N.S5N12
20260330,N.S5N13
20260330,N.S5N14
20260330,N.S5N15
20260330,N.S5N16
20260330,N.S5N17
20260330,N.S5N18
20260330,N.S5N19
20260330,N.S5N20
20260330,N.S5N21
20260330,N.S5N22
20260330,N.S5N23
20260330,N.S6N05
20260330,N.S6N06
20260330,N.S6N07
20260330,N.S6N08
20260330,N.S6N09
20260330,N.S6N10
20260330,N.S6N11
20260330,N.TMRF
20260330,N.TYSF
20260330,N.URHF
20260331,N.GJMF
20260331,N.HIDF
20260331,N.HSSF
20260331,N.IMGF
20260331,N.IYGF
20260331,N.KSNF
20260331,N.KSRF
20260331,N.NMRF
20260331,N.OOWF
20260331,N.S3N01
20260331,N.S3N02
20260331,N.S3N03
20260331,N.S3N04
20260331,N.S3N05
20260331,N.S3N06
20260331,N.S3N07
20260331,N.S3N08
20260331,N.S3N09
20260331,N.S3N10
20260331,N.S3N11
20260331,N.S3N12
20260331,N.S3N13
20260331,N.S3N14
20260331,N.S3N15
20260331,N.S3N16
20260331,N.S3N17
20260331,N.S3N18
20260331,N.S3N19
20260331,N.S3N23
20260331,N.S3N24
20260331,N.S3N25
20260331,N.S3N26
20260331,N.S4N01
20260331,N.S4N02
20260331,N.S4N03
20260331,N.S4N04
20260331,N.S4N05
20260331,N.S4N06
20260331,N.S4N07
20260331,N.S4N08
20260331,N.S4N09
20260331,N.S4N10
20260331,N.S4N11
20260331,N.S4N12
20260331,N.S4N13
20260331,N.S4N14
20260331,N.S4N15
20260331,N.S4N16
20260331,N.S4N17
20260331,N.S4N18
20260331,N.S4N19
20260331,N.S4N20
20260331,N.S4N21
20260331,N.S4N22
20260331,N.S4N23
20260331,N.S4N24
20260331,N.S4N25
20260331,N.S4N26
20260331,N.S4N27
20260331,N.S4N28
20260331,N.S5N01
20260331,N.S5N02
20260331,N.S5N03
20260331,N.S5N04
20260331,N.S5N05
20260331,N.S5N06
20260331,N.S5N07
20260331,N.S5N08
20260331,N.S5N09
20260331,N.S5N10
20260331,N.S5N11
20260331,N.S5N12
20260331,N.S5N13
20260331,N.S5N14
20260331,N.S5N15
20260331,N.S5N16
20260331,N.S5N17
20260331,N.S5N18
20260331,N.S5N19
20260331,N.S5N20
20260331,N.S5N21
20260331,N.S5N22
20260331,N.S5N23
20260331,N.S6N05
20260331,N.S6N06
20260331,N.S6N07
20260331,N.S6N08
20260331,N.S6N09
20260331,N.S6N10
20260331,N.S6N11
20260331,N.TMRF
20260331,N.TYSF
20260331,N.URHF
20260401,N.GJMF
20260401,N.HIDF
20260401,N.HSSF
20260401,N.IMGF
20260401,N.IYGF
20260401,N.KSNF
20260401,N.KSRF
20260401,N.NMRF
20260401,N.OOWF
20260401,N.S3N01
20260401,N.S3N02
20260401,N.S3N03
20260401,N.S3N04
20260401,N.S3N05
20260401,N.S3N06
20260401,N.S3N07
20260401,N.S3N08
20260401,N.S3N09
20260401,N.S3N10
20260401,N.S3N11
20260401,N.S3N12
20260401,N.S3N13
20260401,N.S3N14
20260401,N.S3N15
20260401,N.S3N16
20260401,N.S3N17
20260401,N.S3N18
20260401,N.S3N19
20260401,N.S3N23
20260401,N.S3N24
20260401,N.S3N25
20260401,N.S3N26
20260401,N.S4N01
20260401,N.S4N02
20260401,N.S4N03
20260401,N.S4N04
20260401,N.S4N05
20260401,N.S4N06
20260401,N.S4N07
20260401,N.S4N08
20260401,N.S4N09
20260401,N.S4N10
20260401,N.S4N11
20260401,N.S4N12
20260401,N.S4N13
20260401,N.S4N14
20260401,N.S4N15
20260401,N.S4N16
20260401,N.S4N17
20260401,N.S4N18
20260401,N.S4N19
20260401,N.S4N20
20260401,N.S4N21
20260401,N.S4N22
20260401,N.S4N23
20260401,N.S4N24
20260401,N.S4N25
20260401,N.S4N26
20260401,N.S4N27
20260401,N.S4N28
20260401,N.S5N01
20260401,N.S5N02
20260401,N.S5N03
20260401,N.S5N04
20260401,N.S5N05
20260401,N.S5N06
20260401,N.S5N07
20260401,N.S5N08
20260401,N.S5N09
20260401,N.S5N10
20260401,N.S5N11
20260401,N.S5N12
20260401,N.S5N13
20260401,N.S5N14
20260401,N.S5N15
20260401,N.S5N16
20260401,N.S5N17
20260401,N.S5N18
20260401,N.S5N19
20260401,N.S5N20
20260401,N.S5N21
20260401,N.S5N22
20260401,N.S5N23
20260401,N.S6N05
20260401,N.S6N06
20260401,N.S6N07
20260401,N.S6N08
20260401,N.S6N09
20260401,N.S6N10
20260401,N.S6N11
20260401,N.TMRF
20260401,N.TYSF
20260401,N.URHF
20260402,N.GJMF
20260402,N.HIDF
20260402,N.HSSF
20260402,N.IMGF
20260402,N.IYGF
20260402,N.KSNF
20260402,N.KSRF
20260402,N.NMRF
20260402,N.OOWF
20260402,N.S3N01
20260402,N.S3N02
20260402,N.S3N03
20260402,N.S3N04
20260402,N.S3N05
20260402,N.S3N06
20260402,N.S3N07
20260402,N.S3N08
20260402,N.S3N09
20260402,N.S3N10
20260402,N.S3N11
20260402,N.S3N12
20260402,N.S3N13
20260402,N.S3N14
20260402,N.S3N15
20260402,N.S3N16
20260402,N.S3N17
20260402,N.S3N18
20260402,N.S3N19
20260402,N.S3N23
20260402,N.S3N24
20260402,N.S3N25
20260402,N.S3N26
20260402,N.S4N01
20260402,N.S4N02
20260402,N.S4N03
20260402,N.S4N04
20260402,N.S4N05
20260402,N.S4N06
20260402,N.S4N07
20260402,N.S4N08
20260402,N.S4N09
20260402,N.S4N10
20260402,N.S4N11
20260402,N.S4N12
20260402,N.S4N13
20260402,N.S4N14
20260402,N.S4N15
20260402,N.S4N16
20260402,N.S4N17
20260402,N.S4N18
20260402,N.S4N19
20260402,N.S4N20
20260402,N.S4N21
20260402,N.S4N22
20260402,N.S4N23
20260402,N.S4N24
20260402,N.S4N25
20260402,N.S4N26
20260402,N.S4N27
20260402,N.S4N28
20260402,N.S5N01
20260402,N.S5N02
20260402,N.S5N03
20260402,N.S5N04
20260402,N.S5N05
20260402,N.S5N06
20260402,N.S5N07
20260402,N.S5N08
20260402,N.S5N09
20260402,N.S5N10
20260402,N.S5N11
20260402,N.S5N12
20260402,N.S5N13
20260402,N.S5N14
20260402,N.S5N15
20260402,N.S5N16
20260402,N.S5N17
20260402,N.S5N18
20260402,N.S5N19
20260402,N.S5N20
20260402,N.S5N21
20260402,N.S5N22
20260402,N.S5N23
20260402,N.S6N05
20260402,N.S6N06
20260402,N.S6N07
20260402,N.S6N08
20260402,N.S6N09
20260402,N.S6N10
20260402,N.S6N11
20260402,N.TMRF
20260402,N.TYSF
20260402,N.URHF
20260403,N.GJMF
20260403,N.HIDF
20260403,N.HSSF
20260403,N.IMGF
20260403,N.IYGF
20260403,N.KSNF
20260403,N.KSRF
20260403,N.NMRF
20260403,N.OOWF
20260403,N.S3N01
20260403,N.S3N02
20260403,N.S3N03
20260403,N.S3N04
20260403,N.S3N05
20260403,N.S3N06
20260403,N.S3N07
20260403,N.S3N08
20260403,N.S3N09
20260403,N.S3N10
20260403,N.S3N11
20260403,N.S3N12
20260403,N.S3N13
20260403,N.S3N14
20260403,N.S3N15
20260403,N.S3N16
20260403,N.S3N17
20260403,N.S3N18
20260403,N.S3N19
20260403,N.S3N23
20260403,N.S3N24
20260403,N.S3N25
20260403,N.S3N26
20260403,N.S4N01
20260403,N.S4N02
20260403,N.S4N03
20260403,N.S4N04
20260403,N.S4N05
20260403,N.S4N06
20260403,N.S4N07
20260403,N.S4N08
20260403,N.S4N09
20260403,N.S4N10
20260403,N.S4N11
20260403,N.S4N12
20260403,N.S4N13
20260403,N.S4N14
20260403,N.S4N15
20260403,N.S4N16
20260403,N.S4N17
20260403,N.S4N18
20260403,N.S4N19
20260403,N.S4N20
20260403,N.S4N21
20260403,N.S4N22
20260403,N.S4N23
20260403,N.S4N24
20260403,N.S4N25
20260403,N.S4N26
20260403,N.S4N27
20260403,N.S4N28
20260403,N.S5N01
20260403,N.S5N02
20260403,N.S5N03
20260403,N.S5N04
20260403,N.S5N05
20260403,N.S5N06
20260403,N.S5N07
20260403,N.S5N08
20260403,N.S5N09
20260403,N.S5N10
20260403,N.S5N11
20260403,N.S5N12
20260403,N.S5N13
20260403,N.S5N14
20260403,N.S5N15
20260403,N.S5N16
20260403,N.S5N17
20260403,N.S5N18
20260403,N.S5N19
20260403,N.S5N20
20260403,N.S5N21
20260403,N.S5N22
20260403,N.S5N23
20260403,N.S6N05
20260403,N.S6N06
20260403,N.S6N07
20260403,N.S6N08
20260403,N.S6N09
20260403,N.S6N10
20260403,N.S6N11
20260403,N.TMRF
20260403,N.TYSF
20260403,N.URHF
20260404,N.GJMF
20260404,N.HIDF
20260404,N.HSSF
20260404,N.IMGF
20260404,N.IYGF
20260404,N.KSNF
20260404,N.KSRF
20260404,N.NMRF
20260404,N.OOWF
20260404,N.S3N01
20260404,N.S3N02
20260404,N.S3N03
20260404,N.S3N04
20260404,N.S3N05
20260404,N.S3N06
20260404,N.S3N07
20260404,N.S3N08
20260404,N.S3N09
20260404,N.S3N10
20260404,N.S3N11
20260404,N.S3N12
20260404,N.S3N13
20260404,N.S3N14
20260404,N.S3N15
20260404,N.S3N16
20260404,N.S3N17
20260404,N.S3N18
20260404,N.S3N19
20260404,N.S3N23
20260404,N.S3N24
20260404,N.S3N25
20260404,N.S3N26
20260404,N.S4N01
20260404,N.S4N02
20260404,N.S4N03
20260404,N.S4N04
20260404,N.S4N05
20260404,N.S4N06
20260404,N.S4N07
20260404,N.S4N08
20260404,N.S4N09
20260404,N.S4N10
20260404,N.S4N11
20260404,N.S4N12
20260404,N.S4N13
20260404,N.S4N14
20260404,N.S4N15
20260404,N.S4N16
20260404,N.S4N17
20260404,N.S4N18
20260404,N.S4N19
20260404,N.S4N20
20260404,N.S4N21
20260404,N.S4N22
20260404,N.S4N23
20260404,N.S4N24
20260404,N.S4N25
20260404,N.S4N26
20260404,N.S4N27
20260404,N.S4N28
20260404,N.S5N01
20260404,N.S5N02
20260404,N.S5N03
20260404,N.S5N04
20260404,N.S5N05
20260404,N.S5N06
20260404,N.S5N07
20260404,N.S5N08
20260404,N.S5N09
20260404,N.S5N10
20260404,N.S5N11
20260404,N.S5N12
20260404,N.S5N13
20260404,N.S5N14
20260404,N.S5N15
20260404,N.S5N16
20260404,N.S5N17
20260404,N.S5N18
20260404,N.S5N19
20260404,N.S5N20
20260404,N.S5N21
20260404,N.S5N22
20260404,N.S5N23
20260404,N.S6N05
20260404,N.S6N06
20260404,N.S6N07
20260404,N.S6N08
20260404,N.S6N09
20260404,N.S6N10
20260404,N.S6N11
20260404,N.TMRF
20260404,N.TYSF
20260404,N.URHF
20260405,N.GJMF
20260405,N.HIDF
20260405,N.HSSF
20260405,N.IMGF
20260405,N.IYGF
20260405,N.KSNF
20260405,N.KSRF
20260405,N.NMRF
20260405,N.OOWF
20260405,N.S3N01
20260405,N.S3N02
20260405,N.S3N03
20260405,N.S3N04
20260405,N.S3N05
20260405,N.S3N06
20260405,N.S3N07
20260405,N.S3N08
20260405,N.S3N09
20260405,N.S3N10
20260405,N.S3N11
20260405,N.S3N12
20260405,N.S3N13
20260405,N.S3N14
20260405,N.S3N15
20260405,N.S3N16
20260405,N.S3N17
20260405,N.S3N18
20260405,N.S3N19
20260405,N.S3N23
20260405,N.S3N24
20260405,N.S3N25
20260405,N.S3N26
20260405,N.S4N01
20260405,N.S4N02
20260405,N.S4N03
20260405,N.S4N04
20260405,N.S4N05
20260405,N.S4N06
20260405,N.S4N07
20260405,N.S4N08
20260405,N.S4N09
20260405,N.S4N10
20260405,N.S4N11
20260405,N.S4N12
20260405,N.S4N13
20260405,N.S4N14
20260405,N.S4N15
20260405,N.S4N16
20260405,N.S4N17
20260405,N.S4N18
20260405,N.S4N19
20260405,N.S4N20
20260405,N.S4N21
20260405,N.S4N22
20260405,N.S4N23
20260405,N.S4N24
20260405,N.S4N25
20260405,N.S4N26
20260405,N.S4N27
20260405,N.S4N28
20260405,N.S5N01
20260405,N.S5N02
20260405,N.S5N03
20260405,N.S5N04
20260405,N.S5N05
20260405,N.S5N06
20260405,N.S5N07
20260405,N.S5N08
20260405,N.S5N09
20260405,N.S5N10
20260405,N.S5N11
20260405,N.S5N12
20260405,N.S5N13
20260405,N.S5N14
20260405,N.S5N15
20260405,N.S5N16
20260405,N.S5N17
20260405,N.S5N18
20260405,N.S5N19
20260405,N.S5N20
20260405,N.S5N21
20260405,N.S5N22
20260405,N.S5N23
20260405,N.S6N05
20260405,N.S6N06
20260405,N.S6N07
20260405,N.S6N08
20260405,N.S6N09
20260405,N.S6N10
20260405,N.S6N11
20260405,N.TMRF
20260405,N.TYSF
20260405,N.URHF
20260406,N.GJMF
20260406,N.HIDF
20260406,N.HSSF
20260406,N.IMGF
20260406,N.IYGF
20260406,N.KSNF
20260406,N.KSRF
20260406,N.NMRF
20260406,N.OOWF
20260406,N.S3N01
20260406,N.S3N02
20260406,N.S3N03
20260406,N.S3N04
20260406,N.S3N05
20260406,N.S3N06
20260406,N.S3N07
20260406,N.S3N08
20260406,N.S3N09
20260406,N.S3N10
20260406,N.S3N11
20260406,N.S3N12
20260406,N.S3N13
20260406,N.S3N14
20260406,N.S3N15
20260406,N.S3N16
20260406,N.S3N17
20260406,N.S3N18
20260406,N.S3N19
20260406,N.S3N23
20260406,N.S3N24
20260406,N.S3N25
20260406,N.S3N26
20260406,N.S4N01
20260406,N.S4N02
20260406,N.S4N03
20260406,N.S4N04
20260406,N.S4N05
20260406,N.S4N06
20260406,N.S4N07
20260406,N.S4N08
20260406,N.S4N09
20260406,N.S4N10
20260406,N.S4N11
20260406,N.S4N12
20260406,N.S4N13
20260406,N.S4N14
20260406,N.S4N15
20260406,N.S4N16
20260406,N.S4N17
20260406,N.S4N18
20260406,N.S4N19
20260406,N.S4N20
20260406,N.S4N21
20260406,N.S4N22
20260406,N.S4N23
20260406,N.S4N24
20260406,N.S4N25
20260406,N.S4N26
20260406,N.S4N27
20260406,N.S4N28
20260406,N.S5N01
20260406,N.S5N02
20260406,N.S5N03
20260406,N.S5N04
20260406,N.S5N05
20260406,N.S5N06
20260406,N.S5N07
20260406,N.S5N08
20260406,N.S5N09
20260406,N.S5N10
20260406,N.S5N11
20260406,N.S5N12
20260406,N.S5N13
20260406,N.S5N14
20260406,N.S5N15
20260406,N.S5N16
20260406,N.S5N17
20260406,N.S5N18
20260406,N.S5N19
20260406,N.S5N20
20260406,N.S5N21
20260406,N.S5N22
20260406,N.S5N23
20260406,N.S6N05
20260406,N.S6N06
20260406,N.S6N07
20260406,N.S6N08
20260406,N.S6N09
20260406,N.S6N10
20260406,N.S6N11
20260406,N.TMRF
20260406,N.TYSF
20260406,N.URHF
20260407,N.GJMF
20260407,N.HIDF
20260407,N.HSSF
20260407,N.IMGF
20260407,N.IYGF
20260407,N.KSNF
20260407,N.KSRF
20260407,N.NMRF
20260407,N.OOWF
20260407,N.S3N01
20260407,N.S3N02
20260407,N.S3N03
20260407,N.S3N04
20260407,N.S3N05
20260407,N.S3N06
20260407,N.S3N07
20260407,N.S3N08
20260407,N.S3N09
20260407,N.S3N10
20260407,N.S3N11
20260407,N.S3N12
20260407,N.S3N13
20260407,N.S3N14
20260407,N.S3N15
20260407,N.S3N16
20260407,N.S3N17
20260407,N.S3N18
20260407,N.S3N19
20260407,N.S3N23
20260407,N.S3N24
20260407,N.S3N25
20260407,N.S3N26
20260407,N.S4N01
20260407,N.S4N02
20260407,N.S4N03
20260407,N.S4N04
20260407,N.S4N05
20260407,N.S4N06
20260407,N.S4N07
20260407,N.S4N08
20260407,N.S4N09
20260407,N.S4N10
20260407,N.S4N11
20260407,N.S4N12
20260407,N.S4N13
20260407,N.S4N14
20260407,N.S4N15
20260407,N.S4N16
20260407,N.S4N17
20260407,N.S4N18
20260407,N.S4N19
20260407,N.S4N20
20260407,N.S4N21
20260407,N.S4N22
20260407,N.S4N23
20260407,N.S4N24
20260407,N.S4N25
20260407,N.S4N26
20260407,N.S4N27
20260407,N.S4N28
20260407,N.S5N02
20260407,N.S5N03
20260407,N.S5N04
20260407,N.S5N05
20260407,N.S5N06
20260407,N.S5N07
20260407,N.S5N08
20260407,N.S5N09
20260407,N.S5N10
20260407,N.S5N11
20260407,N.S5N12
20260407,N.S5N13
20260407,N.S5N14
20260407,N.S5N15
20260407,N.S5N16
20260407,N.S5N17
20260407,N.S5N18
20260407,N.S5N19
20260407,N.S5N20
20260407,N.S5N21
20260407,N.S5N22
20260407,N.S5N23
20260407,N.S6N05
20260407,N.S6N06
20260407,N.S6N07
20260407,N.S6N08
20260407,N.S6N09
20260407,N.S6N10
20260407,N.S6N11
20260407,N.TMRF
20260407,N.TYSF
20260407,N.URHF
20260408,N.GJMF
20260408,N.HIDF
20260408,N.HSSF
20260408,N.IMGF
20260408,N.IYGF
20260408,N.KSNF
20260408,N.KSRF
20260408,N.NMRF
20260408,N.OOWF
20260408,N.S3N01
20260408,N.S3N02
20260408,N.S3N03
20260408,N.S3N04
20260408,N.S3N05
20260408,N.S3N06
20260408,N.S3N07
20260408,N.S3N08
20260408,N.S3N09
20260408,N.S3N10
20260408,N.S3N11
20260408,N.S3N12
20260408,N.S3N13
20260408,N.S3N14
20260408,N.S3N15
20260408,N.S3N16
20260408,N.S3N17
20260408,N.S3N18
20260408,N.S3N19
20260408,N.S3N23
20260408,N.S3N24
20260408,N.S3N25
20260408,N.S3N26
20260408,N.S4N01
20260408,N.S4N02
20260408,N.S4N03
20260408,N.S4N04
20260408,N.S4N05
20260408,N.S4N06
20260408,N.S4N07
20260408,N.S4N08
20260408,N.S4N09
20260408,N.S4N10
20260408,N.S4N11
20260408,N.S4N12
20260408,N.S4N13
20260408,N.S4N14
20260408,N.S4N15
20260408,N.S4N16
20260408,N.S4N17
20260408,N.S4N18
20260408,N.S4N19
20260408,N.S4N20
20260408,N.S4N21
20260408,N.S4N22
20260408,N.S4N23
20260408,N.S4N24
20260408,N.S4N25
20260408,N.S4N26
20260408,N.S4N27
20260408,N.S4N28
20260408,N.S5N02
20260408,N.S5N03
20260408,N.S5N04
20260408,N.S5N05
20260408,N.S5N06
20260408,N.S5N07
20260408,N.S5N08
20260408,N.S5N09
20260408,N.S5N10
20260408,N.S5N11
20260408,N.S5N12
20260408,N.S5N13
20260408,N.S5N14
20260408,N.S5N15
20260408,N.S5N16
20260408,N.S5N17
20260408,N.S5N18
20260408,N.S5N19
20260408,N.S5N20
20260408,N.S5N21
20260408,N.S5N22
20260408,N.S5N23
20260408,N.S6N05
20260408,N.S6N06
20260408,N.S6N07
20260408,N.S6N08
20260408,N.S6N09
20260408,N.S6N10
20260408,N.S6N11
20260408,N.TMRF
20260408,N.TYSF
20260408,N.URHF
20260409,N.GJMF
20260409,N.HIDF
20260409,N.HSSF
20260409,N.IMGF
20260409,N.IYGF
20260409,N.KSNF
20260409,N.KSRF
20260409,N.NMRF
20260409,N.OOWF
20260409,N.S3N01
20260409,N.S3N02
20260409,N.S3N03
20260409,N.S3N04
20260409,N.S3N05
20260409,N.S3N06
20260409,N.S3N07
20260409,N.S3N08
20260409,N.S3N09
20260409,N.S3N10
20260409,N.S3N11
20260409,N.S3N12
20260409,N.S3N13
20260409,N.S3N14
20260409,N.S3N15
20260409,N.S3N16
20260409,N.S3N17
20260409,N.S3N18
20260409,N.S3N19
20260409,N.S3N23
20260409,N.S3N24
20260409,N.S3N25
20260409,N.S3N26
20260409,N.S4N01
20260409,N.S4N02
20260409,N.S4N03
20260409,N.S4N04
20260409,N.S4N05
20260409,N.S4N06
20260409,N.S4N07
20260409,N.S4N08
20260409,N.S4N09
20260409,N.S4N10
20260409,N.S4N11
20260409,N.S4N12
20260409,N.S4N13
20260409,N.S4N14
20260409,N.S4N15
20260409,N.S4N16
20260409,N.S4N17
20260409,N.S4N18
20260409,N.S4N19
20260409,N.S4N20
20260409,N.S4N21
20260409,N.S4N22
20260409,N.S4N23
20260409,N.S4N24
20260409,N.S4N25
20260409,N.S4N26
20260409,N.S4N27
20260409,N.S4N28
20260409,N.S5N02
20260409,N.S5N03
20260409,N.S5N04
20260409,N.S5N05
20260409,N.S5N06
20260409,N.S5N07
20260409,N.S5N08
20260409,N.S5N09
20260409,N.S5N10
20260409,N.S5N11
20260409,N.S5N12
20260409,N.S5N13
20260409,N.S5N14
20260409,N.S5N15
20260409,N.S5N16
20260409,N.S5N17
20260409,N.S5N18
20260409,N.S5N19
20260409,N.S5N20
20260409,N.S5N21
20260409,N.S5N22
20260409,N.S5N23
20260409,N.S6N05
20260409,N.S6N06
20260409,N.S6N07
20260409,N.S6N08
20260409,N.S6N09
20260409,N.S6N10
20260409,N.S6N11
20260409,N.TMRF
20260409,N.TYSF
20260409,N.URHF
20260410,N.GJMF
20260410,N.HIDF
20260410,N.HSSF
20260410,N.IMGF
20260410,N.IYGF
20260410,N.KSNF
20260410,N.KSRF
20260410,N.NMRF
20260410,N.OOWF
20260410,N.S3N01
20260410,N.S3N02
20260410,N.S3N03
20260410,N.S3N04
20260410,N.S3N05
20260410,N.S3N06
20260410,N.S3N07
20260410,N.S3N08
20260410,N.S3N09
20260410,N.S3N10
20260410,N.S3N11
20260410,N.S3N12
20260410,N.S3N13
20260410,N.S3N14
20260410,N.S3N15
20260410,N.S3N16
20260410,N.S3N17
20260410,N.S3N18
20260410,N.S3N19
20260410,N.S3N23
20260410,N.S3N24
20260410,N.S3N25
20260410,N.S3N26
20260410,N.S4N01
20260410,N.S4N02
20260410,N.S4N03
20260410,N.S4N04
20260410,N.S4N05
20260410,N.S4N06
20260410,N.S4N07
20260410,N.S4N08
20260410,N.S4N09
20260410,N.S4N10
20260410,N.S4N11
20260410,N.S4N12
20260410,N.S4N13
20260410,N.S4N14
20260410,N.S4N15
20260410,N.S4N16
20260410,N.S4N17
20260410,N.S4N18
20260410,N.S4N19
20260410,N.S4N20
20260410,N.S4N21
20260410,N.S4N22
20260410,N.S4N23
20260410,N.S4N24
20260410,N.S4N25
20260410,N.S4N26
20260410,N.S4N27
20260410,N.S4N28
20260410,N.S5N01
20260410,N.S5N02
20260410,N.S5N03
20260410,N.S5N04
20260410,N.S5N05
20260410,N.S5N06
20260410,N.S5N07
20260410,N.S5N08
20260410,N.S5N09
20260410,N.S5N10
20260410,N.S5N11
20260410,N.S5N12
20260410,N.S5N13
20260410,N.S5N14
20260410,N.S5N15
20260410,N.S5N16
20260410,N.S5N17
20260410,N.S5N18
20260410,N.S5N19
20260410,N.S5N20
20260410,N.S5N21
20260410,N.S5N22
20260410,N.S5N23
20260410,N.S6N05
20260410,N.S6N06
20260410,N.S6N07
20260410,N.S6N08
20260410,N.S6N09
20260410,N.S6N10
20260410,N.S6N11
20260410,N.TMRF
20260410,N.TYSF
20260410,N.URHF
20260411,N.GJMF
20260411,N.HIDF
20260411,N.HSSF
20260411,N.IMGF
20260411,N.IYGF
20260411,N.KSNF
20260411,N.KSRF
20260411,N.NMRF
20260411,N.OOWF
20260411,N.S3N01
20260411,N.S3N02
20260411,N.S3N03
20260411,N.S3N04
20260411,N.S3N05
20260411,N.S3N06
20260411,N.S3N07
20260411,N.S3N08
20260411,N.S3N09
20260411,N.S3N10
20260411,N.S3N11
20260411,N.S3N12
20260411,N.S3N13
20260411,N.S3N14
20260411,N.S3N15
20260411,N.S3N16
20260411,N.S3N17
20260411,N.S3N18
20260411,N.S3N19
20260411,N.S3N23
20260411,N.S3N24
20260411,N.S3N25
20260411,N.S3N26
20260411,N.S4N01
20260411,N.S4N02
20260411,N.S4N03
20260411,N.S4N04
20260411,N.S4N05
20260411,N.S4N06
20260411,N.S4N07
20260411,N.S4N08
20260411,N.S4N09
20260411,N.S4N10
20260411,N.S4N11
20260411,N.S4N12
20260411,N.S4N13
20260411,N.S4N14
20260411,N.S4N15
20260411,N.S4N16
20260411,N.S4N17
20260411,N.S4N18
20260411,N.S4N19
20260411,N.S4N20
20260411,N.S4N21
20260411,N.S4N22
20260411,N.S4N23
20260411,N.S4N24
20260411,N.S4N25
20260411,N.S4N26
20260411,N.S4N27
20260411,N.S4N28
20260411,N.S5N01
20260411,N.S5N02
20260411,N.S5N03
20260411,N.S5N04
20260411,N.S5N05
20260411,N.S5N06
20260411,N.S5N07
20260411,N.S5N08
20260411,N.S5N09
20260411,N.S5N10
20260411,N.S5N11
20260411,N.S5N12
20260411,N.S5N13
20260411,N.S5N14
20260411,N.S5N15
20260411,N.S5N16
20260411,N.S5N17
20260411,N.S5N18
20260411,N.S5N19
20260411,N.S5N20
20260411,N.S5N21
20260411,N.S5N22
20260411,N.S5N23
20260411,N.S6N05
20260411,N.S6N06
20260411,N.S6N07
20260411,N.S6N08
20260411,N.S6N09
20260411,N.S6N10
20260411,N.S6N11
20260411,N.TMRF
20260411,N.TYSF
20260411,N.URHF
20260412,N.GJMF
20260412,N.HIDF
20260412,N.HSSF
20260412,N.IMGF
20260412,N.IYGF
20260412,N.KSNF
20260412,N.KSRF
20260412,N.NMRF
20260412,N.OOWF
20260412,N.S3N01
20260412,N.S3N02
20260412,N.S3N03
20260412,N.S3N04
20260412,N.S3N05
20260412,N.S3N06
20260412,N.S3N07
20260412,N.S3N08
20260412,N.S3N09
20260412,N.S3N10
20260412,N.S3N11
20260412,N.S3N12
20260412,N.S3N13
20260412,N.S3N14
20260412,N.S3N15
20260412,N.S3N16
20260412,N.S3N17
20260412,N.S3N18
20260412,N.S3N19
20260412,N.S3N23
20260412,N.S3N24
20260412,N.S3N25
20260412,N.S3N26
20260412,N.S4N01
20260412,N.S4N02
20260412,N.S4N03
20260412,N.S4N04
20260412,N.S4N05
20260412,N.S4N06
20260412,N.S4N07
20260412,N.S4N08
20260412,N.S4N09
20260412,N.S4N10
20260412,N.S4N11
20260412,N.S4N12
20260412,N.S4N13
20260412,N.S4N14
20260412,N.S4N15
20260412,N.S4N16
20260412,N.S4N17
20260412,N.S4N18
20260412,N.S4N19
20260412,N.S4N20
20260412,N.S4N21
20260412,N.S4N22
20260412,N.S4N23
20260412,N.S4N24
20260412,N.S4N25
20260412,N.S4N26
20260412,N.S4N27
20260412,N.S4N28
20260412,N.S5N01
20260412,N.S5N02
20260412,N.S5N03
20260412,N.S5N04
20260412,N.S5N05
20260412,N.S5N06
20260412,N.S5N07
20260412,N.S5N08
20260412,N.S5N09
20260412,N.S5N10
20260412,N.S5N11
20260412,N.S5N12
20260412,N.S5N13
20260412,N.S5N14
20260412,N.S5N15
20260412,N.S5N16
20260412,N.S5N17
20260412,N.S5N18
20260412,N.S5N19
20260412,N.S5N20
20260412,N.S5N21
20260412,N.S5N22
20260412,N.S5N23
20260412,N.S6N05
20260412,N.S6N06
20260412,N.S6N07
20260412,N.S6N08
20260412,N.S6N09
20260412,N.S6N10
20260412,N.S6N11
20260412,N.TMRF
20260412,N.TYSF
20260412,N.URHF
20260413,N.GJMF
20260413,N.HIDF
20260413,N.HSSF
20260413,N.IMGF
20260413,N.IYGF
20260413,N.KSNF
20260413,N.KSRF
20260413,N.NMRF
20260413,N.OOWF
20260413,N.S3N01
20260413,N.S3N02
20260413,N.S3N03
20260413,N.S3N04
20260413,N.S3N05
20260413,N.S3N06
20260413,N.S3N07
20260413,N.S3N08
20260413,N.S3N09
20260413,N.S3N10
20260413,N.S3N11
20260413,N.S3N12
20260413,N.S3N13
20260413,N.S3N14
20260413,N.S3N15
20260413,N.S3N16
20260413,N.S3N17
20260413,N.S3N18
20260413,N.S3N19
20260413,N.S3N23
20260413,N.S3N24
20260413,N.S3N25
20260413,N.S3N26
20260413,N.S4N01
20260413,N.S4N02
20260413,N.S4N03
20260413,N.S4N04
20260413,N.S4N05
20260413,N.S4N06
20260413,N.S4N07
20260413,N.S4N08
20260413,N.S4N09
20260413,N.S4N10
20260413,N.S4N11
20260413,N.S4N12
20260413,N.S4N13
20260413,N.S4N14
20260413,N.S4N15
20260413,N.S4N16
20260413,N.S4N17
20260413,N.S4N18
20260413,N.S4N19
20260413,N.S4N20
20260413,N.S4N21
20260413,N.S4N22
20260413,N.S4N23
20260413,N.S4N24
20260413,N.S4N25
20260413,N.S4N26
20260413,N.S4N27
20260413,N.S4N28
20260413,N.S5N01
20260413,N.S5N02
20260413,N.S5N03
20260413,N.S5N04
20260413,N.S5N05
20260413,N.S5N06
20260413,N.S5N07
20260413,N.S5N08
20260413,N.S5N09
20260413,N.S5N10
20260413,N.S5N11
20260413,N.S5N12
20260413,N.S5N13
20260413,N.S5N14
20260413,N.S5N15
20260413,N.S5N16
20260413,N.S5N17
20260413,N.S5N18
20260413,N.S5N19
20260413,N.S5N20
20260413,N.S5N21
20260413,N.S5N22
20260413,N.S5N23
20260413,N.S6N05
20260413,N.S6N06
20260413,N.S6N07
20260413,N.S6N08
20260413,N.S6N09
20260413,N.S6N10
20260413,N.S6N11
20260413,N.TMRF
20260413,N.TYSF
20260413,N.URHF
20260414,N.GJMF
20260414,N.HIDF
20260414,N.HSSF
20260414,N.IMGF
20260414,N.IYGF
20260414,N.KSNF
20260414,N.KSRF
20260414,N.NMRF
20260414,N.OOWF
20260414,N.S3N01
20260414,N.S3N02
20260414,N.S3N03
20260414,N.S3N04
20260414,N.S3N05
20260414,N.S3N06
20260414,N.S3N07
20260414,N.S3N08
20260414,N.S3N09
20260414,N.S3N10
20260414,N.S3N11
20260414,N.S3N12
20260414,N.S3N13
20260414,N.S3N14
20260414,N.S3N15
20260414,N.S3N16
20260414,N.S3N17
20260414,N.S3N18
20260414,N.S3N19
20260414,N.S3N23
20260414,N.S3N24
20260414,N.S3N25
20260414,N.S3N26
20260414,N.S4N01
20260414,N.S4N02
20260414,N.S4N03
20260414,N.S4N04
20260414,N.S4N05
20260414,N.S4N06
20260414,N.S4N07
20260414,N.S4N08
20260414,N.S4N09
20260414,N.S4N10
20260414,N.S4N11
20260414,N.S4N12
20260414,N.S4N13
20260414,N.S4N14
20260414,N.S4N15
20260414,N.S4N16
20260414,N.S4N17
20260414,N.S4N18
20260414,N.S4N19
20260414,N.S4N20
20260414,N.S4N21
20260414,N.S4N22
20260414,N.S4N23
20260414,N.S4N24
20260414,N.S4N25
20260414,N.S4N26
20260414,N.S4N27
20260414,N.S4N28
20260414,N.S5N01
20260414,N.S5N02
20260414,N.S5N03
20260414,N.S5N04
20260414,N.S5N05
20260414,N.S5N06
20260414,N.S5N07
20260414,N.S5N08
20260414,N.S5N09
20260414,N.S5N10
20260414,N.S5N11
20260414,N.S5N12
20260414,N.S5N13
20260414,N.S5N14
20260414,N.S5N15
20260414,N.S5N16
20260414,N.S5N17
20260414,N.S5N18
20260414,N.S5N19
20260414,N.S5N20
20260414,N.S5N21
20260414,N.S5N22
20260414,N.S5N23
20260414,N.S6N05
20260414,N.S6N06
20260414,N.S6N07
20260414,N.S6N08
20260414,N.S6N09
20260414,N.S6N10
20260414,N.S6N11
20260414,N.TMRF
20260414,N.TYSF
20260414,N.URHF
20260415,N.GJMF
20260415,N.HIDF
20260415,N.HSSF
20260415,N.IMGF
20260415,N.IYGF
20260415,N.KSNF
20260415,N.KSRF
20260415,N.NMRF
20260415,N.OOWF
20260415,N.S3N01
20260415,N.S3N02
20260415,N.S3N03
20260415,N.S3N04
20260415,N.S3N05
20260415,N.S3N06
20260415,N.S3N07
20260415,N.S3N08
20260415,N.S3N09
20260415,N.S3N10
20260415,N.S3N11
20260415,N.S3N12
20260415,N.S3N13
20260415,N.S3N14
20260415,N.S3N15
20260415,N.S3N16
20260415,N.S3N17
20260415,N.S3N18
20260415,N.S3N19
20260415,N.S3N23
20260415,N.S3N24
20260415,N.S3N25
20260415,N.S3N26
20260415,N.S4N01
20260415,N.S4N02
20260415,N.S4N03
20260415,N.S4N04
20260415,N.S4N05
20260415,N.S4N06
20260415,N.S4N07
20260415,N.S4N08
20260415,N.S4N09
20260415,N.S4N10
20260415,N.S4N11
20260415,N.S4N12
20260415,N.S4N13
20260415,N.S4N14
20260415,N.S4N15
20260415,N.S4N16
20260415,N.S4N17
20260415,N.S4N18
20260415,N.S4N19
20260415,N.S4N20
20260415,N.S4N21
20260415,N.S4N22
20260415,N.S4N23
20260415,N.S4N24
20260415,N.S4N25
20260415,N.S4N26
20260415,N.S4N27
20260415,N.S4N28
20260415,N.S5N01
20260415,N.S5N02
20260415,N.S5N03
20260415,N.S5N04
20260415,N.S5N05
20260415,N.S5N06
20260415,N.S5N07
20260415,N.S5N08
20260415,N.S5N09
20260415,N.S5N10
20260415,N.S5N11
20260415,N.S5N12
20260415,N.S5N13
20260415,N.S5N14
20260415,N.S5N15
20260415,N.S5N16
20260415,N.S5N17
20260415,N.S5N18
20260415,N.S5N19
20260415,N.S5N20
20260415,N.S5N21
20260415,N.S5N22
20260415,N.S5N23
20260415,N.S6N05
20260415,N.S6N06
20260415,N.S6N07
20260415,N.S6N08
20260415,N.S6N09
20260415,N.S6N10
20260415,N.S6N11
20260415,N.TMRF
20260415,N.TYSF
20260415,N.URHF
20260416,N.GJMF
20260416,N.HIDF
20260416,N.HSSF
20260416,N.IMGF
20260416,N.IYGF
20260416,N.KSNF
20260416,N.KSRF
20260416,N.NMRF
20260416,N.OOWF
20260416,N.S3N01
20260416,N.S3N02
20260416,N.S3N03
20260416,N.S3N04
20260416,N.S3N05
20260416,N.S3N06
20260416,N.S3N07
20260416,N.S3N08
20260416,N.S3N09
20260416,N.S3N10
20260416,N.S3N11
20260416,N.S3N12
20260416,N.S3N13
20260416,N.S3N14
20260416,N.S3N15
20260416,N.S3N16
20260416,N.S3N17
20260416,N.S3N18
20260416,N.S3N19
20260416,N.S3N23
20260416,N.S3N24
20260416,N.S3N25
20260416,N.S3N26
20260416,N.S4N01
20260416,N.S4N02
20260416,N.S4N03
20260416,N.S4N04
20260416,N.S4N05
20260416,N.S4N06
20260416,N.S4N07
20260416,N.S4N08
20260416,N.S4N09
20260416,N.S4N10
20260416,N.S4N11
20260416,N.S4N12
20260416,N.S4N13
20260416,N.S4N14
20260416,N.S4N15
20260416,N.S4N16
20260416,N.S4N17
20260416,N.S4N18
20260416,N.S4N19
20260416,N.S4N20
20260416,N.S4N21
20260416,N.S4N22
20260416,N.S4N23
20260416,N.S4N24
20260416,N.S4N25
20260416,N.S4N26
20260416,N.S4N27
20260416,N.S4N28
20260416,N.S5N01
20260416,N.S5N02
20260416,N.S5N03
20260416,N.S5N04
20260416,N.S5N05
20260416,N.S5N06
20260416,N.S5N07
20260416,N.S5N08
20260416,N.S5N09
20260416,N.S5N10
20260416,N.S5N11
20260416,N.S5N12
20260416,N.S5N13
20260416,N.S5N14
20260416,N.S5N15
20260416,N.S5N16
20260416,N.S5N17
20260416,N.S5N18
20260416,N.S5N19
20260416,N.S5N20
20260416,N.S5N21
20260416,N.S5N22
20260416,N.S5N23
20260416,N.S6N05
20260416,N.S6N06
20260416,N.S6N07
20260416,N.S6N08
20260416,N.S6N09
20260416,N.S6N10
20260416,N.S6N11
20260416,N.TMRF
20260416,N.TYSF
20260416,N.URHF
20260417,N.GJMF
20260417,N.HIDF
20260417,N.HSSF
20260417,N.IMGF
20260417,N.IYGF
20260417,N.KSNF
20260417,N.KSRF
20260417,N.NMRF
20260417,N.OOWF
20260417,N.S3N01
20260417,N.S3N02
20260417,N.S3N03
20260417,N.S3N04
20260417,N.S3N05
20260417,N.S3N06
20260417,N.S3N07
20260417,N.S3N08
20260417,N.S3N09
20260417,N.S3N10
20260417,N.S3N11
20260417,N.S3N12
20260417,N.S3N13
20260417,N.S3N14
20260417,N.S3N15
20260417,N.S3N16
20260417,N.S3N17
20260417,N.S3N18
20260417,N.S3N19
20260417,N.S3N23
20260417,N.S3N24
20260417,N.S3N25
20260417,N.S3N26
20260417,N.S4N01
20260417,N.S4N02
20260417,N.S4N03
20260417,N.S4N04
20260417,N.S4N05
20260417,N.S4N06
20260417,N.S4N07
20260417,N.S4N08
20260417,N.S4N09
20260417,N.S4N10
20260417,N.S4N11
20260417,N.S4N12
20260417,N.S4N13
20260417,N.S4N14
20260417,N.S4N15
20260417,N.S4N16
20260417,N.S4N17
20260417,N.S4N18
20260417,N.S4N19
20260417,N.S4N20
20260417,N.S4N21
20260417,N.S4N22
20260417,N.S4N23
20260417,N.S4N24
20260417,N.S4N25
20260417,N.S4N26
20260417,N.S4N27
20260417,N.S4N28
20260417,N.S5N01
20260417,N.S5N02
20260417,N.S5N03
20260417,N.S5N04
20260417,N.S5N05
20260417,N.S5N06
20260417,N.S5N07
20260417,N.S5N08
20260417,N.S5N09
20260417,N.S5N10
20260417,N.S5N11
20260417,N.S5N12
20260417,N.S5N13
20260417,N.S5N14
20260417,N.S5N15
20260417,N.S5N16
20260417,N.S5N17
20260417,N.S5N18
20260417,N.S5N19
20260417,N.S5N20
20260417,N.S5N21
20260417,N.S5N22
20260417,N.S5N23
20260417,N.S6N05
20260417,N.S6N06
20260417,N.S6N07
20260417,N.S6N08
20260417,N.S6N09
20260417,N.S6N10
20260417,N.S6N11
20260417,N.TMRF
20260417,N.TYSF
20260417,N.URHF
20260418,N.GJMF
20260418,N.HIDF
20260418,N.HSSF
20260418,N.IMGF
20260418,N.IYGF
20260418,N.KSNF
20260418,N.KSRF
20260418,N.NMRF
20260418,N.OOWF
20260418,N.S3N01
20260418,N.S3N02
20260418,N.S3N03
20260418,N.S3N04
20260418,N.S3N05
20260418,N.S3N06
20260418,N.S3N07
20260418,N.S3N08
20260418,N.S3N09
20260418,N.S3N10
20260418,N.S3N11
20260418,N.S3N12
20260418,N.S3N13
20260418,N.S3N14
20260418,N.S3N15
20260418,N.S3N16
20260418,N.S3N17
20260418,N.S3N18
20260418,N.S3N19
20260418,N.S3N23
20260418,N.S3N24
20260418,N.S3N25
20260418,N.S3N26
20260418,N.S4N01
20260418,N.S4N02
20260418,N.S4N03
20260418,N.S4N04
20260418,N.S4N05
20260418,N.S4N06
20260418,N.S4N07
20260418,N.S4N08
20260418,N.S4N09
20260418,N.S4N10
20260418,N.S4N11
20260418,N.S4N12
20260418,N.S4N13
20260418,N.S4N14
20260418,N.S4N15
20260418,N.S4N16
20260418,N.S4N17
20260418,N.S4N18
20260418,N.S4N19
20260418,N.S4N20
20260418,N.S4N21
20260418,N.S4N22
20260418,N.S4N23
20260418,N.S4N24
20260418,N.S4N25
20260418,N.S4N26
20260418,N.S4N27
20260418,N.S4N28
20260418,N.S5N01
20260418,N.S5N02
20260418,N.S5N03
20260418,N.S5N04
20260418,N.S5N05
20260418,N.S5N06
20260418,N.S5N07
20260418,N.S5N08
20260418,N.S5N09
20260418,N.S5N10
20260418,N.S5N11
20260418,N.S5N12
20260418,N.S5N13
20260418,N.S5N14
20260418,N.S5N15
20260418,N.S5N16
20260418,N.S5N17
20260418,N.S5N18
20260418,N.S5N19
20260418,N.S5N20
20260418,N.S5N21
20260418,N.S5N22
20260418,N.S5N23
20260418,N.S6N05
20260418,N.S6N06
20260418,N.S6N07
20260418,N.S6N08
20260418,N.S6N09
20260418,N.S6N10
20260418,N.S6N11
20260418,N.TMRF
20260418,N.TYSF
20260418,N.URHF
20260419,N.GJMF
20260419,N.HIDF
20260419,N.HSSF
20260419,N.IMGF
20260419,N.IYGF
20260419,N.KSNF
20260419,N.KSRF
20260419,N.NMRF
20260419,N.OOWF
20260419,N.S3N01
20260419,N.S3N02
20260419,N.S3N03
20260419,N.S3N04
20260419,N.S3N05
20260419,N.S3N06
20260419,N.S3N07
20260419,N.S3N08
20260419,N.S3N09
20260419,N.S3N10
20260419,N.S3N11
20260419,N.S3N12
20260419,N.S3N13
20260419,N.S3N14
20260419,N.S3N15
20260419,N.S3N16
20260419,N.S3N17
20260419,N.S3N18
20260419,N.S3N19
20260419,N.S3N23
20260419,N.S3N24
20260419,N.S3N25
20260419,N.S3N26
20260419,N.S4N01
20260419,N.S4N02
20260419,N.S4N03
20260419,N.S4N04
20260419,N.S4N05
20260419,N.S4N06
20260419,N.S4N07
20260419,N.S4N08
20260419,N.S4N09
20260419,N.S4N10
20260419,N.S4N11
20260419,N.S4N12
20260419,N.S4N13
20260419,N.S4N14
20260419,N.S4N15
20260419,N.S4N16
20260419,N.S4N17
20260419,N.S4N18
20260419,N.S4N19
20260419,N.S4N20
20260419,N.S4N21
20260419,N.S4N22
20260419,N.S4N23
20260419,N.S4N24
20260419,N.S4N25
20260419,N.S4N26
20260419,N.S4N27
20260419,N.S4N28
20260419,N.S5N01
20260419,N.S5N02
20260419,N.S5N03
20260419,N.S5N04
20260419,N.S5N05
20260419,N.S5N06
20260419,N.S5N07
20260419,N.S5N08
20260419,N.S5N09
20260419,N.S5N10
20260419,N.S5N11
20260419,N.S5N12
20260419,N.S5N13
20260419,N.S5N14
20260419,N.S5N15
20260419,N.S5N16
20260419,N.S5N17
20260419,N.S5N18
20260419,N.S5N19
20260419,N.S5N20
20260419,N.S5N21
20260419,N.S5N22
20260419,N.S5N23
20260419,N.S6N05
20260419,N.S6N06
20260419,N.S6N07
20260419,N.S6N08
20260419,N.S6N09
20260419,N.S6N10
20260419,N.S6N11
20260419,N.TMRF
20260419,N.TYSF
20260419,N.URHF
20260420,N.GJMF
20260420,N.HIDF
20260420,N.HSSF
20260420,N.IMGF
20260420,N.IYGF
20260420,N.KSNF
20260420,N.KSRF
20260420,N.NMRF
20260420,N.OOWF
20260420,N.S3N01
20260420,N.S3N02
20260420,N.S3N03
20260420,N.S3N04
20260420,N.S3N05
20260420,N.S3N06
20260420,N.S3N07
20260420,N.S3N08
20260420,N.S3N09
20260420,N.S3N10
20260420,N.S3N11
20260420,N.S3N12
20260420,N.S3N13
20260420,N.S3N14
20260420,N.S3N15
20260420,N.S3N16
20260420,N.S3N17
20260420,N.S3N18
20260420,N.S3N19
20260420,N.S3N23
20260420,N.S3N24
20260420,N.S3N25
20260420,N.S3N26
20260420,N.S4N01
20260420,N.S4N02
20260420,N.S4N03
20260420,N.S4N04
20260420,N.S4N05
20260420,N.S4N06
20260420,N.S4N07
20260420,N.S4N08
20260420,N.S4N09
20260420,N.S4N10
20260420,N.S4N11
20260420,N.S4N12
20260420,N.S4N13
20260420,N.S4N14
20260420,N.S4N15
20260420,N.S4N16
20260420,N.S4N17
20260420,N.S4N18
20260420,N.S4N19
20260420,N.S4N20
20260420,N.S4N21
20260420,N.S4N22
20260420,N.S4N23
20260420,N.S4N24
20260420,N.S4N25
20260420,N.S4N26
20260420,N.S4N27
20260420,N.S4N28
20260420,N.S5N01
20260420,N.S5N02
20260420,N.S5N03
20260420,N.S5N04
20260420,N.S5N05
20260420,N.S5N06
20260420,N.S5N07
20260420,N.S5N08
20260420,N.S5N09
20260420,N.S5N10
20260420,N.S5N11
20260420,N.S5N12
20260420,N.S5N13
20260420,N.S5N14
20260420,N.S5N15
20260420,N.S5N16
20260420,N.S5N17
20260420,N.S5N18
20260420,N.S5N19
20260420,N.S5N20
20260420,N.S5N21
20260420,N.S5N22
20260420,N.S5N23
20260420,N.S6N05
20260420,N.S6N06
20260420,N.S6N07
20260420,N.S6N08
20260420,N.S6N09
20260420,N.S6N10
20260420,N.S6N11
20260420,N.TMRF
20260420,N.TYSF
20260420,N.URHF
20260421,N.GJMF
20260421,N.HIDF
20260421,N.HSSF
20260421,N.IMGF
20260421,N.IYGF
20260421,N.KSNF
20260421,N.KSRF
20260421,N.NMRF
20260421,N.OOWF
20260421,N.S3N01
20260421,N.S3N02
20260421,N.S3N03
20260421,N.S3N04
20260421,N.S3N05
20260421,N.S3N06
20260421,N.S3N07
20260421,N.S3N08
20260421,N.S3N09
20260421,N.S3N10
20260421,N.S3N11
20260421,N.S3N12
20260421,N.S3N13
20260421,N.S3N14
20260421,N.S3N15
20260421,N.S3N16
20260421,N.S3N17
20260421,N.S3N18
20260421,N.S3N19
20260421,N.S3N23
20260421,N.S3N24
20260421,N.S3N25
20260421,N.S3N26
20260421,N.S4N01
20260421,N.S4N02
20260421,N.S4N03
20260421,N.S4N04
20260421,N.S4N05
20260421,N.S4N06
20260421,N.S4N07
20260421,N.S4N08
20260421,N.S4N09
20260421,N.S4N10
20260421,N.S4N11
20260421,N.S4N12
20260421,N.S4N13
20260421,N.S4N14
20260421,N.S4N15
20260421,N.S4N16
20260421,N.S4N17
20260421,N.S4N18
20260421,N.S4N19
20260421,N.S4N20
20260421,N.S4N21
20260421,N.S4N22
20260421,N.S4N23
20260421,N.S4N24
20260421,N.S4N25
20260421,N.S4N26
20260421,N.S4N27
20260421,N.S4N28
20260421,N.S5N01
20260421,N.S5N02
20260421,N.S5N03
20260421,N.S5N04
20260421,N.S5N05
20260421,N.S5N06
20260421,N.S5N07
20260421,N.S5N08
20260421,N.S5N09
20260421,N.S5N10
20260421,N.S5N11
20260421,N.S5N12
20260421,N.S5N13
20260421,N.S5N14
20260421,N.S5N15
20260421,N.S5N16
20260421,N.S5N17
20260421,N.S5N18
20260421,N.S5N19
20260421,N.S5N20
20260421,N.S5N21
20260421,N.S5N22
20260421,N.S5N23
20260421,N.S6N05
20260421,N.S6N06
20260421,N.S6N07
20260421,N.S6N08
20260421,N.S6N09
20260421,N.S6N10
20260421,N.S6N11
20260421,N.TMRF
20260421,N.TYSF
20260421,N.URHF
20260422,N.GJMF
20260422,N.HIDF
20260422,N.HSSF
20260422,N.IMGF
20260422,N.IYGF
20260422,N.KSNF
20260422,N.KSRF
20260422,N.NMRF
20260422,N.OOWF
20260422,N.S3N01
20260422,N.S3N02
20260422,N.S3N03
20260422,N.S3N04
20260422,N.S3N05
20260422,N.S3N06
20260422,N.S3N07
20260422,N.S3N08
20260422,N.S3N09
20260422,N.S3N10
20260422,N.S3N11
20260422,N.S3N12
20260422,N.S3N13
20260422,N.S3N14
20260422,N.S3N15
20260422,N.S3N16
20260422,N.S3N17
20260422,N.S3N18
20260422,N.S3N19
20260422,N.S3N23
20260422,N.S3N24
20260422,N.S3N25
20260422,N.S3N26
20260422,N.S4N01
20260422,N.S4N02
20260422,N.S4N03
20260422,N.S4N04
20260422,N.S4N05
20260422,N.S4N06
20260422,N.S4N07
20260422,N.S4N08
20260422,N.S4N09
20260422,N.S4N10
20260422,N.S4N11
20260422,N.S4N12
20260422,N.S4N13
20260422,N.S4N14
20260422,N.S4N15
20260422,N.S4N16
20260422,N.S4N17
20260422,N.S4N18
20260422,N.S4N19
20260422,N.S4N20
20260422,N.S4N21
20260422,N.S4N22
20260422,N.S4N23
20260422,N.S4N24
20260422,N.S4N25
20260422,N.S4N26
20260422,N.S4N27
20260422,N.S4N28
20260422,N.S5N01
20260422,N.S5N02
20260422,N.S5N03
20260422,N.S5N04
20260422,N.S5N05
20260422,N.S5N06
20260422,N.S5N07
20260422,N.S5N08
20260422,N.S5N09
20260422,N.S5N10
20260422,N.S5N11
20260422,N.S5N12
20260422,N.S5N13
20260422,N.S5N14
20260422,N.S5N15
20260422,N.S5N16
20260422,N.S5N17
20260422,N.S5N18
20260422,N.S5N19
20260422,N.S5N20
20260422,N.S5N21
20260422,N.S5N22
20260422,N.S5N23
20260422,N.S6N05
20260422,N.S6N06
20260422,N.S6N07
20260422,N.S6N08
20260422,N.S6N09
20260422,N.S6N10
20260422,N.S6N11
20260422,N.TMRF
20260422,N.TYSF
20260422,N.URHF
20260423,N.GJMF
20260423,N.HIDF
20260423,N.HSSF
20260423,N.IMGF
20260423,N.IYGF
20260423,N.KSNF
20260423,N.KSRF
20260423,N.NMRF
20260423,N.OOWF
20260423,N.S3N01
20260423,N.S3N02
20260423,N.S3N03
20260423,N.S3N04
20260423,N.S3N05
20260423,N.S3N06
20260423,N.S3N07
20260423,N.S3N08
20260423,N.S3N09
20260423,N.S3N10
20260423,N.S3N11
20260423,N.S3N12
20260423,N.S3N13
20260423,N.S3N14
20260423,N.S3N15
20260423,N.S3N16
20260423,N.S3N17
20260423,N.S3N18
20260423,N.S3N19
20260423,N.S3N23
20260423,N.S3N24
20260423,N.S3N25
20260423,N.S3N26
20260423,N.S4N01
20260423,N.S4N02
20260423,N.S4N03
20260423,N.S4N04
20260423,N.S4N05
20260423,N.S4N06
20260423,N.S4N07
20260423,N.S4N08
20260423,N.S4N09
20260423,N.S4N10
20260423,N.S4N11
20260423,N.S4N12
20260423,N.S4N13
20260423,N.S4N14
20260423,N.S4N15
20260423,N.S4N16
20260423,N.S4N17
20260423,N.S4N18
20260423,N.S4N19
20260423,N.S4N20
20260423,N.S4N21
20260423,N.S4N22
20260423,N.S4N23
20260423,N.S4N24
20260423,N.S4N25
20260423,N.S4N26
20260423,N.S4N27
20260423,N.S4N28
20260423,N.S5N01
20260423,N.S5N02
20260423,N.S5N03
20260423,N.S5N04
20260423,N.S5N05
20260423,N.S5N06
20260423,N.S5N07
20260423,N.S5N08
20260423,N.S5N09
20260423,N.S5N10
20260423,N.S5N11
20260423,N.S5N12
20260423,N.S5N13
20260423,N.S5N14
20260423,N.S5N15
20260423,N.S5N16
20260423,N.S5N17
20260423,N.S5N18
20260423,N.S5N19
20260423,N.S5N20
20260423,N.S5N21
20260423,N.S5N22
20260423,N.S5N23
20260423,N.S6N05
20260423,N.S6N06
20260423,N.S6N07
20260423,N.S6N08
20260423,N.S6N09
20260423,N.S6N10
20260423,N.S6N11
20260423,N.TMRF
20260423,N.TYSF
20260423,N.URHF
20260424,N.GJMF
20260424,N.HIDF
20260424,N.HSSF
20260424,N.IMGF
20260424,N.IYGF
20260424,N.KSNF
20260424,N.KSRF
20260424,N.NMRF
20260424,N.OOWF
20260424,N.S3N01
20260424,N.S3N02
20260424,N.S3N03
20260424,N.S3N04
20260424,N.S3N05
20260424,N.S3N06
20260424,N.S3N07
20260424,N.S3N08
20260424,N.S3N09
20260424,N.S3N10
20260424,N.S3N11
20260424,N.S3N12
20260424,N.S3N13
20260424,N.S3N14
20260424,N.S3N15
20260424,N.S3N16
20260424,N.S3N17
20260424,N.S3N18
20260424,N.S3N19
20260424,N.S3N23
20260424,N.S3N24
20260424,N.S3N25
20260424,N.S3N26
20260424,N.S4N01
20260424,N.S4N02
20260424,N.S4N03
20260424,N.S4N04
20260424,N.S4N05
20260424,N.S4N06
20260424,N.S4N07
20260424,N.S4N08
20260424,N.S4N09
20260424,N.S4N10
20260424,N.S4N11
20260424,N.S4N12
20260424,N.S4N13
20260424,N.S4N14
20260424,N.S4N15
20260424,N.S4N16
20260424,N.S4N17
20260424,N.S4N18
20260424,N.S4N19
20260424,N.S4N20
20260424,N.S4N21
20260424,N.S4N22
20260424,N.S4N23
20260424,N.S4N24
20260424,N.S4N25
20260424,N.S4N26
20260424,N.S4N27
20260424,N.S4N28
20260424,N.S5N01
20260424,N.S5N02
20260424,N.S5N03
20260424,N.S5N04
20260424,N.S5N05
20260424,N.S5N06
20260424,N.S5N07
20260424,N.S5N08
20260424,N.S5N09
20260424,N.S5N10
20260424,N.S5N11
20260424,N.S5N12
20260424,N.S5N13
20260424,N.S5N14
20260424,N.S5N15
20260424,N.S5N16
20260424,N.S5N17
20260424,N.S5N18
20260424,N.S5N19
20260424,N.S5N20
20260424,N.S5N21
20260424,N.S5N22
20260424,N.S5N23
20260424,N.S6N05
20260424,N.S6N06
20260424,N.S6N07
20260424,N.S6N08
20260424,N.S6N09
20260424,N.S6N10
20260424,N.S6N11
20260424,N.TMRF
20260424,N.TYSF
20260424,N.URHF
20260425,N.GJMF
20260425,N.HIDF
20260425,N.HSSF
20260425,N.IMGF
20260425,N.IYGF
20260425,N.KSNF
20260425,N.KSRF
20260425,N.NMRF
20260425,N.OOWF
20260425,N.S3N01
20260425,N.S3N02
20260425,N.S3N03
20260425,N.S3N04
20260425,N.S3N05
20260425,N.S3N06
20260425,N.S3N07
20260425,N.S3N08
20260425,N.S3N09
20260425,N.S3N10
20260425,N.S3N11
20260425,N.S3N12
20260425,N.S3N13
20260425,N.S3N14
20260425,N.S3N15
20260425,N.S3N16
20260425,N.S3N17
20260425,N.S3N18
20260425,N.S3N19
20260425,N.S3N23
20260425,N.S3N24
20260425,N.S3N25
20260425,N.S3N26
20260425,N.S4N01
20260425,N.S4N02
20260425,N.S4N03
20260425,N.S4N04
20260425,N.S4N05
20260425,N.S4N06
20260425,N.S4N07
20260425,N.S4N08
20260425,N.S4N09
20260425,N.S4N10
20260425,N.S4N11
20260425,N.S4N12
20260425,N.S4N13
20260425,N.S4N14
20260425,N.S4N15
20260425,N.S4N16
20260425,N.S4N17
20260425,N.S4N18
20260425,N.S4N19
20260425,N.S4N20
20260425,N.S4N21
20260425,N.S4N22
20260425,N.S4N23
20260425,N.S4N24
20260425,N.S4N25
20260425,N.S4N26
20260425,N.S4N27
20260425,N.S4N28
20260425,N.S5N01
20260425,N.S5N02
20260425,N.S5N03
20260425,N.S5N04
20260425,N.S5N05
20260425,N.S5N06
20260425,N.S5N07
20260425,N.S5N08
20260425,N.S5N09
20260425,N.S5N10
20260425,N.S5N11
20260425,N.S5N12
20260425,N.S5N13
20260425,N.S5N14
20260425,N.S5N15
20260425,N.S5N16
20260425,N.S5N17
20260425,N.S5N18
20260425,N.S5N19
20260425,N.S5N20
20260425,N.S5N21
20260425,N.S5N22
20260425,N.S5N23
20260425,N.S6N05
20260425,N.S6N06
20260425,N.S6N07
20260425,N.S6N08
20260425,N.S6N09
20260425,N.S6N10
20260425,N.S6N11
20260425,N.TMRF
20260425,N.TYSF
20260425,N.URHF
20260426,N.GJMF
20260426,N.HIDF
20260426,N.HSSF
20260426,N.IMGF
20260426,N.IYGF
20260426,N.KSNF
20260426,N.KSRF
20260426,N.NMRF
20260426,N.OOWF
20260426,N.S3N01
20260426,N.S3N02
20260426,N.S3N03
20260426,N.S3N04
20260426,N.S3N05
20260426,N.S3N06
20260426,N.S3N07
20260426,N.S3N08
20260426,N.S3N09
20260426,N.S3N10
20260426,N.S3N11
20260426,N.S3N12
20260426,N.S3N13
20260426,N.S3N14
20260426,N.S3N15
20260426,N.S3N16
20260426,N.S3N17
20260426,N.S3N18
20260426,N.S3N19
20260426,N.S3N23
20260426,N.S3N24
20260426,N.S3N25
20260426,N.S3N26
20260426,N.S4N01
20260426,N.S4N02
20260426,N.S4N03
20260426,N.S4N04
20260426,N.S4N05
20260426,N.S4N06
20260426,N.S4N07
20260426,N.S4N08
20260426,N.S4N09
20260426,N.S4N10
20260426,N.S4N11
20260426,N.S4N12
20260426,N.S4N13
20260426,N.S4N14
20260426,N.S4N15
20260426,N.S4N16
20260426,N.S4N17
20260426,N.S4N18
20260426,N.S4N19
20260426,N.S4N20
20260426,N.S4N21
20260426,N.S4N22
20260426,N.S4N23
20260426,N.S4N24
20260426,N.S4N25
20260426,N.S4N26
20260426,N.S4N27
20260426,N.S4N28
20260426,N.S5N01
20260426,N.S5N02
20260426,N.S5N03
20260426,N.S5N04
20260426,N.S5N05
20260426,N.S5N06
20260426,N.S5N07
20260426,N.S5N08
20260426,N.S5N09
20260426,N.S5N10
20260426,N.S5N11
20260426,N.S5N12
20260426,N.S5N13
20260426,N.S5N14
20260426,N.S5N15
20260426,N.S5N16
20260426,N.S5N17
20260426,N.S5N18
20260426,N.S5N19
20260426,N.S5N20
20260426,N.S5N21
20260426,N.S5N22
20260426,N.S5N23
20260426,N.S6N05
20260426,N.S6N06
20260426,N.S6N07
20260426,N.S6N08
20260426,N.S6N09
20260426,N.S6N10
20260426,N.S6N11
20260426,N.TMRF
20260426,N.TYSF
20260426,N.URHF
20260427,N.GJMF
20260427,N.HIDF
20260427,N.HSSF
20260427,N.IMGF
20260427,N.IYGF
20260427,N.KSNF
20260427,N.KSRF
20260427,N.NMRF
20260427,N.OOWF
20260427,N.S3N01
20260427,N.S3N02
20260427,N.S3N03
20260427,N.S3N04
20260427,N.S3N05
20260427,N.S3N06
20260427,N.S3N07
20260427,N.S3N08
20260427,N.S3N09
20260427,N.S3N10
20260427,N.S3N11
20260427,N.S3N12
20260427,N.S3N13
20260427,N.S3N14
20260427,N.S3N15
20260427,N.S3N16
20260427,N.S3N17
20260427,N.S3N18
20260427,N.S3N19
20260427,N.S3N23
20260427,N.S3N24
20260427,N.S3N25
20260427,N.S3N26
20260427,N.S4N01
20260427,N.S4N02
20260427,N.S4N03
20260427,N.S4N04
20260427,N.S4N05
20260427,N.S4N06
20260427,N.S4N07
20260427,N.S4N08
20260427,N.S4N09
20260427,N.S4N10
20260427,N.S4N11
20260427,N.S4N12
20260427,N.S4N13
20260427,N.S4N14
20260427,N.S4N15
20260427,N.S4N16
20260427,N.S4N17
20260427,N.S4N18
20260427,N.S4N19
20260427,N.S4N20
20260427,N.S4N21
20260427,N.S4N22
20260427,N.S4N23
20260427,N.S4N24
20260427,N.S4N25
20260427,N.S4N26
20260427,N.S4N27
20260427,N.S4N28
20260427,N.S5N01
20260427,N.S5N02
20260427,N.S5N03
20260427,N.S5N04
20260427,N.S5N05
20260427,N.S5N06
20260427,N.S5N07
20260427,N.S5N08
20260427,N.S5N09
20260427,N.S5N10
20260427,N.S5N11
20260427,N.S5N12
20260427,N.S5N13
20260427,N.S5N14
20260427,N.S5N15
20260427,N.S5N16
20260427,N.S5N17
20260427,N.S5N18
20260427,N.S5N19
20260427,N.S5N20
20260427,N.S5N21
20260427,N.S5N22
20260427,N.S5N23
20260427,N.S6N05
20260427,N.S6N06
20260427,N.S6N07
20260427,N.S6N08
20260427,N.S6N09
20260427,N.S6N10
20260427,N.S6N11
20260427,N.TMRF
20260427,N.TYSF
20260427,N.URHF
20260428,N.GJMF
20260428,N.HIDF
20260428,N.HSSF
20260428,N.IMGF
20260428,N.IYGF
20260428,N.KSNF
20260428,N.KSRF
20260428,N.NMRF
20260428,N.OOWF
20260428,N.S3N01
20260428,N.S3N02
20260428,N.S3N03
20260428,N.S3N04
20260428,N.S3N05
20260428,N.S3N06
20260428,N.S3N07
20260428,N.S3N08
20260428,N.S3N09
20260428,N.S3N10
20260428,N.S3N11
20260428,N.S3N12
20260428,N.S3N13
20260428,N.S3N14
20260428,N.S3N15
20260428,N.S3N16
20260428,N.S3N17
20260428,N.S3N18
20260428,N.S3N19
20260428,N.S3N23
20260428,N.S3N24
20260428,N.S3N25
20260428,N.S3N26
20260428,N.S4N01
20260428,N.S4N02
20260428,N.S4N03
20260428,N.S4N04
20260428,N.S4N05
20260428,N.S4N06
20260428,N.S4N07
20260428,N.S4N08
20260428,N.S4N09
20260428,N.S4N10
20260428,N.S4N11
20260428,N.S4N12
20260428,N.S4N13
20260428,N.S4N14
20260428,N.S4N15
20260428,N.S4N16
20260428,N.S4N17
20260428,N.S4N18
20260428,N.S4N19
20260428,N.S4N20
20260428,N.S4N21
20260428,N.S4N22
20260428,N.S4N23
20260428,N.S4N24
20260428,N.S4N25
20260428,N.S4N26
20260428,N.S4N27
20260428,N.S4N28
20260428,N.S5N01
20260428,N.S5N02
20260428,N.S5N03
20260428,N.S5N04
20260428,N.S5N05
20260428,N.S5N06
20260428,N.S5N07
20260428,N.S5N08
20260428,N.S5N09
20260428,N.S5N10
20260428,N.S5N11
20260428,N.S5N12
20260428,N.S5N13
20260428,N.S5N14
20260428,N.S5N15
20260428,N.S5N16
20260428,N.S5N17
20260428,N.S5N18
20260428,N.S5N19
20260428,N.S5N20
20260428,N.S5N21
20260428,N.S5N22
20260428,N.S5N23
20260428,N.S6N05
20260428,N.S6N06
20260428,N.S6N07
20260428,N.S6N08
20260428,N.S6N09
20260428,N.S6N10
20260428,N.S6N11
20260428,N.TMRF
20260428,N.TYSF
20260428,N.URHF
20260429,N.GJMF
20260429,N.HIDF
20260429,N.HSSF
20260429,N.IMGF
20260429,N.IYGF
20260429,N.KSNF
20260429,N.KSRF
20260429,N.NMRF
20260429,N.OOWF
20260429,N.S3N01
20260429,N.S3N02
20260429,N.S3N03
20260429,N.S3N04
20260429,N.S3N05
20260429,N.S3N06
20260429,N.S3N07
20260429,N.S3N08
20260429,N.S3N09
20260429,N.S3N10
20260429,N.S3N11
20260429,N.S3N12
20260429,N.S3N13
20260429,N.S3N14
20260429,N.S3N15
20260429,N.S3N16
20260429,N.S3N17
20260429,N.S3N18
20260429,N.S3N19
20260429,N.S3N23
20260429,N.S3N24
20260429,N.S3N25
20260429,N.S3N26
20260429,N.S4N01
20260429,N.S4N02
20260429,N.S4N03
20260429,N.S4N04
20260429,N.S4N05
20260429,N.S4N06
20260429,N.S4N07
20260429,N.S4N08
20260429,N.S4N09
20260429,N.S4N10
20260429,N.S4N11
20260429,N.S4N12
20260429,N.S4N13
20260429,N.S4N14
20260429,N.S4N15
20260429,N.S4N16
20260429,N.S4N17
20260429,N.S4N18
20260429,N.S4N19
20260429,N.S4N20
20260429,N.S4N21
20260429,N.S4N22
20260429,N.S4N23
20260429,N.S4N24
20260429,N.S4N25
20260429,N.S4N26
20260429,N.S4N27
20260429,N.S4N28
20260429,N.S5N01
20260429,N.S5N02
20260429,N.S5N03
20260429,N.S5N04
20260429,N.S5N05
20260429,N.S5N06
20260429,N.S5N07
20260429,N.S5N08
20260429,N.S5N09
20260429,N.S5N10
20260429,N.S5N11
20260429,N.S5N12
20260429,N.S5N13
20260429,N.S5N14
20260429,N.S5N15
20260429,N.S5N16
20260429,N.S5N17
20260429,N.S5N18
20260429,N.S5N19
20260429,N.S5N20
20260429,N.S5N21
20260429,N.S5N22
20260429,N.S5N23
20260429,N.S6N05
20260429,N.S6N06
20260429,N.S6N07
20260429,N.S6N08
20260429,N.S6N09
20260429,N.S6N10
20260429,N.S6N11
20260429,N.TMRF
20260429,N.TYSF
20260429,N.URHF
20260430,N.GJMF
20260430,N.HIDF
20260430,N.HSSF
20260430,N.IMGF
20260430,N.IYGF
20260430,N.KSNF
20260430,N.KSRF
20260430,N.NMRF
20260430,N.OOWF
20260430,N.S3N01
20260430,N.S3N02
20260430,N.S3N03
20260430,N.S3N04
20260430,N.S3N05
20260430,N.S3N06
20260430,N.S3N07
20260430,N.S3N08
20260430,N.S3N09
20260430,N.S3N10
20260430,N.S3N11
20260430,N.S3N12
20260430,N.S3N13
20260430,N.S3N14
20260430,N.S3N15
20260430,N.S3N16
20260430,N.S3N17
20260430,N.S3N18
20260430,N.S3N19
20260430,N.S3N23
20260430,N.S3N24
20260430,N.S3N25
20260430,N.S3N26
20260430,N.S4N01
20260430,N.S4N02
20260430,N.S4N03
20260430,N.S4N04
20260430,N.S4N05
20260430,N.S4N06
20260430,N.S4N07
20260430,N.S4N08
20260430,N.S4N09
20260430,N.S4N10
20260430,N.S4N11
20260430,N.S4N12
20260430,N.S4N13
20260430,N.S4N14
20260430,N.S4N15
20260430,N.S4N16
20260430,N.S4N17
20260430,N.S4N18
20260430,N.S4N19
20260430,N.S4N20
20260430,N.S4N21
20260430,N.S4N22
20260430,N.S4N23
20260430,N.S4N24
20260430,N.S4N25
20260430,N.S4N26
20260430,N.S4N27
20260430,N.S4N28
20260430,N.S5N01
20260430,N.S5N02
20260430,N.S5N03
20260430,N.S5N04
20260430,N.S5N05
20260430,N.S5N06
20260430,N.S5N07
20260430,N.S5N08
20260430,N.S5N09
20260430,N.S5N10
20260430,N.S5N11
20260430,N.S5N12
20260430,N.S5N13
20260430,N.S5N14
20260430,N.S5N15
20260430,N.S5N16
20260430,N.S5N17
20260430,N.S5N18
20260430,N.S5N19
20260430,N.S5N20
20260430,N.S5N21
20260430,N.S5N22
20260430,N.S5N23
20260430,N.S6N05
20260430,N.S6N06
20260430,N.S6N07
20260430,N.S6N08
20260430,N.S6N09
20260430,N.S6N10
20260430,N.S6N11
20260430,N.TMRF
20260430,N.TYSF
20260430,N.URHF
