seed_id,hour_utc,hour_index,coverage_percent,std_counts
CI.APL..HNE,2019-07-04T00:00:00.000000Z,0,100.0,145.61100831019127
CI.APL..HNE,2019-07-04T01:00:00.000000Z,1,100.0,109.28565579365407
CI.APL..HNE,2019-07-04T02:00:00.000000Z,2,100.0,118.5643261783361
CI.APL..HNE,2019-07-04T03:00:00.000000Z,3,100.0,127.09152825399791
CI.APL..HNE,2019-07-04T04:00:00.000000Z,4,100.0,98.22039843674357
CI.APL..HNE,2019-07-04T05:00:00.000000Z,5,100.0,86.69236545769478
CI.APL..HNE,2019-07-04T06:00:00.000000Z,6,100.0,77.3628344691222
CI.APL..HNE,2019-07-04T07:00:00.000000Z,7,100.0,93.88357490329344
CI.APL..HNE,2019-07-04T08:00:00.000000Z,8,100.0,62.185583315358514
CI.APL..HNE,2019-07-04T09:00:00.000000Z,9,100.0,61.19865544710565
CI.APL..HNE,2019-07-04T10:00:00.000000Z,10,100.0,58.98408699382169
CI.APL..HNE,2019-07-04T11:00:00.000000Z,11,100.0,59.44890467844453
CI.APL..HNE,2019-07-04T12:00:00.000000Z,12,100.0,93.87285334496887
CI.APL..HNE,2019-07-04T13:00:00.000000Z,13,100.0,126.54242307842941
CI.APL..HNE,2019-07-04T14:00:00.000000Z,14,100.0,97.4403887926705
CI.APL..HNE,2019-07-04T15:00:00.000000Z,15,100.0,94.67386071325753
CI.APL..HNE,2019-07-04T16:00:00.000000Z,16,100.0,98.0054297590497
CI.APL..HNE,2019-07-04T17:00:00.000000Z,17,100.0,899.2240022752574
CI.APL..HNE,2019-07-04T18:00:00.000000Z,18,100.0,159.84508843038702
CI.APL..HNE,2019-07-04T19:00:00.000000Z,19,100.0,122.16960416026998
CI.APL..HNE,2019-07-04T20:00:00.000000Z,20,100.0,150.8769679565614
CI.APL..HNE,2019-07-04T21:00:00.000000Z,21,100.0,133.01438321815857
CI.APL..HNE,2019-07-04T22:00:00.000000Z,22,100.0,129.76263644947173
CI.APL..HNE,2019-07-04T23:00:00.000000Z,23,100.0,117.00551297358777
CI.APL..HNE,2019-07-05T00:00:00.000000Z,24,100.0,141.13310850393768
CI.APL..HNE,2019-07-05T01:00:00.000000Z,25,100.0,135.9339340006412
CI.APL..HNE,2019-07-05T02:00:00.000000Z,26,100.0,132.93034814473697
CI.APL..HNE,2019-07-05T03:00:00.000000Z,27,100.0,113.73529735493963
CI.APL..HNE,2019-07-05T04:00:00.000000Z,28,100.0,109.65625039618659
CI.APL..HNE,2019-07-05T05:00:00.000000Z,29,100.0,80.77076877465635
CI.APL..HNE,2019-07-05T06:00:00.000000Z,30,100.0,81.67169605600974
CI.APL..HNE,2019-07-05T07:00:00.000000Z,31,100.0,84.15986450274882
CI.APL..HNE,2019-07-05T08:00:00.000000Z,32,100.0,60.595834527007696
CI.APL..HNE,2019-07-05T09:00:00.000000Z,33,100.0,52.77274730472457
CI.APL..HNE,2019-07-05T10:00:00.000000Z,34,100.0,76.62494144770001
CI.APL..HNE,2019-07-05T11:00:00.000000Z,35,100.0,180.12703795286535
CI.APL..HNE,2019-07-05T12:00:00.000000Z,36,100.0,70.08794787488165
CI.APL..HNE,2019-07-05T13:00:00.000000Z,37,100.0,149.42660857619714
CI.APL..HNE,2019-07-05T14:00:00.000000Z,38,100.0,106.13295310410925
CI.APL..HNE,2019-07-05T15:00:00.000000Z,39,100.0,114.92840130393355
CI.APL..HNE,2019-07-05T16:00:00.000000Z,40,100.0,116.46968304929104
CI.APL..HNE,2019-07-05T17:00:00.000000Z,41,100.0,123.90832813298303
CI.APL..HNE,2019-07-05T18:00:00.000000Z,42,100.0,91.27399392441222
CI.APL..HNE,2019-07-05T19:00:00.000000Z,43,100.0,94.60092822191542
CI.APL..HNE,2019-07-05T20:00:00.000000Z,44,100.0,132.9767425562056
CI.APL..HNE,2019-07-05T21:00:00.000000Z,45,100.0,136.35084914531924
CI.APL..HNE,2019-07-05T22:00:00.000000Z,46,100.0,138.78684074605516
CI.APL..HNE,2019-07-05T23:00:00.000000Z,47,100.0,128.55766570032804
CI.APL..HNE,2019-07-06T00:00:00.000000Z,48,100.0,127.26907454201157
CI.APL..HNE,2019-07-06T01:00:00.000000Z,49,100.0,109.99457845799363
CI.APL..HNE,2019-07-06T02:00:00.000000Z,50,100.0,131.26985104667625
CI.APL..HNE,2019-07-06T03:00:00.000000Z,51,100.0,1735.4871608475419
CI.APL..HNE,2019-07-06T04:00:00.000000Z,52,100.0,206.32059954535134
CI.APL..HNE,2019-07-06T05:00:00.000000Z,53,100.0,123.06265485059015
CI.APL..HNE,2019-07-06T06:00:00.000000Z,54,100.0,120.01113242849297
CI.APL..HNE,2019-07-06T07:00:00.000000Z,55,100.0,98.86663383790814
CI.APL..HNE,2019-07-06T08:00:00.000000Z,56,100.0,98.36888989151782
CI.APL..HNE,2019-07-06T09:00:00.000000Z,57,100.0,94.13504336881438
CI.APL..HNE,2019-07-06T10:00:00.000000Z,58,100.0,70.35929783144029
CI.APL..HNE,2019-07-06T11:00:00.000000Z,59,100.0,83.15936600023258
CI.APL..HNE,2019-07-06T12:00:00.000000Z,60,100.0,53.60011875024672
CI.APL..HNE,2019-07-06T13:00:00.000000Z,61,100.0,58.860224952490064
CI.APL..HNE,2019-07-06T14:00:00.000000Z,62,100.0,59.05378197443674
CI.APL..HNE,2019-07-06T15:00:00.000000Z,63,100.0,79.75316458818403
CI.APL..HNE,2019-07-06T16:00:00.000000Z,64,100.0,88.98833634720732
CI.APL..HNE,2019-07-06T17:00:00.000000Z,65,100.0,125.07912724794492
CI.APL..HNE,2019-07-06T18:00:00.000000Z,66,100.0,131.4190573028001
CI.APL..HNE,2019-07-06T19:00:00.000000Z,67,100.0,135.15140948800556
CI.APL..HNE,2019-07-06T20:00:00.000000Z,68,100.0,104.14965708725113
CI.APL..HNE,2019-07-06T21:00:00.000000Z,69,100.0,115.70395359973178
CI.APL..HNE,2019-07-06T22:00:00.000000Z,70,100.0,133.88824851355096
CI.APL..HNE,2019-07-06T23:00:00.000000Z,71,100.0,126.73279291889038
CI.APL..HNN,2019-07-04T00:00:00.000000Z,0,100.0,99.89921690372122
CI.APL..HNN,2019-07-04T01:00:00.000000Z,1,100.0,78.23738214645736
CI.APL..HNN,2019-07-04T02:00:00.000000Z,2,100.0,91.29702441026852
CI.APL..HNN,2019-07-04T03:00:00.000000Z,3,100.0,112.3958375706582
CI.APL..HNN,2019-07-04T04:00:00.000000Z,4,100.0,91.58151020594153
CI.APL..HNN,2019-07-04T05:00:00.000000Z,5,100.0,84.36320920858917
CI.APL..HNN,2019-07-04T06:00:00.000000Z,6,100.0,73.85784548625747
CI.APL..HNN,2019-07-04T07:00:00.000000Z,7,100.0,96.27352998755855
CI.APL..HNN,2019-07-04T08:00:00.000000Z,8,100.0,85.17467041725827
CI.APL..HNN,2019-07-04T09:00:00.000000Z,9,100.0,81.68784283680615
CI.APL..HNN,2019-07-04T10:00:00.000000Z,10,100.0,74.45051430671235
CI.APL..HNN,2019-07-04T11:00:00.000000Z,11,100.0,75.93617772689734
CI.APL..HNN,2019-07-04T12:00:00.000000Z,12,100.0,95.52648272643994
CI.APL..HNN,2019-07-04T13:00:00.000000Z,13,100.0,101.89097891887802
CI.APL..HNN,2019-07-04T14:00:00.000000Z,14,100.0,105.12599111185054
CI.APL..HNN,2019-07-04T15:00:00.000000Z,15,100.0,90.15973425699026
CI.APL..HNN,2019-07-04T16:00:00.000000Z,16,100.0,96.24611576249912
CI.APL..HNN,2019-07-04T17:00:00.000000Z,17,100.0,895.0769842929502
CI.APL..HNN,2019-07-04T18:00:00.000000Z,18,100.0,133.11997379320022
CI.APL..HNN,2019-07-04T19:00:00.000000Z,19,100.0,108.27617239723618
CI.APL..HNN,2019-07-04T20:00:00.000000Z,20,100.0,104.61192469776545
CI.APL..HNN,2019-07-04T21:00:00.000000Z,21,100.0,93.67381366922027
CI.APL..HNN,2019-07-04T22:00:00.000000Z,22,100.0,98.6041573029734
CI.APL..HNN,2019-07-04T23:00:00.000000Z,23,100.0,93.59569214412251
CI.APL..HNN,2019-07-05T00:00:00.000000Z,24,100.0,117.615524264269
CI.APL..HNN,2019-07-05T01:00:00.000000Z,25,100.0,108.19561397387363
CI.APL..HNN,2019-07-05T02:00:00.000000Z,26,100.0,106.60866878750284
CI.APL..HNN,2019-07-05T03:00:00.000000Z,27,100.0,82.92634273186047
CI.APL..HNN,2019-07-05T04:00:00.000000Z,28,100.0,89.99784773564467
CI.APL..HNN,2019-07-05T05:00:00.000000Z,29,100.0,67.90535903193435
CI.APL..HNN,2019-07-05T06:00:00.000000Z,30,100.0,69.98820269193232
CI.APL..HNN,2019-07-05T07:00:00.000000Z,31,100.0,72.53374428263062
CI.APL..HNN,2019-07-05T08:00:00.000000Z,32,100.0,66.3951294323244
CI.APL..HNN,2019-07-05T09:00:00.000000Z,33,100.0,66.02376545752504
CI.APL..HNN,2019-07-05T10:00:00.000000Z,34,100.0,79.10123063872624
CI.APL..HNN,2019-07-05T11:00:00.000000Z,35,100.0,170.98713974964596
CI.APL..HNN,2019-07-05T12:00:00.000000Z,36,100.0,100.54990193746585
CI.APL..HNN,2019-07-05T13:00:00.000000Z,37,100.0,142.35664287386814
CI.APL..HNN,2019-07-05T14:00:00.000000Z,38,100.0,101.25162906248654
CI.APL..HNN,2019-07-05T15:00:00.000000Z,39,100.0,106.7128518405734
CI.APL..HNN,2019-07-05T16:00:00.000000Z,40,100.0,121.40073476167213
CI.APL..HNN,2019-07-05T17:00:00.000000Z,41,100.0,100.09232203119728
CI.APL..HNN,2019-07-05T18:00:00.000000Z,42,100.0,84.47115811292879
CI.APL..HNN,2019-07-05T19:00:00.000000Z,43,100.0,83.2594697817215
CI.APL..HNN,2019-07-05T20:00:00.000000Z,44,100.0,97.53957295068429
CI.APL..HNN,2019-07-05T21:00:00.000000Z,45,100.0,95.85961991475475
CI.APL..HNN,2019-07-05T22:00:00.000000Z,46,100.0,99.95822886009263
CI.APL..HNN,2019-07-05T23:00:00.000000Z,47,100.0,92.84135412702663
CI.APL..HNN,2019-07-06T00:00:00.000000Z,48,100.0,92.1274473872597
CI.APL..HNN,2019-07-06T01:00:00.000000Z,49,100.0,95.57067623644548
CI.APL..HNN,2019-07-06T02:00:00.000000Z,50,100.0,102.75871333189475
CI.APL..HNN,2019-07-06T03:00:00.000000Z,51,100.0,1743.7996295606304
CI.APL..HNN,2019-07-06T04:00:00.000000Z,52,100.0,190.2672686327677
CI.APL..HNN,2019-07-06T05:00:00.000000Z,53,100.0,102.4899640898028
CI.APL..HNN,2019-07-06T06:00:00.000000Z,54,100.0,110.0170020212454
CI.APL..HNN,2019-07-06T07:00:00.000000Z,55,100.0,80.70450463274358
CI.APL..HNN,2019-07-06T08:00:00.000000Z,56,100.0,85.40526070913384
CI.APL..HNN,2019-07-06T09:00:00.000000Z,57,100.0,97.5321812220091
CI.APL..HNN,2019-07-06T10:00:00.000000Z,58,100.0,83.52380082994556
CI.APL..HNN,2019-07-06T11:00:00.000000Z,59,100.0,78.67703329978075
CI.APL..HNN,2019-07-06T12:00:00.000000Z,60,100.0,67.64372476836172
CI.APL..HNN,2019-07-06T13:00:00.000000Z,61,100.0,73.70318538613967
CI.APL..HNN,2019-07-06T14:00:00.000000Z,62,100.0,69.66126214790646
CI.APL..HNN,2019-07-06T15:00:00.000000Z,63,100.0,72.01927388565203
CI.APL..HNN,2019-07-06T16:00:00.000000Z,64,100.0,84.33122392409607
CI.APL..HNN,2019-07-06T17:00:00.000000Z,65,100.0,111.60250518101607
CI.APL..HNN,2019-07-06T18:00:00.000000Z,66,100.0,127.51711095942795
CI.APL..HNN,2019-07-06T19:00:00.000000Z,67,100.0,96.2825397227401
CI.APL..HNN,2019-07-06T20:00:00.000000Z,68,100.0,83.9484411963945
CI.APL..HNN,2019-07-06T21:00:00.000000Z,69,100.0,90.22245555379207
CI.APL..HNN,2019-07-06T22:00:00.000000Z,70,100.0,99.22210050197249
CI.APL..HNN,2019-07-06T23:00:00.000000Z,71,100.0,127.29263067608842
CI.APL..HNZ,2019-07-04T00:00:00.000000Z,0,100.0,208.66684016250636
CI.APL..HNZ,2019-07-04T01:00:00.000000Z,1,100.0,154.91036175827406
CI.APL..HNZ,2019-07-04T02:00:00.000000Z,2,100.0,180.02693254344527
CI.APL..HNZ,2019-07-04T03:00:00.000000Z,3,100.0,222.06984347219264
CI.APL..HNZ,2019-07-04T04:00:00.000000Z,4,100.0,178.22493847906907
CI.APL..HNZ,2019-07-04T05:00:00.000000Z,5,100.0,152.99244237890335
CI.APL..HNZ,2019-07-04T06:00:00.000000Z,6,100.0,123.28645000369369
CI.APL..HNZ,2019-07-04T07:00:00.000000Z,7,100.0,192.9461416811591
CI.APL..HNZ,2019-07-04T08:00:00.000000Z,8,100.0,166.53345804409156
CI.APL..HNZ,2019-07-04T09:00:00.000000Z,9,100.0,147.71282841062822
CI.APL..HNZ,2019-07-04T10:00:00.000000Z,10,100.0,121.99000046171574
CI.APL..HNZ,2019-07-04T11:00:00.000000Z,11,100.0,119.53602352272125
CI.APL..HNZ,2019-07-04T12:00:00.000000Z,12,100.0,162.5397553070914
CI.APL..HNZ,2019-07-04T13:00:00.000000Z,13,100.0,180.38651810754286
CI.APL..HNZ,2019-07-04T14:00:00.000000Z,14,100.0,196.53161009031285
CI.APL..HNZ,2019-07-04T15:00:00.000000Z,15,100.0,156.01429038854695
CI.APL..HNZ,2019-07-04T16:00:00.000000Z,16,100.0,163.01665554437994
CI.APL..HNZ,2019-07-04T17:00:00.000000Z,17,100.0,762.0181268070929
CI.APL..HNZ,2019-07-04T18:00:00.000000Z,18,100.0,183.8566487220332
CI.APL..HNZ,2019-07-04T19:00:00.000000Z,19,100.0,176.65269090575208
CI.APL..HNZ,2019-07-04T20:00:00.000000Z,20,100.0,211.1783371201578
CI.APL..HNZ,2019-07-04T21:00:00.000000Z,21,100.0,201.64785898917512
CI.APL..HNZ,2019-07-04T22:00:00.000000Z,22,100.0,204.0373718145335
CI.APL..HNZ,2019-07-04T23:00:00.000000Z,23,100.0,182.72120515358608
CI.APL..HNZ,2019-07-05T00:00:00.000000Z,24,100.0,251.6474154278009
CI.APL..HNZ,2019-07-05T01:00:00.000000Z,25,100.0,226.6356777182112
CI.APL..HNZ,2019-07-05T02:00:00.000000Z,26,100.0,207.15444472900296
CI.APL..HNZ,2019-07-05T03:00:00.000000Z,27,100.0,157.57679890692617
CI.APL..HNZ,2019-07-05T04:00:00.000000Z,28,100.0,166.62337262123717
CI.APL..HNZ,2019-07-05T05:00:00.000000Z,29,100.0,113.82712824188039
CI.APL..HNZ,2019-07-05T06:00:00.000000Z,30,100.0,114.81746026695696
CI.APL..HNZ,2019-07-05T07:00:00.000000Z,31,100.0,121.3042182541694
CI.APL..HNZ,2019-07-05T08:00:00.000000Z,32,100.0,110.41150860126088
CI.APL..HNZ,2019-07-05T09:00:00.000000Z,33,100.0,106.5905293386937
CI.APL..HNZ,2019-07-05T10:00:00.000000Z,34,100.0,130.54466127984782
CI.APL..HNZ,2019-07-05T11:00:00.000000Z,35,100.0,206.92505909931972
CI.APL..HNZ,2019-07-05T12:00:00.000000Z,36,100.0,186.78391255829993
CI.APL..HNZ,2019-07-05T13:00:00.000000Z,37,100.0,267.61890941552286
CI.APL..HNZ,2019-07-05T14:00:00.000000Z,38,100.0,179.29692868431385
CI.APL..HNZ,2019-07-05T15:00:00.000000Z,39,100.0,196.38844588942462
CI.APL..HNZ,2019-07-05T16:00:00.000000Z,40,100.0,221.7923568916081
CI.APL..HNZ,2019-07-05T17:00:00.000000Z,41,100.0,181.9517909087889
CI.APL..HNZ,2019-07-05T18:00:00.000000Z,42,100.0,130.36986019959662
CI.APL..HNZ,2019-07-05T19:00:00.000000Z,43,100.0,134.26350394841756
CI.APL..HNZ,2019-07-05T20:00:00.000000Z,44,100.0,189.93476456546324
CI.APL..HNZ,2019-07-05T21:00:00.000000Z,45,100.0,207.13274668083272
CI.APL..HNZ,2019-07-05T22:00:00.000000Z,46,100.0,204.37853284217226
CI.APL..HNZ,2019-07-05T23:00:00.000000Z,47,100.0,192.2891301260479
CI.APL..HNZ,2019-07-06T00:00:00.000000Z,48,100.0,188.74904562629118
CI.APL..HNZ,2019-07-06T01:00:00.000000Z,49,100.0,198.32852713840458
CI.APL..HNZ,2019-07-06T02:00:00.000000Z,50,100.0,213.11479492313498
CI.APL..HNZ,2019-07-06T03:00:00.000000Z,51,100.0,1480.8194927742306
CI.APL..HNZ,2019-07-06T04:00:00.000000Z,52,100.0,236.93360256523346
CI.APL..HNZ,2019-07-06T05:00:00.000000Z,53,100.0,171.70024645032078
CI.APL..HNZ,2019-07-06T06:00:00.000000Z,54,100.0,181.59199407231907
CI.APL..HNZ,2019-07-06T07:00:00.000000Z,55,100.0,136.7333501848064
CI.APL..HNZ,2019-07-06T08:00:00.000000Z,56,100.0,137.499212969294
CI.APL..HNZ,2019-07-06T09:00:00.000000Z,57,100.0,161.19726332993264
CI.APL..HNZ,2019-07-06T10:00:00.000000Z,58,100.0,147.3103969095963
CI.APL..HNZ,2019-07-06T11:00:00.000000Z,59,100.0,129.4826483515862
CI.APL..HNZ,2019-07-06T12:00:00.000000Z,60,100.0,107.0865669303305
CI.APL..HNZ,2019-07-06T13:00:00.000000Z,61,100.0,113.64951129323316
CI.APL..HNZ,2019-07-06T14:00:00.000000Z,62,100.0,113.05063191055346
CI.APL..HNZ,2019-07-06T15:00:00.000000Z,63,100.0,118.07852459779089
CI.APL..HNZ,2019-07-06T16:00:00.000000Z,64,100.0,133.81214763207657
CI.APL..HNZ,2019-07-06T17:00:00.000000Z,65,100.0,199.05317089952044
CI.APL..HNZ,2019-07-06T18:00:00.000000Z,66,100.0,234.3421444263057
CI.APL..HNZ,2019-07-06T19:00:00.000000Z,67,100.0,180.9586409920963
CI.APL..HNZ,2019-07-06T20:00:00.000000Z,68,100.0,140.95205172641388
CI.APL..HNZ,2019-07-06T21:00:00.000000Z,69,100.0,166.58404220000585
CI.APL..HNZ,2019-07-06T22:00:00.000000Z,70,100.0,198.9828077206822
CI.APL..HNZ,2019-07-06T23:00:00.000000Z,71,100.0,260.4365643114887
CI.CCA..HHE,2019-07-04T00:00:00.000000Z,0,99.99976944261127,193.4308560406388
CI.CCA..HHE,2019-07-04T01:00:00.000000Z,1,100.0,175.02298324619045
CI.CCA..HHE,2019-07-04T02:00:00.000000Z,2,100.0,152.26242225791884
CI.CCA..HHE,2019-07-04T03:00:00.000000Z,3,100.0,163.60929763446018
CI.CCA..HHE,2019-07-04T04:00:00.000000Z,4,100.0,3357.9075069017313
CI.CCA..HHE,2019-07-04T05:00:00.000000Z,5,100.0,879.0929013401875
CI.CCA..HHE,2019-07-04T06:00:00.000000Z,6,100.0,237.7822877735086
CI.CCA..HHE,2019-07-04T07:00:00.000000Z,7,100.0,173.5460994102526
CI.CCA..HHE,2019-07-04T08:00:00.000000Z,8,100.0,154.3244863842893
CI.CCA..HHE,2019-07-04T09:00:00.000000Z,9,100.0,168.06459058148846
CI.CCA..HHE,2019-07-04T10:00:00.000000Z,10,100.0,156.78270232707658
CI.CCA..HHE,2019-07-04T11:00:00.000000Z,11,100.0,197.90004602911006
CI.CCA..HHE,2019-07-04T12:00:00.000000Z,12,100.0,135.96058792603304
CI.CCA..HHE,2019-07-04T13:00:00.000000Z,13,100.0,134.3418896657797
CI.CCA..HHE,2019-07-04T14:00:00.000000Z,14,100.0,135.63805167633842
CI.CCA..HHE,2019-07-04T15:00:00.000000Z,15,100.0,124.05601483822913
CI.CCA..HHE,2019-07-04T16:00:00.000000Z,16,100.0,117.86008610116663
CI.CCA..HHE,2019-07-04T17:00:00.000000Z,17,100.0,578724.6181801738
CI.CCA..HHE,2019-07-04T18:00:00.000000Z,18,100.0,14348.457791819892
CI.CCA..HHE,2019-07-04T19:00:00.000000Z,19,100.0,7134.364717351404
CI.CCA..HHE,2019-07-04T20:00:00.000000Z,20,100.0,2313.797253881914
CI.CCA..HHE,2019-07-04T21:00:00.000000Z,21,100.0,670.9745222133911
CI.CCA..HHE,2019-07-04T22:00:00.000000Z,22,100.0,5634.501607771015
CI.CCA..HHE,2019-07-04T23:00:00.000000Z,23,100.0,3281.580187280741
CI.CCA..HHE,2019-07-05T00:00:00.000000Z,24,100.0,3248.6581683348372
CI.CCA..HHE,2019-07-05T01:00:00.000000Z,25,100.0,311.724119796296
CI.CCA..HHE,2019-07-05T02:00:00.000000Z,26,100.0,2417.9245110376055
CI.CCA..HHE,2019-07-05T03:00:00.000000Z,27,100.0,539.9043367776778
CI.CCA..HHE,2019-07-05T04:00:00.000000Z,28,100.0,822.5107293461303
CI.CCA..HHE,2019-07-05T05:00:00.000000Z,29,100.0,330.78397643083383
CI.CCA..HHE,2019-07-05T06:00:00.000000Z,30,100.0,1640.0370995196447
CI.CCA..HHE,2019-07-05T07:00:00.000000Z,31,100.0,1124.0966408744414
CI.CCA..HHE,2019-07-05T08:00:00.000000Z,32,100.0,509.08121142194443
CI.CCA..HHE,2019-07-05T09:00:00.000000Z,33,100.0,559.6347887840237
CI.CCA..HHE,2019-07-05T10:00:00.000000Z,34,100.0,398.19155987559276
CI.CCA..HHE,2019-07-05T11:00:00.000000Z,35,100.0,75313.22685933366
CI.CCA..HHE,2019-07-05T12:00:00.000000Z,36,100.0,2430.594313361723
CI.CCA..HHE,2019-07-05T13:00:00.000000Z,37,100.0,517.3188326984304
CI.CCA..HHE,2019-07-05T14:00:00.000000Z,38,100.0,1466.6763255932808
CI.CCA..HHE,2019-07-05T15:00:00.000000Z,39,100.0,236.53137210951286
CI.CCA..HHE,2019-07-05T16:00:00.000000Z,40,100.0,151.64574808018423
CI.CCA..HHE,2019-07-05T17:00:00.000000Z,41,100.0,2329.6606772767323
CI.CCA..HHE,2019-07-05T18:00:00.000000Z,42,100.0,301.3988292650612
CI.CCA..HHE,2019-07-05T19:00:00.000000Z,43,100.0,147.6230513931417
CI.CCA..HHE,2019-07-05T20:00:00.000000Z,44,100.0,184.24408924300045
CI.CCA..HHE,2019-07-05T21:00:00.000000Z,45,100.0,207.30714594242855
CI.CCA..HHE,2019-07-05T22:00:00.000000Z,46,100.0,237.12195470815556
CI.CCA..HHE,2019-07-05T23:00:00.000000Z,47,100.0,175.53487471736506
CI.CCA..HHE,2019-07-06T00:00:00.000000Z,48,100.0,688.1344110766836
CI.CCA..HHE,2019-07-06T01:00:00.000000Z,49,100.0,153.24160269486566
CI.CCA..HHE,2019-07-06T02:00:00.000000Z,50,100.0,168.8299565635648
CI.CCA..HHE,2019-07-06T03:00:00.000000Z,51,100.0,666522.271848494
CI.CCA..HHE,2019-07-06T04:00:00.000000Z,52,100.0,52673.153310293856
CI.CCA..HHE,2019-07-06T05:00:00.000000Z,53,100.0,5987.052220454991
CI.CCA..HHE,2019-07-06T06:00:00.000000Z,54,100.0,7345.69198992865
CI.CCA..HHE,2019-07-06T07:00:00.000000Z,55,100.0,2458.02861544415
CI.CCA..HHE,2019-07-06T08:00:00.000000Z,56,100.0,17343.48433703675
CI.CCA..HHE,2019-07-06T09:00:00.000000Z,57,100.0,11469.586730388246
CI.CCA..HHE,2019-07-06T10:00:00.000000Z,58,100.0,3043.1746502952174
CI.CCA..HHE,2019-07-06T11:00:00.000000Z,59,100.0,2387.86354869929
CI.CCA..HHE,2019-07-06T12:00:00.000000Z,60,100.0,894.4153954436856
CI.CCA..HHE,2019-07-06T13:00:00.000000Z,61,100.0,4781.587092366802
CI.CCA..HHE,2019-07-06T14:00:00.000000Z,62,100.0,339.3591779417839
CI.CCA..HHE,2019-07-06T15:00:00.000000Z,63,100.0,566.8370931512744
CI.CCA..HHE,2019-07-06T16:00:00.000000Z,64,100.0,2530.400982029195
CI.CCA..HHE,2019-07-06T17:00:00.000000Z,65,100.0,2315.3046467846502
CI.CCA..HHE,2019-07-06T18:00:00.000000Z,66,100.0,1688.4020799688963
CI.CCA..HHE,2019-07-06T19:00:00.000000Z,67,100.0,593.9190790410058
CI.CCA..HHE,2019-07-06T20:00:00.000000Z,68,100.0,417.1976181768125
CI.CCA..HHE,2019-07-06T21:00:00.000000Z,69,100.0,485.8736853401816
CI.CCA..HHE,2019-07-06T22:00:00.000000Z,70,100.0,319.169005706429
CI.CCA..HHE,2019-07-06T23:00:00.000000Z,71,100.0,8902.659657557035
CI.CCA..HHN,2019-07-04T00:00:00.000000Z,0,99.99976944261127,180.22412921987063
CI.CCA..HHN,2019-07-04T01:00:00.000000Z,1,100.0,173.2077309586895
CI.CCA..HHN,2019-07-04T02:00:00.000000Z,2,100.0,163.58536894384088
CI.CCA..HHN,2019-07-04T03:00:00.000000Z,3,100.0,164.0571409018135
CI.CCA..HHN,2019-07-04T04:00:00.000000Z,4,100.0,3159.4615380638306
CI.CCA..HHN,2019-07-04T05:00:00.000000Z,5,100.0,811.8840194738618
CI.CCA..HHN,2019-07-04T06:00:00.000000Z,6,100.0,213.16172827059168
CI.CCA..HHN,2019-07-04T07:00:00.000000Z,7,100.0,172.0366138039764
CI.CCA..HHN,2019-07-04T08:00:00.000000Z,8,100.0,163.20621529615025
CI.CCA..HHN,2019-07-04T09:00:00.000000Z,9,100.0,170.1145786245735
CI.CCA..HHN,2019-07-04T10:00:00.000000Z,10,100.0,157.3735110852627
CI.CCA..HHN,2019-07-04T11:00:00.000000Z,11,100.0,163.1239134318857
CI.CCA..HHN,2019-07-04T12:00:00.000000Z,12,100.0,132.06317846973
CI.CCA..HHN,2019-07-04T13:00:00.000000Z,13,100.0,140.30469327146537
CI.CCA..HHN,2019-07-04T14:00:00.000000Z,14,100.0,133.80122331316696
CI.CCA..HHN,2019-07-04T15:00:00.000000Z,15,100.0,123.07231474111877
CI.CCA..HHN,2019-07-04T16:00:00.000000Z,16,100.0,124.01421121820668
CI.CCA..HHN,2019-07-04T17:00:00.000000Z,17,100.0,461186.1116117777
CI.CCA..HHN,2019-07-04T18:00:00.000000Z,18,100.0,12813.573693185792
CI.CCA..HHN,2019-07-04T19:00:00.000000Z,19,100.0,6758.627698613121
CI.CCA..HHN,2019-07-04T20:00:00.000000Z,20,100.0,2068.3726622219583
CI.CCA..HHN,2019-07-04T21:00:00.000000Z,21,100.0,708.3043375748924
CI.CCA..HHN,2019-07-04T22:00:00.000000Z,22,100.0,4356.049881771949
CI.CCA..HHN,2019-07-04T23:00:00.000000Z,23,100.0,2931.9879637366726
CI.CCA..HHN,2019-07-05T00:00:00.000000Z,24,100.0,3231.93110139968
CI.CCA..HHN,2019-07-05T01:00:00.000000Z,25,100.0,313.25848841193346
CI.CCA..HHN,2019-07-05T02:00:00.000000Z,26,100.0,2018.0508991618954
CI.CCA..HHN,2019-07-05T03:00:00.000000Z,27,100.0,532.759021824124
CI.CCA..HHN,2019-07-05T04:00:00.000000Z,28,100.0,821.6093150870968
CI.CCA..HHN,2019-07-05T05:00:00.000000Z,29,100.0,364.12196550086185
CI.CCA..HHN,2019-07-05T06:00:00.000000Z,30,100.0,1542.7922690380162
CI.CCA..HHN,2019-07-05T07:00:00.000000Z,31,100.0,1233.9098426150074
CI.CCA..HHN,2019-07-05T08:00:00.000000Z,32,100.0,530.7073292010722
CI.CCA..HHN,2019-07-05T09:00:00.000000Z,33,100.0,603.2614802237576
CI.CCA..HHN,2019-07-05T10:00:00.000000Z,34,100.0,454.176047811632
CI.CCA..HHN,2019-07-05T11:00:00.000000Z,35,100.0,59380.67507033796
CI.CCA..HHN,2019-07-05T12:00:00.000000Z,36,100.0,2332.711330463399
CI.CCA..HHN,2019-07-05T13:00:00.000000Z,37,100.0,488.1283094800271
CI.CCA..HHN,2019-07-05T14:00:00.000000Z,38,100.0,1301.6202402363156
CI.CCA..HHN,2019-07-05T15:00:00.000000Z,39,100.0,229.53152343491988
CI.CCA..HHN,2019-07-05T16:00:00.000000Z,40,100.0,131.37529347594844
CI.CCA..HHN,2019-07-05T17:00:00.000000Z,41,100.0,2298.7131644364777
CI.CCA..HHN,2019-07-05T18:00:00.000000Z,42,100.0,305.8487802609201
CI.CCA..HHN,2019-07-05T19:00:00.000000Z,43,100.0,138.44826069516276
CI.CCA..HHN,2019-07-05T20:00:00.000000Z,44,100.0,172.22654253231855
CI.CCA..HHN,2019-07-05T21:00:00.000000Z,45,100.0,211.58301632861824
CI.CCA..HHN,2019-07-05T22:00:00.000000Z,46,100.0,233.54297637470867
CI.CCA..HHN,2019-07-05T23:00:00.000000Z,47,100.0,155.07043445478664
CI.CCA..HHN,2019-07-06T00:00:00.000000Z,48,100.0,716.6861554914639
CI.CCA..HHN,2019-07-06T01:00:00.000000Z,49,100.0,152.36168347369292
CI.CCA..HHN,2019-07-06T02:00:00.000000Z,50,100.0,161.48582857529058
CI.CCA..HHN,2019-07-06T03:00:00.000000Z,51,100.0,711708.1527067678
CI.CCA..HHN,2019-07-06T04:00:00.000000Z,52,100.0,60448.93053583393
CI.CCA..HHN,2019-07-06T05:00:00.000000Z,53,100.0,6364.867905816035
CI.CCA..HHN,2019-07-06T06:00:00.000000Z,54,100.0,7781.133203225598
CI.CCA..HHN,2019-07-06T07:00:00.000000Z,55,100.0,2743.409118588595
CI.CCA..HHN,2019-07-06T08:00:00.000000Z,56,100.0,14059.46040088549
CI.CCA..HHN,2019-07-06T09:00:00.000000Z,57,100.0,11642.012746154787
CI.CCA..HHN,2019-07-06T10:00:00.000000Z,58,100.0,3069.8399693866186
CI.CCA..HHN,2019-07-06T11:00:00.000000Z,59,100.0,2594.2631785823564
CI.CCA..HHN,2019-07-06T12:00:00.000000Z,60,100.0,914.3182841962131
CI.CCA..HHN,2019-07-06T13:00:00.000000Z,61,100.0,5004.691456726216
CI.CCA..HHN,2019-07-06T14:00:00.000000Z,62,100.0,356.13767214618764
CI.CCA..HHN,2019-07-06T15:00:00.000000Z,63,100.0,664.8627274059326
CI.CCA..HHN,2019-07-06T16:00:00.000000Z,64,100.0,2633.275956895084
CI.CCA..HHN,2019-07-06T17:00:00.000000Z,65,100.0,2513.263212596422
CI.CCA..HHN,2019-07-06T18:00:00.000000Z,66,100.0,1842.9653561399693
CI.CCA..HHN,2019-07-06T19:00:00.000000Z,67,100.0,614.1177918203266
CI.CCA..HHN,2019-07-06T20:00:00.000000Z,68,100.0,421.99061908294175
CI.CCA..HHN,2019-07-06T21:00:00.000000Z,69,100.0,473.3647656917432
CI.CCA..HHN,2019-07-06T22:00:00.000000Z,70,100.0,335.69961764623866
CI.CCA..HHN,2019-07-06T23:00:00.000000Z,71,100.0,10202.07928340454
CI.CCA..HHZ,2019-07-04T00:00:00.000000Z,0,99.99976944261127,197.4234458100308
CI.CCA..HHZ,2019-07-04T01:00:00.000000Z,1,100.0,178.09552859544849
CI.CCA..HHZ,2019-07-04T02:00:00.000000Z,2,100.0,161.2725290610136
CI.CCA..HHZ,2019-07-04T03:00:00.000000Z,3,100.0,145.50575745266855
CI.CCA..HHZ,2019-07-04T04:00:00.000000Z,4,100.0,2744.534900391357
CI.CCA..HHZ,2019-07-04T05:00:00.000000Z,5,100.0,774.167649047699
CI.CCA..HHZ,2019-07-04T06:00:00.000000Z,6,100.0,225.88341593118568
CI.CCA..HHZ,2019-07-04T07:00:00.000000Z,7,100.0,170.83187436661544
CI.CCA..HHZ,2019-07-04T08:00:00.000000Z,8,100.0,150.9396466093022
CI.CCA..HHZ,2019-07-04T09:00:00.000000Z,9,100.0,160.76166557368913
CI.CCA..HHZ,2019-07-04T10:00:00.000000Z,10,100.0,127.96149735181473
CI.CCA..HHZ,2019-07-04T11:00:00.000000Z,11,100.0,133.608513806224
CI.CCA..HHZ,2019-07-04T12:00:00.000000Z,12,100.0,109.75226165930843
CI.CCA..HHZ,2019-07-04T13:00:00.000000Z,13,100.0,122.78731282780223
CI.CCA..HHZ,2019-07-04T14:00:00.000000Z,14,100.0,111.00754541838155
CI.CCA..HHZ,2019-07-04T15:00:00.000000Z,15,100.0,103.87019626571286
CI.CCA..HHZ,2019-07-04T16:00:00.000000Z,16,100.0,97.10493136355599
CI.CCA..HHZ,2019-07-04T17:00:00.000000Z,17,100.0,194950.57613884623
CI.CCA..HHZ,2019-07-04T18:00:00.000000Z,18,100.0,6375.902547326841
CI.CCA..HHZ,2019-07-04T19:00:00.000000Z,19,100.0,3674.7038699581703
CI.CCA..HHZ,2019-07-04T20:00:00.000000Z,20,100.0,1220.5007931405842
CI.CCA..HHZ,2019-07-04T21:00:00.000000Z,21,100.0,441.3483215672657
CI.CCA..HHZ,2019-07-04T22:00:00.000000Z,22,100.0,2328.3408102791345
CI.CCA..HHZ,2019-07-04T23:00:00.000000Z,23,100.0,1679.0573722808563
CI.CCA..HHZ,2019-07-05T00:00:00.000000Z,24,100.0,2224.2153041091133
CI.CCA..HHZ,2019-07-05T01:00:00.000000Z,25,100.0,269.3266356049013
CI.CCA..HHZ,2019-07-05T02:00:00.000000Z,26,100.0,1242.8090092129873
CI.CCA..HHZ,2019-07-05T03:00:00.000000Z,27,100.0,367.66984954004926
CI.CCA..HHZ,2019-07-05T04:00:00.000000Z,28,100.0,505.42008607004806
CI.CCA..HHZ,2019-07-05T05:00:00.000000Z,29,100.0,277.6780411374824
CI.CCA..HHZ,2019-07-05T06:00:00.000000Z,30,100.0,927.3952110495761
CI.CCA..HHZ,2019-07-05T07:00:00.000000Z,31,100.0,733.4344169554533
CI.CCA..HHZ,2019-07-05T08:00:00.000000Z,32,100.0,406.5128321338618
CI.CCA..HHZ,2019-07-05T09:00:00.000000Z,33,100.0,347.982801346018
CI.CCA..HHZ,2019-07-05T10:00:00.000000Z,34,100.0,329.49656596207603
CI.CCA..HHZ,2019-07-05T11:00:00.000000Z,35,100.0,28641.703428790897
CI.CCA..HHZ,2019-07-05T12:00:00.000000Z,36,100.0,1599.8632237453985
CI.CCA..HHZ,2019-07-05T13:00:00.000000Z,37,100.0,415.6464624659359
CI.CCA..HHZ,2019-07-05T14:00:00.000000Z,38,100.0,790.7269548449857
CI.CCA..HHZ,2019-07-05T15:00:00.000000Z,39,100.0,173.43522611904015
CI.CCA..HHZ,2019-07-05T16:00:00.000000Z,40,100.0,121.15822087180958
CI.CCA..HHZ,2019-07-05T17:00:00.000000Z,41,100.0,1491.7553553502867
CI.CCA..HHZ,2019-07-05T18:00:00.000000Z,42,100.0,235.22557128306516
CI.CCA..HHZ,2019-07-05T19:00:00.000000Z,43,100.0,135.5500183865975
CI.CCA..HHZ,2019-07-05T20:00:00.000000Z,44,100.0,130.87779615394075
CI.CCA..HHZ,2019-07-05T21:00:00.000000Z,45,100.0,156.6964164251082
CI.CCA..HHZ,2019-07-05T22:00:00.000000Z,46,100.0,159.55982065025535
CI.CCA..HHZ,2019-07-05T23:00:00.000000Z,47,100.0,134.5039471420669
CI.CCA..HHZ,2019-07-06T00:00:00.000000Z,48,100.0,542.8456645407176
CI.CCA..HHZ,2019-07-06T01:00:00.000000Z,49,100.0,144.5562114694142
CI.CCA..HHZ,2019-07-06T02:00:00.000000Z,50,100.0,156.3326629914081
CI.CCA..HHZ,2019-07-06T03:00:00.000000Z,51,100.0,527158.3521088936
CI.CCA..HHZ,2019-07-06T04:00:00.000000Z,52,100.0,35961.31127111729
CI.CCA..HHZ,2019-07-06T05:00:00.000000Z,53,100.0,3742.7412385642133
CI.CCA..HHZ,2019-07-06T06:00:00.000000Z,54,100.0,4996.464943303684
CI.CCA..HHZ,2019-07-06T07:00:00.000000Z,55,100.0,1907.7180139432305
CI.CCA..HHZ,2019-07-06T08:00:00.000000Z,56,100.0,7905.898739133085
CI.CCA..HHZ,2019-07-06T09:00:00.000000Z,57,100.0,6977.521421255513
CI.CCA..HHZ,2019-07-06T10:00:00.000000Z,58,100.0,2109.8904259842193
CI.CCA..HHZ,2019-07-06T11:00:00.000000Z,59,100.0,1783.1748011887944
CI.CCA..HHZ,2019-07-06T12:00:00.000000Z,60,100.0,600.0301089423023
CI.CCA..HHZ,2019-07-06T13:00:00.000000Z,61,100.0,2658.6888321992215
CI.CCA..HHZ,2019-07-06T14:00:00.000000Z,62,100.0,279.67745416766417
CI.CCA..HHZ,2019-07-06T15:00:00.000000Z,63,100.0,601.7569311070146
CI.CCA..HHZ,2019-07-06T16:00:00.000000Z,64,100.0,1576.7924985050856
CI.CCA..HHZ,2019-07-06T17:00:00.000000Z,65,100.0,1490.095174120481
CI.CCA..HHZ,2019-07-06T18:00:00.000000Z,66,100.0,1074.7442364703738
CI.CCA..HHZ,2019-07-06T19:00:00.000000Z,67,100.0,386.15660425171706
CI.CCA..HHZ,2019-07-06T20:00:00.000000Z,68,100.0,309.24970803479283
CI.CCA..HHZ,2019-07-06T21:00:00.000000Z,69,100.0,310.0218652902709
CI.CCA..HHZ,2019-07-06T22:00:00.000000Z,70,100.0,253.425050401867
CI.CCA..HHZ,2019-07-06T23:00:00.000000Z,71,100.0,5072.5877292094465
CI.CCC..HHE,2019-07-04T00:00:00.000000Z,0,99.99976944261127,882.6297238988144
CI.CCC..HHE,2019-07-04T01:00:00.000000Z,1,100.0,885.0328207381474
CI.CCC..HHE,2019-07-04T02:00:00.000000Z,2,100.0,590.7107262958409
CI.CCC..HHE,2019-07-04T03:00:00.000000Z,3,100.0,892.1404900521914
CI.CCC..HHE,2019-07-04T04:00:00.000000Z,4,100.0,5154.6375652391
CI.CCC..HHE,2019-07-04T05:00:00.000000Z,5,100.0,1128.4686100182673
CI.CCC..HHE,2019-07-04T06:00:00.000000Z,6,100.0,623.1966969227461
CI.CCC..HHE,2019-07-04T07:00:00.000000Z,7,100.0,419.3581642383133
CI.CCC..HHE,2019-07-04T08:00:00.000000Z,8,100.0,348.3853085772988
CI.CCC..HHE,2019-07-04T09:00:00.000000Z,9,100.0,414.91989046909737
CI.CCC..HHE,2019-07-04T10:00:00.000000Z,10,100.0,295.9222769360913
CI.CCC..HHE,2019-07-04T11:00:00.000000Z,11,100.0,307.54489564619604
CI.CCC..HHE,2019-07-04T12:00:00.000000Z,12,100.0,260.2014237896911
CI.CCC..HHE,2019-07-04T13:00:00.000000Z,13,100.0,303.9044215706504
CI.CCC..HHE,2019-07-04T14:00:00.000000Z,14,100.0,362.40951729921596
CI.CCC..HHE,2019-07-04T15:00:00.000000Z,15,100.0,333.5305063495136
CI.CCC..HHE,2019-07-04T16:00:00.000000Z,16,100.0,241.6549118612117
CI.CCC..HHE,2019-07-04T17:00:00.000000Z,17,100.0,734112.8787148391
CI.CCC..HHE,2019-07-04T18:00:00.000000Z,18,100.0,170138.16662092734
CI.CCC..HHE,2019-07-04T19:00:00.000000Z,19,100.0,68672.55010931326
CI.CCC..HHE,2019-07-04T20:00:00.000000Z,20,100.0,22124.084817748855
CI.CCC..HHE,2019-07-04T21:00:00.000000Z,21,100.0,8957.735962616769
CI.CCC..HHE,2019-07-04T22:00:00.000000Z,22,100.0,48477.98860537451
CI.CCC..HHE,2019-07-04T23:00:00.000000Z,23,100.0,38302.442219096076
CI.CCC..HHE,2019-07-05T00:00:00.000000Z,24,100.0,27369.271994219853
CI.CCC..HHE,2019-07-05T01:00:00.000000Z,25,100.0,3548.796064202451
CI.CCC..HHE,2019-07-05T02:00:00.000000Z,26,100.0,21910.66051534311
CI.CCC..HHE,2019-07-05T03:00:00.000000Z,27,100.0,7288.335442969026
CI.CCC..HHE,2019-07-05T04:00:00.000000Z,28,100.0,8099.663289943014
CI.CCC..HHE,2019-07-05T05:00:00.000000Z,29,100.0,3633.178324904204
CI.CCC..HHE,2019-07-05T06:00:00.000000Z,30,100.0,13255.931540846612
CI.CCC..HHE,2019-07-05T07:00:00.000000Z,31,100.0,12782.975641277726
CI.CCC..HHE,2019-07-05T08:00:00.000000Z,32,100.0,6316.304091673944
CI.CCC..HHE,2019-07-05T09:00:00.000000Z,33,100.0,4393.776490951107
CI.CCC..HHE,2019-07-05T10:00:00.000000Z,34,100.0,18711.39663121575
CI.CCC..HHE,2019-07-05T11:00:00.000000Z,35,100.0,221173.61492331754
CI.CCC..HHE,2019-07-05T12:00:00.000000Z,36,100.0,23184.804341650233
CI.CCC..HHE,2019-07-05T13:00:00.000000Z,37,100.0,1744.9177818701962
CI.CCC..HHE,2019-07-05T14:00:00.000000Z,38,100.0,15479.745871147177
CI.CCC..HHE,2019-07-05T15:00:00.000000Z,39,100.0,1857.6542141099335
CI.CCC..HHE,2019-07-05T16:00:00.000000Z,40,100.0,3399.718281899905
CI.CCC..HHE,2019-07-05T17:00:00.000000Z,41,100.0,14821.151972230591
CI.CCC..HHE,2019-07-05T18:00:00.000000Z,42,100.0,2365.4752690835453
CI.CCC..HHE,2019-07-05T19:00:00.000000Z,43,100.0,849.2174147505507
CI.CCC..HHE,2019-07-05T20:00:00.000000Z,44,100.0,1524.7554830730976
CI.CCC..HHE,2019-07-05T21:00:00.000000Z,45,100.0,1983.5733982705526
CI.CCC..HHE,2019-07-05T22:00:00.000000Z,46,100.0,1872.8850741162578
CI.CCC..HHE,2019-07-05T23:00:00.000000Z,47,100.0,1169.7225524828068
CI.CCC..HHE,2019-07-06T00:00:00.000000Z,48,100.0,6708.7753178503435
CI.CCC..HHE,2019-07-06T01:00:00.000000Z,49,100.0,931.6534618575548
CI.CCC..HHE,2019-07-06T02:00:00.000000Z,50,100.0,1608.2868803538215
CI.CCC..HHE,2019-07-06T03:00:00.000000Z,51,100.0,1114059.867391904
CI.CCC..HHE,2019-07-06T04:00:00.000000Z,52,100.0,256619.52849906107
CI.CCC..HHE,2019-07-06T05:00:00.000000Z,53,100.0,46732.76919941586
CI.CCC..HHE,2019-07-06T06:00:00.000000Z,54,100.0,97414.49173245417
CI.CCC..HHE,2019-07-06T07:00:00.000000Z,55,100.0,45341.69831459832
CI.CCC..HHE,2019-07-06T08:00:00.000000Z,56,100.0,150975.40262409905
CI.CCC..HHE,2019-07-06T09:00:00.000000Z,57,100.0,200871.40152482752
CI.CCC..HHE,2019-07-06T10:00:00.000000Z,58,100.0,100090.2638575232
CI.CCC..HHE,2019-07-06T11:00:00.000000Z,59,100.0,31426.751473436827
CI.CCC..HHE,2019-07-06T12:00:00.000000Z,60,100.0,19766.949153360485
CI.CCC..HHE,2019-07-06T13:00:00.000000Z,61,100.0,457841.48486258613
CI.CCC..HHE,2019-07-06T14:00:00.000000Z,62,100.0,6388.216385303134
CI.CCC..HHE,2019-07-06T15:00:00.000000Z,63,100.0,16220.422373261234
CI.CCC..HHE,2019-07-06T16:00:00.000000Z,64,100.0,31586.49732123062
CI.CCC..HHE,2019-07-06T17:00:00.000000Z,65,100.0,16898.775652501317
CI.CCC..HHE,2019-07-06T18:00:00.000000Z,66,100.0,20689.62164508726
CI.CCC..HHE,2019-07-06T19:00:00.000000Z,67,100.0,7201.613398211892
CI.CCC..HHE,2019-07-06T20:00:00.000000Z,68,100.0,13705.187550341747
CI.CCC..HHE,2019-07-06T21:00:00.000000Z,69,100.0,14989.762126139649
CI.CCC..HHE,2019-07-06T22:00:00.000000Z,70,100.0,9117.916813549862
CI.CCC..HHE,2019-07-06T23:00:00.000000Z,71,100.0,28744.085661518813
CI.CCC..HHN,2019-07-04T00:00:00.000000Z,0,99.99976944261127,1396.012855570403
CI.CCC..HHN,2019-07-04T01:00:00.000000Z,1,100.0,1467.2973100138906
CI.CCC..HHN,2019-07-04T02:00:00.000000Z,2,100.0,1054.7894076972746
CI.CCC..HHN,2019-07-04T03:00:00.000000Z,3,100.0,1673.1391912014328
CI.CCC..HHN,2019-07-04T04:00:00.000000Z,4,100.0,5871.184865040268
CI.CCC..HHN,2019-07-04T05:00:00.000000Z,5,100.0,1256.2911313661757
CI.CCC..HHN,2019-07-04T06:00:00.000000Z,6,100.0,1035.1055522892627
CI.CCC..HHN,2019-07-04T07:00:00.000000Z,7,100.0,742.4015313396293
CI.CCC..HHN,2019-07-04T08:00:00.000000Z,8,100.0,564.7766036147541
CI.CCC..HHN,2019-07-04T09:00:00.000000Z,9,100.0,712.2140580638227
CI.CCC..HHN,2019-07-04T10:00:00.000000Z,10,100.0,496.35208965607717
CI.CCC..HHN,2019-07-04T11:00:00.000000Z,11,100.0,431.22474564698473
CI.CCC..HHN,2019-07-04T12:00:00.000000Z,12,100.0,390.1746398247574
CI.CCC..HHN,2019-07-04T13:00:00.000000Z,13,100.0,452.7347129997956
CI.CCC..HHN,2019-07-04T14:00:00.000000Z,14,100.0,589.417034749841
CI.CCC..HHN,2019-07-04T15:00:00.000000Z,15,100.0,500.14626310621236
CI.CCC..HHN,2019-07-04T16:00:00.000000Z,16,100.0,375.9602257861859
CI.CCC..HHN,2019-07-04T17:00:00.000000Z,17,100.0,789705.2215496572
CI.CCC..HHN,2019-07-04T18:00:00.000000Z,18,100.0,220376.9557406933
CI.CCC..HHN,2019-07-04T19:00:00.000000Z,19,100.0,89255.02240781415
CI.CCC..HHN,2019-07-04T20:00:00.000000Z,20,100.0,26630.668500348507
CI.CCC..HHN,2019-07-04T21:00:00.000000Z,21,100.0,10749.857815745443
CI.CCC..HHN,2019-07-04T22:00:00.000000Z,22,100.0,47155.43145141307
CI.CCC..HHN,2019-07-04T23:00:00.000000Z,23,100.0,69972.35211727925
CI.CCC..HHN,2019-07-05T00:00:00.000000Z,24,100.0,26157.822470584764
CI.CCC..HHN,2019-07-05T01:00:00.000000Z,25,100.0,3745.1309455872793
CI.CCC..HHN,2019-07-05T02:00:00.000000Z,26,100.0,31919.5740117537
CI.CCC..HHN,2019-07-05T03:00:00.000000Z,27,100.0,7654.128976228411
CI.CCC..HHN,2019-07-05T04:00:00.000000Z,28,100.0,7046.985342526029
CI.CCC..HHN,2019-07-05T05:00:00.000000Z,29,100.0,3604.6658609494734
CI.CCC..HHN,2019-07-05T06:00:00.000000Z,30,100.0,19301.301920550017
CI.CCC..HHN,2019-07-05T07:00:00.000000Z,31,100.0,14781.689655611195
CI.CCC..HHN,2019-07-05T08:00:00.000000Z,32,100.0,8564.333536522121
CI.CCC..HHN,2019-07-05T09:00:00.000000Z,33,100.0,4553.4906283279
CI.CCC..HHN,2019-07-05T10:00:00.000000Z,34,100.0,22717.68435784784
CI.CCC..HHN,2019-07-05T11:00:00.000000Z,35,100.0,249732.0906964147
CI.CCC..HHN,2019-07-05T12:00:00.000000Z,36,100.0,21639.53351408451
CI.CCC..HHN,2019-07-05T13:00:00.000000Z,37,100.0,2020.3256277593016
CI.CCC..HHN,2019-07-05T14:00:00.000000Z,38,100.0,15461.210642682492
CI.CCC..HHN,2019-07-05T15:00:00.000000Z,39,100.0,2033.642858049873
CI.CCC..HHN,2019-07-05T16:00:00.000000Z,40,100.0,1721.798137963968
CI.CCC..HHN,2019-07-05T17:00:00.000000Z,41,100.0,13647.684570890604
CI.CCC..HHN,2019-07-05T18:00:00.000000Z,42,100.0,2449.9687775752946
CI.CCC..HHN,2019-07-05T19:00:00.000000Z,43,100.0,968.4285889158414
CI.CCC..HHN,2019-07-05T20:00:00.000000Z,44,100.0,1700.3202466114114
CI.CCC..HHN,2019-07-05T21:00:00.000000Z,45,100.0,2548.7993837761446
CI.CCC..HHN,2019-07-05T22:00:00.000000Z,46,100.0,2222.931743052573
CI.CCC..HHN,2019-07-05T23:00:00.000000Z,47,100.0,1459.249882214466
CI.CCC..HHN,2019-07-06T00:00:00.000000Z,48,100.0,8099.603652315129
CI.CCC..HHN,2019-07-06T01:00:00.000000Z,49,100.0,1128.9113173139003
CI.CCC..HHN,2019-07-06T02:00:00.000000Z,50,100.0,1977.325297416127
CI.CCC..HHN,2019-07-06T03:00:00.000000Z,51,100.0,1631211.3887628352
CI.CCC..HHN,2019-07-06T04:00:00.000000Z,52,100.0,315522.4514718002
CI.CCC..HHN,2019-07-06T05:00:00.000000Z,53,100.0,53366.33817312512
CI.CCC..HHN,2019-07-06T06:00:00.000000Z,54,100.0,125818.55806260227
CI.CCC..HHN,2019-07-06T07:00:00.000000Z,55,100.0,40052.485210498555
CI.CCC..HHN,2019-07-06T08:00:00.000000Z,56,100.0,129038.82911052911
CI.CCC..HHN,2019-07-06T09:00:00.000000Z,57,100.0,258496.11667096658
CI.CCC..HHN,2019-07-06T10:00:00.000000Z,58,100.0,103709.9477397909
CI.CCC..HHN,2019-07-06T11:00:00.000000Z,59,100.0,30761.015996151025
CI.CCC..HHN,2019-07-06T12:00:00.000000Z,60,100.0,20038.163321919128
CI.CCC..HHN,2019-07-06T13:00:00.000000Z,61,100.0,291536.89992823795
CI.CCC..HHN,2019-07-06T14:00:00.000000Z,62,100.0,7100.1962713969
CI.CCC..HHN,2019-07-06T15:00:00.000000Z,63,100.0,17839.705874960233
CI.CCC..HHN,2019-07-06T16:00:00.000000Z,64,100.0,49328.6603679109
CI.CCC..HHN,2019-07-06T17:00:00.000000Z,65,100.0,18694.613942260687
CI.CCC..HHN,2019-07-06T18:00:00.000000Z,66,100.0,22277.647234690943
CI.CCC..HHN,2019-07-06T19:00:00.000000Z,67,100.0,7754.793722542057
CI.CCC..HHN,2019-07-06T20:00:00.000000Z,68,100.0,13062.724796086917
CI.CCC..HHN,2019-07-06T21:00:00.000000Z,69,100.0,15684.345625976854
CI.CCC..HHN,2019-07-06T22:00:00.000000Z,70,100.0,10146.273062222686
CI.CCC..HHN,2019-07-06T23:00:00.000000Z,71,100.0,34259.69352742872
CI.CCC..HHZ,2019-07-04T00:00:00.000000Z,0,99.99976944261127,269.1706473035882
CI.CCC..HHZ,2019-07-04T01:00:00.000000Z,1,100.0,279.59805921540743
CI.CCC..HHZ,2019-07-04T02:00:00.000000Z,2,100.0,222.09956940525012
CI.CCC..HHZ,2019-07-04T03:00:00.000000Z,3,100.0,299.2676644006272
CI.CCC..HHZ,2019-07-04T04:00:00.000000Z,4,100.0,5590.54310096867
CI.CCC..HHZ,2019-07-04T05:00:00.000000Z,5,100.0,786.2873389466738
CI.CCC..HHZ,2019-07-04T06:00:00.000000Z,6,100.0,258.7962755839658
CI.CCC..HHZ,2019-07-04T07:00:00.000000Z,7,100.0,171.4730894534678
CI.CCC..HHZ,2019-07-04T08:00:00.000000Z,8,100.0,147.66573597218394
CI.CCC..HHZ,2019-07-04T09:00:00.000000Z,9,100.0,162.4950261130674
CI.CCC..HHZ,2019-07-04T10:00:00.000000Z,10,100.0,135.9316876028658
CI.CCC..HHZ,2019-07-04T11:00:00.000000Z,11,100.0,129.72155273062052
CI.CCC..HHZ,2019-07-04T12:00:00.000000Z,12,100.0,120.40697080059216
CI.CCC..HHZ,2019-07-04T13:00:00.000000Z,13,100.0,134.45939531342876
CI.CCC..HHZ,2019-07-04T14:00:00.000000Z,14,100.0,145.8046474907895
CI.CCC..HHZ,2019-07-04T15:00:00.000000Z,15,100.0,142.80956194077413
CI.CCC..HHZ,2019-07-04T16:00:00.000000Z,16,100.0,143.35101508179244
CI.CCC..HHZ,2019-07-04T17:00:00.000000Z,17,100.0,557384.6238008168
CI.CCC..HHZ,2019-07-04T18:00:00.000000Z,18,100.0,116227.73803682042
CI.CCC..HHZ,2019-07-04T19:00:00.000000Z,19,100.0,54813.00263743026
CI.CCC..HHZ,2019-07-04T20:00:00.000000Z,20,100.0,14407.145471258795
CI.CCC..HHZ,2019-07-04T21:00:00.000000Z,21,100.0,6418.878097338512
CI.CCC..HHZ,2019-07-04T22:00:00.000000Z,22,100.0,25059.951771437718
CI.CCC..HHZ,2019-07-04T23:00:00.000000Z,23,100.0,30276.405046923766
CI.CCC..HHZ,2019-07-05T00:00:00.000000Z,24,100.0,16134.38057059654
CI.CCC..HHZ,2019-07-05T01:00:00.000000Z,25,100.0,2234.130121663174
CI.CCC..HHZ,2019-07-05T02:00:00.000000Z,26,100.0,16345.943255309556
CI.CCC..HHZ,2019-07-05T03:00:00.000000Z,27,100.0,4687.956740944632
CI.CCC..HHZ,2019-07-05T04:00:00.000000Z,28,100.0,4579.326475253029
CI.CCC..HHZ,2019-07-05T05:00:00.000000Z,29,100.0,2316.8418433074753
CI.CCC..HHZ,2019-07-05T06:00:00.000000Z,30,100.0,10006.695398432164
CI.CCC..HHZ,2019-07-05T07:00:00.000000Z,31,100.0,8725.601759866733
CI.CCC..HHZ,2019-07-05T08:00:00.000000Z,32,100.0,4799.20365279399
CI.CCC..HHZ,2019-07-05T09:00:00.000000Z,33,100.0,2830.2337548507307
CI.CCC..HHZ,2019-07-05T10:00:00.000000Z,34,100.0,10955.201786915066
CI.CCC..HHZ,2019-07-05T11:00:00.000000Z,35,100.0,110266.76637321305
CI.CCC..HHZ,2019-07-05T12:00:00.000000Z,36,100.0,14012.192553762237
CI.CCC..HHZ,2019-07-05T13:00:00.000000Z,37,100.0,1244.095577944022
CI.CCC..HHZ,2019-07-05T14:00:00.000000Z,38,100.0,9592.076703705026
CI.CCC..HHZ,2019-07-05T15:00:00.000000Z,39,100.0,1288.0650232935252
CI.CCC..HHZ,2019-07-05T16:00:00.000000Z,40,100.0,536.6315354700436
CI.CCC..HHZ,2019-07-05T17:00:00.000000Z,41,100.0,8061.329329415931
CI.CCC..HHZ,2019-07-05T18:00:00.000000Z,42,100.0,1460.9069815202333
CI.CCC..HHZ,2019-07-05T19:00:00.000000Z,43,100.0,563.4297832581104
CI.CCC..HHZ,2019-07-05T20:00:00.000000Z,44,100.0,1013.2979272043121
CI.CCC..HHZ,2019-07-05T21:00:00.000000Z,45,100.0,1308.9920374871233
CI.CCC..HHZ,2019-07-05T22:00:00.000000Z,46,100.0,1245.1509998847723
CI.CCC..HHZ,2019-07-05T23:00:00.000000Z,47,100.0,747.4602784276791
CI.CCC..HHZ,2019-07-06T00:00:00.000000Z,48,100.0,4999.123846938712
CI.CCC..HHZ,2019-07-06T01:00:00.000000Z,49,100.0,556.3773332258166
CI.CCC..HHZ,2019-07-06T02:00:00.000000Z,50,100.0,1028.662792408882
CI.CCC..HHZ,2019-07-06T03:00:00.000000Z,51,100.0,835100.0606093608
CI.CCC..HHZ,2019-07-06T04:00:00.000000Z,52,100.0,156136.4160922505
CI.CCC..HHZ,2019-07-06T05:00:00.000000Z,53,100.0,31219.67617405472
CI.CCC..HHZ,2019-07-06T06:00:00.000000Z,54,100.0,81158.19390192926
CI.CCC..HHZ,2019-07-06T07:00:00.000000Z,55,100.0,28189.59898033114
CI.CCC..HHZ,2019-07-06T08:00:00.000000Z,56,100.0,83291.25376241693
CI.CCC..HHZ,2019-07-06T09:00:00.000000Z,57,100.0,199785.99799081532
CI.CCC..HHZ,2019-07-06T10:00:00.000000Z,58,100.0,73356.79569960387
CI.CCC..HHZ,2019-07-06T11:00:00.000000Z,59,100.0,19343.60445915227
CI.CCC..HHZ,2019-07-06T12:00:00.000000Z,60,100.0,12254.709106656945
CI.CCC..HHZ,2019-07-06T13:00:00.000000Z,61,100.0,354682.09151833394
CI.CCC..HHZ,2019-07-06T14:00:00.000000Z,62,100.0,4393.232824085959
CI.CCC..HHZ,2019-07-06T15:00:00.000000Z,63,100.0,10443.09407503964
CI.CCC..HHZ,2019-07-06T16:00:00.000000Z,64,100.0,20995.204601965896
CI.CCC..HHZ,2019-07-06T17:00:00.000000Z,65,100.0,11538.397196570926
CI.CCC..HHZ,2019-07-06T18:00:00.000000Z,66,100.0,12121.277157206605
CI.CCC..HHZ,2019-07-06T19:00:00.000000Z,67,100.0,4687.205960687065
CI.CCC..HHZ,2019-07-06T20:00:00.000000Z,68,100.0,7649.398981897194
CI.CCC..HHZ,2019-07-06T21:00:00.000000Z,69,100.0,8691.70129674836
CI.CCC..HHZ,2019-07-06T22:00:00.000000Z,70,100.0,6302.769041340436
CI.CCC..HHZ,2019-07-06T23:00:00.000000Z,71,100.0,22507.16487644492
CI.CGO..HHE,2019-07-04T00:00:00.000000Z,0,99.99976944261127,96.53067150284419
CI.CGO..HHE,2019-07-04T01:00:00.000000Z,1,100.0,90.98262426566167
CI.CGO..HHE,2019-07-04T02:00:00.000000Z,2,100.0,95.61018890840514
CI.CGO..HHE,2019-07-04T03:00:00.000000Z,3,100.0,94.18413425499456
CI.CGO..HHE,2019-07-04T04:00:00.000000Z,4,100.0,4651.846922565577
CI.CGO..HHE,2019-07-04T05:00:00.000000Z,5,100.0,850.2587549576439
CI.CGO..HHE,2019-07-04T06:00:00.000000Z,6,100.0,190.64303304271155
CI.CGO..HHE,2019-07-04T07:00:00.000000Z,7,100.0,111.80610072104407
CI.CGO..HHE,2019-07-04T08:00:00.000000Z,8,100.0,102.42387497009128
CI.CGO..HHE,2019-07-04T09:00:00.000000Z,9,100.0,90.48539232292113
CI.CGO..HHE,2019-07-04T10:00:00.000000Z,10,100.0,91.42617426370086
CI.CGO..HHE,2019-07-04T11:00:00.000000Z,11,100.0,88.7739190926611
CI.CGO..HHE,2019-07-04T12:00:00.000000Z,12,100.0,84.09918550053885
CI.CGO..HHE,2019-07-04T13:00:00.000000Z,13,100.0,84.21407396778116
CI.CGO..HHE,2019-07-04T14:00:00.000000Z,14,100.0,80.7894169203686
CI.CGO..HHE,2019-07-04T15:00:00.000000Z,15,100.0,80.28080775369081
CI.CGO..HHE,2019-07-04T16:00:00.000000Z,16,100.0,94.08605005177928
CI.CGO..HHE,2019-07-04T17:00:00.000000Z,17,100.0,237274.3188346486
CI.CGO..HHE,2019-07-04T18:00:00.000000Z,18,100.0,18426.020027298608
CI.CGO..HHE,2019-07-04T19:00:00.000000Z,19,100.0,13674.754660841349
CI.CGO..HHE,2019-07-04T20:00:00.000000Z,20,100.0,2182.1215011608615
CI.CGO..HHE,2019-07-04T21:00:00.000000Z,21,100.0,693.9612043064852
CI.CGO..HHE,2019-07-04T22:00:00.000000Z,22,100.0,5194.891442483897
CI.CGO..HHE,2019-07-04T23:00:00.000000Z,23,100.0,2622.226075099526
CI.CGO..HHE,2019-07-05T00:00:00.000000Z,24,100.0,5101.749544176956
CI.CGO..HHE,2019-07-05T01:00:00.000000Z,25,100.0,310.2614224245238
CI.CGO..HHE,2019-07-05T02:00:00.000000Z,26,100.0,1671.690997213051
CI.CGO..HHE,2019-07-05T03:00:00.000000Z,27,100.0,549.9149287914945
CI.CGO..HHE,2019-07-05T04:00:00.000000Z,28,100.0,989.3371953696402
CI.CGO..HHE,2019-07-05T05:00:00.000000Z,29,100.0,602.6710550842837
CI.CGO..HHE,2019-07-05T06:00:00.000000Z,30,100.0,1064.51395324319
CI.CGO..HHE,2019-07-05T07:00:00.000000Z,31,100.0,1160.0594620362172
CI.CGO..HHE,2019-07-05T08:00:00.000000Z,32,100.0,726.7811948484295
CI.CGO..HHE,2019-07-05T09:00:00.000000Z,33,100.0,630.7449949354731
CI.CGO..HHE,2019-07-05T10:00:00.000000Z,34,100.0,580.8089669148508
CI.CGO..HHE,2019-07-05T11:00:00.000000Z,35,100.0,39610.6156988349
CI.CGO..HHE,2019-07-05T12:00:00.000000Z,36,100.0,4089.1328805433072
CI.CGO..HHE,2019-07-05T13:00:00.000000Z,37,100.0,642.5719480863304
CI.CGO..HHE,2019-07-05T14:00:00.000000Z,38,100.0,1384.6562199399139
CI.CGO..HHE,2019-07-05T15:00:00.000000Z,39,100.0,262.71169828507044
CI.CGO..HHE,2019-07-05T16:00:00.000000Z,40,100.0,114.72130803522964
CI.CGO..HHE,2019-07-05T17:00:00.000000Z,41,100.0,1283.4839221872066
CI.CGO..HHE,2019-07-05T18:00:00.000000Z,42,100.0,487.330795070517
CI.CGO..HHE,2019-07-05T19:00:00.000000Z,43,100.0,286.1612232727027
CI.CGO..HHE,2019-07-05T20:00:00.000000Z,44,100.0,267.6059374416668
CI.CGO..HHE,2019-07-05T21:00:00.000000Z,45,100.0,257.3425819450828
CI.CGO..HHE,2019-07-05T22:00:00.000000Z,46,100.0,274.3908485943181
CI.CGO..HHE,2019-07-05T23:00:00.000000Z,47,100.0,159.75058701564421
CI.CGO..HHE,2019-07-06T00:00:00.000000Z,48,100.0,1455.1583801207576
CI.CGO..HHE,2019-07-06T01:00:00.000000Z,49,100.0,127.40756237320207
CI.CGO..HHE,2019-07-06T02:00:00.000000Z,50,100.0,179.3349848356482
CI.CGO..HHE,2019-07-06T03:00:00.000000Z,51,100.0,580522.8234707495
CI.CGO..HHE,2019-07-06T04:00:00.000000Z,52,100.0,78853.13292891126
CI.CGO..HHE,2019-07-06T05:00:00.000000Z,53,100.0,8335.358083954938
CI.CGO..HHE,2019-07-06T06:00:00.000000Z,54,100.0,11020.03893273327
CI.CGO..HHE,2019-07-06T07:00:00.000000Z,55,100.0,3976.6530118269534
CI.CGO..HHE,2019-07-06T08:00:00.000000Z,56,100.0,13588.62849356088
CI.CGO..HHE,2019-07-06T09:00:00.000000Z,57,100.0,18914.032965364248
CI.CGO..HHE,2019-07-06T10:00:00.000000Z,58,100.0,2832.680008613322
CI.CGO..HHE,2019-07-06T11:00:00.000000Z,59,100.0,3714.92355766938
CI.CGO..HHE,2019-07-06T12:00:00.000000Z,60,100.0,1374.3365494461282
CI.CGO..HHE,2019-07-06T13:00:00.000000Z,61,100.0,5529.636665620938
CI.CGO..HHE,2019-07-06T14:00:00.000000Z,62,100.0,598.7811548884395
CI.CGO..HHE,2019-07-06T15:00:00.000000Z,63,100.0,2072.924678961624
CI.CGO..HHE,2019-07-06T16:00:00.000000Z,64,100.0,2224.70918342567
CI.CGO..HHE,2019-07-06T17:00:00.000000Z,65,100.0,3758.7111901557405
CI.CGO..HHE,2019-07-06T18:00:00.000000Z,66,100.0,1698.9231146940108
CI.CGO..HHE,2019-07-06T19:00:00.000000Z,67,100.0,990.4162331100674
CI.CGO..HHE,2019-07-06T20:00:00.000000Z,68,100.0,755.5790203971775
CI.CGO..HHE,2019-07-06T21:00:00.000000Z,69,100.0,757.3409835602013
CI.CGO..HHE,2019-07-06T22:00:00.000000Z,70,100.0,433.41396859276495
CI.CGO..HHE,2019-07-06T23:00:00.000000Z,71,100.0,8675.019796800947
CI.CGO..HHN,2019-07-04T00:00:00.000000Z,0,99.99976944261127,101.73178299642524
CI.CGO..HHN,2019-07-04T01:00:00.000000Z,1,100.0,86.22975929271455
CI.CGO..HHN,2019-07-04T02:00:00.000000Z,2,100.0,91.35061794435806
CI.CGO..HHN,2019-07-04T03:00:00.000000Z,3,100.0,92.32668293337925
CI.CGO..HHN,2019-07-04T04:00:00.000000Z,4,100.0,5032.611490655615
CI.CGO..HHN,2019-07-04T05:00:00.000000Z,5,100.0,790.8870812024226
CI.CGO..HHN,2019-07-04T06:00:00.000000Z,6,100.0,148.40751651819969
CI.CGO..HHN,2019-07-04T07:00:00.000000Z,7,100.0,113.59979629191302
CI.CGO..HHN,2019-07-04T08:00:00.000000Z,8,100.0,115.92080374544973
CI.CGO..HHN,2019-07-04T09:00:00.000000Z,9,100.0,112.415064540416
CI.CGO..HHN,2019-07-04T10:00:00.000000Z,10,100.0,98.04778509878224
CI.CGO..HHN,2019-07-04T11:00:00.000000Z,11,100.0,84.12259984624625
CI.CGO..HHN,2019-07-04T12:00:00.000000Z,12,100.0,85.73513344675003
CI.CGO..HHN,2019-07-04T13:00:00.000000Z,13,100.0,79.69121706162439
CI.CGO..HHN,2019-07-04T14:00:00.000000Z,14,100.0,82.5912484228448
CI.CGO..HHN,2019-07-04T15:00:00.000000Z,15,100.0,78.10072303776137
CI.CGO..HHN,2019-07-04T16:00:00.000000Z,16,100.0,86.3443528623025
CI.CGO..HHN,2019-07-04T17:00:00.000000Z,17,100.0,212867.84384562745
CI.CGO..HHN,2019-07-04T18:00:00.000000Z,18,100.0,19162.297687845065
CI.CGO..HHN,2019-07-04T19:00:00.000000Z,19,100.0,11613.149921172671
CI.CGO..HHN,2019-07-04T20:00:00.000000Z,20,100.0,2295.2334302554077
CI.CGO..HHN,2019-07-04T21:00:00.000000Z,21,100.0,665.752799680328
CI.CGO..HHN,2019-07-04T22:00:00.000000Z,22,100.0,5627.2760039707155
CI.CGO..HHN,2019-07-04T23:00:00.000000Z,23,100.0,2698.01329406801
CI.CGO..HHN,2019-07-05T00:00:00.000000Z,24,100.0,4842.320026741559
CI.CGO..HHN,2019-07-05T01:00:00.000000Z,25,100.0,314.4969685496561
CI.CGO..HHN,2019-07-05T02:00:00.000000Z,26,100.0,1555.9119005825385
CI.CGO..HHN,2019-07-05T03:00:00.000000Z,27,100.0,629.1797926219836
CI.CGO..HHN,2019-07-05T04:00:00.000000Z,28,100.0,1022.10389616841
CI.CGO..HHN,2019-07-05T05:00:00.000000Z,29,100.0,608.7534210393974
CI.CGO..HHN,2019-07-05T06:00:00.000000Z,30,100.0,960.9289858857954
CI.CGO..HHN,2019-07-05T07:00:00.000000Z,31,100.0,1075.0840901356946
CI.CGO..HHN,2019-07-05T08:00:00.000000Z,32,100.0,721.0289953917727
CI.CGO..HHN,2019-07-05T09:00:00.000000Z,33,100.0,639.5877433994511
CI.CGO..HHN,2019-07-05T10:00:00.000000Z,34,100.0,530.4378041444028
CI.CGO..HHN,2019-07-05T11:00:00.000000Z,35,100.0,36052.94999727099
CI.CGO..HHN,2019-07-05T12:00:00.000000Z,36,100.0,3556.1616501305507
CI.CGO..HHN,2019-07-05T13:00:00.000000Z,37,100.0,667.2362903085
CI.CGO..HHN,2019-07-05T14:00:00.000000Z,38,100.0,1162.5796340296076
CI.CGO..HHN,2019-07-05T15:00:00.000000Z,39,100.0,258.22439811202946
CI.CGO..HHN,2019-07-05T16:00:00.000000Z,40,100.0,114.48972137601814
CI.CGO..HHN,2019-07-05T17:00:00.000000Z,41,100.0,1369.3605416789433
CI.CGO..HHN,2019-07-05T18:00:00.000000Z,42,100.0,450.10144054845176
CI.CGO..HHN,2019-07-05T19:00:00.000000Z,43,100.0,177.12667341108303
CI.CGO..HHN,2019-07-05T20:00:00.000000Z,44,100.0,159.598574114827
CI.CGO..HHN,2019-07-05T21:00:00.000000Z,45,100.0,200.40387289070526
CI.CGO..HHN,2019-07-05T22:00:00.000000Z,46,100.0,270.70651040021147
CI.CGO..HHN,2019-07-05T23:00:00.000000Z,47,100.0,158.3809461502101
CI.CGO..HHN,2019-07-06T00:00:00.000000Z,48,100.0,1617.360824927228
CI.CGO..HHN,2019-07-06T01:00:00.000000Z,49,100.0,124.4565109602568
CI.CGO..HHN,2019-07-06T02:00:00.000000Z,50,100.0,165.00868516819276
CI.CGO..HHN,2019-07-06T03:00:00.000000Z,51,100.0,568387.2226320739
CI.CGO..HHN,2019-07-06T04:00:00.000000Z,52,100.0,73541.98522084762
CI.CGO..HHN,2019-07-06T05:00:00.000000Z,53,100.0,7819.510653505182
CI.CGO..HHN,2019-07-06T06:00:00.000000Z,54,100.0,10296.15149181832
CI.CGO..HHN,2019-07-06T07:00:00.000000Z,55,100.0,3771.5964524079523
CI.CGO..HHN,2019-07-06T08:00:00.000000Z,56,100.0,12600.434050073993
CI.CGO..HHN,2019-07-06T09:00:00.000000Z,57,100.0,17521.770365563574
CI.CGO..HHN,2019-07-06T10:00:00.000000Z,58,100.0,2940.6582069507017
CI.CGO..HHN,2019-07-06T11:00:00.000000Z,59,100.0,3513.747768377005
CI.CGO..HHN,2019-07-06T12:00:00.000000Z,60,100.0,1359.2170992830033
CI.CGO..HHN,2019-07-06T13:00:00.000000Z,61,100.0,5903.166579118935
CI.CGO..HHN,2019-07-06T14:00:00.000000Z,62,100.0,605.0428766362041
CI.CGO..HHN,2019-07-06T15:00:00.000000Z,63,100.0,1997.9116476971126
CI.CGO..HHN,2019-07-06T16:00:00.000000Z,64,100.0,2460.162087617283
CI.CGO..HHN,2019-07-06T17:00:00.000000Z,65,100.0,3490.3306250974597
CI.CGO..HHN,2019-07-06T18:00:00.000000Z,66,100.0,1762.215670464706
CI.CGO..HHN,2019-07-06T19:00:00.000000Z,67,100.0,974.3808154672987
CI.CGO..HHN,2019-07-06T20:00:00.000000Z,68,100.0,743.1267827174748
CI.CGO..HHN,2019-07-06T21:00:00.000000Z,69,100.0,772.329428876365
CI.CGO..HHN,2019-07-06T22:00:00.000000Z,70,100.0,449.9583450914191
CI.CGO..HHN,2019-07-06T23:00:00.000000Z,71,100.0,9006.950602165409
CI.CGO..HHZ,2019-07-04T00:00:00.000000Z,0,99.99976944261127,68.96963811835298
CI.CGO..HHZ,2019-07-04T01:00:00.000000Z,1,100.0,68.81256035790685
CI.CGO..HHZ,2019-07-04T02:00:00.000000Z,2,100.0,70.33331008782406
CI.CGO..HHZ,2019-07-04T03:00:00.000000Z,3,100.0,73.55431743664278
CI.CGO..HHZ,2019-07-04T04:00:00.000000Z,4,100.0,5243.878687493879
CI.CGO..HHZ,2019-07-04T05:00:00.000000Z,5,100.0,662.9497115476418
CI.CGO..HHZ,2019-07-04T06:00:00.000000Z,6,100.0,159.51956266314443
CI.CGO..HHZ,2019-07-04T07:00:00.000000Z,7,100.0,93.0825588172014
CI.CGO..HHZ,2019-07-04T08:00:00.000000Z,8,100.0,76.68538917313496
CI.CGO..HHZ,2019-07-04T09:00:00.000000Z,9,100.0,75.584786922473
CI.CGO..HHZ,2019-07-04T10:00:00.000000Z,10,100.0,73.38667954088301
CI.CGO..HHZ,2019-07-04T11:00:00.000000Z,11,100.0,74.37757461437081
CI.CGO..HHZ,2019-07-04T12:00:00.000000Z,12,100.0,70.95309918835221
CI.CGO..HHZ,2019-07-04T13:00:00.000000Z,13,100.0,72.47160480806753
CI.CGO..HHZ,2019-07-04T14:00:00.000000Z,14,100.0,70.01082005289575
CI.CGO..HHZ,2019-07-04T15:00:00.000000Z,15,100.0,67.59366093633639
CI.CGO..HHZ,2019-07-04T16:00:00.000000Z,16,100.0,67.59101834996018
CI.CGO..HHZ,2019-07-04T17:00:00.000000Z,17,100.0,120962.37623677161
CI.CGO..HHZ,2019-07-04T18:00:00.000000Z,18,100.0,7917.588187828064
CI.CGO..HHZ,2019-07-04T19:00:00.000000Z,19,100.0,3827.7913732663746
CI.CGO..HHZ,2019-07-04T20:00:00.000000Z,20,100.0,996.5181610847673
CI.CGO..HHZ,2019-07-04T21:00:00.000000Z,21,100.0,330.24236684626345
CI.CGO..HHZ,2019-07-04T22:00:00.000000Z,22,100.0,2208.2987363081143
CI.CGO..HHZ,2019-07-04T23:00:00.000000Z,23,100.0,1518.8851330506195
CI.CGO..HHZ,2019-07-05T00:00:00.000000Z,24,100.0,2039.2913624490316
CI.CGO..HHZ,2019-07-05T01:00:00.000000Z,25,100.0,148.94260126637874
CI.CGO..HHZ,2019-07-05T02:00:00.000000Z,26,100.0,788.798932063729
CI.CGO..HHZ,2019-07-05T03:00:00.000000Z,27,100.0,257.31861802306025
CI.CGO..HHZ,2019-07-05T04:00:00.000000Z,28,100.0,433.6707026635271
CI.CGO..HHZ,2019-07-05T05:00:00.000000Z,29,100.0,283.0246192109321
CI.CGO..HHZ,2019-07-05T06:00:00.000000Z,30,100.0,482.2385138925474
CI.CGO..HHZ,2019-07-05T07:00:00.000000Z,31,100.0,475.0938853561746
CI.CGO..HHZ,2019-07-05T08:00:00.000000Z,32,100.0,387.46839978488646
CI.CGO..HHZ,2019-07-05T09:00:00.000000Z,33,100.0,327.05440308197007
CI.CGO..HHZ,2019-07-05T10:00:00.000000Z,34,100.0,412.94396037776977
CI.CGO..HHZ,2019-07-05T11:00:00.000000Z,35,100.0,18018.773035540627
CI.CGO..HHZ,2019-07-05T12:00:00.000000Z,36,100.0,1520.6739331632775
CI.CGO..HHZ,2019-07-05T13:00:00.000000Z,37,100.0,613.9965852274545
CI.CGO..HHZ,2019-07-05T14:00:00.000000Z,38,100.0,531.0561882202248
CI.CGO..HHZ,2019-07-05T15:00:00.000000Z,39,100.0,131.32778035991595
CI.CGO..HHZ,2019-07-05T16:00:00.000000Z,40,100.0,77.69909788622572
CI.CGO..HHZ,2019-07-05T17:00:00.000000Z,41,100.0,705.3657111785284
CI.CGO..HHZ,2019-07-05T18:00:00.000000Z,42,100.0,228.92391149606138
CI.CGO..HHZ,2019-07-05T19:00:00.000000Z,43,100.0,71.5575535161242
CI.CGO..HHZ,2019-07-05T20:00:00.000000Z,44,100.0,89.41288937940186
CI.CGO..HHZ,2019-07-05T21:00:00.000000Z,45,100.0,106.86396945204793
CI.CGO..HHZ,2019-07-05T22:00:00.000000Z,46,100.0,135.2224296602538
CI.CGO..HHZ,2019-07-05T23:00:00.000000Z,47,100.0,88.10649094371948
CI.CGO..HHZ,2019-07-06T00:00:00.000000Z,48,100.0,640.0040537761325
CI.CGO..HHZ,2019-07-06T01:00:00.000000Z,49,100.0,76.73214243332897
CI.CGO..HHZ,2019-07-06T02:00:00.000000Z,50,100.0,103.63708992499645
CI.CGO..HHZ,2019-07-06T03:00:00.000000Z,51,100.0,317832.79061132576
CI.CGO..HHZ,2019-07-06T04:00:00.000000Z,52,100.0,30896.25669056353
CI.CGO..HHZ,2019-07-06T05:00:00.000000Z,53,100.0,3991.302800451568
CI.CGO..HHZ,2019-07-06T06:00:00.000000Z,54,100.0,5166.551027602259
CI.CGO..HHZ,2019-07-06T07:00:00.000000Z,55,100.0,1894.3569331235358
CI.CGO..HHZ,2019-07-06T08:00:00.000000Z,56,100.0,5652.830115828036
CI.CGO..HHZ,2019-07-06T09:00:00.000000Z,57,100.0,8472.030650932546
CI.CGO..HHZ,2019-07-06T10:00:00.000000Z,58,100.0,1432.9897381372145
CI.CGO..HHZ,2019-07-06T11:00:00.000000Z,59,100.0,1708.7714842315315
CI.CGO..HHZ,2019-07-06T12:00:00.000000Z,60,100.0,716.6038762483132
CI.CGO..HHZ,2019-07-06T13:00:00.000000Z,61,100.0,2721.034319203101
CI.CGO..HHZ,2019-07-06T14:00:00.000000Z,62,100.0,316.1392406892113
CI.CGO..HHZ,2019-07-06T15:00:00.000000Z,63,100.0,962.077581340113
CI.CGO..HHZ,2019-07-06T16:00:00.000000Z,64,100.0,1184.7777618389732
CI.CGO..HHZ,2019-07-06T17:00:00.000000Z,65,100.0,1620.2842982966192
CI.CGO..HHZ,2019-07-06T18:00:00.000000Z,66,100.0,871.7290925060294
CI.CGO..HHZ,2019-07-06T19:00:00.000000Z,67,100.0,586.169492885519
CI.CGO..HHZ,2019-07-06T20:00:00.000000Z,68,100.0,355.2377539043644
CI.CGO..HHZ,2019-07-06T21:00:00.000000Z,69,100.0,369.5896636076293
CI.CGO..HHZ,2019-07-06T22:00:00.000000Z,70,100.0,226.89966741715847
CI.CGO..HHZ,2019-07-06T23:00:00.000000Z,71,100.0,3867.2793790741257
CI.CLC..HHE,2019-07-04T00:00:00.000000Z,0,99.99976944261127,97.6193652554346
CI.CLC..HHE,2019-07-04T01:00:00.000000Z,1,100.0,88.33533530939442
CI.CLC..HHE,2019-07-04T02:00:00.000000Z,2,100.0,74.93182857332162
CI.CLC..HHE,2019-07-04T03:00:00.000000Z,3,100.0,92.76439941366799
CI.CLC..HHE,2019-07-04T04:00:00.000000Z,4,100.0,4386.653231908646
CI.CLC..HHE,2019-07-04T05:00:00.000000Z,5,100.0,717.594711155343
CI.CLC..HHE,2019-07-04T06:00:00.000000Z,6,100.0,161.9422246940215
CI.CLC..HHE,2019-07-04T07:00:00.000000Z,7,100.0,102.12967384544037
CI.CLC..HHE,2019-07-04T08:00:00.000000Z,8,100.0,94.79095677612516
CI.CLC..HHE,2019-07-04T09:00:00.000000Z,9,100.0,77.8335537139882
CI.CLC..HHE,2019-07-04T10:00:00.000000Z,10,100.0,90.99134871617632
CI.CLC..HHE,2019-07-04T11:00:00.000000Z,11,100.0,79.77619466453808
CI.CLC..HHE,2019-07-04T12:00:00.000000Z,12,100.0,73.89169109395169
CI.CLC..HHE,2019-07-04T13:00:00.000000Z,13,100.0,72.9486216326852
CI.CLC..HHE,2019-07-04T14:00:00.000000Z,14,100.0,124.67246436786097
CI.CLC..HHE,2019-07-04T15:00:00.000000Z,15,100.0,87.3839680593214
CI.CLC..HHE,2019-07-04T16:00:00.000000Z,16,100.0,103.47988768027346
CI.CLC..HHE,2019-07-04T17:00:00.000000Z,17,100.0,487281.81127414457
CI.CLC..HHE,2019-07-04T18:00:00.000000Z,18,100.0,55479.94262761668
CI.CLC..HHE,2019-07-04T19:00:00.000000Z,19,100.0,27411.68415067707
CI.CLC..HHE,2019-07-04T20:00:00.000000Z,20,100.0,10731.008965304118
CI.CLC..HHE,2019-07-04T21:00:00.000000Z,21,100.0,3169.270648211916
CI.CLC..HHE,2019-07-04T22:00:00.000000Z,22,100.0,37310.83147279039
CI.CLC..HHE,2019-07-04T23:00:00.000000Z,23,100.0,12376.023447226147
CI.CLC..HHE,2019-07-05T00:00:00.000000Z,24,100.0,29433.803583137877
CI.CLC..HHE,2019-07-05T01:00:00.000000Z,25,100.0,1930.495964524943
CI.CLC..HHE,2019-07-05T02:00:00.000000Z,26,100.0,6964.731038928445
CI.CLC..HHE,2019-07-05T03:00:00.000000Z,27,100.0,2655.5802458080857
CI.CLC..HHE,2019-07-05T04:00:00.000000Z,28,100.0,5859.131952164866
CI.CLC..HHE,2019-07-05T05:00:00.000000Z,29,100.0,4953.272809920744
CI.CLC..HHE,2019-07-05T06:00:00.000000Z,30,100.0,3537.442639738478
CI.CLC..HHE,2019-07-05T07:00:00.000000Z,31,100.0,9153.307676030645
CI.CLC..HHE,2019-07-05T08:00:00.000000Z,32,100.0,3649.3054307872962
CI.CLC..HHE,2019-07-05T09:00:00.000000Z,33,100.0,2106.3067127561394
CI.CLC..HHE,2019-07-05T10:00:00.000000Z,34,100.0,1951.3822175822506
CI.CLC..HHE,2019-07-05T11:00:00.000000Z,35,100.0,224730.4749813177
CI.CLC..HHE,2019-07-05T12:00:00.000000Z,36,100.0,17480.527048586835
CI.CLC..HHE,2019-07-05T13:00:00.000000Z,37,100.0,2535.252037948292
CI.CLC..HHE,2019-07-05T14:00:00.000000Z,38,100.0,14519.884616821797
CI.CLC..HHE,2019-07-05T15:00:00.000000Z,39,100.0,1587.8037832770694
CI.CLC..HHE,2019-07-05T16:00:00.000000Z,40,100.0,1449.2009577234082
CI.CLC..HHE,2019-07-05T17:00:00.000000Z,41,100.0,6664.964963262054
CI.CLC..HHE,2019-07-05T18:00:00.000000Z,42,100.0,1933.3046395497172
CI.CLC..HHE,2019-07-05T19:00:00.000000Z,43,100.0,1665.5173295958848
CI.CLC..HHE,2019-07-05T20:00:00.000000Z,44,100.0,1241.2715630785224
CI.CLC..HHE,2019-07-05T21:00:00.000000Z,45,100.0,1949.6435173363918
CI.CLC..HHE,2019-07-05T22:00:00.000000Z,46,100.0,3613.5652928058234
CI.CLC..HHE,2019-07-05T23:00:00.000000Z,47,100.0,2504.4224203165645
CI.CLC..HHE,2019-07-06T00:00:00.000000Z,48,100.0,12802.381149718367
CI.CLC..HHE,2019-07-06T01:00:00.000000Z,49,100.0,889.4659628207361
CI.CLC..HHE,2019-07-06T02:00:00.000000Z,50,100.0,1569.8660954048844
CI.CLC..HHE,2019-07-06T03:00:00.000000Z,51,100.0,826543.7369407845
CI.CLC..HHE,2019-07-06T04:00:00.000000Z,52,100.0,146005.29144700387
CI.CLC..HHE,2019-07-06T05:00:00.000000Z,53,100.0,50537.77351918394
CI.CLC..HHE,2019-07-06T06:00:00.000000Z,54,100.0,33968.680303064306
CI.CLC..HHE,2019-07-06T07:00:00.000000Z,55,100.0,14997.177632524748
CI.CLC..HHE,2019-07-06T08:00:00.000000Z,56,100.0,25783.434876208805
CI.CLC..HHE,2019-07-06T09:00:00.000000Z,57,100.0,42087.70301593641
CI.CLC..HHE,2019-07-06T10:00:00.000000Z,58,100.0,9646.206388591092
CI.CLC..HHE,2019-07-06T11:00:00.000000Z,59,100.0,20027.52574258108
CI.CLC..HHE,2019-07-06T12:00:00.000000Z,60,100.0,14762.740731752054
CI.CLC..HHE,2019-07-06T13:00:00.000000Z,61,100.0,16462.377578274198
CI.CLC..HHE,2019-07-06T14:00:00.000000Z,62,100.0,8083.333373198622
CI.CLC..HHE,2019-07-06T15:00:00.000000Z,63,100.0,5447.01833512064
CI.CLC..HHE,2019-07-06T16:00:00.000000Z,64,100.0,6665.322779543441
CI.CLC..HHE,2019-07-06T17:00:00.000000Z,65,100.0,12924.312602834641
CI.CLC..HHE,2019-07-06T18:00:00.000000Z,66,100.0,7355.118971647037
CI.CLC..HHE,2019-07-06T19:00:00.000000Z,67,100.0,4937.694674917235
CI.CLC..HHE,2019-07-06T20:00:00.000000Z,68,100.0,5677.851171710037
CI.CLC..HHE,2019-07-06T21:00:00.000000Z,69,100.0,7561.889555697231
CI.CLC..HHE,2019-07-06T22:00:00.000000Z,70,100.0,2178.988623108978
CI.CLC..HHE,2019-07-06T23:00:00.000000Z,71,100.0,46754.26368639938
CI.CLC..HHN,2019-07-04T00:00:00.000000Z,0,99.99976944261127,123.17288153934656
CI.CLC..HHN,2019-07-04T01:00:00.000000Z,1,100.0,100.33572636152256
CI.CLC..HHN,2019-07-04T02:00:00.000000Z,2,100.0,84.97262733626287
CI.CLC..HHN,2019-07-04T03:00:00.000000Z,3,100.0,106.4223759117457
CI.CLC..HHN,2019-07-04T04:00:00.000000Z,4,100.0,4441.631847857767
CI.CLC..HHN,2019-07-04T05:00:00.000000Z,5,100.0,681.5217552093238
CI.CLC..HHN,2019-07-04T06:00:00.000000Z,6,100.0,156.8072676056659
CI.CLC..HHN,2019-07-04T07:00:00.000000Z,7,100.0,94.18264939471774
CI.CLC..HHN,2019-07-04T08:00:00.000000Z,8,100.0,94.200447016117
CI.CLC..HHN,2019-07-04T09:00:00.000000Z,9,100.0,79.64874829388228
CI.CLC..HHN,2019-07-04T10:00:00.000000Z,10,100.0,112.36850679297703
CI.CLC..HHN,2019-07-04T11:00:00.000000Z,11,100.0,98.73709374877328
CI.CLC..HHN,2019-07-04T12:00:00.000000Z,12,100.0,89.33557513784528
CI.CLC..HHN,2019-07-04T13:00:00.000000Z,13,100.0,93.76364478298805
CI.CLC..HHN,2019-07-04T14:00:00.000000Z,14,100.0,116.75623302118326
CI.CLC..HHN,2019-07-04T15:00:00.000000Z,15,100.0,80.3929936157754
CI.CLC..HHN,2019-07-04T16:00:00.000000Z,16,100.0,94.92370098110555
CI.CLC..HHN,2019-07-04T17:00:00.000000Z,17,100.0,527906.1666670372
CI.CLC..HHN,2019-07-04T18:00:00.000000Z,18,100.0,50054.226594896885
CI.CLC..HHN,2019-07-04T19:00:00.000000Z,19,100.0,19347.065342808375
CI.CLC..HHN,2019-07-04T20:00:00.000000Z,20,100.0,9192.07957243023
CI.CLC..HHN,2019-07-04T21:00:00.000000Z,21,100.0,3430.8436814304437
CI.CLC..HHN,2019-07-04T22:00:00.000000Z,22,100.0,32232.852089902553
CI.CLC..HHN,2019-07-04T23:00:00.000000Z,23,100.0,10175.490095945654
CI.CLC..HHN,2019-07-05T00:00:00.000000Z,24,100.0,21412.342507859248
CI.CLC..HHN,2019-07-05T01:00:00.000000Z,25,100.0,1969.8039814127817
CI.CLC..HHN,2019-07-05T02:00:00.000000Z,26,100.0,8837.682251033666
CI.CLC..HHN,2019-07-05T03:00:00.000000Z,27,100.0,2946.558438896975
CI.CLC..HHN,2019-07-05T04:00:00.000000Z,28,100.0,3717.8145667958233
CI.CLC..HHN,2019-07-05T05:00:00.000000Z,29,100.0,4856.524024359834
CI.CLC..HHN,2019-07-05T06:00:00.000000Z,30,100.0,3531.8794327913433
CI.CLC..HHN,2019-07-05T07:00:00.000000Z,31,100.0,10571.262267718943
CI.CLC..HHN,2019-07-05T08:00:00.000000Z,32,100.0,3790.336169783859
CI.CLC..HHN,2019-07-05T09:00:00.000000Z,33,100.0,2253.009151065665
CI.CLC..HHN,2019-07-05T10:00:00.000000Z,34,100.0,2237.642120539875
CI.CLC..HHN,2019-07-05T11:00:00.000000Z,35,100.0,458834.07158636476
CI.CLC..HHN,2019-07-05T12:00:00.000000Z,36,100.0,21446.077734116116
CI.CLC..HHN,2019-07-05T13:00:00.000000Z,37,100.0,2767.435595582573
CI.CLC..HHN,2019-07-05T14:00:00.000000Z,38,100.0,8197.727024815867
CI.CLC..HHN,2019-07-05T15:00:00.000000Z,39,100.0,1516.3593819886337
CI.CLC..HHN,2019-07-05T16:00:00.000000Z,40,100.0,1493.8593023805481
CI.CLC..HHN,2019-07-05T17:00:00.000000Z,41,100.0,11730.680667604802
CI.CLC..HHN,2019-07-05T18:00:00.000000Z,42,100.0,2811.8178954724463
CI.CLC..HHN,2019-07-05T19:00:00.000000Z,43,100.0,1339.1492034586208
CI.CLC..HHN,2019-07-05T20:00:00.000000Z,44,100.0,1465.1322014653897
CI.CLC..HHN,2019-07-05T21:00:00.000000Z,45,100.0,2252.150343608457
CI.CLC..HHN,2019-07-05T22:00:00.000000Z,46,100.0,3593.3711611556323
CI.CLC..HHN,2019-07-05T23:00:00.000000Z,47,100.0,4285.222488344083
CI.CLC..HHN,2019-07-06T00:00:00.000000Z,48,100.0,10702.812047657917
CI.CLC..HHN,2019-07-06T01:00:00.000000Z,49,100.0,1127.815084734622
CI.CLC..HHN,2019-07-06T02:00:00.000000Z,50,100.0,1625.0384724934347
CI.CLC..HHN,2019-07-06T03:00:00.000000Z,51,100.0,830130.4324540567
CI.CLC..HHN,2019-07-06T04:00:00.000000Z,52,100.0,141565.83645930767
CI.CLC..HHN,2019-07-06T05:00:00.000000Z,53,100.0,53802.67700740985
CI.CLC..HHN,2019-07-06T06:00:00.000000Z,54,100.0,39163.272992807484
CI.CLC..HHN,2019-07-06T07:00:00.000000Z,55,100.0,18030.028978034945
CI.CLC..HHN,2019-07-06T08:00:00.000000Z,56,100.0,28805.61608082744
CI.CLC..HHN,2019-07-06T09:00:00.000000Z,57,100.0,46109.692674430524
CI.CLC..HHN,2019-07-06T10:00:00.000000Z,58,100.0,11529.636662345587
CI.CLC..HHN,2019-07-06T11:00:00.000000Z,59,100.0,24052.758610195815
CI.CLC..HHN,2019-07-06T12:00:00.000000Z,60,100.0,19669.17204738478
CI.CLC..HHN,2019-07-06T13:00:00.000000Z,61,100.0,18140.972095585923
CI.CLC..HHN,2019-07-06T14:00:00.000000Z,62,100.0,9962.591715734705
CI.CLC..HHN,2019-07-06T15:00:00.000000Z,63,100.0,5912.727031742587
CI.CLC..HHN,2019-07-06T16:00:00.000000Z,64,100.0,7109.438351038244
CI.CLC..HHN,2019-07-06T17:00:00.000000Z,65,100.0,16127.160643227347
CI.CLC..HHN,2019-07-06T18:00:00.000000Z,66,100.0,6965.693223418234
CI.CLC..HHN,2019-07-06T19:00:00.000000Z,67,100.0,7542.846531367235
CI.CLC..HHN,2019-07-06T20:00:00.000000Z,68,100.0,6567.053775521933
CI.CLC..HHN,2019-07-06T21:00:00.000000Z,69,100.0,9055.93353696066
CI.CLC..HHN,2019-07-06T22:00:00.000000Z,70,100.0,2207.182471888072
CI.CLC..HHN,2019-07-06T23:00:00.000000Z,71,100.0,73842.5477149647
CI.CLC..HHZ,2019-07-04T00:00:00.000000Z,0,99.99976944261127,76.73370793362797
CI.CLC..HHZ,2019-07-04T01:00:00.000000Z,1,100.0,74.09651808905684
CI.CLC..HHZ,2019-07-04T02:00:00.000000Z,2,100.0,79.42341585567357
CI.CLC..HHZ,2019-07-04T03:00:00.000000Z,3,100.0,76.47039636730543
CI.CLC..HHZ,2019-07-04T04:00:00.000000Z,4,100.0,5604.725506770383
CI.CLC..HHZ,2019-07-04T05:00:00.000000Z,5,100.0,713.2383104603405
CI.CLC..HHZ,2019-07-04T06:00:00.000000Z,6,100.0,170.65069389218567
CI.CLC..HHZ,2019-07-04T07:00:00.000000Z,7,100.0,95.65221207546836
CI.CLC..HHZ,2019-07-04T08:00:00.000000Z,8,100.0,81.79971553389258
CI.CLC..HHZ,2019-07-04T09:00:00.000000Z,9,100.0,84.45972725201935
CI.CLC..HHZ,2019-07-04T10:00:00.000000Z,10,100.0,89.3787631514537
CI.CLC..HHZ,2019-07-04T11:00:00.000000Z,11,100.0,77.24888709481917
CI.CLC..HHZ,2019-07-04T12:00:00.000000Z,12,100.0,78.75926771634741
CI.CLC..HHZ,2019-07-04T13:00:00.000000Z,13,100.0,79.33460422456983
CI.CLC..HHZ,2019-07-04T14:00:00.000000Z,14,100.0,87.22047354154677
CI.CLC..HHZ,2019-07-04T15:00:00.000000Z,15,100.0,78.92091748319213
CI.CLC..HHZ,2019-07-04T16:00:00.000000Z,16,100.0,90.60356754854267
CI.CLC..HHZ,2019-07-04T17:00:00.000000Z,17,100.0,382267.77224334487
CI.CLC..HHZ,2019-07-04T18:00:00.000000Z,18,100.0,39388.32768394123
CI.CLC..HHZ,2019-07-04T19:00:00.000000Z,19,100.0,15976.800761307344
CI.CLC..HHZ,2019-07-04T20:00:00.000000Z,20,100.0,9127.40610101451
CI.CLC..HHZ,2019-07-04T21:00:00.000000Z,21,100.0,3040.283567835528
CI.CLC..HHZ,2019-07-04T22:00:00.000000Z,22,100.0,24649.693450948096
CI.CLC..HHZ,2019-07-04T23:00:00.000000Z,23,100.0,10700.971272592502
CI.CLC..HHZ,2019-07-05T00:00:00.000000Z,24,100.0,16704.277773896207
CI.CLC..HHZ,2019-07-05T01:00:00.000000Z,25,100.0,1730.160291590882
CI.CLC..HHZ,2019-07-05T02:00:00.000000Z,26,100.0,7559.4367824585515
CI.CLC..HHZ,2019-07-05T03:00:00.000000Z,27,100.0,2499.5430316844104
CI.CLC..HHZ,2019-07-05T04:00:00.000000Z,28,100.0,3068.404341427833
CI.CLC..HHZ,2019-07-05T05:00:00.000000Z,29,100.0,4426.263303767253
CI.CLC..HHZ,2019-07-05T06:00:00.000000Z,30,100.0,3397.2142235272167
CI.CLC..HHZ,2019-07-05T07:00:00.000000Z,31,100.0,6803.475043175874
CI.CLC..HHZ,2019-07-05T08:00:00.000000Z,32,100.0,3216.468084896989
CI.CLC..HHZ,2019-07-05T09:00:00.000000Z,33,100.0,2774.2446903622995
CI.CLC..HHZ,2019-07-05T10:00:00.000000Z,34,100.0,2198.201755661516
CI.CLC..HHZ,2019-07-05T11:00:00.000000Z,35,100.0,161825.1935190303
CI.CLC..HHZ,2019-07-05T12:00:00.000000Z,36,100.0,10810.01859679546
CI.CLC..HHZ,2019-07-05T13:00:00.000000Z,37,100.0,2619.971639679044
CI.CLC..HHZ,2019-07-05T14:00:00.000000Z,38,100.0,7283.757556878835
CI.CLC..HHZ,2019-07-05T15:00:00.000000Z,39,100.0,1406.2398942637726
CI.CLC..HHZ,2019-07-05T16:00:00.000000Z,40,100.0,1320.0002346062795
CI.CLC..HHZ,2019-07-05T17:00:00.000000Z,41,100.0,6259.6866893868955
CI.CLC..HHZ,2019-07-05T18:00:00.000000Z,42,100.0,2005.2936259305116
CI.CLC..HHZ,2019-07-05T19:00:00.000000Z,43,100.0,1291.3067923876595
CI.CLC..HHZ,2019-07-05T20:00:00.000000Z,44,100.0,1293.0395413858332
CI.CLC..HHZ,2019-07-05T21:00:00.000000Z,45,100.0,1768.056823747487
CI.CLC..HHZ,2019-07-05T22:00:00.000000Z,46,100.0,3192.8536312281813
CI.CLC..HHZ,2019-07-05T23:00:00.000000Z,47,100.0,2435.0725371707085
CI.CLC..HHZ,2019-07-06T00:00:00.000000Z,48,100.0,8517.990580977656
CI.CLC..HHZ,2019-07-06T01:00:00.000000Z,49,100.0,1038.6177161994774
CI.CLC..HHZ,2019-07-06T02:00:00.000000Z,50,100.0,1385.7015171130429
CI.CLC..HHZ,2019-07-06T03:00:00.000000Z,51,100.0,753638.5570729738
CI.CLC..HHZ,2019-07-06T04:00:00.000000Z,52,100.0,107339.34855107314
CI.CLC..HHZ,2019-07-06T05:00:00.000000Z,53,100.0,37114.99901545738
CI.CLC..HHZ,2019-07-06T06:00:00.000000Z,54,100.0,22817.01313949389
CI.CLC..HHZ,2019-07-06T07:00:00.000000Z,55,100.0,12830.774261736215
CI.CLC..HHZ,2019-07-06T08:00:00.000000Z,56,100.0,28360.054442970824
CI.CLC..HHZ,2019-07-06T09:00:00.000000Z,57,100.0,32869.31314132165
CI.CLC..HHZ,2019-07-06T10:00:00.000000Z,58,100.0,7676.08655737331
CI.CLC..HHZ,2019-07-06T11:00:00.000000Z,59,100.0,16271.86232099846
CI.CLC..HHZ,2019-07-06T12:00:00.000000Z,60,100.0,12302.02979808409
CI.CLC..HHZ,2019-07-06T13:00:00.000000Z,61,100.0,15437.22861550896
CI.CLC..HHZ,2019-07-06T14:00:00.000000Z,62,100.0,5872.856035016374
CI.CLC..HHZ,2019-07-06T15:00:00.000000Z,63,100.0,4509.708503797398
CI.CLC..HHZ,2019-07-06T16:00:00.000000Z,64,100.0,5963.971350756355
CI.CLC..HHZ,2019-07-06T17:00:00.000000Z,65,100.0,11083.825323631929
CI.CLC..HHZ,2019-07-06T18:00:00.000000Z,66,100.0,5948.962417355438
CI.CLC..HHZ,2019-07-06T19:00:00.000000Z,67,100.0,4292.216157056873
CI.CLC..HHZ,2019-07-06T20:00:00.000000Z,68,100.0,3717.6046035289405
CI.CLC..HHZ,2019-07-06T21:00:00.000000Z,69,100.0,5849.577566395329
CI.CLC..HHZ,2019-07-06T22:00:00.000000Z,70,100.0,2009.6903971432391
CI.CLC..HHZ,2019-07-06T23:00:00.000000Z,71,100.0,33574.259729348494
CI.CWC..HHE,2019-07-04T00:00:00.000000Z,0,99.99976944261127,872.5309191906467
CI.CWC..HHE,2019-07-04T01:00:00.000000Z,1,100.0,870.3530182868949
CI.CWC..HHE,2019-07-04T02:00:00.000000Z,2,100.0,810.6244183192819
CI.CWC..HHE,2019-07-04T03:00:00.000000Z,3,100.0,808.6758448782219
CI.CWC..HHE,2019-07-04T04:00:00.000000Z,4,100.0,4519.554341712412
CI.CWC..HHE,2019-07-04T05:00:00.000000Z,5,100.0,1083.599452485945
CI.CWC..HHE,2019-07-04T06:00:00.000000Z,6,100.0,830.9997406391855
CI.CWC..HHE,2019-07-04T07:00:00.000000Z,7,100.0,826.1845112674561
CI.CWC..HHE,2019-07-04T08:00:00.000000Z,8,100.0,831.8474227655863
CI.CWC..HHE,2019-07-04T09:00:00.000000Z,9,100.0,839.5087555309999
CI.CWC..HHE,2019-07-04T10:00:00.000000Z,10,100.0,842.5270560208978
CI.CWC..HHE,2019-07-04T11:00:00.000000Z,11,100.0,848.4896310978652
CI.CWC..HHE,2019-07-04T12:00:00.000000Z,12,100.0,853.2319046168213
CI.CWC..HHE,2019-07-04T13:00:00.000000Z,13,100.0,854.9186981163288
CI.CWC..HHE,2019-07-04T14:00:00.000000Z,14,100.0,875.4955981328027
CI.CWC..HHE,2019-07-04T15:00:00.000000Z,15,100.0,866.6680785897865
CI.CWC..HHE,2019-07-04T16:00:00.000000Z,16,100.0,893.1174464528743
CI.CWC..HHE,2019-07-04T17:00:00.000000Z,17,100.0,155869.7529625096
CI.CWC..HHE,2019-07-04T18:00:00.000000Z,18,100.0,5992.130953973219
CI.CWC..HHE,2019-07-04T19:00:00.000000Z,19,100.0,2767.617766887027
CI.CWC..HHE,2019-07-04T20:00:00.000000Z,20,100.0,1660.8929669725158
CI.CWC..HHE,2019-07-04T21:00:00.000000Z,21,100.0,967.2717470852783
CI.CWC..HHE,2019-07-04T22:00:00.000000Z,22,100.0,2547.023536909543
CI.CWC..HHE,2019-07-04T23:00:00.000000Z,23,100.0,1288.0137461955974
CI.CWC..HHE,2019-07-05T00:00:00.000000Z,24,100.0,2270.150266699589
CI.CWC..HHE,2019-07-05T01:00:00.000000Z,25,100.0,844.4831300774299
CI.CWC..HHE,2019-07-05T02:00:00.000000Z,26,100.0,1336.6060193216963
CI.CWC..HHE,2019-07-05T03:00:00.000000Z,27,100.0,822.2459730222076
CI.CWC..HHE,2019-07-05T04:00:00.000000Z,28,100.0,927.2405232366815
CI.CWC..HHE,2019-07-05T05:00:00.000000Z,29,100.0,828.4258697946224
CI.CWC..HHE,2019-07-05T06:00:00.000000Z,30,100.0,968.1025971566994
CI.CWC..HHE,2019-07-05T07:00:00.000000Z,31,100.0,954.0365128918978
CI.CWC..HHE,2019-07-05T08:00:00.000000Z,32,100.0,927.7080125325008
CI.CWC..HHE,2019-07-05T09:00:00.000000Z,33,100.0,846.1356092822522
CI.CWC..HHE,2019-07-05T10:00:00.000000Z,34,100.0,846.3841701024419
CI.CWC..HHE,2019-07-05T11:00:00.000000Z,35,100.0,13903.760601043272
CI.CWC..HHE,2019-07-05T12:00:00.000000Z,36,100.0,1602.4325790228243
CI.CWC..HHE,2019-07-05T13:00:00.000000Z,37,100.0,1006.9875932308736
CI.CWC..HHE,2019-07-05T14:00:00.000000Z,38,100.0,970.0493509230591
CI.CWC..HHE,2019-07-05T15:00:00.000000Z,39,100.0,849.0321640056712
CI.CWC..HHE,2019-07-05T16:00:00.000000Z,40,100.0,863.3325040115312
CI.CWC..HHE,2019-07-05T17:00:00.000000Z,41,100.0,1407.916880016986
CI.CWC..HHE,2019-07-05T18:00:00.000000Z,42,100.0,929.8963520358791
CI.CWC..HHE,2019-07-05T19:00:00.000000Z,43,100.0,875.2590267690916
CI.CWC..HHE,2019-07-05T20:00:00.000000Z,44,100.0,856.1623134589836
CI.CWC..HHE,2019-07-05T21:00:00.000000Z,45,100.0,853.0088084972256
CI.CWC..HHE,2019-07-05T22:00:00.000000Z,46,100.0,850.0226641780116
CI.CWC..HHE,2019-07-05T23:00:00.000000Z,47,100.0,823.8317006458634
CI.CWC..HHE,2019-07-06T00:00:00.000000Z,48,100.0,1091.5048375305025
CI.CWC..HHE,2019-07-06T01:00:00.000000Z,49,100.0,815.5628969397111
CI.CWC..HHE,2019-07-06T02:00:00.000000Z,50,100.0,767.8302713213351
CI.CWC..HHE,2019-07-06T03:00:00.000000Z,51,100.0,568420.8995690466
CI.CWC..HHE,2019-07-06T04:00:00.000000Z,52,100.0,28643.029559579943
CI.CWC..HHE,2019-07-06T05:00:00.000000Z,53,100.0,4554.641623453264
CI.CWC..HHE,2019-07-06T06:00:00.000000Z,54,100.0,6075.874969520901
CI.CWC..HHE,2019-07-06T07:00:00.000000Z,55,100.0,3388.9701144005517
CI.CWC..HHE,2019-07-06T08:00:00.000000Z,56,100.0,3531.4714318958895
CI.CWC..HHE,2019-07-06T09:00:00.000000Z,57,100.0,9966.962341945326
CI.CWC..HHE,2019-07-06T10:00:00.000000Z,58,100.0,1761.6286827063295
CI.CWC..HHE,2019-07-06T11:00:00.000000Z,59,100.0,1839.3775378960736
CI.CWC..HHE,2019-07-06T12:00:00.000000Z,60,100.0,1242.0529326947437
CI.CWC..HHE,2019-07-06T13:00:00.000000Z,61,100.0,2430.1234504551207
CI.CWC..HHE,2019-07-06T14:00:00.000000Z,62,100.0,942.7971708740033
CI.CWC..HHE,2019-07-06T15:00:00.000000Z,63,100.0,1592.3323650493626
CI.CWC..HHE,2019-07-06T16:00:00.000000Z,64,100.0,1661.4690866549442
CI.CWC..HHE,2019-07-06T17:00:00.000000Z,65,100.0,2493.565117109014
CI.CWC..HHE,2019-07-06T18:00:00.000000Z,66,100.0,1542.5402163079177
CI.CWC..HHE,2019-07-06T19:00:00.000000Z,67,100.0,1080.8253976662443
CI.CWC..HHE,2019-07-06T20:00:00.000000Z,68,100.0,1062.3533669501849
CI.CWC..HHE,2019-07-06T21:00:00.000000Z,69,100.0,1010.2702692786021
CI.CWC..HHE,2019-07-06T22:00:00.000000Z,70,100.0,916.7977878353971
CI.CWC..HHE,2019-07-06T23:00:00.000000Z,71,100.0,4172.291237259126
CI.CWC..HHN,2019-07-04T00:00:00.000000Z,0,99.99976944261127,871.1980225679486
CI.CWC..HHN,2019-07-04T01:00:00.000000Z,1,100.0,860.6249232145519
CI.CWC..HHN,2019-07-04T02:00:00.000000Z,2,100.0,841.9280799289655
CI.CWC..HHN,2019-07-04T03:00:00.000000Z,3,100.0,843.1717322576316
CI.CWC..HHN,2019-07-04T04:00:00.000000Z,4,100.0,3674.874039156299
CI.CWC..HHN,2019-07-04T05:00:00.000000Z,5,100.0,1078.9583750800014
CI.CWC..HHN,2019-07-04T06:00:00.000000Z,6,100.0,859.0270653531295
CI.CWC..HHN,2019-07-04T07:00:00.000000Z,7,100.0,856.1522765829271
CI.CWC..HHN,2019-07-04T08:00:00.000000Z,8,100.0,862.2174770008144
CI.CWC..HHN,2019-07-04T09:00:00.000000Z,9,100.0,864.6967015908339
CI.CWC..HHN,2019-07-04T10:00:00.000000Z,10,100.0,871.2588117611341
CI.CWC..HHN,2019-07-04T11:00:00.000000Z,11,100.0,874.4059787619683
CI.CWC..HHN,2019-07-04T12:00:00.000000Z,12,100.0,875.9963411138368
CI.CWC..HHN,2019-07-04T13:00:00.000000Z,13,100.0,878.3983545876982
CI.CWC..HHN,2019-07-04T14:00:00.000000Z,14,100.0,882.6281105638011
CI.CWC..HHN,2019-07-04T15:00:00.000000Z,15,100.0,909.1415897119921
CI.CWC..HHN,2019-07-04T16:00:00.000000Z,16,100.0,885.1562706688652
CI.CWC..HHN,2019-07-04T17:00:00.000000Z,17,100.0,110543.64744690452
CI.CWC..HHN,2019-07-04T18:00:00.000000Z,18,100.0,6149.636959044248
CI.CWC..HHN,2019-07-04T19:00:00.000000Z,19,100.0,2876.667947624692
CI.CWC..HHN,2019-07-04T20:00:00.000000Z,20,100.0,1795.868298607181
CI.CWC..HHN,2019-07-04T21:00:00.000000Z,21,100.0,1097.6760382371983
CI.CWC..HHN,2019-07-04T22:00:00.000000Z,22,100.0,2702.6181873866517
CI.CWC..HHN,2019-07-04T23:00:00.000000Z,23,100.0,1382.5541726254648
CI.CWC..HHN,2019-07-05T00:00:00.000000Z,24,100.0,2350.9480978883585
CI.CWC..HHN,2019-07-05T01:00:00.000000Z,25,100.0,854.2208316566889
CI.CWC..HHN,2019-07-05T02:00:00.000000Z,26,100.0,1557.227860334375
CI.CWC..HHN,2019-07-05T03:00:00.000000Z,27,100.0,855.6428092348287
CI.CWC..HHN,2019-07-05T04:00:00.000000Z,28,100.0,964.0750683974102
CI.CWC..HHN,2019-07-05T05:00:00.000000Z,29,100.0,864.6072606535446
CI.CWC..HHN,2019-07-05T06:00:00.000000Z,30,100.0,1027.4212244031146
CI.CWC..HHN,2019-07-05T07:00:00.000000Z,31,100.0,994.7333737648647
CI.CWC..HHN,2019-07-05T08:00:00.000000Z,32,100.0,988.068681177111
CI.CWC..HHN,2019-07-05T09:00:00.000000Z,33,100.0,878.3594593083264
CI.CWC..HHN,2019-07-05T10:00:00.000000Z,34,100.0,883.3631397889665
CI.CWC..HHN,2019-07-05T11:00:00.000000Z,35,100.0,13305.562373634635
CI.CWC..HHN,2019-07-05T12:00:00.000000Z,36,100.0,1643.9887967455106
CI.CWC..HHN,2019-07-05T13:00:00.000000Z,37,100.0,968.8030789537943
CI.CWC..HHN,2019-07-05T14:00:00.000000Z,38,100.0,1016.4091109870515
CI.CWC..HHN,2019-07-05T15:00:00.000000Z,39,100.0,877.277790349337
CI.CWC..HHN,2019-07-05T16:00:00.000000Z,40,100.0,856.4272560314986
CI.CWC..HHN,2019-07-05T17:00:00.000000Z,41,100.0,1626.480158614857
CI.CWC..HHN,2019-07-05T18:00:00.000000Z,42,100.0,908.040234904562
CI.CWC..HHN,2019-07-05T19:00:00.000000Z,43,100.0,866.9429323842317
CI.CWC..HHN,2019-07-05T20:00:00.000000Z,44,100.0,895.5569539635795
CI.CWC..HHN,2019-07-05T21:00:00.000000Z,45,100.0,946.6960252936261
CI.CWC..HHN,2019-07-05T22:00:00.000000Z,46,100.0,865.4527451491409
CI.CWC..HHN,2019-07-05T23:00:00.000000Z,47,100.0,827.0743685944495
CI.CWC..HHN,2019-07-06T00:00:00.000000Z,48,100.0,1131.2512385755854
CI.CWC..HHN,2019-07-06T01:00:00.000000Z,49,100.0,801.4566417253827
CI.CWC..HHN,2019-07-06T02:00:00.000000Z,50,100.0,789.25831248967
CI.CWC..HHN,2019-07-06T03:00:00.000000Z,51,100.0,567287.12081047
CI.CWC..HHN,2019-07-06T04:00:00.000000Z,52,100.0,26905.919561844148
CI.CWC..HHN,2019-07-06T05:00:00.000000Z,53,100.0,4904.106145414397
CI.CWC..HHN,2019-07-06T06:00:00.000000Z,54,100.0,6413.2289493965245
CI.CWC..HHN,2019-07-06T07:00:00.000000Z,55,100.0,4760.132329779519
CI.CWC..HHN,2019-07-06T08:00:00.000000Z,56,100.0,3168.4118846515203
CI.CWC..HHN,2019-07-06T09:00:00.000000Z,57,100.0,10755.107575826725
CI.CWC..HHN,2019-07-06T10:00:00.000000Z,58,100.0,1931.1335702255692
CI.CWC..HHN,2019-07-06T11:00:00.000000Z,59,100.0,1811.8247930523703
CI.CWC..HHN,2019-07-06T12:00:00.000000Z,60,100.0,1298.4292874165715
CI.CWC..HHN,2019-07-06T13:00:00.000000Z,61,100.0,2588.5317104221263
CI.CWC..HHN,2019-07-06T14:00:00.000000Z,62,100.0,966.7170919109652
CI.CWC..HHN,2019-07-06T15:00:00.000000Z,63,100.0,1639.0418006142352
CI.CWC..HHN,2019-07-06T16:00:00.000000Z,64,100.0,1773.2792392695185
CI.CWC..HHN,2019-07-06T17:00:00.000000Z,65,100.0,2729.3750561515158
CI.CWC..HHN,2019-07-06T18:00:00.000000Z,66,100.0,1595.359271586428
CI.CWC..HHN,2019-07-06T19:00:00.000000Z,67,100.0,1163.175260113291
CI.CWC..HHN,2019-07-06T20:00:00.000000Z,68,100.0,1103.0984777397523
CI.CWC..HHN,2019-07-06T21:00:00.000000Z,69,100.0,1073.3028915003774
CI.CWC..HHN,2019-07-06T22:00:00.000000Z,70,100.0,946.3845689285163
CI.CWC..HHN,2019-07-06T23:00:00.000000Z,71,100.0,4247.276745868775
CI.CWC..HHZ,2019-07-04T00:00:00.000000Z,0,99.99976944261127,677.813315253279
CI.CWC..HHZ,2019-07-04T01:00:00.000000Z,1,100.0,699.6970906853378
CI.CWC..HHZ,2019-07-04T02:00:00.000000Z,2,100.0,673.4071121147258
CI.CWC..HHZ,2019-07-04T03:00:00.000000Z,3,100.0,676.1944547534328
CI.CWC..HHZ,2019-07-04T04:00:00.000000Z,4,100.0,5148.544205511675
CI.CWC..HHZ,2019-07-04T05:00:00.000000Z,5,100.0,997.7274762714577
CI.CWC..HHZ,2019-07-04T06:00:00.000000Z,6,100.0,710.5200759775067
CI.CWC..HHZ,2019-07-04T07:00:00.000000Z,7,100.0,695.5962433271296
CI.CWC..HHZ,2019-07-04T08:00:00.000000Z,8,100.0,699.0899756664369
CI.CWC..HHZ,2019-07-04T09:00:00.000000Z,9,100.0,701.5566364582945
CI.CWC..HHZ,2019-07-04T10:00:00.000000Z,10,100.0,707.3205475305467
CI.CWC..HHZ,2019-07-04T11:00:00.000000Z,11,100.0,708.8907998274362
CI.CWC..HHZ,2019-07-04T12:00:00.000000Z,12,100.0,711.7830952633186
CI.CWC..HHZ,2019-07-04T13:00:00.000000Z,13,100.0,718.5890442233534
CI.CWC..HHZ,2019-07-04T14:00:00.000000Z,14,100.0,714.6713238275479
CI.CWC..HHZ,2019-07-04T15:00:00.000000Z,15,100.0,707.7187911379546
CI.CWC..HHZ,2019-07-04T16:00:00.000000Z,16,100.0,711.434482474281
CI.CWC..HHZ,2019-07-04T17:00:00.000000Z,17,100.0,94049.59732358216
CI.CWC..HHZ,2019-07-04T18:00:00.000000Z,18,100.0,4215.241869744494
CI.CWC..HHZ,2019-07-04T19:00:00.000000Z,19,100.0,1813.927968966609
CI.CWC..HHZ,2019-07-04T20:00:00.000000Z,20,100.0,1082.2789582101966
CI.CWC..HHZ,2019-07-04T21:00:00.000000Z,21,100.0,756.928982889877
CI.CWC..HHZ,2019-07-04T22:00:00.000000Z,22,100.0,1436.591260739161
CI.CWC..HHZ,2019-07-04T23:00:00.000000Z,23,100.0,941.5972161508115
CI.CWC..HHZ,2019-07-05T00:00:00.000000Z,24,100.0,1355.9003612305823
CI.CWC..HHZ,2019-07-05T01:00:00.000000Z,25,100.0,673.3294855020987
CI.CWC..HHZ,2019-07-05T02:00:00.000000Z,26,100.0,883.6171294548951
CI.CWC..HHZ,2019-07-05T03:00:00.000000Z,27,100.0,682.1113214820413
CI.CWC..HHZ,2019-07-05T04:00:00.000000Z,28,100.0,720.6629375880924
CI.CWC..HHZ,2019-07-05T05:00:00.000000Z,29,100.0,689.7337392308383
CI.CWC..HHZ,2019-07-05T06:00:00.000000Z,30,100.0,754.1408896430708
CI.CWC..HHZ,2019-07-05T07:00:00.000000Z,31,100.0,756.9054980922953
CI.CWC..HHZ,2019-07-05T08:00:00.000000Z,32,100.0,756.4206349763592
CI.CWC..HHZ,2019-07-05T09:00:00.000000Z,33,100.0,703.9453343066041
CI.CWC..HHZ,2019-07-05T10:00:00.000000Z,34,100.0,711.5695826269086
CI.CWC..HHZ,2019-07-05T11:00:00.000000Z,35,100.0,11344.757203482412
CI.CWC..HHZ,2019-07-05T12:00:00.000000Z,36,100.0,1172.687420348207
CI.CWC..HHZ,2019-07-05T13:00:00.000000Z,37,100.0,920.1434891688352
CI.CWC..HHZ,2019-07-05T14:00:00.000000Z,38,100.0,774.9491193589499
CI.CWC..HHZ,2019-07-05T15:00:00.000000Z,39,100.0,694.21880543282
CI.CWC..HHZ,2019-07-05T16:00:00.000000Z,40,100.0,702.8428182906331
CI.CWC..HHZ,2019-07-05T17:00:00.000000Z,41,100.0,1020.1546730490268
CI.CWC..HHZ,2019-07-05T18:00:00.000000Z,42,100.0,707.5706331891276
CI.CWC..HHZ,2019-07-05T19:00:00.000000Z,43,100.0,673.8572735590889
CI.CWC..HHZ,2019-07-05T20:00:00.000000Z,44,100.0,671.8858364848307
CI.CWC..HHZ,2019-07-05T21:00:00.000000Z,45,100.0,672.2903179368002
CI.CWC..HHZ,2019-07-05T22:00:00.000000Z,46,100.0,665.4456486177338
CI.CWC..HHZ,2019-07-05T23:00:00.000000Z,47,100.0,647.3741940061508
CI.CWC..HHZ,2019-07-06T00:00:00.000000Z,48,100.0,809.5432254910529
CI.CWC..HHZ,2019-07-06T01:00:00.000000Z,49,100.0,634.976052028134
CI.CWC..HHZ,2019-07-06T02:00:00.000000Z,50,100.0,636.367450501423
CI.CWC..HHZ,2019-07-06T03:00:00.000000Z,51,100.0,311788.2455685504
CI.CWC..HHZ,2019-07-06T04:00:00.000000Z,52,100.0,20038.02400648821
CI.CWC..HHZ,2019-07-06T05:00:00.000000Z,53,100.0,3365.9846451134576
CI.CWC..HHZ,2019-07-06T06:00:00.000000Z,54,100.0,3786.029651014269
CI.CWC..HHZ,2019-07-06T07:00:00.000000Z,55,100.0,3861.9060651630507
CI.CWC..HHZ,2019-07-06T08:00:00.000000Z,56,100.0,2686.1429173812476
CI.CWC..HHZ,2019-07-06T09:00:00.000000Z,57,100.0,6954.522489314606
CI.CWC..HHZ,2019-07-06T10:00:00.000000Z,58,100.0,1345.965049014038
CI.CWC..HHZ,2019-07-06T11:00:00.000000Z,59,100.0,1229.8362391106184
CI.CWC..HHZ,2019-07-06T12:00:00.000000Z,60,100.0,1043.8104830930547
CI.CWC..HHZ,2019-07-06T13:00:00.000000Z,61,100.0,2180.780246934685
CI.CWC..HHZ,2019-07-06T14:00:00.000000Z,62,100.0,795.1939485243764
CI.CWC..HHZ,2019-07-06T15:00:00.000000Z,63,100.0,1183.6598715598468
CI.CWC..HHZ,2019-07-06T16:00:00.000000Z,64,100.0,1216.415314136333
CI.CWC..HHZ,2019-07-06T17:00:00.000000Z,65,100.0,1595.456717219664
CI.CWC..HHZ,2019-07-06T18:00:00.000000Z,66,100.0,1018.0509146668954
CI.CWC..HHZ,2019-07-06T19:00:00.000000Z,67,100.0,853.0668001878606
CI.CWC..HHZ,2019-07-06T20:00:00.000000Z,68,100.0,852.8209181700894
CI.CWC..HHZ,2019-07-06T21:00:00.000000Z,69,100.0,793.7567027174287
CI.CWC..HHZ,2019-07-06T22:00:00.000000Z,70,100.0,718.5136882673527
CI.CWC..HHZ,2019-07-06T23:00:00.000000Z,71,100.0,2539.0683534081236
CI.DAW..HHE,2019-07-04T00:00:00.000000Z,0,99.99991389115651,62.20904083320302
CI.DAW..HHE,2019-07-04T01:00:00.000000Z,1,100.0,59.47676571680932
CI.DAW..HHE,2019-07-04T02:00:00.000000Z,2,100.0,53.72328982849892
CI.DAW..HHE,2019-07-04T03:00:00.000000Z,3,100.0,50.294578283457426
CI.DAW..HHE,2019-07-04T04:00:00.000000Z,4,100.0,1938.868564145712
CI.DAW..HHE,2019-07-04T05:00:00.000000Z,5,100.0,338.23280775140364
CI.DAW..HHE,2019-07-04T06:00:00.000000Z,6,100.0,79.5388609030201
CI.DAW..HHE,2019-07-04T07:00:00.000000Z,7,100.0,47.768584610781566
CI.DAW..HHE,2019-07-04T08:00:00.000000Z,8,100.0,42.35097487063911
CI.DAW..HHE,2019-07-04T09:00:00.000000Z,9,100.0,41.609051200495834
CI.DAW..HHE,2019-07-04T10:00:00.000000Z,10,100.0,39.476123095922325
CI.DAW..HHE,2019-07-04T11:00:00.000000Z,11,100.0,40.66526675317002
CI.DAW..HHE,2019-07-04T12:00:00.000000Z,12,100.0,34.85423167428785
CI.DAW..HHE,2019-07-04T13:00:00.000000Z,13,100.0,34.324117593807266
CI.DAW..HHE,2019-07-04T14:00:00.000000Z,14,100.0,53.29898271346206
CI.DAW..HHE,2019-07-04T15:00:00.000000Z,15,100.0,47.31315927213065
CI.DAW..HHE,2019-07-04T16:00:00.000000Z,16,100.0,48.939501672952396
CI.DAW..HHE,2019-07-04T17:00:00.000000Z,17,100.0,68911.05953909703
CI.DAW..HHE,2019-07-04T18:00:00.000000Z,18,100.0,4767.288196552007
CI.DAW..HHE,2019-07-04T19:00:00.000000Z,19,100.0,2794.783012919322
CI.DAW..HHE,2019-07-04T20:00:00.000000Z,20,100.0,658.7437305955765
CI.DAW..HHE,2019-07-04T21:00:00.000000Z,21,100.0,245.18375128453476
CI.DAW..HHE,2019-07-04T22:00:00.000000Z,22,100.0,1413.8358580403085
CI.DAW..HHE,2019-07-04T23:00:00.000000Z,23,100.0,602.5497969413095
CI.DAW..HHE,2019-07-05T00:00:00.000000Z,24,100.0,1446.1196089673203
CI.DAW..HHE,2019-07-05T01:00:00.000000Z,25,100.0,117.44548409788969
CI.DAW..HHE,2019-07-05T02:00:00.000000Z,26,100.0,516.7627899255558
CI.DAW..HHE,2019-07-05T03:00:00.000000Z,27,100.0,207.0412165973055
CI.DAW..HHE,2019-07-05T04:00:00.000000Z,28,100.0,354.58412552749996
CI.DAW..HHE,2019-07-05T05:00:00.000000Z,29,100.0,255.84723915408662
CI.DAW..HHE,2019-07-05T06:00:00.000000Z,30,100.0,324.8523281311403
CI.DAW..HHE,2019-07-05T07:00:00.000000Z,31,100.0,360.4024267506424
CI.DAW..HHE,2019-07-05T08:00:00.000000Z,32,100.0,269.2599093001823
CI.DAW..HHE,2019-07-05T09:00:00.000000Z,33,100.0,205.23262645762688
CI.DAW..HHE,2019-07-05T10:00:00.000000Z,34,100.0,140.9098165534805
CI.DAW..HHE,2019-07-05T11:00:00.000000Z,35,100.0,15346.24197453998
CI.DAW..HHE,2019-07-05T12:00:00.000000Z,36,100.0,947.1640739365101
CI.DAW..HHE,2019-07-05T13:00:00.000000Z,37,100.0,270.34565558233993
CI.DAW..HHE,2019-07-05T14:00:00.000000Z,38,100.0,422.91628980177944
CI.DAW..HHE,2019-07-05T15:00:00.000000Z,39,100.0,94.41578898085574
CI.DAW..HHE,2019-07-05T16:00:00.000000Z,40,100.0,59.394593786278236
CI.DAW..HHE,2019-07-05T17:00:00.000000Z,41,100.0,429.19295889169973
CI.DAW..HHE,2019-07-05T18:00:00.000000Z,42,100.0,195.6076955185923
CI.DAW..HHE,2019-07-05T19:00:00.000000Z,43,100.0,90.57400579357385
CI.DAW..HHE,2019-07-05T20:00:00.000000Z,44,100.0,92.8888713351101
CI.DAW..HHE,2019-07-05T21:00:00.000000Z,45,100.0,131.03832871290413
CI.DAW..HHE,2019-07-05T22:00:00.000000Z,46,100.0,156.25066107502929
CI.DAW..HHE,2019-07-05T23:00:00.000000Z,47,100.0,107.28017103872831
CI.DAW..HHE,2019-07-06T00:00:00.000000Z,48,100.0,415.6748845067901
CI.DAW..HHE,2019-07-06T01:00:00.000000Z,49,100.0,68.2913575615429
CI.DAW..HHE,2019-07-06T02:00:00.000000Z,50,100.0,76.4231030798387
CI.DAW..HHE,2019-07-06T03:00:00.000000Z,51,100.0,282941.1917770877
CI.DAW..HHE,2019-07-06T04:00:00.000000Z,52,100.0,28359.76134529241
CI.DAW..HHE,2019-07-06T05:00:00.000000Z,53,100.0,3198.71101664333
CI.DAW..HHE,2019-07-06T06:00:00.000000Z,54,100.0,4482.654884375427
CI.DAW..HHE,2019-07-06T07:00:00.000000Z,55,100.0,1486.357277701308
CI.DAW..HHE,2019-07-06T08:00:00.000000Z,56,100.0,3234.2004335165134
CI.DAW..HHE,2019-07-06T09:00:00.000000Z,57,100.0,8042.587444482392
CI.DAW..HHE,2019-07-06T10:00:00.000000Z,58,100.0,1081.151907082651
CI.DAW..HHE,2019-07-06T11:00:00.000000Z,59,100.0,1983.5862593513962
CI.DAW..HHE,2019-07-06T12:00:00.000000Z,60,100.0,754.5425212686675
CI.DAW..HHE,2019-07-06T13:00:00.000000Z,61,100.0,2997.3792020473493
CI.DAW..HHE,2019-07-06T14:00:00.000000Z,62,100.0,358.1278905352408
CI.DAW..HHE,2019-07-06T15:00:00.000000Z,63,100.0,1319.8779854029503
CI.DAW..HHE,2019-07-06T16:00:00.000000Z,64,100.0,841.4838115920755
CI.DAW..HHE,2019-07-06T17:00:00.000000Z,65,100.0,1848.2175919595502
CI.DAW..HHE,2019-07-06T18:00:00.000000Z,66,100.0,1033.7342817217477
CI.DAW..HHE,2019-07-06T19:00:00.000000Z,67,100.0,528.9387830672081
CI.DAW..HHE,2019-07-06T20:00:00.000000Z,68,100.0,336.16192850288627
CI.DAW..HHE,2019-07-06T21:00:00.000000Z,69,100.0,447.8551910432291
CI.DAW..HHE,2019-07-06T22:00:00.000000Z,70,100.0,274.1571250582
CI.DAW..HHE,2019-07-06T23:00:00.000000Z,71,100.0,3391.789734790243
CI.DAW..HHN,2019-07-04T00:00:00.000000Z,0,99.99991389115651,44.36988372820044
CI.DAW..HHN,2019-07-04T01:00:00.000000Z,1,100.0,47.72632828017113
CI.DAW..HHN,2019-07-04T02:00:00.000000Z,2,100.0,50.17614618147165
CI.DAW..HHN,2019-07-04T03:00:00.000000Z,3,100.0,49.096963691633505
CI.DAW..HHN,2019-07-04T04:00:00.000000Z,4,100.0,1935.2176188809005
CI.DAW..HHN,2019-07-04T05:00:00.000000Z,5,100.0,330.9611214588038
CI.DAW..HHN,2019-07-04T06:00:00.000000Z,6,100.0,66.95860937184736
CI.DAW..HHN,2019-07-04T07:00:00.000000Z,7,100.0,41.725533239440935
CI.DAW..HHN,2019-07-04T08:00:00.000000Z,8,100.0,37.01180654511058
CI.DAW..HHN,2019-07-04T09:00:00.000000Z,9,100.0,37.183784566114035
CI.DAW..HHN,2019-07-04T10:00:00.000000Z,10,100.0,36.7482293405615
CI.DAW..HHN,2019-07-04T11:00:00.000000Z,11,100.0,36.67485543104638
CI.DAW..HHN,2019-07-04T12:00:00.000000Z,12,100.0,31.3892919623255
CI.DAW..HHN,2019-07-04T13:00:00.000000Z,13,100.0,36.13905487275953
CI.DAW..HHN,2019-07-04T14:00:00.000000Z,14,100.0,50.43965864896793
CI.DAW..HHN,2019-07-04T15:00:00.000000Z,15,100.0,46.30413951827291
CI.DAW..HHN,2019-07-04T16:00:00.000000Z,16,100.0,41.891845183515294
CI.DAW..HHN,2019-07-04T17:00:00.000000Z,17,100.0,63011.45692989192
CI.DAW..HHN,2019-07-04T18:00:00.000000Z,18,100.0,3578.312783466395
CI.DAW..HHN,2019-07-04T19:00:00.000000Z,19,100.0,2037.2007471975053
CI.DAW..HHN,2019-07-04T20:00:00.000000Z,20,100.0,547.1737774332212
CI.DAW..HHN,2019-07-04T21:00:00.000000Z,21,100.0,204.1442890350021
CI.DAW..HHN,2019-07-04T22:00:00.000000Z,22,100.0,1115.0476551311488
CI.DAW..HHN,2019-07-04T23:00:00.000000Z,23,100.0,475.41897121105364
CI.DAW..HHN,2019-07-05T00:00:00.000000Z,24,100.0,1152.3567783048481
CI.DAW..HHN,2019-07-05T01:00:00.000000Z,25,100.0,97.189637743582
CI.DAW..HHN,2019-07-05T02:00:00.000000Z,26,100.0,417.80811230560533
CI.DAW..HHN,2019-07-05T03:00:00.000000Z,27,100.0,159.9560121371555
CI.DAW..HHN,2019-07-05T04:00:00.000000Z,28,100.0,271.26901559231777
CI.DAW..HHN,2019-07-05T05:00:00.000000Z,29,100.0,181.69077193411812
CI.DAW..HHN,2019-07-05T06:00:00.000000Z,30,100.0,221.17940282544455
CI.DAW..HHN,2019-07-05T07:00:00.000000Z,31,100.0,284.32960276243455
CI.DAW..HHN,2019-07-05T08:00:00.000000Z,32,100.0,245.1200072347606
CI.DAW..HHN,2019-07-05T09:00:00.000000Z,33,100.0,164.88027378136223
CI.DAW..HHN,2019-07-05T10:00:00.000000Z,34,100.0,141.03690734658372
CI.DAW..HHN,2019-07-05T11:00:00.000000Z,35,100.0,13494.9467376235
CI.DAW..HHN,2019-07-05T12:00:00.000000Z,36,100.0,664.485404794632
CI.DAW..HHN,2019-07-05T13:00:00.000000Z,37,100.0,261.1009472348648
CI.DAW..HHN,2019-07-05T14:00:00.000000Z,38,100.0,332.8642179792764
CI.DAW..HHN,2019-07-05T15:00:00.000000Z,39,100.0,75.77772323607618
CI.DAW..HHN,2019-07-05T16:00:00.000000Z,40,100.0,50.666375329015914
CI.DAW..HHN,2019-07-05T17:00:00.000000Z,41,100.0,337.9053372315277
CI.DAW..HHN,2019-07-05T18:00:00.000000Z,42,100.0,157.74438887110068
CI.DAW..HHN,2019-07-05T19:00:00.000000Z,43,100.0,67.03083549961657
CI.DAW..HHN,2019-07-05T20:00:00.000000Z,44,100.0,70.47327469418572
CI.DAW..HHN,2019-07-05T21:00:00.000000Z,45,100.0,90.56971407593791
CI.DAW..HHN,2019-07-05T22:00:00.000000Z,46,100.0,103.85023412084027
CI.DAW..HHN,2019-07-05T23:00:00.000000Z,47,100.0,64.82922226650001
CI.DAW..HHN,2019-07-06T00:00:00.000000Z,48,100.0,347.2968646268502
CI.DAW..HHN,2019-07-06T01:00:00.000000Z,49,100.0,57.42932330168004
CI.DAW..HHN,2019-07-06T02:00:00.000000Z,50,100.0,65.99124025867623
CI.DAW..HHN,2019-07-06T03:00:00.000000Z,51,100.0,310492.35891352105
CI.DAW..HHN,2019-07-06T04:00:00.000000Z,52,100.0,21437.371157341287
CI.DAW..HHN,2019-07-06T05:00:00.000000Z,53,100.0,2722.121181518695
CI.DAW..HHN,2019-07-06T06:00:00.000000Z,54,100.0,3464.2396545137112
CI.DAW..HHN,2019-07-06T07:00:00.000000Z,55,100.0,1157.3833583371118
CI.DAW..HHN,2019-07-06T08:00:00.000000Z,56,100.0,2695.7614882175994
CI.DAW..HHN,2019-07-06T09:00:00.000000Z,57,100.0,7487.766072363468
CI.DAW..HHN,2019-07-06T10:00:00.000000Z,58,100.0,867.1561666542017
CI.DAW..HHN,2019-07-06T11:00:00.000000Z,59,100.0,1621.218879608804
CI.DAW..HHN,2019-07-06T12:00:00.000000Z,60,100.0,643.5157257707157
CI.DAW..HHN,2019-07-06T13:00:00.000000Z,61,100.0,2009.6427322242985
CI.DAW..HHN,2019-07-06T14:00:00.000000Z,62,100.0,290.47221711091953
CI.DAW..HHN,2019-07-06T15:00:00.000000Z,63,100.0,931.036154237113
CI.DAW..HHN,2019-07-06T16:00:00.000000Z,64,100.0,681.0232308875943
CI.DAW..HHN,2019-07-06T17:00:00.000000Z,65,100.0,1599.9572924181382
CI.DAW..HHN,2019-07-06T18:00:00.000000Z,66,100.0,779.8365116751856
CI.DAW..HHN,2019-07-06T19:00:00.000000Z,67,100.0,465.42320884929825
CI.DAW..HHN,2019-07-06T20:00:00.000000Z,68,100.0,280.7273643937011
CI.DAW..HHN,2019-07-06T21:00:00.000000Z,69,100.0,403.1414658248373
CI.DAW..HHN,2019-07-06T22:00:00.000000Z,70,100.0,209.7408735522341
CI.DAW..HHN,2019-07-06T23:00:00.000000Z,71,100.0,2478.584434640009
CI.DAW..HHZ,2019-07-04T00:00:00.000000Z,0,99.99991389115651,117.39774247757929
CI.DAW..HHZ,2019-07-04T01:00:00.000000Z,1,100.0,133.3855137218389
CI.DAW..HHZ,2019-07-04T02:00:00.000000Z,2,100.0,134.36907935518886
CI.DAW..HHZ,2019-07-04T03:00:00.000000Z,3,100.0,126.89928299207442
CI.DAW..HHZ,2019-07-04T04:00:00.000000Z,4,100.0,2564.7817297625215
CI.DAW..HHZ,2019-07-04T05:00:00.000000Z,5,100.0,365.819507735734
CI.DAW..HHZ,2019-07-04T06:00:00.000000Z,6,100.0,115.0744823480754
CI.DAW..HHZ,2019-07-04T07:00:00.000000Z,7,100.0,100.21865518078849
CI.DAW..HHZ,2019-07-04T08:00:00.000000Z,8,100.0,95.21217161665822
CI.DAW..HHZ,2019-07-04T09:00:00.000000Z,9,100.0,99.83068015754891
CI.DAW..HHZ,2019-07-04T10:00:00.000000Z,10,100.0,103.24724767587786
CI.DAW..HHZ,2019-07-04T11:00:00.000000Z,11,100.0,99.16584832493713
CI.DAW..HHZ,2019-07-04T12:00:00.000000Z,12,100.0,57.36750732920573
CI.DAW..HHZ,2019-07-04T13:00:00.000000Z,13,100.0,56.353217404824655
CI.DAW..HHZ,2019-07-04T14:00:00.000000Z,14,100.0,110.2526602587702
CI.DAW..HHZ,2019-07-04T15:00:00.000000Z,15,100.0,109.06890193714526
CI.DAW..HHZ,2019-07-04T16:00:00.000000Z,16,100.0,88.66564321499541
CI.DAW..HHZ,2019-07-04T17:00:00.000000Z,17,100.0,71791.4586012735
CI.DAW..HHZ,2019-07-04T18:00:00.000000Z,18,100.0,3955.7563473818714
CI.DAW..HHZ,2019-07-04T19:00:00.000000Z,19,100.0,2423.6286530366174
CI.DAW..HHZ,2019-07-04T20:00:00.000000Z,20,100.0,632.3281609089724
CI.DAW..HHZ,2019-07-04T21:00:00.000000Z,21,100.0,308.5671590346626
CI.DAW..HHZ,2019-07-04T22:00:00.000000Z,22,100.0,1218.8061063585853
CI.DAW..HHZ,2019-07-04T23:00:00.000000Z,23,100.0,593.2763621154047
CI.DAW..HHZ,2019-07-05T00:00:00.000000Z,24,100.0,1269.306760916861
CI.DAW..HHZ,2019-07-05T01:00:00.000000Z,25,100.0,189.39159159967286
CI.DAW..HHZ,2019-07-05T02:00:00.000000Z,26,100.0,541.7630607487888
CI.DAW..HHZ,2019-07-05T03:00:00.000000Z,27,100.0,210.24737925815177
CI.DAW..HHZ,2019-07-05T04:00:00.000000Z,28,100.0,294.70605706010684
CI.DAW..HHZ,2019-07-05T05:00:00.000000Z,29,100.0,216.91932265308435
CI.DAW..HHZ,2019-07-05T06:00:00.000000Z,30,100.0,316.8676198930247
CI.DAW..HHZ,2019-07-05T07:00:00.000000Z,31,100.0,388.42998722421004
CI.DAW..HHZ,2019-07-05T08:00:00.000000Z,32,100.0,304.1637951931613
CI.DAW..HHZ,2019-07-05T09:00:00.000000Z,33,100.0,203.53565744365818
CI.DAW..HHZ,2019-07-05T10:00:00.000000Z,34,100.0,174.67994857983894
CI.DAW..HHZ,2019-07-05T11:00:00.000000Z,35,100.0,14383.740802284845
CI.DAW..HHZ,2019-07-05T12:00:00.000000Z,36,100.0,917.9761676390751
CI.DAW..HHZ,2019-07-05T13:00:00.000000Z,37,100.0,347.3613404095713
CI.DAW..HHZ,2019-07-05T14:00:00.000000Z,38,100.0,411.517303824996
CI.DAW..HHZ,2019-07-05T15:00:00.000000Z,39,100.0,128.67767764235953
CI.DAW..HHZ,2019-07-05T16:00:00.000000Z,40,100.0,101.69840661056726
CI.DAW..HHZ,2019-07-05T17:00:00.000000Z,41,100.0,395.14051855490504
CI.DAW..HHZ,2019-07-05T18:00:00.000000Z,42,100.0,184.84578368365644
CI.DAW..HHZ,2019-07-05T19:00:00.000000Z,43,100.0,112.72931650353003
CI.DAW..HHZ,2019-07-05T20:00:00.000000Z,44,100.0,109.88480606889998
CI.DAW..HHZ,2019-07-05T21:00:00.000000Z,45,100.0,141.9382545441538
CI.DAW..HHZ,2019-07-05T22:00:00.000000Z,46,100.0,158.12471013049523
CI.DAW..HHZ,2019-07-05T23:00:00.000000Z,47,100.0,104.93107989674293
CI.DAW..HHZ,2019-07-06T00:00:00.000000Z,48,100.0,478.167387949343
CI.DAW..HHZ,2019-07-06T01:00:00.000000Z,49,100.0,113.2735454562113
CI.DAW..HHZ,2019-07-06T02:00:00.000000Z,50,100.0,107.73196120822656
CI.DAW..HHZ,2019-07-06T03:00:00.000000Z,51,100.0,195632.9826284714
CI.DAW..HHZ,2019-07-06T04:00:00.000000Z,52,100.0,21080.51742240562
CI.DAW..HHZ,2019-07-06T05:00:00.000000Z,53,100.0,3179.009572457955
CI.DAW..HHZ,2019-07-06T06:00:00.000000Z,54,100.0,4244.001487272645
CI.DAW..HHZ,2019-07-06T07:00:00.000000Z,55,100.0,1589.6359516564182
CI.DAW..HHZ,2019-07-06T08:00:00.000000Z,56,100.0,2801.6265676103667
CI.DAW..HHZ,2019-07-06T09:00:00.000000Z,57,100.0,7220.724943147833
CI.DAW..HHZ,2019-07-06T10:00:00.000000Z,58,100.0,1127.9277828180557
CI.DAW..HHZ,2019-07-06T11:00:00.000000Z,59,100.0,1627.1091040490571
CI.DAW..HHZ,2019-07-06T12:00:00.000000Z,60,100.0,932.2351274437847
CI.DAW..HHZ,2019-07-06T13:00:00.000000Z,61,100.0,2081.083842294948
CI.DAW..HHZ,2019-07-06T14:00:00.000000Z,62,100.0,473.1858441397996
CI.DAW..HHZ,2019-07-06T15:00:00.000000Z,63,100.0,1171.563036606038
CI.DAW..HHZ,2019-07-06T16:00:00.000000Z,64,100.0,806.856234118443
CI.DAW..HHZ,2019-07-06T17:00:00.000000Z,65,100.0,1813.7198806518315
CI.DAW..HHZ,2019-07-06T18:00:00.000000Z,66,100.0,843.8600111688826
CI.DAW..HHZ,2019-07-06T19:00:00.000000Z,67,100.0,609.0747113148697
CI.DAW..HHZ,2019-07-06T20:00:00.000000Z,68,100.0,456.9564134750303
CI.DAW..HHZ,2019-07-06T21:00:00.000000Z,69,100.0,639.772244066382
CI.DAW..HHZ,2019-07-06T22:00:00.000000Z,70,100.0,322.1116670528459
CI.DAW..HHZ,2019-07-06T23:00:00.000000Z,71,100.0,2857.9449087173416
CI.DTP..HHE,2019-07-04T00:00:00.000000Z,0,99.99976944261127,131.94406187478938
CI.DTP..HHE,2019-07-04T01:00:00.000000Z,1,100.0,125.37942829902173
CI.DTP..HHE,2019-07-04T02:00:00.000000Z,2,100.0,115.68739501882042
CI.DTP..HHE,2019-07-04T03:00:00.000000Z,3,100.0,114.64085989041138
CI.DTP..HHE,2019-07-04T04:00:00.000000Z,4,100.0,3591.3457258080093
CI.DTP..HHE,2019-07-04T05:00:00.000000Z,5,100.0,898.2706584317242
CI.DTP..HHE,2019-07-04T06:00:00.000000Z,6,100.0,212.77390487969924
CI.DTP..HHE,2019-07-04T07:00:00.000000Z,7,100.0,143.56482729647487
CI.DTP..HHE,2019-07-04T08:00:00.000000Z,8,100.0,116.52527917085872
CI.DTP..HHE,2019-07-04T09:00:00.000000Z,9,100.0,113.46322262754039
CI.DTP..HHE,2019-07-04T10:00:00.000000Z,10,100.0,112.07928155991945
CI.DTP..HHE,2019-07-04T11:00:00.000000Z,11,100.0,110.4142070970891
CI.DTP..HHE,2019-07-04T12:00:00.000000Z,12,100.0,103.48360089589578
CI.DTP..HHE,2019-07-04T13:00:00.000000Z,13,100.0,114.33441124269415
CI.DTP..HHE,2019-07-04T14:00:00.000000Z,14,100.0,104.61734619343497
CI.DTP..HHE,2019-07-04T15:00:00.000000Z,15,100.0,102.65217796772917
CI.DTP..HHE,2019-07-04T16:00:00.000000Z,16,100.0,111.36429239202813
CI.DTP..HHE,2019-07-04T17:00:00.000000Z,17,100.0,488150.31872767006
CI.DTP..HHE,2019-07-04T18:00:00.000000Z,18,100.0,8278.855944305467
CI.DTP..HHE,2019-07-04T19:00:00.000000Z,19,100.0,3438.054820424875
CI.DTP..HHE,2019-07-04T20:00:00.000000Z,20,100.0,1232.0210076731569
CI.DTP..HHE,2019-07-04T21:00:00.000000Z,21,100.0,531.870138122573
CI.DTP..HHE,2019-07-04T22:00:00.000000Z,22,100.0,2586.8076130395316
CI.DTP..HHE,2019-07-04T23:00:00.000000Z,23,100.0,2292.117298425224
CI.DTP..HHE,2019-07-05T00:00:00.000000Z,24,100.0,1878.3811412843995
CI.DTP..HHE,2019-07-05T01:00:00.000000Z,25,100.0,229.49657227369988
CI.DTP..HHE,2019-07-05T02:00:00.000000Z,26,100.0,1605.5940007173301
CI.DTP..HHE,2019-07-05T03:00:00.000000Z,27,100.0,451.78247442506324
CI.DTP..HHE,2019-07-05T04:00:00.000000Z,28,100.0,470.7295036344633
CI.DTP..HHE,2019-07-05T05:00:00.000000Z,29,100.0,280.70859009930854
CI.DTP..HHE,2019-07-05T06:00:00.000000Z,30,100.0,1062.6721687855538
CI.DTP..HHE,2019-07-05T07:00:00.000000Z,31,100.0,854.803091962271
CI.DTP..HHE,2019-07-05T08:00:00.000000Z,32,100.0,485.582469074504
CI.DTP..HHE,2019-07-05T09:00:00.000000Z,33,100.0,576.1756007528691
CI.DTP..HHE,2019-07-05T10:00:00.000000Z,34,100.0,647.9187596444361
CI.DTP..HHE,2019-07-05T11:00:00.000000Z,35,100.0,34127.46375052505
CI.DTP..HHE,2019-07-05T12:00:00.000000Z,36,100.0,1197.2675043770034
CI.DTP..HHE,2019-07-05T13:00:00.000000Z,37,100.0,543.7761366260918
CI.DTP..HHE,2019-07-05T14:00:00.000000Z,38,100.0,705.4508124675746
CI.DTP..HHE,2019-07-05T15:00:00.000000Z,39,100.0,185.6226385771522
CI.DTP..HHE,2019-07-05T16:00:00.000000Z,40,100.0,113.2261994554917
CI.DTP..HHE,2019-07-05T17:00:00.000000Z,41,100.0,1628.8054811649495
CI.DTP..HHE,2019-07-05T18:00:00.000000Z,42,100.0,190.49470025714754
CI.DTP..HHE,2019-07-05T19:00:00.000000Z,43,100.0,113.01430731588103
CI.DTP..HHE,2019-07-05T20:00:00.000000Z,44,100.0,150.315560182598
CI.DTP..HHE,2019-07-05T21:00:00.000000Z,45,100.0,199.11590394872184
CI.DTP..HHE,2019-07-05T22:00:00.000000Z,46,100.0,155.31605696375968
CI.DTP..HHE,2019-07-05T23:00:00.000000Z,47,100.0,140.43054142714803
CI.DTP..HHE,2019-07-06T00:00:00.000000Z,48,100.0,442.82487725398613
CI.DTP..HHE,2019-07-06T01:00:00.000000Z,49,100.0,133.4757022525487
CI.DTP..HHE,2019-07-06T02:00:00.000000Z,50,100.0,139.91082600606205
CI.DTP..HHE,2019-07-06T03:00:00.000000Z,51,100.0,704977.4885059225
CI.DTP..HHE,2019-07-06T04:00:00.000000Z,52,100.0,37414.22739815522
CI.DTP..HHE,2019-07-06T05:00:00.000000Z,53,100.0,3456.4858963546803
CI.DTP..HHE,2019-07-06T06:00:00.000000Z,54,100.0,4415.711401450726
CI.DTP..HHE,2019-07-06T07:00:00.000000Z,55,100.0,2040.0535003084615
CI.DTP..HHE,2019-07-06T08:00:00.000000Z,56,100.0,9321.179137521522
CI.DTP..HHE,2019-07-06T09:00:00.000000Z,57,100.0,6279.583641230336
CI.DTP..HHE,2019-07-06T10:00:00.000000Z,58,100.0,2285.354175555523
CI.DTP..HHE,2019-07-06T11:00:00.000000Z,59,100.0,1401.0979632231333
CI.DTP..HHE,2019-07-06T12:00:00.000000Z,60,100.0,573.6007520513859
CI.DTP..HHE,2019-07-06T13:00:00.000000Z,61,100.0,3843.4472103156663
CI.DTP..HHE,2019-07-06T14:00:00.000000Z,62,100.0,5749.748913374768
CI.DTP..HHE,2019-07-06T15:00:00.000000Z,63,100.0,404.9711022725106
CI.DTP..HHE,2019-07-06T16:00:00.000000Z,64,100.0,2087.7581796620448
CI.DTP..HHE,2019-07-06T17:00:00.000000Z,65,100.0,10374.693664084587
CI.DTP..HHE,2019-07-06T18:00:00.000000Z,66,100.0,1108.5418927890303
CI.DTP..HHE,2019-07-06T19:00:00.000000Z,67,100.0,353.51048071664786
CI.DTP..HHE,2019-07-06T20:00:00.000000Z,68,100.0,354.29814317601574
CI.DTP..HHE,2019-07-06T21:00:00.000000Z,69,100.0,296.77350663966496
CI.DTP..HHE,2019-07-06T22:00:00.000000Z,70,100.0,264.36488719288377
CI.DTP..HHE,2019-07-06T23:00:00.000000Z,71,100.0,4791.6489181945335
CI.DTP..HHN,2019-07-04T00:00:00.000000Z,0,99.99976944261127,116.43565244850052
CI.DTP..HHN,2019-07-04T01:00:00.000000Z,1,100.0,113.27106188553867
CI.DTP..HHN,2019-07-04T02:00:00.000000Z,2,100.0,104.42493864111856
CI.DTP..HHN,2019-07-04T03:00:00.000000Z,3,100.0,105.72963461197813
CI.DTP..HHN,2019-07-04T04:00:00.000000Z,4,100.0,3379.8031022590503
CI.DTP..HHN,2019-07-04T05:00:00.000000Z,5,100.0,814.7863878673439
CI.DTP..HHN,2019-07-04T06:00:00.000000Z,6,100.0,187.63965890128202
CI.DTP..HHN,2019-07-04T07:00:00.000000Z,7,100.0,129.1885160831915
CI.DTP..HHN,2019-07-04T08:00:00.000000Z,8,100.0,104.46669592513415
CI.DTP..HHN,2019-07-04T09:00:00.000000Z,9,100.0,99.51904119734273
CI.DTP..HHN,2019-07-04T10:00:00.000000Z,10,100.0,100.64782438282914
CI.DTP..HHN,2019-07-04T11:00:00.000000Z,11,100.0,102.73184674245091
CI.DTP..HHN,2019-07-04T12:00:00.000000Z,12,100.0,92.74594383995543
CI.DTP..HHN,2019-07-04T13:00:00.000000Z,13,100.0,98.40448426141157
CI.DTP..HHN,2019-07-04T14:00:00.000000Z,14,100.0,92.50512221863
CI.DTP..HHN,2019-07-04T15:00:00.000000Z,15,100.0,90.03796393661806
CI.DTP..HHN,2019-07-04T16:00:00.000000Z,16,100.0,95.310309423994
CI.DTP..HHN,2019-07-04T17:00:00.000000Z,17,100.0,312004.72994768946
CI.DTP..HHN,2019-07-04T18:00:00.000000Z,18,100.0,9022.849146600849
CI.DTP..HHN,2019-07-04T19:00:00.000000Z,19,100.0,4085.80574311093
CI.DTP..HHN,2019-07-04T20:00:00.000000Z,20,100.0,1521.8231987444647
CI.DTP..HHN,2019-07-04T21:00:00.000000Z,21,100.0,614.0614314828865
CI.DTP..HHN,2019-07-04T22:00:00.000000Z,22,100.0,2719.0972503439
CI.DTP..HHN,2019-07-04T23:00:00.000000Z,23,100.0,3005.813717593793
CI.DTP..HHN,2019-07-05T00:00:00.000000Z,24,100.0,2012.1776795725402
CI.DTP..HHN,2019-07-05T01:00:00.000000Z,25,100.0,268.3927113882924
CI.DTP..HHN,2019-07-05T02:00:00.000000Z,26,100.0,1745.908375882799
CI.DTP..HHN,2019-07-05T03:00:00.000000Z,27,100.0,529.3868937545582
CI.DTP..HHN,2019-07-05T04:00:00.000000Z,28,100.0,531.3276274265422
CI.DTP..HHN,2019-07-05T05:00:00.000000Z,29,100.0,294.1847080746283
CI.DTP..HHN,2019-07-05T06:00:00.000000Z,30,100.0,1066.4902329159854
CI.DTP..HHN,2019-07-05T07:00:00.000000Z,31,100.0,1062.4979915261672
CI.DTP..HHN,2019-07-05T08:00:00.000000Z,32,100.0,659.8686553174534
CI.DTP..HHN,2019-07-05T09:00:00.000000Z,33,100.0,779.611848095113
CI.DTP..HHN,2019-07-05T10:00:00.000000Z,34,100.0,772.4409637540538
CI.DTP..HHN,2019-07-05T11:00:00.000000Z,35,100.0,30392.61022419447
CI.DTP..HHN,2019-07-05T12:00:00.000000Z,36,100.0,1502.637793093921
CI.DTP..HHN,2019-07-05T13:00:00.000000Z,37,100.0,497.6907294619686
CI.DTP..HHN,2019-07-05T14:00:00.000000Z,38,100.0,868.1123616780536
CI.DTP..HHN,2019-07-05T15:00:00.000000Z,39,100.0,197.78001810784605
CI.DTP..HHN,2019-07-05T16:00:00.000000Z,40,100.0,102.88794382640005
CI.DTP..HHN,2019-07-05T17:00:00.000000Z,41,100.0,2141.395554936611
CI.DTP..HHN,2019-07-05T18:00:00.000000Z,42,100.0,197.49079218722073
CI.DTP..HHN,2019-07-05T19:00:00.000000Z,43,100.0,113.00254856359062
CI.DTP..HHN,2019-07-05T20:00:00.000000Z,44,100.0,151.6791407362758
CI.DTP..HHN,2019-07-05T21:00:00.000000Z,45,100.0,214.02956302508815
CI.DTP..HHN,2019-07-05T22:00:00.000000Z,46,100.0,168.36068123260455
CI.DTP..HHN,2019-07-05T23:00:00.000000Z,47,100.0,152.02149474456016
CI.DTP..HHN,2019-07-06T00:00:00.000000Z,48,100.0,549.0387436427181
CI.DTP..HHN,2019-07-06T01:00:00.000000Z,49,100.0,142.81706780050737
CI.DTP..HHN,2019-07-06T02:00:00.000000Z,50,100.0,157.40029915319593
CI.DTP..HHN,2019-07-06T03:00:00.000000Z,51,100.0,638717.2881262861
CI.DTP..HHN,2019-07-06T04:00:00.000000Z,52,100.0,38090.80569601746
CI.DTP..HHN,2019-07-06T05:00:00.000000Z,53,100.0,3635.2797266521857
CI.DTP..HHN,2019-07-06T06:00:00.000000Z,54,100.0,4315.074189658963
CI.DTP..HHN,2019-07-06T07:00:00.000000Z,55,100.0,2400.584772393088
CI.DTP..HHN,2019-07-06T08:00:00.000000Z,56,100.0,9338.007165597666
CI.DTP..HHN,2019-07-06T09:00:00.000000Z,57,100.0,6219.716660977238
CI.DTP..HHN,2019-07-06T10:00:00.000000Z,58,100.0,2045.6930205305475
CI.DTP..HHN,2019-07-06T11:00:00.000000Z,59,100.0,1323.6325778975552
CI.DTP..HHN,2019-07-06T12:00:00.000000Z,60,100.0,638.9660347790547
CI.DTP..HHN,2019-07-06T13:00:00.000000Z,61,100.0,3008.152218680593
CI.DTP..HHN,2019-07-06T14:00:00.000000Z,62,100.0,314.4034052593143
CI.DTP..HHN,2019-07-06T15:00:00.000000Z,63,100.0,468.80267388621695
CI.DTP..HHN,2019-07-06T16:00:00.000000Z,64,100.0,2168.5696900971147
CI.DTP..HHN,2019-07-06T17:00:00.000000Z,65,100.0,17920.13416380146
CI.DTP..HHN,2019-07-06T18:00:00.000000Z,66,100.0,1246.394136283951
CI.DTP..HHN,2019-07-06T19:00:00.000000Z,67,100.0,372.32785326827127
CI.DTP..HHN,2019-07-06T20:00:00.000000Z,68,100.0,366.4420079565329
CI.DTP..HHN,2019-07-06T21:00:00.000000Z,69,100.0,325.9796578472434
CI.DTP..HHN,2019-07-06T22:00:00.000000Z,70,100.0,294.3576252811913
CI.DTP..HHN,2019-07-06T23:00:00.000000Z,71,100.0,4277.3837269619835
CI.DTP..HHZ,2019-07-04T00:00:00.000000Z,0,99.99976944261127,100.04661333243357
CI.DTP..HHZ,2019-07-04T01:00:00.000000Z,1,100.0,97.88187150181372
CI.DTP..HHZ,2019-07-04T02:00:00.000000Z,2,100.0,95.85681396433117
CI.DTP..HHZ,2019-07-04T03:00:00.000000Z,3,100.0,88.80245997963684
CI.DTP..HHZ,2019-07-04T04:00:00.000000Z,4,100.0,2816.8776413775713
CI.DTP..HHZ,2019-07-04T05:00:00.000000Z,5,100.0,722.2675381133082
CI.DTP..HHZ,2019-07-04T06:00:00.000000Z,6,100.0,191.4242576135816
CI.DTP..HHZ,2019-07-04T07:00:00.000000Z,7,100.0,113.0936518633018
CI.DTP..HHZ,2019-07-04T08:00:00.000000Z,8,100.0,98.1037307663526
CI.DTP..HHZ,2019-07-04T09:00:00.000000Z,9,100.0,90.45461998268846
CI.DTP..HHZ,2019-07-04T10:00:00.000000Z,10,100.0,88.10290370941551
CI.DTP..HHZ,2019-07-04T11:00:00.000000Z,11,100.0,91.54917919990666
CI.DTP..HHZ,2019-07-04T12:00:00.000000Z,12,100.0,89.11912044506596
CI.DTP..HHZ,2019-07-04T13:00:00.000000Z,13,100.0,88.5579320208625
CI.DTP..HHZ,2019-07-04T14:00:00.000000Z,14,100.0,89.82357976825247
CI.DTP..HHZ,2019-07-04T15:00:00.000000Z,15,100.0,84.17713755417266
CI.DTP..HHZ,2019-07-04T16:00:00.000000Z,16,100.0,85.86327700135317
CI.DTP..HHZ,2019-07-04T17:00:00.000000Z,17,100.0,218895.43961622744
CI.DTP..HHZ,2019-07-04T18:00:00.000000Z,18,100.0,6446.734598077734
CI.DTP..HHZ,2019-07-04T19:00:00.000000Z,19,100.0,2912.5533987289236
CI.DTP..HHZ,2019-07-04T20:00:00.000000Z,20,100.0,862.6550355696309
CI.DTP..HHZ,2019-07-04T21:00:00.000000Z,21,100.0,410.80991655831514
CI.DTP..HHZ,2019-07-04T22:00:00.000000Z,22,100.0,1790.1671223839996
CI.DTP..HHZ,2019-07-04T23:00:00.000000Z,23,100.0,1763.5170406551972
CI.DTP..HHZ,2019-07-05T00:00:00.000000Z,24,100.0,1418.148499561012
CI.DTP..HHZ,2019-07-05T01:00:00.000000Z,25,100.0,181.33191443586347
CI.DTP..HHZ,2019-07-05T02:00:00.000000Z,26,100.0,1205.7989552763563
CI.DTP..HHZ,2019-07-05T03:00:00.000000Z,27,100.0,345.0085472121869
CI.DTP..HHZ,2019-07-05T04:00:00.000000Z,28,100.0,347.22949395523216
CI.DTP..HHZ,2019-07-05T05:00:00.000000Z,29,100.0,211.02248873980872
CI.DTP..HHZ,2019-07-05T06:00:00.000000Z,30,100.0,660.9609938987592
CI.DTP..HHZ,2019-07-05T07:00:00.000000Z,31,100.0,688.9715603700893
CI.DTP..HHZ,2019-07-05T08:00:00.000000Z,32,100.0,406.78340714631383
CI.DTP..HHZ,2019-07-05T09:00:00.000000Z,33,100.0,462.54782545685975
CI.DTP..HHZ,2019-07-05T10:00:00.000000Z,34,100.0,488.64968484849834
CI.DTP..HHZ,2019-07-05T11:00:00.000000Z,35,100.0,24484.2823584645
CI.DTP..HHZ,2019-07-05T12:00:00.000000Z,36,100.0,1042.1936906126316
CI.DTP..HHZ,2019-07-05T13:00:00.000000Z,37,100.0,418.96895383766923
CI.DTP..HHZ,2019-07-05T14:00:00.000000Z,38,100.0,604.0921462896799
CI.DTP..HHZ,2019-07-05T15:00:00.000000Z,39,100.0,144.61066885258074
CI.DTP..HHZ,2019-07-05T16:00:00.000000Z,40,100.0,94.49966126029486
CI.DTP..HHZ,2019-07-05T17:00:00.000000Z,41,100.0,1242.8733731336147
CI.DTP..HHZ,2019-07-05T18:00:00.000000Z,42,100.0,146.2464753158356
CI.DTP..HHZ,2019-07-05T19:00:00.000000Z,43,100.0,99.74477664982656
CI.DTP..HHZ,2019-07-05T20:00:00.000000Z,44,100.0,118.27355117179034
CI.DTP..HHZ,2019-07-05T21:00:00.000000Z,45,100.0,151.0467053371911
CI.DTP..HHZ,2019-07-05T22:00:00.000000Z,46,100.0,130.26547699776827
CI.DTP..HHZ,2019-07-05T23:00:00.000000Z,47,100.0,114.73285214428107
CI.DTP..HHZ,2019-07-06T00:00:00.000000Z,48,100.0,393.76989944660113
CI.DTP..HHZ,2019-07-06T01:00:00.000000Z,49,100.0,104.77955108347963
CI.DTP..HHZ,2019-07-06T02:00:00.000000Z,50,100.0,117.24203747169716
CI.DTP..HHZ,2019-07-06T03:00:00.000000Z,51,100.0,476118.0087761602
CI.DTP..HHZ,2019-07-06T04:00:00.000000Z,52,100.0,27096.167314185204
CI.DTP..HHZ,2019-07-06T05:00:00.000000Z,53,100.0,2865.579648307173
CI.DTP..HHZ,2019-07-06T06:00:00.000000Z,54,100.0,2956.8947810214454
CI.DTP..HHZ,2019-07-06T07:00:00.000000Z,55,100.0,1600.457880519214
CI.DTP..HHZ,2019-07-06T08:00:00.000000Z,56,100.0,7330.291267811265
CI.DTP..HHZ,2019-07-06T09:00:00.000000Z,57,100.0,4209.294949082079
CI.DTP..HHZ,2019-07-06T10:00:00.000000Z,58,100.0,1554.5950867074382
CI.DTP..HHZ,2019-07-06T11:00:00.000000Z,59,100.0,1003.52555572252
CI.DTP..HHZ,2019-07-06T12:00:00.000000Z,60,100.0,464.81782551557586
CI.DTP..HHZ,2019-07-06T13:00:00.000000Z,61,100.0,2949.9275585103223
CI.DTP..HHZ,2019-07-06T14:00:00.000000Z,62,100.0,4122.424956178852
CI.DTP..HHZ,2019-07-06T15:00:00.000000Z,63,100.0,342.27141450250946
CI.DTP..HHZ,2019-07-06T16:00:00.000000Z,64,100.0,1535.497307262634
CI.DTP..HHZ,2019-07-06T17:00:00.000000Z,65,100.0,14700.488699248419
CI.DTP..HHZ,2019-07-06T18:00:00.000000Z,66,100.0,790.7696699912243
CI.DTP..HHZ,2019-07-06T19:00:00.000000Z,67,100.0,268.35111400440513
CI.DTP..HHZ,2019-07-06T20:00:00.000000Z,68,100.0,266.3127063933951
CI.DTP..HHZ,2019-07-06T21:00:00.000000Z,69,100.0,237.63934006929563
CI.DTP..HHZ,2019-07-06T22:00:00.000000Z,70,100.0,219.58412115190194
CI.DTP..HHZ,2019-07-06T23:00:00.000000Z,71,100.0,2810.5786570151386
CI.EDW2..HHE,2019-07-04T00:00:00.000000Z,0,99.99976944261127,121.55646121977831
CI.EDW2..HHE,2019-07-04T01:00:00.000000Z,1,100.0,122.92796232038307
CI.EDW2..HHE,2019-07-04T02:00:00.000000Z,2,100.0,102.71437092787744
CI.EDW2..HHE,2019-07-04T03:00:00.000000Z,3,100.0,102.74454408806304
CI.EDW2..HHE,2019-07-04T04:00:00.000000Z,4,100.0,2998.1833249228885
CI.EDW2..HHE,2019-07-04T05:00:00.000000Z,5,100.0,759.7026393010009
CI.EDW2..HHE,2019-07-04T06:00:00.000000Z,6,100.0,172.54867159617754
CI.EDW2..HHE,2019-07-04T07:00:00.000000Z,7,100.0,98.69183316629206
CI.EDW2..HHE,2019-07-04T08:00:00.000000Z,8,100.0,92.02218673650397
CI.EDW2..HHE,2019-07-04T09:00:00.000000Z,9,100.0,96.86096477443279
CI.EDW2..HHE,2019-07-04T10:00:00.000000Z,10,100.0,96.05663659755305
CI.EDW2..HHE,2019-07-04T11:00:00.000000Z,11,100.0,102.34105104610772
CI.EDW2..HHE,2019-07-04T12:00:00.000000Z,12,100.0,83.7523188881297
CI.EDW2..HHE,2019-07-04T13:00:00.000000Z,13,100.0,92.01406700957679
CI.EDW2..HHE,2019-07-04T14:00:00.000000Z,14,100.0,93.79103657881373
CI.EDW2..HHE,2019-07-04T15:00:00.000000Z,15,100.0,91.37019024051938
CI.EDW2..HHE,2019-07-04T16:00:00.000000Z,16,100.0,88.91398819344326
CI.EDW2..HHE,2019-07-04T17:00:00.000000Z,17,100.0,269571.25341447076
CI.EDW2..HHE,2019-07-04T18:00:00.000000Z,18,100.0,6955.274893908105
CI.EDW2..HHE,2019-07-04T19:00:00.000000Z,19,100.0,3294.8199794376287
CI.EDW2..HHE,2019-07-04T20:00:00.000000Z,20,100.0,1166.9228173709748
CI.EDW2..HHE,2019-07-04T21:00:00.000000Z,21,100.0,643.2672556071562
CI.EDW2..HHE,2019-07-04T22:00:00.000000Z,22,100.0,2374.9196264173866
CI.EDW2..HHE,2019-07-04T23:00:00.000000Z,23,100.0,2001.5001688014295
CI.EDW2..HHE,2019-07-05T00:00:00.000000Z,24,100.0,1441.8686044410151
CI.EDW2..HHE,2019-07-05T01:00:00.000000Z,25,100.0,287.52131085105844
CI.EDW2..HHE,2019-07-05T02:00:00.000000Z,26,100.0,1358.4120538119776
CI.EDW2..HHE,2019-07-05T03:00:00.000000Z,27,100.0,479.2936497929509
CI.EDW2..HHE,2019-07-05T04:00:00.000000Z,28,100.0,418.372123715992
CI.EDW2..HHE,2019-07-05T05:00:00.000000Z,29,100.0,324.86371312337326
CI.EDW2..HHE,2019-07-05T06:00:00.000000Z,30,100.0,1123.9256289482687
CI.EDW2..HHE,2019-07-05T07:00:00.000000Z,31,100.0,913.1206254115182
CI.EDW2..HHE,2019-07-05T08:00:00.000000Z,32,100.0,515.9825897606487
CI.EDW2..HHE,2019-07-05T09:00:00.000000Z,33,100.0,448.1209370549665
CI.EDW2..HHE,2019-07-05T10:00:00.000000Z,34,100.0,253.1063172297259
CI.EDW2..HHE,2019-07-05T11:00:00.000000Z,35,100.0,23832.612891423643
CI.EDW2..HHE,2019-07-05T12:00:00.000000Z,36,100.0,1347.7389855808813
CI.EDW2..HHE,2019-07-05T13:00:00.000000Z,37,100.0,462.9612013890516
CI.EDW2..HHE,2019-07-05T14:00:00.000000Z,38,100.0,589.2476156121946
CI.EDW2..HHE,2019-07-05T15:00:00.000000Z,39,100.0,208.99860126624844
CI.EDW2..HHE,2019-07-05T16:00:00.000000Z,40,100.0,111.45623081572496
CI.EDW2..HHE,2019-07-05T17:00:00.000000Z,41,100.0,1285.791198084319
CI.EDW2..HHE,2019-07-05T18:00:00.000000Z,42,100.0,200.93735831408875
CI.EDW2..HHE,2019-07-05T19:00:00.000000Z,43,100.0,113.59698557056204
CI.EDW2..HHE,2019-07-05T20:00:00.000000Z,44,100.0,172.93459248162736
CI.EDW2..HHE,2019-07-05T21:00:00.000000Z,45,100.0,248.96169843301956
CI.EDW2..HHE,2019-07-05T22:00:00.000000Z,46,100.0,188.00258749222613
CI.EDW2..HHE,2019-07-05T23:00:00.000000Z,47,100.0,162.3171483769124
CI.EDW2..HHE,2019-07-06T00:00:00.000000Z,48,100.0,572.9361033347725
CI.EDW2..HHE,2019-07-06T01:00:00.000000Z,49,100.0,163.65916550515698
CI.EDW2..HHE,2019-07-06T02:00:00.000000Z,50,100.0,173.31362098935287
CI.EDW2..HHE,2019-07-06T03:00:00.000000Z,51,100.0,542542.7472798453
CI.EDW2..HHE,2019-07-06T04:00:00.000000Z,52,100.0,27298.97093845214
CI.EDW2..HHE,2019-07-06T05:00:00.000000Z,53,100.0,3057.3655543348614
CI.EDW2..HHE,2019-07-06T06:00:00.000000Z,54,100.0,4171.818692657661
CI.EDW2..HHE,2019-07-06T07:00:00.000000Z,55,100.0,2687.4154781618777
CI.EDW2..HHE,2019-07-06T08:00:00.000000Z,56,100.0,6958.976674872853
CI.EDW2..HHE,2019-07-06T09:00:00.000000Z,57,100.0,5476.107863092994
CI.EDW2..HHE,2019-07-06T10:00:00.000000Z,58,100.0,2343.720232986889
CI.EDW2..HHE,2019-07-06T11:00:00.000000Z,59,100.0,1364.259714101455
CI.EDW2..HHE,2019-07-06T12:00:00.000000Z,60,100.0,700.4427144052548
CI.EDW2..HHE,2019-07-06T13:00:00.000000Z,61,100.0,2492.00710661077
CI.EDW2..HHE,2019-07-06T14:00:00.000000Z,62,100.0,425.7287077981835
CI.EDW2..HHE,2019-07-06T15:00:00.000000Z,63,100.0,523.642218923059
CI.EDW2..HHE,2019-07-06T16:00:00.000000Z,64,100.0,2076.070023223625
CI.EDW2..HHE,2019-07-06T17:00:00.000000Z,65,100.0,1132.8458913165746
CI.EDW2..HHE,2019-07-06T18:00:00.000000Z,66,100.0,1268.3895621577053
CI.EDW2..HHE,2019-07-06T19:00:00.000000Z,67,100.0,413.0214929077542
CI.EDW2..HHE,2019-07-06T20:00:00.000000Z,68,100.0,534.080947840187
CI.EDW2..HHE,2019-07-06T21:00:00.000000Z,69,100.0,345.84087595183576
CI.EDW2..HHE,2019-07-06T22:00:00.000000Z,70,100.0,435.85755835590385
CI.EDW2..HHE,2019-07-06T23:00:00.000000Z,71,100.0,4530.27382026585
CI.EDW2..HHN,2019-07-04T00:00:00.000000Z,0,99.99976944261127,112.0594456354503
CI.EDW2..HHN,2019-07-04T01:00:00.000000Z,1,100.0,109.86450400551355
CI.EDW2..HHN,2019-07-04T02:00:00.000000Z,2,100.0,96.74279830760038
CI.EDW2..HHN,2019-07-04T03:00:00.000000Z,3,100.0,92.72386936113465
CI.EDW2..HHN,2019-07-04T04:00:00.000000Z,4,100.0,3101.4365790135944
CI.EDW2..HHN,2019-07-04T05:00:00.000000Z,5,100.0,724.9371024213377
CI.EDW2..HHN,2019-07-04T06:00:00.000000Z,6,100.0,166.78671723151814
CI.EDW2..HHN,2019-07-04T07:00:00.000000Z,7,100.0,109.4319445023038
CI.EDW2..HHN,2019-07-04T08:00:00.000000Z,8,100.0,103.82215343864067
CI.EDW2..HHN,2019-07-04T09:00:00.000000Z,9,100.0,102.93317283940128
CI.EDW2..HHN,2019-07-04T10:00:00.000000Z,10,100.0,99.58451415499148
CI.EDW2..HHN,2019-07-04T11:00:00.000000Z,11,100.0,96.91391041745608
CI.EDW2..HHN,2019-07-04T12:00:00.000000Z,12,100.0,92.04149840315768
CI.EDW2..HHN,2019-07-04T13:00:00.000000Z,13,100.0,102.8545210663855
CI.EDW2..HHN,2019-07-04T14:00:00.000000Z,14,100.0,97.09192079491623
CI.EDW2..HHN,2019-07-04T15:00:00.000000Z,15,100.0,95.24590003560364
CI.EDW2..HHN,2019-07-04T16:00:00.000000Z,16,100.0,94.05461046309307
CI.EDW2..HHN,2019-07-04T17:00:00.000000Z,17,100.0,181491.86028076778
CI.EDW2..HHN,2019-07-04T18:00:00.000000Z,18,100.0,5300.993361217112
CI.EDW2..HHN,2019-07-04T19:00:00.000000Z,19,100.0,2686.139925381727
CI.EDW2..HHN,2019-07-04T20:00:00.000000Z,20,100.0,958.465418447055
CI.EDW2..HHN,2019-07-04T21:00:00.000000Z,21,100.0,478.6667110124294
CI.EDW2..HHN,2019-07-04T22:00:00.000000Z,22,100.0,1861.138530708289
CI.EDW2..HHN,2019-07-04T23:00:00.000000Z,23,100.0,1331.9896959380485
CI.EDW2..HHN,2019-07-05T00:00:00.000000Z,24,100.0,1451.4721231797735
CI.EDW2..HHN,2019-07-05T01:00:00.000000Z,25,100.0,219.2392921875294
CI.EDW2..HHN,2019-07-05T02:00:00.000000Z,26,100.0,944.0786714183265
CI.EDW2..HHN,2019-07-05T03:00:00.000000Z,27,100.0,389.8550150692348
CI.EDW2..HHN,2019-07-05T04:00:00.000000Z,28,100.0,350.18956833399926
CI.EDW2..HHN,2019-07-05T05:00:00.000000Z,29,100.0,255.7460797720065
CI.EDW2..HHN,2019-07-05T06:00:00.000000Z,30,100.0,914.0829579039971
CI.EDW2..HHN,2019-07-05T07:00:00.000000Z,31,100.0,702.2344765178832
CI.EDW2..HHN,2019-07-05T08:00:00.000000Z,32,100.0,393.6151483244343
CI.EDW2..HHN,2019-07-05T09:00:00.000000Z,33,100.0,453.82355511393854
CI.EDW2..HHN,2019-07-05T10:00:00.000000Z,34,100.0,225.18330452606824
CI.EDW2..HHN,2019-07-05T11:00:00.000000Z,35,100.0,21072.897431564525
CI.EDW2..HHN,2019-07-05T12:00:00.000000Z,36,100.0,1146.8482172653423
CI.EDW2..HHN,2019-07-05T13:00:00.000000Z,37,100.0,453.55101349744365
CI.EDW2..HHN,2019-07-05T14:00:00.000000Z,38,100.0,566.6019135642753
CI.EDW2..HHN,2019-07-05T15:00:00.000000Z,39,100.0,173.36956520103593
CI.EDW2..HHN,2019-07-05T16:00:00.000000Z,40,100.0,103.75787597036192
CI.EDW2..HHN,2019-07-05T17:00:00.000000Z,41,100.0,933.1743943108081
CI.EDW2..HHN,2019-07-05T18:00:00.000000Z,42,100.0,172.45072984554793
CI.EDW2..HHN,2019-07-05T19:00:00.000000Z,43,100.0,108.50449575379217
CI.EDW2..HHN,2019-07-05T20:00:00.000000Z,44,100.0,154.06966115547914
CI.EDW2..HHN,2019-07-05T21:00:00.000000Z,45,100.0,196.14241045021708
CI.EDW2..HHN,2019-07-05T22:00:00.000000Z,46,100.0,162.17280931578816
CI.EDW2..HHN,2019-07-05T23:00:00.000000Z,47,100.0,135.34695963747893
CI.EDW2..HHN,2019-07-06T00:00:00.000000Z,48,100.0,489.17955145843143
CI.EDW2..HHN,2019-07-06T01:00:00.000000Z,49,100.0,131.30624904794269
CI.EDW2..HHN,2019-07-06T02:00:00.000000Z,50,100.0,139.90404404255463
CI.EDW2..HHN,2019-07-06T03:00:00.000000Z,51,100.0,501958.9099701193
CI.EDW2..HHN,2019-07-06T04:00:00.000000Z,52,100.0,27622.301653761664
CI.EDW2..HHN,2019-07-06T05:00:00.000000Z,53,100.0,2866.991114477748
CI.EDW2..HHN,2019-07-06T06:00:00.000000Z,54,100.0,3698.7007963703004
CI.EDW2..HHN,2019-07-06T07:00:00.000000Z,55,100.0,2035.9344551424579
CI.EDW2..HHN,2019-07-06T08:00:00.000000Z,56,100.0,5975.181441031644
CI.EDW2..HHN,2019-07-06T09:00:00.000000Z,57,100.0,5139.609557629678
CI.EDW2..HHN,2019-07-06T10:00:00.000000Z,58,100.0,2013.9589420434788
CI.EDW2..HHN,2019-07-06T11:00:00.000000Z,59,100.0,1136.8404841461418
CI.EDW2..HHN,2019-07-06T12:00:00.000000Z,60,100.0,555.4733017098032
CI.EDW2..HHN,2019-07-06T13:00:00.000000Z,61,100.0,2063.8826014096835
CI.EDW2..HHN,2019-07-06T14:00:00.000000Z,62,100.0,341.65460641798586
CI.EDW2..HHN,2019-07-06T15:00:00.000000Z,63,100.0,431.87953221425323
CI.EDW2..HHN,2019-07-06T16:00:00.000000Z,64,100.0,1717.3253637114303
CI.EDW2..HHN,2019-07-06T17:00:00.000000Z,65,100.0,1032.695436422515
CI.EDW2..HHN,2019-07-06T18:00:00.000000Z,66,100.0,987.9679800745515
CI.EDW2..HHN,2019-07-06T19:00:00.000000Z,67,100.0,335.84518274936835
CI.EDW2..HHN,2019-07-06T20:00:00.000000Z,68,100.0,421.4402659377518
CI.EDW2..HHN,2019-07-06T21:00:00.000000Z,69,100.0,292.0572713450527
CI.EDW2..HHN,2019-07-06T22:00:00.000000Z,70,100.0,339.23562927114773
CI.EDW2..HHN,2019-07-06T23:00:00.000000Z,71,100.0,3247.9022012139862
CI.EDW2..HHZ,2019-07-04T00:00:00.000000Z,0,99.99976944261127,106.48105652509798
CI.EDW2..HHZ,2019-07-04T01:00:00.000000Z,1,100.0,105.23414504943324
CI.EDW2..HHZ,2019-07-04T02:00:00.000000Z,2,100.0,101.91334941253139
CI.EDW2..HHZ,2019-07-04T03:00:00.000000Z,3,100.0,93.28699898320538
CI.EDW2..HHZ,2019-07-04T04:00:00.000000Z,4,100.0,2967.183774251957
CI.EDW2..HHZ,2019-07-04T05:00:00.000000Z,5,100.0,758.3580291657886
CI.EDW2..HHZ,2019-07-04T06:00:00.000000Z,6,100.0,206.97094921459387
CI.EDW2..HHZ,2019-07-04T07:00:00.000000Z,7,100.0,115.95014318403308
CI.EDW2..HHZ,2019-07-04T08:00:00.000000Z,8,100.0,98.07245947285794
CI.EDW2..HHZ,2019-07-04T09:00:00.000000Z,9,100.0,100.92523223926706
CI.EDW2..HHZ,2019-07-04T10:00:00.000000Z,10,100.0,96.85024450820188
CI.EDW2..HHZ,2019-07-04T11:00:00.000000Z,11,100.0,91.55820726073591
CI.EDW2..HHZ,2019-07-04T12:00:00.000000Z,12,100.0,93.78851242383195
CI.EDW2..HHZ,2019-07-04T13:00:00.000000Z,13,100.0,100.04913909216287
CI.EDW2..HHZ,2019-07-04T14:00:00.000000Z,14,100.0,99.75746113270593
CI.EDW2..HHZ,2019-07-04T15:00:00.000000Z,15,100.0,94.74484780955257
CI.EDW2..HHZ,2019-07-04T16:00:00.000000Z,16,100.0,96.6581743158255
CI.EDW2..HHZ,2019-07-04T17:00:00.000000Z,17,100.0,127471.05772009578
CI.EDW2..HHZ,2019-07-04T18:00:00.000000Z,18,100.0,3971.7432017817587
CI.EDW2..HHZ,2019-07-04T19:00:00.000000Z,19,100.0,1970.9417827865527
CI.EDW2..HHZ,2019-07-04T20:00:00.000000Z,20,100.0,709.6995308144583
CI.EDW2..HHZ,2019-07-04T21:00:00.000000Z,21,100.0,308.19230544490307
CI.EDW2..HHZ,2019-07-04T22:00:00.000000Z,22,100.0,1400.3260454903384
CI.EDW2..HHZ,2019-07-04T23:00:00.000000Z,23,100.0,855.3180445028254
CI.EDW2..HHZ,2019-07-05T00:00:00.000000Z,24,100.0,909.705578662816
CI.EDW2..HHZ,2019-07-05T01:00:00.000000Z,25,100.0,152.80702315438194
CI.EDW2..HHZ,2019-07-05T02:00:00.000000Z,26,100.0,645.7255452818276
CI.EDW2..HHZ,2019-07-05T03:00:00.000000Z,27,100.0,260.275127757246
CI.EDW2..HHZ,2019-07-05T04:00:00.000000Z,28,100.0,250.82262232703334
CI.EDW2..HHZ,2019-07-05T05:00:00.000000Z,29,100.0,177.0599205795909
CI.EDW2..HHZ,2019-07-05T06:00:00.000000Z,30,100.0,503.08941596911194
CI.EDW2..HHZ,2019-07-05T07:00:00.000000Z,31,100.0,450.7245242379663
CI.EDW2..HHZ,2019-07-05T08:00:00.000000Z,32,100.0,263.5969550252282
CI.EDW2..HHZ,2019-07-05T09:00:00.000000Z,33,100.0,256.3240908469799
CI.EDW2..HHZ,2019-07-05T10:00:00.000000Z,34,100.0,196.84229517960233
CI.EDW2..HHZ,2019-07-05T11:00:00.000000Z,35,100.0,16689.33690829585
CI.EDW2..HHZ,2019-07-05T12:00:00.000000Z,36,100.0,782.8304485574313
CI.EDW2..HHZ,2019-07-05T13:00:00.000000Z,37,100.0,406.63384497528625
CI.EDW2..HHZ,2019-07-05T14:00:00.000000Z,38,100.0,395.13495019898136
CI.EDW2..HHZ,2019-07-05T15:00:00.000000Z,39,100.0,130.55303191834003
CI.EDW2..HHZ,2019-07-05T16:00:00.000000Z,40,100.0,100.32422892389476
CI.EDW2..HHZ,2019-07-05T17:00:00.000000Z,41,100.0,589.1401240745922
CI.EDW2..HHZ,2019-07-05T18:00:00.000000Z,42,100.0,131.59795781087053
CI.EDW2..HHZ,2019-07-05T19:00:00.000000Z,43,100.0,94.15782318129082
CI.EDW2..HHZ,2019-07-05T20:00:00.000000Z,44,100.0,112.16578606970079
CI.EDW2..HHZ,2019-07-05T21:00:00.000000Z,45,100.0,134.07462351298017
CI.EDW2..HHZ,2019-07-05T22:00:00.000000Z,46,100.0,118.76865364501228
CI.EDW2..HHZ,2019-07-05T23:00:00.000000Z,47,100.0,106.18274992721696
CI.EDW2..HHZ,2019-07-06T00:00:00.000000Z,48,100.0,317.75671141590965
CI.EDW2..HHZ,2019-07-06T01:00:00.000000Z,49,100.0,107.36761836474732
CI.EDW2..HHZ,2019-07-06T02:00:00.000000Z,50,100.0,108.85490102823294
CI.EDW2..HHZ,2019-07-06T03:00:00.000000Z,51,100.0,410457.49273681565
CI.EDW2..HHZ,2019-07-06T04:00:00.000000Z,52,100.0,22484.869170646285
CI.EDW2..HHZ,2019-07-06T05:00:00.000000Z,53,100.0,2446.4197984291886
CI.EDW2..HHZ,2019-07-06T06:00:00.000000Z,54,100.0,2491.619791399574
CI.EDW2..HHZ,2019-07-06T07:00:00.000000Z,55,100.0,1333.8775496823441
CI.EDW2..HHZ,2019-07-06T08:00:00.000000Z,56,100.0,4122.649608500068
CI.EDW2..HHZ,2019-07-06T09:00:00.000000Z,57,100.0,3847.7363702497864
CI.EDW2..HHZ,2019-07-06T10:00:00.000000Z,58,100.0,1073.6055928316196
CI.EDW2..HHZ,2019-07-06T11:00:00.000000Z,59,100.0,797.1536780731345
CI.EDW2..HHZ,2019-07-06T12:00:00.000000Z,60,100.0,368.36138293950023
CI.EDW2..HHZ,2019-07-06T13:00:00.000000Z,61,100.0,1731.5241074727026
CI.EDW2..HHZ,2019-07-06T14:00:00.000000Z,62,100.0,209.91631577594922
CI.EDW2..HHZ,2019-07-06T15:00:00.000000Z,63,100.0,294.3188243600328
CI.EDW2..HHZ,2019-07-06T16:00:00.000000Z,64,100.0,1142.8813872262904
CI.EDW2..HHZ,2019-07-06T17:00:00.000000Z,65,100.0,635.5627568281384
CI.EDW2..HHZ,2019-07-06T18:00:00.000000Z,66,100.0,616.1243009827531
CI.EDW2..HHZ,2019-07-06T19:00:00.000000Z,67,100.0,227.00132228746182
CI.EDW2..HHZ,2019-07-06T20:00:00.000000Z,68,100.0,259.0681429325859
CI.EDW2..HHZ,2019-07-06T21:00:00.000000Z,69,100.0,197.7453340188882
CI.EDW2..HHZ,2019-07-06T22:00:00.000000Z,70,100.0,215.64829081268144
CI.EDW2..HHZ,2019-07-06T23:00:00.000000Z,71,100.0,2370.2762386248737
CI.FUR..HHE,2019-07-04T00:00:00.000000Z,0,99.99976944261127,403.3412517896757
CI.FUR..HHE,2019-07-04T01:00:00.000000Z,1,100.0,403.12376782007846
CI.FUR..HHE,2019-07-04T02:00:00.000000Z,2,100.0,408.75442521021773
CI.FUR..HHE,2019-07-04T03:00:00.000000Z,3,100.0,392.40464789529227
CI.FUR..HHE,2019-07-04T04:00:00.000000Z,4,100.0,5163.4610002926065
CI.FUR..HHE,2019-07-04T05:00:00.000000Z,5,100.0,967.5164928976311
CI.FUR..HHE,2019-07-04T06:00:00.000000Z,6,100.0,419.65816664691886
CI.FUR..HHE,2019-07-04T07:00:00.000000Z,7,100.0,371.9101207059429
CI.FUR..HHE,2019-07-04T08:00:00.000000Z,8,100.0,361.46138638292535
CI.FUR..HHE,2019-07-04T09:00:00.000000Z,9,100.0,365.57723872101155
CI.FUR..HHE,2019-07-04T10:00:00.000000Z,10,100.0,362.5947522066321
CI.FUR..HHE,2019-07-04T11:00:00.000000Z,11,100.0,353.3044857799047
CI.FUR..HHE,2019-07-04T12:00:00.000000Z,12,100.0,363.38467161349433
CI.FUR..HHE,2019-07-04T13:00:00.000000Z,13,100.0,374.95639290219094
CI.FUR..HHE,2019-07-04T14:00:00.000000Z,14,100.0,779.8191726075889
CI.FUR..HHE,2019-07-04T15:00:00.000000Z,15,100.0,343.95537793681166
CI.FUR..HHE,2019-07-04T16:00:00.000000Z,16,100.0,351.6788900474864
CI.FUR..HHE,2019-07-04T17:00:00.000000Z,17,100.0,3706281.0080955247
CI.FUR..HHE,2019-07-04T18:00:00.000000Z,18,100.0,260.35924700305924
CI.FUR..HHE,2019-07-04T19:00:00.000000Z,19,100.0,85.45160362743347
CI.FUR..HHE,2019-07-04T20:00:00.000000Z,20,100.0,43.4509421646988
CI.FUR..HHE,2019-07-04T21:00:00.000000Z,21,100.0,24.574027193360067
CI.FUR..HHE,2019-07-04T22:00:00.000000Z,22,100.0,21.581965851145256
CI.FUR..HHE,2019-07-04T23:00:00.000000Z,23,100.0,16.78471216613499
CI.FUR..HHE,2019-07-05T00:00:00.000000Z,24,100.0,12.236919036260721
CI.FUR..HHE,2019-07-05T01:00:00.000000Z,25,100.0,11.83909044225949
CI.FUR..HHE,2019-07-05T02:00:00.000000Z,26,100.0,13.162446581088183
CI.FUR..HHE,2019-07-05T03:00:00.000000Z,27,100.0,10.38102234849728
CI.FUR..HHE,2019-07-05T04:00:00.000000Z,28,100.0,8.773183572683294
CI.FUR..HHE,2019-07-05T05:00:00.000000Z,29,100.0,6.619691269236051
CI.FUR..HHE,2019-07-05T06:00:00.000000Z,30,100.0,7.59059862593195
CI.FUR..HHE,2019-07-05T07:00:00.000000Z,31,100.0,9.019943181639228
CI.FUR..HHE,2019-07-05T08:00:00.000000Z,32,100.0,6.855084791598132
CI.FUR..HHE,2019-07-05T09:00:00.000000Z,33,100.0,6.162512677471747
CI.FUR..HHE,2019-07-05T10:00:00.000000Z,34,100.0,6.385408170195544
CI.FUR..HHE,2019-07-05T11:00:00.000000Z,35,100.0,9.393315442377094
CI.FUR..HHE,2019-07-05T12:00:00.000000Z,36,100.0,9.026869612440406
CI.FUR..HHE,2019-07-05T13:00:00.000000Z,37,100.0,2232677.3511792286
CI.FUR..HHE,2019-07-05T14:00:00.000000Z,38,100.0,1921.1383055135811
CI.FUR..HHE,2019-07-05T15:00:00.000000Z,39,100.0,453.36831371869596
CI.FUR..HHE,2019-07-05T16:00:00.000000Z,40,100.0,370.52719472583453
CI.FUR..HHE,2019-07-05T17:00:00.000000Z,41,100.0,1655.1128438335209
CI.FUR..HHE,2019-07-05T18:00:00.000000Z,42,100.0,746.9763250284781
CI.FUR..HHE,2019-07-05T19:00:00.000000Z,43,100.0,352.1217470229186
CI.FUR..HHE,2019-07-05T20:00:00.000000Z,44,100.0,452.15477699961684
CI.FUR..HHE,2019-07-05T21:00:00.000000Z,45,100.0,457.6866276810862
CI.FUR..HHE,2019-07-05T22:00:00.000000Z,46,100.0,513.0320416319836
CI.FUR..HHE,2019-07-05T23:00:00.000000Z,47,100.0,440.73478054652725
CI.FUR..HHE,2019-07-06T00:00:00.000000Z,48,100.0,1687.5631201564975
CI.FUR..HHE,2019-07-06T01:00:00.000000Z,49,100.0,411.3838809734556
CI.FUR..HHE,2019-07-06T02:00:00.000000Z,50,100.0,411.0217134575309
CI.FUR..HHE,2019-07-06T03:00:00.000000Z,51,100.0,713378.6391323732
CI.FUR..HHE,2019-07-06T04:00:00.000000Z,52,100.0,83035.34051261655
CI.FUR..HHE,2019-07-06T05:00:00.000000Z,53,100.0,11160.752402615353
CI.FUR..HHE,2019-07-06T06:00:00.000000Z,54,100.0,16541.67976483655
CI.FUR..HHE,2019-07-06T07:00:00.000000Z,55,100.0,4406.872313803649
CI.FUR..HHE,2019-07-06T08:00:00.000000Z,56,100.0,16335.338154926652
CI.FUR..HHE,2019-07-06T09:00:00.000000Z,57,100.0,24825.965143863305
CI.FUR..HHE,2019-07-06T10:00:00.000000Z,58,100.0,4094.802348833371
CI.FUR..HHE,2019-07-06T11:00:00.000000Z,59,100.0,5135.863372701928
CI.FUR..HHE,2019-07-06T12:00:00.000000Z,60,100.0,2049.7701852761425
CI.FUR..HHE,2019-07-06T13:00:00.000000Z,61,100.0,7455.134941859318
CI.FUR..HHE,2019-07-06T14:00:00.000000Z,62,100.0,620.8775227639255
CI.FUR..HHE,2019-07-06T15:00:00.000000Z,63,100.0,1496.9832823937775
CI.FUR..HHE,2019-07-06T16:00:00.000000Z,64,100.0,4823.029204682422
CI.FUR..HHE,2019-07-06T17:00:00.000000Z,65,100.0,3869.4980968616346
CI.FUR..HHE,2019-07-06T18:00:00.000000Z,66,100.0,2722.6263638826367
CI.FUR..HHE,2019-07-06T19:00:00.000000Z,67,100.0,1074.1842922076505
CI.FUR..HHE,2019-07-06T20:00:00.000000Z,68,100.0,688.4798494663924
CI.FUR..HHE,2019-07-06T21:00:00.000000Z,69,100.0,1313.6126423460976
CI.FUR..HHE,2019-07-06T22:00:00.000000Z,70,100.0,646.6343439615467
CI.FUR..HHE,2019-07-06T23:00:00.000000Z,71,100.0,10169.709478069277
CI.FUR..HHN,2019-07-04T00:00:00.000000Z,0,99.99976944261127,1502.276731300666
CI.FUR..HHN,2019-07-04T01:00:00.000000Z,1,100.0,1480.6466875077238
CI.FUR..HHN,2019-07-04T02:00:00.000000Z,2,100.0,1461.985567552828
CI.FUR..HHN,2019-07-04T03:00:00.000000Z,3,100.0,1502.3730341330074
CI.FUR..HHN,2019-07-04T04:00:00.000000Z,4,100.0,5328.074911430683
CI.FUR..HHN,2019-07-04T05:00:00.000000Z,5,100.0,1806.4861846523377
CI.FUR..HHN,2019-07-04T06:00:00.000000Z,6,100.0,1610.0751912285477
CI.FUR..HHN,2019-07-04T07:00:00.000000Z,7,100.0,1599.5402186837093
CI.FUR..HHN,2019-07-04T08:00:00.000000Z,8,100.0,1596.9541153426273
CI.FUR..HHN,2019-07-04T09:00:00.000000Z,9,100.0,1595.6628802846826
CI.FUR..HHN,2019-07-04T10:00:00.000000Z,10,100.0,1601.2413933520397
CI.FUR..HHN,2019-07-04T11:00:00.000000Z,11,100.0,1602.4329317369065
CI.FUR..HHN,2019-07-04T12:00:00.000000Z,12,100.0,1554.42900884176
CI.FUR..HHN,2019-07-04T13:00:00.000000Z,13,100.0,1561.948288936032
CI.FUR..HHN,2019-07-04T14:00:00.000000Z,14,100.0,1699.6344759529443
CI.FUR..HHN,2019-07-04T15:00:00.000000Z,15,100.0,1610.4458111786905
CI.FUR..HHN,2019-07-04T16:00:00.000000Z,16,100.0,1592.8372558982708
CI.FUR..HHN,2019-07-04T17:00:00.000000Z,17,100.0,402094.2788239687
CI.FUR..HHN,2019-07-04T18:00:00.000000Z,18,100.0,19305.227385559534
CI.FUR..HHN,2019-07-04T19:00:00.000000Z,19,100.0,10448.408229210238
CI.FUR..HHN,2019-07-04T20:00:00.000000Z,20,100.0,2902.5914816709897
CI.FUR..HHN,2019-07-04T21:00:00.000000Z,21,100.0,1590.0801387206789
CI.FUR..HHN,2019-07-04T22:00:00.000000Z,22,100.0,6414.655077044427
CI.FUR..HHN,2019-07-04T23:00:00.000000Z,23,100.0,3680.416567569878
CI.FUR..HHN,2019-07-05T00:00:00.000000Z,24,100.0,5416.470058945712
CI.FUR..HHN,2019-07-05T01:00:00.000000Z,25,100.0,1547.7451262845677
CI.FUR..HHN,2019-07-05T02:00:00.000000Z,26,100.0,2307.4433723107863
CI.FUR..HHN,2019-07-05T03:00:00.000000Z,27,100.0,1690.1074101809922
CI.FUR..HHN,2019-07-05T04:00:00.000000Z,28,100.0,1999.9539957664117
CI.FUR..HHN,2019-07-05T05:00:00.000000Z,29,100.0,1699.6711334703523
CI.FUR..HHN,2019-07-05T06:00:00.000000Z,30,100.0,1853.6957426725041
CI.FUR..HHN,2019-07-05T07:00:00.000000Z,31,100.0,2183.614845943494
CI.FUR..HHN,2019-07-05T08:00:00.000000Z,32,100.0,1700.9468407843065
CI.FUR..HHN,2019-07-05T09:00:00.000000Z,33,100.0,1696.2795205565717
CI.FUR..HHN,2019-07-05T10:00:00.000000Z,34,100.0,1615.7849709365807
CI.FUR..HHN,2019-07-05T11:00:00.000000Z,35,100.0,79452.19449033285
CI.FUR..HHN,2019-07-05T12:00:00.000000Z,36,100.0,4170.700160961146
CI.FUR..HHN,2019-07-05T13:00:00.000000Z,37,100.0,1866.491283488677
CI.FUR..HHN,2019-07-05T14:00:00.000000Z,38,100.0,2362.2275801107585
CI.FUR..HHN,2019-07-05T15:00:00.000000Z,39,100.0,1653.4252153292898
CI.FUR..HHN,2019-07-05T16:00:00.000000Z,40,100.0,1626.361665830655
CI.FUR..HHN,2019-07-05T17:00:00.000000Z,41,100.0,2074.9979568453145
CI.FUR..HHN,2019-07-05T18:00:00.000000Z,42,100.0,1631.6649081209982
CI.FUR..HHN,2019-07-05T19:00:00.000000Z,43,100.0,1576.8620869253552
CI.FUR..HHN,2019-07-05T20:00:00.000000Z,44,100.0,1532.723798295556
CI.FUR..HHN,2019-07-05T21:00:00.000000Z,45,100.0,1486.5165577478613
CI.FUR..HHN,2019-07-05T22:00:00.000000Z,46,100.0,1481.0119125968174
CI.FUR..HHN,2019-07-05T23:00:00.000000Z,47,100.0,1474.905581944126
CI.FUR..HHN,2019-07-06T00:00:00.000000Z,48,100.0,1950.9573465530934
CI.FUR..HHN,2019-07-06T01:00:00.000000Z,49,100.0,1511.7315027683057
CI.FUR..HHN,2019-07-06T02:00:00.000000Z,50,100.0,1547.7447506031663
CI.FUR..HHN,2019-07-06T03:00:00.000000Z,51,100.0,693975.5923685511
CI.FUR..HHN,2019-07-06T04:00:00.000000Z,52,100.0,75607.45830016816
CI.FUR..HHN,2019-07-06T05:00:00.000000Z,53,100.0,9957.323937383306
CI.FUR..HHN,2019-07-06T06:00:00.000000Z,54,100.0,15312.771782674756
CI.FUR..HHN,2019-07-06T07:00:00.000000Z,55,100.0,4310.789466641294
CI.FUR..HHN,2019-07-06T08:00:00.000000Z,56,100.0,14663.22591530786
CI.FUR..HHN,2019-07-06T09:00:00.000000Z,57,100.0,26233.17819857306
CI.FUR..HHN,2019-07-06T10:00:00.000000Z,58,100.0,3812.9348551824337
CI.FUR..HHN,2019-07-06T11:00:00.000000Z,59,100.0,4657.65591355284
CI.FUR..HHN,2019-07-06T12:00:00.000000Z,60,100.0,2230.296831824544
CI.FUR..HHN,2019-07-06T13:00:00.000000Z,61,100.0,7828.532107643786
CI.FUR..HHN,2019-07-06T14:00:00.000000Z,62,100.0,1717.5837896488872
CI.FUR..HHN,2019-07-06T15:00:00.000000Z,63,100.0,1995.277566168307
CI.FUR..HHN,2019-07-06T16:00:00.000000Z,64,100.0,4110.359850883826
CI.FUR..HHN,2019-07-06T17:00:00.000000Z,65,100.0,3837.391716922676
CI.FUR..HHN,2019-07-06T18:00:00.000000Z,66,100.0,2641.039739508539
CI.FUR..HHN,2019-07-06T19:00:00.000000Z,67,100.0,1734.9419501694501
CI.FUR..HHN,2019-07-06T20:00:00.000000Z,68,100.0,1613.0821400943369
CI.FUR..HHN,2019-07-06T21:00:00.000000Z,69,100.0,1735.5248142961523
CI.FUR..HHN,2019-07-06T22:00:00.000000Z,70,100.0,1523.5016108890163
CI.FUR..HHN,2019-07-06T23:00:00.000000Z,71,100.0,9496.937828641492
CI.FUR..HHZ,2019-07-04T00:00:00.000000Z,0,99.99976944261127,1616.0246445580233
CI.FUR..HHZ,2019-07-04T01:00:00.000000Z,1,100.0,1575.2419418678203
CI.FUR..HHZ,2019-07-04T02:00:00.000000Z,2,100.0,1579.7487716239702
CI.FUR..HHZ,2019-07-04T03:00:00.000000Z,3,100.0,1605.9615089917775
CI.FUR..HHZ,2019-07-04T04:00:00.000000Z,4,100.0,6064.911045238426
CI.FUR..HHZ,2019-07-04T05:00:00.000000Z,5,100.0,1824.2633493754263
CI.FUR..HHZ,2019-07-04T06:00:00.000000Z,6,100.0,1675.6813719615604
CI.FUR..HHZ,2019-07-04T07:00:00.000000Z,7,100.0,1658.7083608794203
CI.FUR..HHZ,2019-07-04T08:00:00.000000Z,8,100.0,1644.688856972243
CI.FUR..HHZ,2019-07-04T09:00:00.000000Z,9,100.0,1641.2467555697315
CI.FUR..HHZ,2019-07-04T10:00:00.000000Z,10,100.0,1656.454754031192
CI.FUR..HHZ,2019-07-04T11:00:00.000000Z,11,100.0,1651.4038896529548
CI.FUR..HHZ,2019-07-04T12:00:00.000000Z,12,100.0,1601.7864855135037
CI.FUR..HHZ,2019-07-04T13:00:00.000000Z,13,100.0,1603.4445550750033
CI.FUR..HHZ,2019-07-04T14:00:00.000000Z,14,100.0,1639.9760445077652
CI.FUR..HHZ,2019-07-04T15:00:00.000000Z,15,100.0,1663.1267264598414
CI.FUR..HHZ,2019-07-04T16:00:00.000000Z,16,100.0,1691.8019927948324
CI.FUR..HHZ,2019-07-04T17:00:00.000000Z,17,100.0,180957.3770541034
CI.FUR..HHZ,2019-07-04T18:00:00.000000Z,18,100.0,11419.430605090261
CI.FUR..HHZ,2019-07-04T19:00:00.000000Z,19,100.0,6604.714574987323
CI.FUR..HHZ,2019-07-04T20:00:00.000000Z,20,100.0,2456.237197462925
CI.FUR..HHZ,2019-07-04T21:00:00.000000Z,21,100.0,1716.871209536751
CI.FUR..HHZ,2019-07-04T22:00:00.000000Z,22,100.0,3929.4982041605463
CI.FUR..HHZ,2019-07-04T23:00:00.000000Z,23,100.0,2574.181550228548
CI.FUR..HHZ,2019-07-05T00:00:00.000000Z,24,100.0,3664.24865854261
CI.FUR..HHZ,2019-07-05T01:00:00.000000Z,25,100.0,1615.4633234015184
CI.FUR..HHZ,2019-07-05T02:00:00.000000Z,26,100.0,2080.426782287817
CI.FUR..HHZ,2019-07-05T03:00:00.000000Z,27,100.0,1720.4176638947247
CI.FUR..HHZ,2019-07-05T04:00:00.000000Z,28,100.0,1845.8671467866498
CI.FUR..HHZ,2019-07-05T05:00:00.000000Z,29,100.0,1692.4729533814527
CI.FUR..HHZ,2019-07-05T06:00:00.000000Z,30,100.0,1734.1945025901239
CI.FUR..HHZ,2019-07-05T07:00:00.000000Z,31,100.0,1876.4685237452654
CI.FUR..HHZ,2019-07-05T08:00:00.000000Z,32,100.0,1680.3347089333638
CI.FUR..HHZ,2019-07-05T09:00:00.000000Z,33,100.0,1682.0761976644974
CI.FUR..HHZ,2019-07-05T10:00:00.000000Z,34,100.0,1620.2715440513548
CI.FUR..HHZ,2019-07-05T11:00:00.000000Z,35,100.0,41999.67975775218
CI.FUR..HHZ,2019-07-05T12:00:00.000000Z,36,100.0,3083.063018531261
CI.FUR..HHZ,2019-07-05T13:00:00.000000Z,37,100.0,30257.574166801172
CI.FUR..HHZ,2019-07-05T14:00:00.000000Z,38,100.0,1975.7939380676114
CI.FUR..HHZ,2019-07-05T15:00:00.000000Z,39,100.0,1690.9046402401523
CI.FUR..HHZ,2019-07-05T16:00:00.000000Z,40,100.0,1704.2554854866294
CI.FUR..HHZ,2019-07-05T17:00:00.000000Z,41,100.0,1963.5123500643963
CI.FUR..HHZ,2019-07-05T18:00:00.000000Z,42,100.0,1758.6119453184288
CI.FUR..HHZ,2019-07-05T19:00:00.000000Z,43,100.0,1765.6966538996314
CI.FUR..HHZ,2019-07-05T20:00:00.000000Z,44,100.0,1715.7930835106463
CI.FUR..HHZ,2019-07-05T21:00:00.000000Z,45,100.0,1651.9399463533816
CI.FUR..HHZ,2019-07-05T22:00:00.000000Z,46,100.0,1627.0296218413532
CI.FUR..HHZ,2019-07-05T23:00:00.000000Z,47,100.0,1597.4946530753361
CI.FUR..HHZ,2019-07-06T00:00:00.000000Z,48,100.0,1809.534108588082
CI.FUR..HHZ,2019-07-06T01:00:00.000000Z,49,100.0,1585.7988832159137
CI.FUR..HHZ,2019-07-06T02:00:00.000000Z,50,100.0,1639.511507648072
CI.FUR..HHZ,2019-07-06T03:00:00.000000Z,51,100.0,447562.1477492939
CI.FUR..HHZ,2019-07-06T04:00:00.000000Z,52,100.0,37172.8409196364
CI.FUR..HHZ,2019-07-06T05:00:00.000000Z,53,100.0,6467.520370730457
CI.FUR..HHZ,2019-07-06T06:00:00.000000Z,54,100.0,8921.597269392252
CI.FUR..HHZ,2019-07-06T07:00:00.000000Z,55,100.0,2889.662745333798
CI.FUR..HHZ,2019-07-06T08:00:00.000000Z,56,100.0,8367.503310140622
CI.FUR..HHZ,2019-07-06T09:00:00.000000Z,57,100.0,14017.79253602235
CI.FUR..HHZ,2019-07-06T10:00:00.000000Z,58,100.0,2954.3101978246714
CI.FUR..HHZ,2019-07-06T11:00:00.000000Z,59,100.0,3343.0559788652417
CI.FUR..HHZ,2019-07-06T12:00:00.000000Z,60,100.0,1976.0687328830218
CI.FUR..HHZ,2019-07-06T13:00:00.000000Z,61,100.0,4300.190106574779
CI.FUR..HHZ,2019-07-06T14:00:00.000000Z,62,100.0,1688.2368047537198
CI.FUR..HHZ,2019-07-06T15:00:00.000000Z,63,100.0,1882.3442838323529
CI.FUR..HHZ,2019-07-06T16:00:00.000000Z,64,100.0,2927.4768289629596
CI.FUR..HHZ,2019-07-06T17:00:00.000000Z,65,100.0,2983.6191080859167
CI.FUR..HHZ,2019-07-06T18:00:00.000000Z,66,100.0,2315.7728079354965
CI.FUR..HHZ,2019-07-06T19:00:00.000000Z,67,100.0,1818.3405058133928
CI.FUR..HHZ,2019-07-06T20:00:00.000000Z,68,100.0,1775.8743092772468
CI.FUR..HHZ,2019-07-06T21:00:00.000000Z,69,100.0,1792.3601577171012
CI.FUR..HHZ,2019-07-06T22:00:00.000000Z,70,100.0,1660.547301737665
CI.FUR..HHZ,2019-07-06T23:00:00.000000Z,71,100.0,5218.503640337748
CI.GSC..HHE,2019-07-04T00:00:00.000000Z,0,99.99976944261127,1813.2579364713272
CI.GSC..HHE,2019-07-04T01:00:00.000000Z,1,100.0,1674.1980781559027
CI.GSC..HHE,2019-07-04T02:00:00.000000Z,2,100.0,1535.9933092057688
CI.GSC..HHE,2019-07-04T03:00:00.000000Z,3,100.0,1722.7132369845344
CI.GSC..HHE,2019-07-04T04:00:00.000000Z,4,100.0,24501.4783503667
CI.GSC..HHE,2019-07-04T05:00:00.000000Z,5,100.0,5064.868061229343
CI.GSC..HHE,2019-07-04T06:00:00.000000Z,6,100.0,2056.323441333606
CI.GSC..HHE,2019-07-04T07:00:00.000000Z,7,100.0,2029.0968531513058
CI.GSC..HHE,2019-07-04T08:00:00.000000Z,8,100.0,1133.38519449162
CI.GSC..HHE,2019-07-04T09:00:00.000000Z,9,100.0,880.1836384429324
CI.GSC..HHE,2019-07-04T10:00:00.000000Z,10,100.0,1018.3158777546379
CI.GSC..HHE,2019-07-04T11:00:00.000000Z,11,100.0,898.5575344734519
CI.GSC..HHE,2019-07-04T12:00:00.000000Z,12,100.0,984.0294601941613
CI.GSC..HHE,2019-07-04T13:00:00.000000Z,13,100.0,929.7121279411946
CI.GSC..HHE,2019-07-04T14:00:00.000000Z,14,100.0,1018.0357761798223
CI.GSC..HHE,2019-07-04T15:00:00.000000Z,15,100.0,997.6532082127
CI.GSC..HHE,2019-07-04T16:00:00.000000Z,16,100.0,908.4893040978916
CI.GSC..HHE,2019-07-04T17:00:00.000000Z,17,100.0,1626925.2095737697
CI.GSC..HHE,2019-07-04T18:00:00.000000Z,18,100.0,75392.23146134686
CI.GSC..HHE,2019-07-04T19:00:00.000000Z,19,100.0,32955.86300309451
CI.GSC..HHE,2019-07-04T20:00:00.000000Z,20,100.0,13969.77986763156
CI.GSC..HHE,2019-07-04T21:00:00.000000Z,21,100.0,4265.930101488626
CI.GSC..HHE,2019-07-04T22:00:00.000000Z,22,100.0,24964.334558806346
CI.GSC..HHE,2019-07-04T23:00:00.000000Z,23,100.0,16140.524790422962
CI.GSC..HHE,2019-07-05T00:00:00.000000Z,24,100.0,14352.445997656787
CI.GSC..HHE,2019-07-05T01:00:00.000000Z,25,100.0,2179.075217800609
CI.GSC..HHE,2019-07-05T02:00:00.000000Z,26,100.0,11882.944596573767
CI.GSC..HHE,2019-07-05T03:00:00.000000Z,27,100.0,3489.2729052991554
CI.GSC..HHE,2019-07-05T04:00:00.000000Z,28,100.0,5210.282126469782
CI.GSC..HHE,2019-07-05T05:00:00.000000Z,29,100.0,2208.825101316563
CI.GSC..HHE,2019-07-05T06:00:00.000000Z,30,100.0,10971.711614709
CI.GSC..HHE,2019-07-05T07:00:00.000000Z,31,100.0,8075.291326519028
CI.GSC..HHE,2019-07-05T08:00:00.000000Z,32,100.0,2761.9224106988872
CI.GSC..HHE,2019-07-05T09:00:00.000000Z,33,100.0,2710.939628032399
CI.GSC..HHE,2019-07-05T10:00:00.000000Z,34,100.0,2082.3241778243428
CI.GSC..HHE,2019-07-05T11:00:00.000000Z,35,100.0,273856.1749167056
CI.GSC..HHE,2019-07-05T12:00:00.000000Z,36,100.0,15068.080014136345
CI.GSC..HHE,2019-07-05T13:00:00.000000Z,37,100.0,3358.2132097078834
CI.GSC..HHE,2019-07-05T14:00:00.000000Z,38,100.0,6931.733054997664
CI.GSC..HHE,2019-07-05T15:00:00.000000Z,39,100.0,1858.6652500150926
CI.GSC..HHE,2019-07-05T16:00:00.000000Z,40,100.0,880.8585366909062
CI.GSC..HHE,2019-07-05T17:00:00.000000Z,41,100.0,8669.712923991485
CI.GSC..HHE,2019-07-05T18:00:00.000000Z,42,100.0,1665.682245820783
CI.GSC..HHE,2019-07-05T19:00:00.000000Z,43,100.0,1331.1456654216072
CI.GSC..HHE,2019-07-05T20:00:00.000000Z,44,100.0,2032.3689785280148
CI.GSC..HHE,2019-07-05T21:00:00.000000Z,45,100.0,2081.9381761694567
CI.GSC..HHE,2019-07-05T22:00:00.000000Z,46,100.0,1469.1094089749147
CI.GSC..HHE,2019-07-05T23:00:00.000000Z,47,100.0,1448.2634646958531
CI.GSC..HHE,2019-07-06T00:00:00.000000Z,48,100.0,4833.41653468374
CI.GSC..HHE,2019-07-06T01:00:00.000000Z,49,100.0,1189.2063015826327
CI.GSC..HHE,2019-07-06T02:00:00.000000Z,50,100.0,890.4287862833479
CI.GSC..HHE,2019-07-06T03:00:00.000000Z,51,100.0,3165253.33813037
CI.GSC..HHE,2019-07-06T04:00:00.000000Z,52,100.0,284202.6143562577
CI.GSC..HHE,2019-07-06T05:00:00.000000Z,53,100.0,37050.99482016895
CI.GSC..HHE,2019-07-06T06:00:00.000000Z,54,100.0,52940.18680542551
CI.GSC..HHE,2019-07-06T07:00:00.000000Z,55,100.0,15967.026792573666
CI.GSC..HHE,2019-07-06T08:00:00.000000Z,56,100.0,59012.45156945663
CI.GSC..HHE,2019-07-06T09:00:00.000000Z,57,100.0,69564.25423607611
CI.GSC..HHE,2019-07-06T10:00:00.000000Z,58,100.0,27748.72242278701
CI.GSC..HHE,2019-07-06T11:00:00.000000Z,59,100.0,16903.26354268804
CI.GSC..HHE,2019-07-06T12:00:00.000000Z,60,100.0,4790.376294664724
CI.GSC..HHE,2019-07-06T13:00:00.000000Z,61,100.0,27539.34927990789
CI.GSC..HHE,2019-07-06T14:00:00.000000Z,62,100.0,1840.6511446464594
CI.GSC..HHE,2019-07-06T15:00:00.000000Z,63,100.0,3741.0559233119334
CI.GSC..HHE,2019-07-06T16:00:00.000000Z,64,100.0,14858.215663736757
CI.GSC..HHE,2019-07-06T17:00:00.000000Z,65,100.0,8152.786035376833
CI.GSC..HHE,2019-07-06T18:00:00.000000Z,66,100.0,9334.700628430808
CI.GSC..HHE,2019-07-06T19:00:00.000000Z,67,100.0,3015.288359358049
CI.GSC..HHE,2019-07-06T20:00:00.000000Z,68,100.0,3914.965665934882
CI.GSC..HHE,2019-07-06T21:00:00.000000Z,69,100.0,3531.4614982658004
CI.GSC..HHE,2019-07-06T22:00:00.000000Z,70,100.0,2405.5799924204566
CI.GSC..HHE,2019-07-06T23:00:00.000000Z,71,100.0,27398.51633148094
CI.GSC..HHN,2019-07-04T00:00:00.000000Z,0,99.99976944261127,1034.6156809642853
CI.GSC..HHN,2019-07-04T01:00:00.000000Z,1,100.0,1211.8803552473782
CI.GSC..HHN,2019-07-04T02:00:00.000000Z,2,100.0,946.5651817325339
CI.GSC..HHN,2019-07-04T03:00:00.000000Z,3,100.0,911.6366450709778
CI.GSC..HHN,2019-07-04T04:00:00.000000Z,4,100.0,24027.166578316148
CI.GSC..HHN,2019-07-04T05:00:00.000000Z,5,100.0,4619.886700869124
CI.GSC..HHN,2019-07-04T06:00:00.000000Z,6,100.0,1231.3917824473324
CI.GSC..HHN,2019-07-04T07:00:00.000000Z,7,100.0,1094.0432232760513
CI.GSC..HHN,2019-07-04T08:00:00.000000Z,8,100.0,1003.4851588889904
CI.GSC..HHN,2019-07-04T09:00:00.000000Z,9,100.0,824.6883516388107
CI.GSC..HHN,2019-07-04T10:00:00.000000Z,10,100.0,900.6654742741251
CI.GSC..HHN,2019-07-04T11:00:00.000000Z,11,100.0,958.0680878797333
CI.GSC..HHN,2019-07-04T12:00:00.000000Z,12,100.0,905.0868037413451
CI.GSC..HHN,2019-07-04T13:00:00.000000Z,13,100.0,956.1611871580687
CI.GSC..HHN,2019-07-04T14:00:00.000000Z,14,100.0,790.2734201315528
CI.GSC..HHN,2019-07-04T15:00:00.000000Z,15,100.0,810.156915426786
CI.GSC..HHN,2019-07-04T16:00:00.000000Z,16,100.0,770.3517543376024
CI.GSC..HHN,2019-07-04T17:00:00.000000Z,17,100.0,1770723.381496367
CI.GSC..HHN,2019-07-04T18:00:00.000000Z,18,100.0,82228.69623031859
CI.GSC..HHN,2019-07-04T19:00:00.000000Z,19,100.0,39329.66189694842
CI.GSC..HHN,2019-07-04T20:00:00.000000Z,20,100.0,17525.859143578862
CI.GSC..HHN,2019-07-04T21:00:00.000000Z,21,100.0,4539.367822259453
CI.GSC..HHN,2019-07-04T22:00:00.000000Z,22,100.0,25764.54772729308
CI.GSC..HHN,2019-07-04T23:00:00.000000Z,23,100.0,16562.025992101717
CI.GSC..HHN,2019-07-05T00:00:00.000000Z,24,100.0,17015.729203701485
CI.GSC..HHN,2019-07-05T01:00:00.000000Z,25,100.0,2254.111249469022
CI.GSC..HHN,2019-07-05T02:00:00.000000Z,26,100.0,13955.430475448005
CI.GSC..HHN,2019-07-05T03:00:00.000000Z,27,100.0,3737.0200920603615
CI.GSC..HHN,2019-07-05T04:00:00.000000Z,28,100.0,6422.7866032516085
CI.GSC..HHN,2019-07-05T05:00:00.000000Z,29,100.0,2276.790892571647
CI.GSC..HHN,2019-07-05T06:00:00.000000Z,30,100.0,10548.065082856778
CI.GSC..HHN,2019-07-05T07:00:00.000000Z,31,100.0,9292.30539238578
CI.GSC..HHN,2019-07-05T08:00:00.000000Z,32,100.0,3204.4559507609956
CI.GSC..HHN,2019-07-05T09:00:00.000000Z,33,100.0,2943.1411694463677
CI.GSC..HHN,2019-07-05T10:00:00.000000Z,34,100.0,2452.6329020018
CI.GSC..HHN,2019-07-05T11:00:00.000000Z,35,100.0,269982.911434625
CI.GSC..HHN,2019-07-05T12:00:00.000000Z,36,100.0,15986.064294859669
CI.GSC..HHN,2019-07-05T13:00:00.000000Z,37,100.0,3434.9203508963024
CI.GSC..HHN,2019-07-05T14:00:00.000000Z,38,100.0,7706.931402272595
CI.GSC..HHN,2019-07-05T15:00:00.000000Z,39,100.0,1456.8181943153493
CI.GSC..HHN,2019-07-05T16:00:00.000000Z,40,100.0,1108.1219783147496
CI.GSC..HHN,2019-07-05T17:00:00.000000Z,41,100.0,7608.516497497488
CI.GSC..HHN,2019-07-05T18:00:00.000000Z,42,100.0,1722.4982939468675
CI.GSC..HHN,2019-07-05T19:00:00.000000Z,43,100.0,1098.392237206469
CI.GSC..HHN,2019-07-05T20:00:00.000000Z,44,100.0,1492.2835243246088
CI.GSC..HHN,2019-07-05T21:00:00.000000Z,45,100.0,1692.5913886576684
CI.GSC..HHN,2019-07-05T22:00:00.000000Z,46,100.0,1584.0428093226656
CI.GSC..HHN,2019-07-05T23:00:00.000000Z,47,100.0,1162.0361285728688
CI.GSC..HHN,2019-07-06T00:00:00.000000Z,48,100.0,5877.581843137921
CI.GSC..HHN,2019-07-06T01:00:00.000000Z,49,100.0,1385.4603342883254
CI.GSC..HHN,2019-07-06T02:00:00.000000Z,50,100.0,986.1947628230788
CI.GSC..HHN,2019-07-06T03:00:00.000000Z,51,100.0,3477066.501549323
CI.GSC..HHN,2019-07-06T04:00:00.000000Z,52,100.0,267890.9200014302
CI.GSC..HHN,2019-07-06T05:00:00.000000Z,53,100.0,34153.393613448694
CI.GSC..HHN,2019-07-06T06:00:00.000000Z,54,100.0,51498.25843102013
CI.GSC..HHN,2019-07-06T07:00:00.000000Z,55,100.0,17261.454841824387
CI.GSC..HHN,2019-07-06T08:00:00.000000Z,56,100.0,50126.57371267552
CI.GSC..HHN,2019-07-06T09:00:00.000000Z,57,100.0,66220.6651828661
CI.GSC..HHN,2019-07-06T10:00:00.000000Z,58,100.0,26688.798856800237
CI.GSC..HHN,2019-07-06T11:00:00.000000Z,59,100.0,16128.761434786102
CI.GSC..HHN,2019-07-06T12:00:00.000000Z,60,100.0,5034.741161769751
CI.GSC..HHN,2019-07-06T13:00:00.000000Z,61,100.0,24915.568477513458
CI.GSC..HHN,2019-07-06T14:00:00.000000Z,62,100.0,2046.0545085378474
CI.GSC..HHN,2019-07-06T15:00:00.000000Z,63,100.0,4077.3294218418146
CI.GSC..HHN,2019-07-06T16:00:00.000000Z,64,100.0,18464.440080377393
CI.GSC..HHN,2019-07-06T17:00:00.000000Z,65,100.0,8297.430053269176
CI.GSC..HHN,2019-07-06T18:00:00.000000Z,66,100.0,9446.070551266768
CI.GSC..HHN,2019-07-06T19:00:00.000000Z,67,100.0,2960.2050816740743
CI.GSC..HHN,2019-07-06T20:00:00.000000Z,68,100.0,4252.4730100841825
CI.GSC..HHN,2019-07-06T21:00:00.000000Z,69,100.0,3572.406025628199
CI.GSC..HHN,2019-07-06T22:00:00.000000Z,70,100.0,2244.8689477358266
CI.GSC..HHN,2019-07-06T23:00:00.000000Z,71,100.0,29142.43593634191
CI.GSC..HHZ,2019-07-04T00:00:00.000000Z,0,99.99976944261127,616.7875499299051
CI.GSC..HHZ,2019-07-04T01:00:00.000000Z,1,100.0,630.0558945027989
CI.GSC..HHZ,2019-07-04T02:00:00.000000Z,2,100.0,677.0129015482131
CI.GSC..HHZ,2019-07-04T03:00:00.000000Z,3,100.0,650.1721488026867
CI.GSC..HHZ,2019-07-04T04:00:00.000000Z,4,100.0,27531.198401778394
CI.GSC..HHZ,2019-07-04T05:00:00.000000Z,5,100.0,4468.589578905773
CI.GSC..HHZ,2019-07-04T06:00:00.000000Z,6,100.0,1162.9554139483298
CI.GSC..HHZ,2019-07-04T07:00:00.000000Z,7,100.0,714.688824798704
CI.GSC..HHZ,2019-07-04T08:00:00.000000Z,8,100.0,662.5107173126061
CI.GSC..HHZ,2019-07-04T09:00:00.000000Z,9,100.0,623.2444544793104
CI.GSC..HHZ,2019-07-04T10:00:00.000000Z,10,100.0,634.159065872593
CI.GSC..HHZ,2019-07-04T11:00:00.000000Z,11,100.0,625.7087605175057
CI.GSC..HHZ,2019-07-04T12:00:00.000000Z,12,100.0,665.5213928670222
CI.GSC..HHZ,2019-07-04T13:00:00.000000Z,13,100.0,616.0492036221199
CI.GSC..HHZ,2019-07-04T14:00:00.000000Z,14,100.0,625.4113995307029
CI.GSC..HHZ,2019-07-04T15:00:00.000000Z,15,100.0,639.7837138487489
CI.GSC..HHZ,2019-07-04T16:00:00.000000Z,16,100.0,616.1005384062568
CI.GSC..HHZ,2019-07-04T17:00:00.000000Z,17,100.0,935624.2661332511
CI.GSC..HHZ,2019-07-04T18:00:00.000000Z,18,100.0,49087.48689599837
CI.GSC..HHZ,2019-07-04T19:00:00.000000Z,19,100.0,23117.838580917094
CI.GSC..HHZ,2019-07-04T20:00:00.000000Z,20,100.0,9667.146598496814
CI.GSC..HHZ,2019-07-04T21:00:00.000000Z,21,100.0,2940.023904161687
CI.GSC..HHZ,2019-07-04T22:00:00.000000Z,22,100.0,15206.235965486934
CI.GSC..HHZ,2019-07-04T23:00:00.000000Z,23,100.0,9293.335514871234
CI.GSC..HHZ,2019-07-05T00:00:00.000000Z,24,100.0,11168.34448855798
CI.GSC..HHZ,2019-07-05T01:00:00.000000Z,25,100.0,1401.7852807079753
CI.GSC..HHZ,2019-07-05T02:00:00.000000Z,26,100.0,6893.650262317818
CI.GSC..HHZ,2019-07-05T03:00:00.000000Z,27,100.0,2659.8222958702722
CI.GSC..HHZ,2019-07-05T04:00:00.000000Z,28,100.0,4023.6744747580356
CI.GSC..HHZ,2019-07-05T05:00:00.000000Z,29,100.0,1561.7423760802342
CI.GSC..HHZ,2019-07-05T06:00:00.000000Z,30,100.0,6411.434530395716
CI.GSC..HHZ,2019-07-05T07:00:00.000000Z,31,100.0,5704.554540478792
CI.GSC..HHZ,2019-07-05T08:00:00.000000Z,32,100.0,2433.61481690666
CI.GSC..HHZ,2019-07-05T09:00:00.000000Z,33,100.0,1992.62734910311
CI.GSC..HHZ,2019-07-05T10:00:00.000000Z,34,100.0,2369.9181157345492
CI.GSC..HHZ,2019-07-05T11:00:00.000000Z,35,100.0,126959.7571421456
CI.GSC..HHZ,2019-07-05T12:00:00.000000Z,36,100.0,9337.884094416559
CI.GSC..HHZ,2019-07-05T13:00:00.000000Z,37,100.0,3538.9606595587957
CI.GSC..HHZ,2019-07-05T14:00:00.000000Z,38,100.0,4990.311441998214
CI.GSC..HHZ,2019-07-05T15:00:00.000000Z,39,100.0,1033.3879065085323
CI.GSC..HHZ,2019-07-05T16:00:00.000000Z,40,100.0,667.9811136536343
CI.GSC..HHZ,2019-07-05T17:00:00.000000Z,41,100.0,6287.60856994875
CI.GSC..HHZ,2019-07-05T18:00:00.000000Z,42,100.0,1219.0625354732856
CI.GSC..HHZ,2019-07-05T19:00:00.000000Z,43,100.0,617.2971395751929
CI.GSC..HHZ,2019-07-05T20:00:00.000000Z,44,100.0,858.0810687894906
CI.GSC..HHZ,2019-07-05T21:00:00.000000Z,45,100.0,994.5515035383307
CI.GSC..HHZ,2019-07-05T22:00:00.000000Z,46,100.0,935.8805774696725
CI.GSC..HHZ,2019-07-05T23:00:00.000000Z,47,100.0,730.2302409286275
CI.GSC..HHZ,2019-07-06T00:00:00.000000Z,48,100.0,3818.5684613616827
CI.GSC..HHZ,2019-07-06T01:00:00.000000Z,49,100.0,746.3077884322348
CI.GSC..HHZ,2019-07-06T02:00:00.000000Z,50,100.0,780.7743354740015
CI.GSC..HHZ,2019-07-06T03:00:00.000000Z,51,100.0,2428673.0798121453
CI.GSC..HHZ,2019-07-06T04:00:00.000000Z,52,100.0,141750.77830135514
CI.GSC..HHZ,2019-07-06T05:00:00.000000Z,53,100.0,21605.6031144551
CI.GSC..HHZ,2019-07-06T06:00:00.000000Z,54,100.0,28148.443299916566
CI.GSC..HHZ,2019-07-06T07:00:00.000000Z,55,100.0,11963.777518861096
CI.GSC..HHZ,2019-07-06T08:00:00.000000Z,56,100.0,36469.9501632204
CI.GSC..HHZ,2019-07-06T09:00:00.000000Z,57,100.0,40425.53623578933
CI.GSC..HHZ,2019-07-06T10:00:00.000000Z,58,100.0,15186.086967834306
CI.GSC..HHZ,2019-07-06T11:00:00.000000Z,59,100.0,10388.895304996355
CI.GSC..HHZ,2019-07-06T12:00:00.000000Z,60,100.0,3356.403351987263
CI.GSC..HHZ,2019-07-06T13:00:00.000000Z,61,100.0,14693.713695549744
CI.GSC..HHZ,2019-07-06T14:00:00.000000Z,62,100.0,1406.8830171376783
CI.GSC..HHZ,2019-07-06T15:00:00.000000Z,63,100.0,2857.3897350763464
CI.GSC..HHZ,2019-07-06T16:00:00.000000Z,64,100.0,10111.930223101743
CI.GSC..HHZ,2019-07-06T17:00:00.000000Z,65,100.0,5422.441620029675
CI.GSC..HHZ,2019-07-06T18:00:00.000000Z,66,100.0,5774.6050701876675
CI.GSC..HHZ,2019-07-06T19:00:00.000000Z,67,100.0,2087.164576890684
CI.GSC..HHZ,2019-07-06T20:00:00.000000Z,68,100.0,2675.16521121422
CI.GSC..HHZ,2019-07-06T21:00:00.000000Z,69,100.0,2377.6761236539696
CI.GSC..HHZ,2019-07-06T22:00:00.000000Z,70,100.0,1466.9317853613054
CI.GSC..HHZ,2019-07-06T23:00:00.000000Z,71,100.0,15950.19170205878
CI.HAR..HHE,2019-07-04T00:00:00.000000Z,0,99.99976944261127,266.51519058961895
CI.HAR..HHE,2019-07-04T01:00:00.000000Z,1,100.0,279.76022869163427
CI.HAR..HHE,2019-07-04T02:00:00.000000Z,2,100.0,271.53374549592934
CI.HAR..HHE,2019-07-04T03:00:00.000000Z,3,100.0,208.89522158719197
CI.HAR..HHE,2019-07-04T04:00:00.000000Z,4,100.0,3436.91462173625
CI.HAR..HHE,2019-07-04T05:00:00.000000Z,5,100.0,720.6268197958208
CI.HAR..HHE,2019-07-04T06:00:00.000000Z,6,100.0,254.11008352572293
CI.HAR..HHE,2019-07-04T07:00:00.000000Z,7,100.0,225.00233981112177
CI.HAR..HHE,2019-07-04T08:00:00.000000Z,8,100.0,168.7332856470421
CI.HAR..HHE,2019-07-04T09:00:00.000000Z,9,100.0,173.06970799527235
CI.HAR..HHE,2019-07-04T10:00:00.000000Z,10,100.0,158.67470246993642
CI.HAR..HHE,2019-07-04T11:00:00.000000Z,11,100.0,172.82521366797576
CI.HAR..HHE,2019-07-04T12:00:00.000000Z,12,100.0,131.74813623037195
CI.HAR..HHE,2019-07-04T13:00:00.000000Z,13,100.0,126.90821190589948
CI.HAR..HHE,2019-07-04T14:00:00.000000Z,14,100.0,127.74103335600438
CI.HAR..HHE,2019-07-04T15:00:00.000000Z,15,100.0,154.37115568337035
CI.HAR..HHE,2019-07-04T16:00:00.000000Z,16,100.0,156.7181148326136
CI.HAR..HHE,2019-07-04T17:00:00.000000Z,17,100.0,448472.0160383486
CI.HAR..HHE,2019-07-04T18:00:00.000000Z,18,100.0,23894.58986273669
CI.HAR..HHE,2019-07-04T19:00:00.000000Z,19,100.0,13940.975135907438
CI.HAR..HHE,2019-07-04T20:00:00.000000Z,20,100.0,1891.8928899293019
CI.HAR..HHE,2019-07-04T21:00:00.000000Z,21,100.0,676.0716746631872
CI.HAR..HHE,2019-07-04T22:00:00.000000Z,22,100.0,10648.629883985168
CI.HAR..HHE,2019-07-04T23:00:00.000000Z,23,100.0,6008.997057487188
CI.HAR..HHE,2019-07-05T00:00:00.000000Z,24,100.0,7575.953829693447
CI.HAR..HHE,2019-07-05T01:00:00.000000Z,25,100.0,399.6937639621114
CI.HAR..HHE,2019-07-05T02:00:00.000000Z,26,100.0,1794.0894257697757
CI.HAR..HHE,2019-07-05T03:00:00.000000Z,27,100.0,773.0523950709787
CI.HAR..HHE,2019-07-05T04:00:00.000000Z,28,100.0,1326.9328406612099
CI.HAR..HHE,2019-07-05T05:00:00.000000Z,29,100.0,683.3575336316072
CI.HAR..HHE,2019-07-05T06:00:00.000000Z,30,100.0,1354.727861233885
CI.HAR..HHE,2019-07-05T07:00:00.000000Z,31,100.0,1813.3572977731014
CI.HAR..HHE,2019-07-05T08:00:00.000000Z,32,100.0,879.9760491970752
CI.HAR..HHE,2019-07-05T09:00:00.000000Z,33,100.0,785.7223063143307
CI.HAR..HHE,2019-07-05T10:00:00.000000Z,34,100.0,385.9693950715436
CI.HAR..HHE,2019-07-05T11:00:00.000000Z,35,100.0,84822.19397515076
CI.HAR..HHE,2019-07-05T12:00:00.000000Z,36,100.0,6412.38412747936
CI.HAR..HHE,2019-07-05T13:00:00.000000Z,37,100.0,516.4777947481301
CI.HAR..HHE,2019-07-05T14:00:00.000000Z,38,100.0,3160.416634958228
CI.HAR..HHE,2019-07-05T15:00:00.000000Z,39,100.0,297.3023128210963
CI.HAR..HHE,2019-07-05T16:00:00.000000Z,40,100.0,163.7023448476963
CI.HAR..HHE,2019-07-05T17:00:00.000000Z,41,100.0,3047.398764370954
CI.HAR..HHE,2019-07-05T18:00:00.000000Z,42,100.0,542.6743403011195
CI.HAR..HHE,2019-07-05T19:00:00.000000Z,43,100.0,157.02302731112246
CI.HAR..HHE,2019-07-05T20:00:00.000000Z,44,100.0,211.81920427221758
CI.HAR..HHE,2019-07-05T21:00:00.000000Z,45,100.0,236.72775844234715
CI.HAR..HHE,2019-07-05T22:00:00.000000Z,46,100.0,361.7693666264696
CI.HAR..HHE,2019-07-05T23:00:00.000000Z,47,100.0,194.19671997636607
CI.HAR..HHE,2019-07-06T00:00:00.000000Z,48,100.0,1770.7192947361423
CI.HAR..HHE,2019-07-06T01:00:00.000000Z,49,100.0,141.3061298758033
CI.HAR..HHE,2019-07-06T02:00:00.000000Z,50,100.0,258.454944773363
CI.HAR..HHE,2019-07-06T03:00:00.000000Z,51,100.0,3647274.028006578
CI.HAR..HHE,2019-07-06T04:00:00.000000Z,52,100.0,88778.38053242995
CI.HAR..HHE,2019-07-06T05:00:00.000000Z,53,100.0,8493.587040379347
CI.HAR..HHE,2019-07-06T06:00:00.000000Z,54,100.0,9896.698096777025
CI.HAR..HHE,2019-07-06T07:00:00.000000Z,55,100.0,3035.914927219223
CI.HAR..HHE,2019-07-06T08:00:00.000000Z,56,100.0,14501.053268318994
CI.HAR..HHE,2019-07-06T09:00:00.000000Z,57,100.0,22132.64441526362
CI.HAR..HHE,2019-07-06T10:00:00.000000Z,58,100.0,3049.3579331865094
CI.HAR..HHE,2019-07-06T11:00:00.000000Z,59,100.0,2742.619839849756
CI.HAR..HHE,2019-07-06T12:00:00.000000Z,60,100.0,802.5750159642399
CI.HAR..HHE,2019-07-06T13:00:00.000000Z,61,100.0,3384955.4151367196
CI.HAR..HHE,2019-07-06T14:00:00.000000Z,62,100.0,814.0734099849827
CI.HAR..HHE,2019-07-06T15:00:00.000000Z,63,100.0,1234.9184770166185
CI.HAR..HHE,2019-07-06T16:00:00.000000Z,64,100.0,3911.4786159610762
CI.HAR..HHE,2019-07-06T17:00:00.000000Z,65,100.0,3685.572303091378
CI.HAR..HHE,2019-07-06T18:00:00.000000Z,66,100.0,2532.1294018067624
CI.HAR..HHE,2019-07-06T19:00:00.000000Z,67,100.0,1010.3561903318515
CI.HAR..HHE,2019-07-06T20:00:00.000000Z,68,100.0,600.4843644470368
CI.HAR..HHE,2019-07-06T21:00:00.000000Z,69,100.0,915.5566952599715
CI.HAR..HHE,2019-07-06T22:00:00.000000Z,70,100.0,405.2347965381009
CI.HAR..HHE,2019-07-06T23:00:00.000000Z,71,100.0,14733.83084771854
CI.HAR..HHN,2019-07-04T00:00:00.000000Z,0,99.99976944261127,285.19988542107023
CI.HAR..HHN,2019-07-04T01:00:00.000000Z,1,100.0,254.92365093406394
CI.HAR..HHN,2019-07-04T02:00:00.000000Z,2,100.0,264.1950687686345
CI.HAR..HHN,2019-07-04T03:00:00.000000Z,3,100.0,202.77690456410446
CI.HAR..HHN,2019-07-04T04:00:00.000000Z,4,100.0,4484.213646652012
CI.HAR..HHN,2019-07-04T05:00:00.000000Z,5,100.0,722.6103107688901
CI.HAR..HHN,2019-07-04T06:00:00.000000Z,6,100.0,226.87305308693533
CI.HAR..HHN,2019-07-04T07:00:00.000000Z,7,100.0,252.85100042866546
CI.HAR..HHN,2019-07-04T08:00:00.000000Z,8,100.0,142.1757313993196
CI.HAR..HHN,2019-07-04T09:00:00.000000Z,9,100.0,146.1789263138757
CI.HAR..HHN,2019-07-04T10:00:00.000000Z,10,100.0,129.3510771647411
CI.HAR..HHN,2019-07-04T11:00:00.000000Z,11,100.0,150.2837816218017
CI.HAR..HHN,2019-07-04T12:00:00.000000Z,12,100.0,124.76396163675503
CI.HAR..HHN,2019-07-04T13:00:00.000000Z,13,100.0,130.536575207119
CI.HAR..HHN,2019-07-04T14:00:00.000000Z,14,100.0,121.55584404455533
CI.HAR..HHN,2019-07-04T15:00:00.000000Z,15,100.0,153.8531769150631
CI.HAR..HHN,2019-07-04T16:00:00.000000Z,16,100.0,161.85134988605697
CI.HAR..HHN,2019-07-04T17:00:00.000000Z,17,100.0,433267.4910873665
CI.HAR..HHN,2019-07-04T18:00:00.000000Z,18,100.0,20650.690640286157
CI.HAR..HHN,2019-07-04T19:00:00.000000Z,19,100.0,14332.39517735822
CI.HAR..HHN,2019-07-04T20:00:00.000000Z,20,100.0,1978.514277853971
CI.HAR..HHN,2019-07-04T21:00:00.000000Z,21,100.0,692.4123371239658
CI.HAR..HHN,2019-07-04T22:00:00.000000Z,22,100.0,9546.271878460457
CI.HAR..HHN,2019-07-04T23:00:00.000000Z,23,100.0,4867.2366921118355
CI.HAR..HHN,2019-07-05T00:00:00.000000Z,24,100.0,6652.878478534992
CI.HAR..HHN,2019-07-05T01:00:00.000000Z,25,100.0,427.18544224554216
CI.HAR..HHN,2019-07-05T02:00:00.000000Z,26,100.0,1968.3024106240966
CI.HAR..HHN,2019-07-05T03:00:00.000000Z,27,100.0,769.2196019184801
CI.HAR..HHN,2019-07-05T04:00:00.000000Z,28,100.0,1354.7089915783265
CI.HAR..HHN,2019-07-05T05:00:00.000000Z,29,100.0,624.8916850641034
CI.HAR..HHN,2019-07-05T06:00:00.000000Z,30,100.0,1050.7787278242338
CI.HAR..HHN,2019-07-05T07:00:00.000000Z,31,100.0,1751.251377410838
CI.HAR..HHN,2019-07-05T08:00:00.000000Z,32,100.0,742.8777728057916
CI.HAR..HHN,2019-07-05T09:00:00.000000Z,33,100.0,668.8016966559862
CI.HAR..HHN,2019-07-05T10:00:00.000000Z,34,100.0,448.50699622512667
CI.HAR..HHN,2019-07-05T11:00:00.000000Z,35,100.0,65908.2992589437
CI.HAR..HHN,2019-07-05T12:00:00.000000Z,36,100.0,5467.953895431244
CI.HAR..HHN,2019-07-05T13:00:00.000000Z,37,100.0,582.0054888826326
CI.HAR..HHN,2019-07-05T14:00:00.000000Z,38,100.0,3059.642031341989
CI.HAR..HHN,2019-07-05T15:00:00.000000Z,39,100.0,284.9875086446659
CI.HAR..HHN,2019-07-05T16:00:00.000000Z,40,100.0,153.12522937853709
CI.HAR..HHN,2019-07-05T17:00:00.000000Z,41,100.0,2762.832698144764
CI.HAR..HHN,2019-07-05T18:00:00.000000Z,42,100.0,446.7622989920781
CI.HAR..HHN,2019-07-05T19:00:00.000000Z,43,100.0,153.26193343562778
CI.HAR..HHN,2019-07-05T20:00:00.000000Z,44,100.0,205.25968264009794
CI.HAR..HHN,2019-07-05T21:00:00.000000Z,45,100.0,223.55204627401
CI.HAR..HHN,2019-07-05T22:00:00.000000Z,46,100.0,345.6409995214741
CI.HAR..HHN,2019-07-05T23:00:00.000000Z,47,100.0,184.82000592738186
CI.HAR..HHN,2019-07-06T00:00:00.000000Z,48,100.0,1475.120991452674
CI.HAR..HHN,2019-07-06T01:00:00.000000Z,49,100.0,130.9913294446088
CI.HAR..HHN,2019-07-06T02:00:00.000000Z,50,100.0,262.42619505138316
CI.HAR..HHN,2019-07-06T03:00:00.000000Z,51,100.0,2214198.9678624277
CI.HAR..HHN,2019-07-06T04:00:00.000000Z,52,100.0,115098.46092403682
CI.HAR..HHN,2019-07-06T05:00:00.000000Z,53,100.0,10817.293075643971
CI.HAR..HHN,2019-07-06T06:00:00.000000Z,54,100.0,13843.761977421455
CI.HAR..HHN,2019-07-06T07:00:00.000000Z,55,100.0,4109.266482882772
CI.HAR..HHN,2019-07-06T08:00:00.000000Z,56,100.0,21591.10443046728
CI.HAR..HHN,2019-07-06T09:00:00.000000Z,57,100.0,29653.70840854321
CI.HAR..HHN,2019-07-06T10:00:00.000000Z,58,100.0,4445.115929309381
CI.HAR..HHN,2019-07-06T11:00:00.000000Z,59,100.0,4160.464821537373
CI.HAR..HHN,2019-07-06T12:00:00.000000Z,60,100.0,1066.1128428782763
CI.HAR..HHN,2019-07-06T13:00:00.000000Z,61,100.0,1946366.3785526375
CI.HAR..HHN,2019-07-06T14:00:00.000000Z,62,100.0,671.1459197635477
CI.HAR..HHN,2019-07-06T15:00:00.000000Z,63,100.0,1066.157006609889
CI.HAR..HHN,2019-07-06T16:00:00.000000Z,64,100.0,4046.7980662458394
CI.HAR..HHN,2019-07-06T17:00:00.000000Z,65,100.0,3883.01181737109
CI.HAR..HHN,2019-07-06T18:00:00.000000Z,66,100.0,2392.769557971337
CI.HAR..HHN,2019-07-06T19:00:00.000000Z,67,100.0,901.9381083938158
CI.HAR..HHN,2019-07-06T20:00:00.000000Z,68,100.0,604.6631919453856
CI.HAR..HHN,2019-07-06T21:00:00.000000Z,69,100.0,729.639967062555
CI.HAR..HHN,2019-07-06T22:00:00.000000Z,70,100.0,382.0694322676527
CI.HAR..HHN,2019-07-06T23:00:00.000000Z,71,100.0,9116.583497133532
CI.HAR..HHZ,2019-07-04T00:00:00.000000Z,0,99.99976944261127,181.30531992439958
CI.HAR..HHZ,2019-07-04T01:00:00.000000Z,1,100.0,191.03280716902398
CI.HAR..HHZ,2019-07-04T02:00:00.000000Z,2,100.0,273.44357162450547
CI.HAR..HHZ,2019-07-04T03:00:00.000000Z,3,100.0,237.26305702433078
CI.HAR..HHZ,2019-07-04T04:00:00.000000Z,4,100.0,4894.2662071729765
CI.HAR..HHZ,2019-07-04T05:00:00.000000Z,5,100.0,875.0224040063496
CI.HAR..HHZ,2019-07-04T06:00:00.000000Z,6,100.0,377.9797107591642
CI.HAR..HHZ,2019-07-04T07:00:00.000000Z,7,100.0,615.6287283020663
CI.HAR..HHZ,2019-07-04T08:00:00.000000Z,8,100.0,188.63000634432277
CI.HAR..HHZ,2019-07-04T09:00:00.000000Z,9,100.0,125.44129393845284
CI.HAR..HHZ,2019-07-04T10:00:00.000000Z,10,100.0,127.04849344676823
CI.HAR..HHZ,2019-07-04T11:00:00.000000Z,11,100.0,124.30549513879323
CI.HAR..HHZ,2019-07-04T12:00:00.000000Z,12,100.0,110.36350977463977
CI.HAR..HHZ,2019-07-04T13:00:00.000000Z,13,100.0,111.92422428554931
CI.HAR..HHZ,2019-07-04T14:00:00.000000Z,14,100.0,115.18097690258742
CI.HAR..HHZ,2019-07-04T15:00:00.000000Z,15,100.0,124.28797007546103
CI.HAR..HHZ,2019-07-04T16:00:00.000000Z,16,100.0,136.34939958656798
CI.HAR..HHZ,2019-07-04T17:00:00.000000Z,17,100.0,163983.37555369578
CI.HAR..HHZ,2019-07-04T18:00:00.000000Z,18,100.0,9007.195948913803
CI.HAR..HHZ,2019-07-04T19:00:00.000000Z,19,100.0,5377.9399777401195
CI.HAR..HHZ,2019-07-04T20:00:00.000000Z,20,100.0,1238.3119694278373
CI.HAR..HHZ,2019-07-04T21:00:00.000000Z,21,100.0,428.0882097941757
CI.HAR..HHZ,2019-07-04T22:00:00.000000Z,22,100.0,3639.3805649147325
CI.HAR..HHZ,2019-07-04T23:00:00.000000Z,23,100.0,2125.7523672674074
CI.HAR..HHZ,2019-07-05T00:00:00.000000Z,24,100.0,2924.4579023950655
CI.HAR..HHZ,2019-07-05T01:00:00.000000Z,25,100.0,248.0198911313275
CI.HAR..HHZ,2019-07-05T02:00:00.000000Z,26,100.0,992.8697968598897
CI.HAR..HHZ,2019-07-05T03:00:00.000000Z,27,100.0,383.36220772655287
CI.HAR..HHZ,2019-07-05T04:00:00.000000Z,28,100.0,755.3838185626323
CI.HAR..HHZ,2019-07-05T05:00:00.000000Z,29,100.0,360.8155618677096
CI.HAR..HHZ,2019-07-05T06:00:00.000000Z,30,100.0,732.5209264508754
CI.HAR..HHZ,2019-07-05T07:00:00.000000Z,31,100.0,973.8967484021879
CI.HAR..HHZ,2019-07-05T08:00:00.000000Z,32,100.0,513.4965254202884
CI.HAR..HHZ,2019-07-05T09:00:00.000000Z,33,100.0,362.8888323271702
CI.HAR..HHZ,2019-07-05T10:00:00.000000Z,34,100.0,408.30788165321496
CI.HAR..HHZ,2019-07-05T11:00:00.000000Z,35,100.0,24090.043057836992
CI.HAR..HHZ,2019-07-05T12:00:00.000000Z,36,100.0,2583.883056560005
CI.HAR..HHZ,2019-07-05T13:00:00.000000Z,37,100.0,579.6033413588411
CI.HAR..HHZ,2019-07-05T14:00:00.000000Z,38,100.0,1180.102009471203
CI.HAR..HHZ,2019-07-05T15:00:00.000000Z,39,100.0,208.06184850715914
CI.HAR..HHZ,2019-07-05T16:00:00.000000Z,40,100.0,132.95708906110903
CI.HAR..HHZ,2019-07-05T17:00:00.000000Z,41,100.0,1427.7961620867907
CI.HAR..HHZ,2019-07-05T18:00:00.000000Z,42,100.0,216.1235706291912
CI.HAR..HHZ,2019-07-05T19:00:00.000000Z,43,100.0,122.71956891423373
CI.HAR..HHZ,2019-07-05T20:00:00.000000Z,44,100.0,149.38164892634137
CI.HAR..HHZ,2019-07-05T21:00:00.000000Z,45,100.0,157.57759338490126
CI.HAR..HHZ,2019-07-05T22:00:00.000000Z,46,100.0,197.09934077861953
CI.HAR..HHZ,2019-07-05T23:00:00.000000Z,47,100.0,208.22457713147475
CI.HAR..HHZ,2019-07-06T00:00:00.000000Z,48,100.0,800.8797016283531
CI.HAR..HHZ,2019-07-06T01:00:00.000000Z,49,100.0,122.0060096300699
CI.HAR..HHZ,2019-07-06T02:00:00.000000Z,50,100.0,549.3593177583786
CI.HAR..HHZ,2019-07-06T03:00:00.000000Z,51,100.0,3209894.530586516
CI.HAR..HHZ,2019-07-06T04:00:00.000000Z,52,100.0,79423.1397954081
CI.HAR..HHZ,2019-07-06T05:00:00.000000Z,53,100.0,7868.774748769659
CI.HAR..HHZ,2019-07-06T06:00:00.000000Z,54,100.0,9569.283544073454
CI.HAR..HHZ,2019-07-06T07:00:00.000000Z,55,100.0,2931.922389565846
CI.HAR..HHZ,2019-07-06T08:00:00.000000Z,56,100.0,15802.104782670567
CI.HAR..HHZ,2019-07-06T09:00:00.000000Z,57,100.0,17705.97831860047
CI.HAR..HHZ,2019-07-06T10:00:00.000000Z,58,100.0,2994.0967296602994
CI.HAR..HHZ,2019-07-06T11:00:00.000000Z,59,100.0,2454.581486412195
CI.HAR..HHZ,2019-07-06T12:00:00.000000Z,60,100.0,778.1070028039203
CI.HAR..HHZ,2019-07-06T13:00:00.000000Z,61,100.0,2968357.8414892815
CI.HAR..HHZ,2019-07-06T14:00:00.000000Z,62,100.0,623.339933316836
CI.HAR..HHZ,2019-07-06T15:00:00.000000Z,63,100.0,632.8906667430231
CI.HAR..HHZ,2019-07-06T16:00:00.000000Z,64,100.0,1837.2152714061617
CI.HAR..HHZ,2019-07-06T17:00:00.000000Z,65,100.0,1630.0917049305817
CI.HAR..HHZ,2019-07-06T18:00:00.000000Z,66,100.0,1113.1945232251303
CI.HAR..HHZ,2019-07-06T19:00:00.000000Z,67,100.0,464.0799497890566
CI.HAR..HHZ,2019-07-06T20:00:00.000000Z,68,100.0,418.188497468884
CI.HAR..HHZ,2019-07-06T21:00:00.000000Z,69,100.0,405.74812240494447
CI.HAR..HHZ,2019-07-06T22:00:00.000000Z,70,100.0,274.3488809291887
CI.HAR..HHZ,2019-07-06T23:00:00.000000Z,71,100.0,4232.6203379934595
CI.HYS..HHE,2019-07-04T00:00:00.000000Z,0,99.99976944261127,97.27179908033938
CI.HYS..HHE,2019-07-04T01:00:00.000000Z,1,100.0,89.58999116126789
CI.HYS..HHE,2019-07-04T02:00:00.000000Z,2,100.0,87.48630806745481
CI.HYS..HHE,2019-07-04T03:00:00.000000Z,3,100.0,82.81391126545905
CI.HYS..HHE,2019-07-04T04:00:00.000000Z,4,100.0,3215.7945778370176
CI.HYS..HHE,2019-07-04T05:00:00.000000Z,5,100.0,673.3280144028594
CI.HYS..HHE,2019-07-04T06:00:00.000000Z,6,100.0,172.36241180928997
CI.HYS..HHE,2019-07-04T07:00:00.000000Z,7,100.0,101.33842926716902
CI.HYS..HHE,2019-07-04T08:00:00.000000Z,8,100.0,86.5782804998506
CI.HYS..HHE,2019-07-04T09:00:00.000000Z,9,100.0,86.25997665060508
CI.HYS..HHE,2019-07-04T10:00:00.000000Z,10,100.0,83.34412929306453
CI.HYS..HHE,2019-07-04T11:00:00.000000Z,11,100.0,87.12377679735404
CI.HYS..HHE,2019-07-04T12:00:00.000000Z,12,100.0,84.37645538714281
CI.HYS..HHE,2019-07-04T13:00:00.000000Z,13,100.0,82.19823981744949
CI.HYS..HHE,2019-07-04T14:00:00.000000Z,14,100.0,87.05908416750954
CI.HYS..HHE,2019-07-04T15:00:00.000000Z,15,100.0,85.46840551728256
CI.HYS..HHE,2019-07-04T16:00:00.000000Z,16,100.0,80.82353030696645
CI.HYS..HHE,2019-07-04T17:00:00.000000Z,17,100.0,153140.5527857482
CI.HYS..HHE,2019-07-04T18:00:00.000000Z,18,100.0,6544.897675989008
CI.HYS..HHE,2019-07-04T19:00:00.000000Z,19,100.0,4612.089369692291
CI.HYS..HHE,2019-07-04T20:00:00.000000Z,20,100.0,1152.7551798596262
CI.HYS..HHE,2019-07-04T21:00:00.000000Z,21,100.0,518.9929856613671
CI.HYS..HHE,2019-07-04T22:00:00.000000Z,22,100.0,3096.0409021971227
CI.HYS..HHE,2019-07-04T23:00:00.000000Z,23,100.0,1494.213418375945
CI.HYS..HHE,2019-07-05T00:00:00.000000Z,24,100.0,2366.6241946618525
CI.HYS..HHE,2019-07-05T01:00:00.000000Z,25,100.0,235.24804698820387
CI.HYS..HHE,2019-07-05T02:00:00.000000Z,26,100.0,1247.3119494763894
CI.HYS..HHE,2019-07-05T03:00:00.000000Z,27,100.0,481.2996856956967
CI.HYS..HHE,2019-07-05T04:00:00.000000Z,28,100.0,585.3447323930553
CI.HYS..HHE,2019-07-05T05:00:00.000000Z,29,100.0,311.1509709321095
CI.HYS..HHE,2019-07-05T06:00:00.000000Z,30,100.0,1094.656381206131
CI.HYS..HHE,2019-07-05T07:00:00.000000Z,31,100.0,723.6771003230649
CI.HYS..HHE,2019-07-05T08:00:00.000000Z,32,100.0,444.92483634149943
CI.HYS..HHE,2019-07-05T09:00:00.000000Z,33,100.0,366.1077386582461
CI.HYS..HHE,2019-07-05T10:00:00.000000Z,34,100.0,215.96377014422575
CI.HYS..HHE,2019-07-05T11:00:00.000000Z,35,100.0,17172.45360149631
CI.HYS..HHE,2019-07-05T12:00:00.000000Z,36,100.0,1734.0190461103512
CI.HYS..HHE,2019-07-05T13:00:00.000000Z,37,100.0,466.82619741641633
CI.HYS..HHE,2019-07-05T14:00:00.000000Z,38,100.0,1058.5137233708965
CI.HYS..HHE,2019-07-05T15:00:00.000000Z,39,100.0,194.76160963200147
CI.HYS..HHE,2019-07-05T16:00:00.000000Z,40,100.0,101.34131369269724
CI.HYS..HHE,2019-07-05T17:00:00.000000Z,41,100.0,1248.1775683377673
CI.HYS..HHE,2019-07-05T18:00:00.000000Z,42,100.0,181.52083806512348
CI.HYS..HHE,2019-07-05T19:00:00.000000Z,43,100.0,92.22464121354862
CI.HYS..HHE,2019-07-05T20:00:00.000000Z,44,100.0,137.6199607671543
CI.HYS..HHE,2019-07-05T21:00:00.000000Z,45,100.0,165.90353948960146
CI.HYS..HHE,2019-07-05T22:00:00.000000Z,46,100.0,172.92026885235876
CI.HYS..HHE,2019-07-05T23:00:00.000000Z,47,100.0,126.52291957223923
CI.HYS..HHE,2019-07-06T00:00:00.000000Z,48,100.0,733.9639358526484
CI.HYS..HHE,2019-07-06T01:00:00.000000Z,49,100.0,113.70999484646846
CI.HYS..HHE,2019-07-06T02:00:00.000000Z,50,100.0,137.36494367118337
CI.HYS..HHE,2019-07-06T03:00:00.000000Z,51,100.0,538661.2464691511
CI.HYS..HHE,2019-07-06T04:00:00.000000Z,52,100.0,44862.93404534002
CI.HYS..HHE,2019-07-06T05:00:00.000000Z,53,100.0,3841.7089085574344
CI.HYS..HHE,2019-07-06T06:00:00.000000Z,54,100.0,4861.956693055512
CI.HYS..HHE,2019-07-06T07:00:00.000000Z,55,100.0,2738.675830501636
CI.HYS..HHE,2019-07-06T08:00:00.000000Z,56,100.0,8828.062101482516
CI.HYS..HHE,2019-07-06T09:00:00.000000Z,57,100.0,6894.665508104972
CI.HYS..HHE,2019-07-06T10:00:00.000000Z,58,100.0,2057.876369148943
CI.HYS..HHE,2019-07-06T11:00:00.000000Z,59,100.0,1429.9874764245315
CI.HYS..HHE,2019-07-06T12:00:00.000000Z,60,100.0,713.9630677241248
CI.HYS..HHE,2019-07-06T13:00:00.000000Z,61,100.0,2393.259716466806
CI.HYS..HHE,2019-07-06T14:00:00.000000Z,62,100.0,340.6399718628844
CI.HYS..HHE,2019-07-06T15:00:00.000000Z,63,100.0,580.4524920541445
CI.HYS..HHE,2019-07-06T16:00:00.000000Z,64,100.0,1720.649253998378
CI.HYS..HHE,2019-07-06T17:00:00.000000Z,65,100.0,1269.61113378725
CI.HYS..HHE,2019-07-06T18:00:00.000000Z,66,100.0,1186.829530348794
CI.HYS..HHE,2019-07-06T19:00:00.000000Z,67,100.0,418.83145157528133
CI.HYS..HHE,2019-07-06T20:00:00.000000Z,68,100.0,445.03967215259337
CI.HYS..HHE,2019-07-06T21:00:00.000000Z,69,100.0,309.43239893128276
CI.HYS..HHE,2019-07-06T22:00:00.000000Z,70,100.0,371.86235695860336
CI.HYS..HHE,2019-07-06T23:00:00.000000Z,71,100.0,4418.559708399662
CI.HYS..HHN,2019-07-04T00:00:00.000000Z,0,99.99976944261127,97.05167778767512
CI.HYS..HHN,2019-07-04T01:00:00.000000Z,1,100.0,98.04290620351799
CI.HYS..HHN,2019-07-04T02:00:00.000000Z,2,100.0,92.38566355363359
CI.HYS..HHN,2019-07-04T03:00:00.000000Z,3,100.0,86.98048776111216
CI.HYS..HHN,2019-07-04T04:00:00.000000Z,4,100.0,2992.203336022212
CI.HYS..HHN,2019-07-04T05:00:00.000000Z,5,100.0,698.4329584511189
CI.HYS..HHN,2019-07-04T06:00:00.000000Z,6,100.0,146.0905680639417
CI.HYS..HHN,2019-07-04T07:00:00.000000Z,7,100.0,100.67412042882731
CI.HYS..HHN,2019-07-04T08:00:00.000000Z,8,100.0,90.43725498751203
CI.HYS..HHN,2019-07-04T09:00:00.000000Z,9,100.0,87.07378517052555
CI.HYS..HHN,2019-07-04T10:00:00.000000Z,10,100.0,82.97724099899283
CI.HYS..HHN,2019-07-04T11:00:00.000000Z,11,100.0,83.39775660670269
CI.HYS..HHN,2019-07-04T12:00:00.000000Z,12,100.0,88.65876193820206
CI.HYS..HHN,2019-07-04T13:00:00.000000Z,13,100.0,87.37826987402998
CI.HYS..HHN,2019-07-04T14:00:00.000000Z,14,100.0,87.07953954958519
CI.HYS..HHN,2019-07-04T15:00:00.000000Z,15,100.0,85.84514378044332
CI.HYS..HHN,2019-07-04T16:00:00.000000Z,16,100.0,83.46900317132504
CI.HYS..HHN,2019-07-04T17:00:00.000000Z,17,100.0,169381.1097314439
CI.HYS..HHN,2019-07-04T18:00:00.000000Z,18,100.0,7958.510715575694
CI.HYS..HHN,2019-07-04T19:00:00.000000Z,19,100.0,4233.118745656324
CI.HYS..HHN,2019-07-04T20:00:00.000000Z,20,100.0,1184.1061241451634
CI.HYS..HHN,2019-07-04T21:00:00.000000Z,21,100.0,579.92725311874
CI.HYS..HHN,2019-07-04T22:00:00.000000Z,22,100.0,2653.031312935159
CI.HYS..HHN,2019-07-04T23:00:00.000000Z,23,100.0,1789.1536164993524
CI.HYS..HHN,2019-07-05T00:00:00.000000Z,24,100.0,2462.840294668698
CI.HYS..HHN,2019-07-05T01:00:00.000000Z,25,100.0,273.87025612415823
CI.HYS..HHN,2019-07-05T02:00:00.000000Z,26,100.0,1244.6470464711008
CI.HYS..HHN,2019-07-05T03:00:00.000000Z,27,100.0,516.7853816127546
CI.HYS..HHN,2019-07-05T04:00:00.000000Z,28,100.0,646.3675243461256
CI.HYS..HHN,2019-07-05T05:00:00.000000Z,29,100.0,318.3525110542287
CI.HYS..HHN,2019-07-05T06:00:00.000000Z,30,100.0,1436.0214211814327
CI.HYS..HHN,2019-07-05T07:00:00.000000Z,31,100.0,823.6373795825913
CI.HYS..HHN,2019-07-05T08:00:00.000000Z,32,100.0,456.64749948705236
CI.HYS..HHN,2019-07-05T09:00:00.000000Z,33,100.0,542.9813763006296
CI.HYS..HHN,2019-07-05T10:00:00.000000Z,34,100.0,260.4170003131681
CI.HYS..HHN,2019-07-05T11:00:00.000000Z,35,100.0,19878.03409041757
CI.HYS..HHN,2019-07-05T12:00:00.000000Z,36,100.0,1615.341306166446
CI.HYS..HHN,2019-07-05T13:00:00.000000Z,37,100.0,466.66414004393755
CI.HYS..HHN,2019-07-05T14:00:00.000000Z,38,100.0,871.373103255833
CI.HYS..HHN,2019-07-05T15:00:00.000000Z,39,100.0,236.06554221957674
CI.HYS..HHN,2019-07-05T16:00:00.000000Z,40,100.0,101.70829421086533
CI.HYS..HHN,2019-07-05T17:00:00.000000Z,41,100.0,1353.9670714244196
CI.HYS..HHN,2019-07-05T18:00:00.000000Z,42,100.0,182.25428673726918
CI.HYS..HHN,2019-07-05T19:00:00.000000Z,43,100.0,95.05312394784386
CI.HYS..HHN,2019-07-05T20:00:00.000000Z,44,100.0,141.4060028075263
CI.HYS..HHN,2019-07-05T21:00:00.000000Z,45,100.0,183.95294546588755
CI.HYS..HHN,2019-07-05T22:00:00.000000Z,46,100.0,175.5046171296912
CI.HYS..HHN,2019-07-05T23:00:00.000000Z,47,100.0,138.68451456341336
CI.HYS..HHN,2019-07-06T00:00:00.000000Z,48,100.0,688.4175687607047
CI.HYS..HHN,2019-07-06T01:00:00.000000Z,49,100.0,113.42076919915195
CI.HYS..HHN,2019-07-06T02:00:00.000000Z,50,100.0,139.63052369207156
CI.HYS..HHN,2019-07-06T03:00:00.000000Z,51,100.0,503826.2930584869
CI.HYS..HHN,2019-07-06T04:00:00.000000Z,52,100.0,30486.260685893747
CI.HYS..HHN,2019-07-06T05:00:00.000000Z,53,100.0,3522.3230060200217
CI.HYS..HHN,2019-07-06T06:00:00.000000Z,54,100.0,4822.654584874415
CI.HYS..HHN,2019-07-06T07:00:00.000000Z,55,100.0,2997.267267309357
CI.HYS..HHN,2019-07-06T08:00:00.000000Z,56,100.0,9706.480888060383
CI.HYS..HHN,2019-07-06T09:00:00.000000Z,57,100.0,5919.845041637078
CI.HYS..HHN,2019-07-06T10:00:00.000000Z,58,100.0,2159.2346524216714
CI.HYS..HHN,2019-07-06T11:00:00.000000Z,59,100.0,1418.8738339677348
CI.HYS..HHN,2019-07-06T12:00:00.000000Z,60,100.0,713.8077005292777
CI.HYS..HHN,2019-07-06T13:00:00.000000Z,61,100.0,2497.6387866644063
CI.HYS..HHN,2019-07-06T14:00:00.000000Z,62,100.0,370.4950636541372
CI.HYS..HHN,2019-07-06T15:00:00.000000Z,63,100.0,599.9589903555199
CI.HYS..HHN,2019-07-06T16:00:00.000000Z,64,100.0,2140.9254964099932
CI.HYS..HHN,2019-07-06T17:00:00.000000Z,65,100.0,1103.0796635657016
CI.HYS..HHN,2019-07-06T18:00:00.000000Z,66,100.0,1161.7198464758417
CI.HYS..HHN,2019-07-06T19:00:00.000000Z,67,100.0,419.90274220006677
CI.HYS..HHN,2019-07-06T20:00:00.000000Z,68,100.0,495.2318549251376
CI.HYS..HHN,2019-07-06T21:00:00.000000Z,69,100.0,321.52590927052023
CI.HYS..HHN,2019-07-06T22:00:00.000000Z,70,100.0,392.3388547443528
CI.HYS..HHN,2019-07-06T23:00:00.000000Z,71,100.0,3332.6878225273695
CI.HYS..HHZ,2019-07-04T00:00:00.000000Z,0,99.99976944261127,103.07316009769907
CI.HYS..HHZ,2019-07-04T01:00:00.000000Z,1,100.0,102.76937900475093
CI.HYS..HHZ,2019-07-04T02:00:00.000000Z,2,100.0,98.64066447863507
CI.HYS..HHZ,2019-07-04T03:00:00.000000Z,3,100.0,98.874171152722
CI.HYS..HHZ,2019-07-04T04:00:00.000000Z,4,100.0,2908.2227425539368
CI.HYS..HHZ,2019-07-04T05:00:00.000000Z,5,100.0,779.6229799531094
CI.HYS..HHZ,2019-07-04T06:00:00.000000Z,6,100.0,199.30449657509212
CI.HYS..HHZ,2019-07-04T07:00:00.000000Z,7,100.0,114.92601757335383
CI.HYS..HHZ,2019-07-04T08:00:00.000000Z,8,100.0,101.41869952704442
CI.HYS..HHZ,2019-07-04T09:00:00.000000Z,9,100.0,98.40811923538573
CI.HYS..HHZ,2019-07-04T10:00:00.000000Z,10,100.0,93.82653658239032
CI.HYS..HHZ,2019-07-04T11:00:00.000000Z,11,100.0,98.84938682887059
CI.HYS..HHZ,2019-07-04T12:00:00.000000Z,12,100.0,94.2761751496477
CI.HYS..HHZ,2019-07-04T13:00:00.000000Z,13,100.0,98.26007910727944
CI.HYS..HHZ,2019-07-04T14:00:00.000000Z,14,100.0,99.91880995571663
CI.HYS..HHZ,2019-07-04T15:00:00.000000Z,15,100.0,93.20209192821532
CI.HYS..HHZ,2019-07-04T16:00:00.000000Z,16,100.0,95.20298224937761
CI.HYS..HHZ,2019-07-04T17:00:00.000000Z,17,100.0,136287.8534190973
CI.HYS..HHZ,2019-07-04T18:00:00.000000Z,18,100.0,5011.283216744766
CI.HYS..HHZ,2019-07-04T19:00:00.000000Z,19,100.0,3194.8006157263058
CI.HYS..HHZ,2019-07-04T20:00:00.000000Z,20,100.0,786.4261383474822
CI.HYS..HHZ,2019-07-04T21:00:00.000000Z,21,100.0,431.0805641110731
CI.HYS..HHZ,2019-07-04T22:00:00.000000Z,22,100.0,1889.5858496560306
CI.HYS..HHZ,2019-07-04T23:00:00.000000Z,23,100.0,1057.7099634578385
CI.HYS..HHZ,2019-07-05T00:00:00.000000Z,24,100.0,1371.8289167322614
CI.HYS..HHZ,2019-07-05T01:00:00.000000Z,25,100.0,210.60845323000186
CI.HYS..HHZ,2019-07-05T02:00:00.000000Z,26,100.0,816.8515418337131
CI.HYS..HHZ,2019-07-05T03:00:00.000000Z,27,100.0,445.6040896372233
CI.HYS..HHZ,2019-07-05T04:00:00.000000Z,28,100.0,446.9747013454407
CI.HYS..HHZ,2019-07-05T05:00:00.000000Z,29,100.0,248.8752111455963
CI.HYS..HHZ,2019-07-05T06:00:00.000000Z,30,100.0,915.2011631248746
CI.HYS..HHZ,2019-07-05T07:00:00.000000Z,31,100.0,738.6718303953639
CI.HYS..HHZ,2019-07-05T08:00:00.000000Z,32,100.0,393.7762310668461
CI.HYS..HHZ,2019-07-05T09:00:00.000000Z,33,100.0,402.0037859930203
CI.HYS..HHZ,2019-07-05T10:00:00.000000Z,34,100.0,309.6224029319063
CI.HYS..HHZ,2019-07-05T11:00:00.000000Z,35,100.0,16783.175350658086
CI.HYS..HHZ,2019-07-05T12:00:00.000000Z,36,100.0,1105.3663996707946
CI.HYS..HHZ,2019-07-05T13:00:00.000000Z,37,100.0,477.998359774882
CI.HYS..HHZ,2019-07-05T14:00:00.000000Z,38,100.0,621.2592571283884
CI.HYS..HHZ,2019-07-05T15:00:00.000000Z,39,100.0,178.65863404759813
CI.HYS..HHZ,2019-07-05T16:00:00.000000Z,40,100.0,106.20032845930453
CI.HYS..HHZ,2019-07-05T17:00:00.000000Z,41,100.0,729.3518852677964
CI.HYS..HHZ,2019-07-05T18:00:00.000000Z,42,100.0,160.09605399811642
CI.HYS..HHZ,2019-07-05T19:00:00.000000Z,43,100.0,107.01704710965957
CI.HYS..HHZ,2019-07-05T20:00:00.000000Z,44,100.0,131.97074977830746
CI.HYS..HHZ,2019-07-05T21:00:00.000000Z,45,100.0,167.05876553948252
CI.HYS..HHZ,2019-07-05T22:00:00.000000Z,46,100.0,158.07550456256016
CI.HYS..HHZ,2019-07-05T23:00:00.000000Z,47,100.0,134.84442433030165
CI.HYS..HHZ,2019-07-06T00:00:00.000000Z,48,100.0,615.8750517824658
CI.HYS..HHZ,2019-07-06T01:00:00.000000Z,49,100.0,116.0220659513133
CI.HYS..HHZ,2019-07-06T02:00:00.000000Z,50,100.0,125.3912687289038
CI.HYS..HHZ,2019-07-06T03:00:00.000000Z,51,100.0,422727.3946456163
CI.HYS..HHZ,2019-07-06T04:00:00.000000Z,52,100.0,22436.146995755204
CI.HYS..HHZ,2019-07-06T05:00:00.000000Z,53,100.0,2736.03818617142
CI.HYS..HHZ,2019-07-06T06:00:00.000000Z,54,100.0,2829.3036050176115
CI.HYS..HHZ,2019-07-06T07:00:00.000000Z,55,100.0,2492.951348224949
CI.HYS..HHZ,2019-07-06T08:00:00.000000Z,56,100.0,4956.899180096053
CI.HYS..HHZ,2019-07-06T09:00:00.000000Z,57,100.0,4145.152214791365
CI.HYS..HHZ,2019-07-06T10:00:00.000000Z,58,100.0,1329.8583470333526
CI.HYS..HHZ,2019-07-06T11:00:00.000000Z,59,100.0,1037.2554456740377
CI.HYS..HHZ,2019-07-06T12:00:00.000000Z,60,100.0,573.3477027464637
CI.HYS..HHZ,2019-07-06T13:00:00.000000Z,61,100.0,2033.9983043510651
CI.HYS..HHZ,2019-07-06T14:00:00.000000Z,62,100.0,310.87042770847466
CI.HYS..HHZ,2019-07-06T15:00:00.000000Z,63,100.0,448.06457901890343
CI.HYS..HHZ,2019-07-06T16:00:00.000000Z,64,100.0,1493.3700321937506
CI.HYS..HHZ,2019-07-06T17:00:00.000000Z,65,100.0,749.2896320032073
CI.HYS..HHZ,2019-07-06T18:00:00.000000Z,66,100.0,934.48641552105
CI.HYS..HHZ,2019-07-06T19:00:00.000000Z,67,100.0,322.03242248381224
CI.HYS..HHZ,2019-07-06T20:00:00.000000Z,68,100.0,365.3173939556425
CI.HYS..HHZ,2019-07-06T21:00:00.000000Z,69,100.0,254.94789931384
CI.HYS..HHZ,2019-07-06T22:00:00.000000Z,70,100.0,329.40768857095827
CI.HYS..HHZ,2019-07-06T23:00:00.000000Z,71,100.0,2300.6129083924807
CI.ISA..HHE,2019-07-04T00:00:00.000000Z,0,99.99976944261127,2107.712622185381
CI.ISA..HHE,2019-07-04T01:00:00.000000Z,1,100.0,3017.6553073059076
CI.ISA..HHE,2019-07-04T02:00:00.000000Z,2,100.0,2124.5810318048725
CI.ISA..HHE,2019-07-04T03:00:00.000000Z,3,100.0,3191.724376850893
CI.ISA..HHE,2019-07-04T04:00:00.000000Z,4,100.0,14275.537309778769
CI.ISA..HHE,2019-07-04T05:00:00.000000Z,5,100.0,3729.439974188113
CI.ISA..HHE,2019-07-04T06:00:00.000000Z,6,100.0,1643.5438794385072
CI.ISA..HHE,2019-07-04T07:00:00.000000Z,7,100.0,1740.2081147811246
CI.ISA..HHE,2019-07-04T08:00:00.000000Z,8,100.0,1540.4502737463943
CI.ISA..HHE,2019-07-04T09:00:00.000000Z,9,100.0,1323.0627139657172
CI.ISA..HHE,2019-07-04T10:00:00.000000Z,10,100.0,1192.4775762520662
CI.ISA..HHE,2019-07-04T11:00:00.000000Z,11,100.0,1312.6440224867956
CI.ISA..HHE,2019-07-04T12:00:00.000000Z,12,100.0,958.0638684437739
CI.ISA..HHE,2019-07-04T13:00:00.000000Z,13,100.0,1069.2996097677124
CI.ISA..HHE,2019-07-04T14:00:00.000000Z,14,100.0,713.0976277411343
CI.ISA..HHE,2019-07-04T15:00:00.000000Z,15,100.0,834.1913297464197
CI.ISA..HHE,2019-07-04T16:00:00.000000Z,16,100.0,20399.24875721403
CI.ISA..HHE,2019-07-04T17:00:00.000000Z,17,100.0,844714.7643969902
CI.ISA..HHE,2019-07-04T18:00:00.000000Z,18,100.0,42743.43852874872
CI.ISA..HHE,2019-07-04T19:00:00.000000Z,19,100.0,23985.952222465174
CI.ISA..HHE,2019-07-04T20:00:00.000000Z,20,100.0,8507.586809323242
CI.ISA..HHE,2019-07-04T21:00:00.000000Z,21,100.0,4115.361760933096
CI.ISA..HHE,2019-07-04T22:00:00.000000Z,22,100.0,16342.623483586678
CI.ISA..HHE,2019-07-04T23:00:00.000000Z,23,100.0,8370.61145442081
CI.ISA..HHE,2019-07-05T00:00:00.000000Z,24,100.0,15325.220432289027
CI.ISA..HHE,2019-07-05T01:00:00.000000Z,25,100.0,2457.9224096114244
CI.ISA..HHE,2019-07-05T02:00:00.000000Z,26,100.0,6147.155022445247
CI.ISA..HHE,2019-07-05T03:00:00.000000Z,27,100.0,2834.1274190404592
CI.ISA..HHE,2019-07-05T04:00:00.000000Z,28,100.0,4882.094055343525
CI.ISA..HHE,2019-07-05T05:00:00.000000Z,29,100.0,2858.9789726663466
CI.ISA..HHE,2019-07-05T06:00:00.000000Z,30,100.0,6022.48216914456
CI.ISA..HHE,2019-07-05T07:00:00.000000Z,31,100.0,4242.382463934474
CI.ISA..HHE,2019-07-05T08:00:00.000000Z,32,100.0,3637.993686572482
CI.ISA..HHE,2019-07-05T09:00:00.000000Z,33,100.0,1791.1400255797503
CI.ISA..HHE,2019-07-05T10:00:00.000000Z,34,100.0,1659.8968078927678
CI.ISA..HHE,2019-07-05T11:00:00.000000Z,35,100.0,116411.80888345766
CI.ISA..HHE,2019-07-05T12:00:00.000000Z,36,100.0,13126.26640820102
CI.ISA..HHE,2019-07-05T13:00:00.000000Z,37,100.0,2349.3546973690636
CI.ISA..HHE,2019-07-05T14:00:00.000000Z,38,100.0,5783.069703345102
CI.ISA..HHE,2019-07-05T15:00:00.000000Z,39,100.0,1310.0738478831327
CI.ISA..HHE,2019-07-05T16:00:00.000000Z,40,100.0,908.8583633362053
CI.ISA..HHE,2019-07-05T17:00:00.000000Z,41,100.0,7235.455628273501
CI.ISA..HHE,2019-07-05T18:00:00.000000Z,42,100.0,2201.8591781444907
CI.ISA..HHE,2019-07-05T19:00:00.000000Z,43,100.0,831.1529731447716
CI.ISA..HHE,2019-07-05T20:00:00.000000Z,44,100.0,34712.805802750096
CI.ISA..HHE,2019-07-05T21:00:00.000000Z,45,100.0,2185.0591177298998
CI.ISA..HHE,2019-07-05T22:00:00.000000Z,46,100.0,2976.1944921220797
CI.ISA..HHE,2019-07-05T23:00:00.000000Z,47,100.0,1710.7748409868807
CI.ISA..HHE,2019-07-06T00:00:00.000000Z,48,100.0,5653.558955084618
CI.ISA..HHE,2019-07-06T01:00:00.000000Z,49,100.0,1893.3035014759105
CI.ISA..HHE,2019-07-06T02:00:00.000000Z,50,100.0,2871.336694320825
CI.ISA..HHE,2019-07-06T03:00:00.000000Z,51,100.0,2300302.7302296087
CI.ISA..HHE,2019-07-06T04:00:00.000000Z,52,100.0,277075.11252459715
CI.ISA..HHE,2019-07-06T05:00:00.000000Z,53,100.0,30381.918889274675
CI.ISA..HHE,2019-07-06T06:00:00.000000Z,54,100.0,42120.69043451887
CI.ISA..HHE,2019-07-06T07:00:00.000000Z,55,100.0,16007.931622975215
CI.ISA..HHE,2019-07-06T08:00:00.000000Z,56,100.0,26083.046446582102
CI.ISA..HHE,2019-07-06T09:00:00.000000Z,57,100.0,66490.19933991432
CI.ISA..HHE,2019-07-06T10:00:00.000000Z,58,100.0,13511.949685358868
CI.ISA..HHE,2019-07-06T11:00:00.000000Z,59,100.0,12937.201070759269
CI.ISA..HHE,2019-07-06T12:00:00.000000Z,60,100.0,6146.628635983448
CI.ISA..HHE,2019-07-06T13:00:00.000000Z,61,100.0,23352.918718586814
CI.ISA..HHE,2019-07-06T14:00:00.000000Z,62,100.0,2817.708889665899
CI.ISA..HHE,2019-07-06T15:00:00.000000Z,63,100.0,6801.626721606584
CI.ISA..HHE,2019-07-06T16:00:00.000000Z,64,100.0,14945.00868907048
CI.ISA..HHE,2019-07-06T17:00:00.000000Z,65,100.0,14851.24834880212
CI.ISA..HHE,2019-07-06T18:00:00.000000Z,66,100.0,7759.976294609378
CI.ISA..HHE,2019-07-06T19:00:00.000000Z,67,100.0,5257.6483718089985
CI.ISA..HHE,2019-07-06T20:00:00.000000Z,68,100.0,3266.4372885706766
CI.ISA..HHE,2019-07-06T21:00:00.000000Z,69,100.0,7357.13960732263
CI.ISA..HHE,2019-07-06T22:00:00.000000Z,70,100.0,2309.871720413509
CI.ISA..HHE,2019-07-06T23:00:00.000000Z,71,100.0,28654.269099083547
CI.ISA..HHN,2019-07-04T00:00:00.000000Z,0,99.99976944261127,2745.607865481758
CI.ISA..HHN,2019-07-04T01:00:00.000000Z,1,100.0,2086.2414415963876
CI.ISA..HHN,2019-07-04T02:00:00.000000Z,2,100.0,2877.0087820012136
CI.ISA..HHN,2019-07-04T03:00:00.000000Z,3,100.0,3773.2397435171974
CI.ISA..HHN,2019-07-04T04:00:00.000000Z,4,100.0,11822.798268360722
CI.ISA..HHN,2019-07-04T05:00:00.000000Z,5,100.0,3372.6551619991537
CI.ISA..HHN,2019-07-04T06:00:00.000000Z,6,100.0,1758.4265191882123
CI.ISA..HHN,2019-07-04T07:00:00.000000Z,7,100.0,1389.1821665047632
CI.ISA..HHN,2019-07-04T08:00:00.000000Z,8,100.0,1442.7861456089202
CI.ISA..HHN,2019-07-04T09:00:00.000000Z,9,100.0,1380.9158984721369
CI.ISA..HHN,2019-07-04T10:00:00.000000Z,10,100.0,1333.2466018153573
CI.ISA..HHN,2019-07-04T11:00:00.000000Z,11,100.0,1348.8277397714185
CI.ISA..HHN,2019-07-04T12:00:00.000000Z,12,100.0,956.6988337872466
CI.ISA..HHN,2019-07-04T13:00:00.000000Z,13,100.0,1034.6564561586101
CI.ISA..HHN,2019-07-04T14:00:00.000000Z,14,100.0,713.3127126980605
CI.ISA..HHN,2019-07-04T15:00:00.000000Z,15,100.0,751.6210567211451
CI.ISA..HHN,2019-07-04T16:00:00.000000Z,16,100.0,1339.2740096138446
CI.ISA..HHN,2019-07-04T17:00:00.000000Z,17,100.0,780747.8367565098
CI.ISA..HHN,2019-07-04T18:00:00.000000Z,18,100.0,43688.08801426553
CI.ISA..HHN,2019-07-04T19:00:00.000000Z,19,100.0,22749.76904538511
CI.ISA..HHN,2019-07-04T20:00:00.000000Z,20,100.0,8541.469219507866
CI.ISA..HHN,2019-07-04T21:00:00.000000Z,21,100.0,3520.233526847829
CI.ISA..HHN,2019-07-04T22:00:00.000000Z,22,100.0,14968.784510162468
CI.ISA..HHN,2019-07-04T23:00:00.000000Z,23,100.0,8451.610253473687
CI.ISA..HHN,2019-07-05T00:00:00.000000Z,24,100.0,15437.979077927232
CI.ISA..HHN,2019-07-05T01:00:00.000000Z,25,100.0,3204.0261683331873
CI.ISA..HHN,2019-07-05T02:00:00.000000Z,26,100.0,6226.314897548316
CI.ISA..HHN,2019-07-05T03:00:00.000000Z,27,100.0,2727.014226317231
CI.ISA..HHN,2019-07-05T04:00:00.000000Z,28,100.0,5185.502381518589
CI.ISA..HHN,2019-07-05T05:00:00.000000Z,29,100.0,2263.5130816647525
CI.ISA..HHN,2019-07-05T06:00:00.000000Z,30,100.0,5749.372527619742
CI.ISA..HHN,2019-07-05T07:00:00.000000Z,31,100.0,4325.7820577436605
CI.ISA..HHN,2019-07-05T08:00:00.000000Z,32,100.0,3164.401774503814
CI.ISA..HHN,2019-07-05T09:00:00.000000Z,33,100.0,1688.5425370431021
CI.ISA..HHN,2019-07-05T10:00:00.000000Z,34,100.0,1529.638979399191
CI.ISA..HHN,2019-07-05T11:00:00.000000Z,35,100.0,102393.43121690695
CI.ISA..HHN,2019-07-05T12:00:00.000000Z,36,100.0,15469.495755025462
CI.ISA..HHN,2019-07-05T13:00:00.000000Z,37,100.0,2131.9599291919967
CI.ISA..HHN,2019-07-05T14:00:00.000000Z,38,100.0,5474.230459870102
CI.ISA..HHN,2019-07-05T15:00:00.000000Z,39,100.0,1247.682289730476
CI.ISA..HHN,2019-07-05T16:00:00.000000Z,40,100.0,893.0745581253076
CI.ISA..HHN,2019-07-05T17:00:00.000000Z,41,100.0,6434.170729136682
CI.ISA..HHN,2019-07-05T18:00:00.000000Z,42,100.0,2291.1664465803096
CI.ISA..HHN,2019-07-05T19:00:00.000000Z,43,100.0,928.7861404222382
CI.ISA..HHN,2019-07-05T20:00:00.000000Z,44,100.0,1593.683592433663
CI.ISA..HHN,2019-07-05T21:00:00.000000Z,45,100.0,1913.313463002856
CI.ISA..HHN,2019-07-05T22:00:00.000000Z,46,100.0,3002.9283346237403
CI.ISA..HHN,2019-07-05T23:00:00.000000Z,47,100.0,2234.363455186681
CI.ISA..HHN,2019-07-06T00:00:00.000000Z,48,100.0,5944.0030963853915
CI.ISA..HHN,2019-07-06T01:00:00.000000Z,49,100.0,1988.1426218505212
CI.ISA..HHN,2019-07-06T02:00:00.000000Z,50,100.0,1819.4806345505388
CI.ISA..HHN,2019-07-06T03:00:00.000000Z,51,100.0,2546168.9951808006
CI.ISA..HHN,2019-07-06T04:00:00.000000Z,52,100.0,282949.50507401983
CI.ISA..HHN,2019-07-06T05:00:00.000000Z,53,100.0,30077.51357879359
CI.ISA..HHN,2019-07-06T06:00:00.000000Z,54,100.0,37178.906714769255
CI.ISA..HHN,2019-07-06T07:00:00.000000Z,55,100.0,16279.987460915072
CI.ISA..HHN,2019-07-06T08:00:00.000000Z,56,100.0,21728.98827726891
CI.ISA..HHN,2019-07-06T09:00:00.000000Z,57,100.0,74732.20199452869
CI.ISA..HHN,2019-07-06T10:00:00.000000Z,58,100.0,13594.478667505231
CI.ISA..HHN,2019-07-06T11:00:00.000000Z,59,100.0,10579.352413411214
CI.ISA..HHN,2019-07-06T12:00:00.000000Z,60,100.0,5923.488559464209
CI.ISA..HHN,2019-07-06T13:00:00.000000Z,61,100.0,24209.64421233838
CI.ISA..HHN,2019-07-06T14:00:00.000000Z,62,100.0,2424.885885653174
CI.ISA..HHN,2019-07-06T15:00:00.000000Z,63,100.0,6721.191542201843
CI.ISA..HHN,2019-07-06T16:00:00.000000Z,64,100.0,8135.628070046765
CI.ISA..HHN,2019-07-06T17:00:00.000000Z,65,100.0,13244.766011098965
CI.ISA..HHN,2019-07-06T18:00:00.000000Z,66,100.0,7020.973326499504
CI.ISA..HHN,2019-07-06T19:00:00.000000Z,67,100.0,4963.969152851024
CI.ISA..HHN,2019-07-06T20:00:00.000000Z,68,100.0,3126.017867129355
CI.ISA..HHN,2019-07-06T21:00:00.000000Z,69,100.0,3763.6973372520147
CI.ISA..HHN,2019-07-06T22:00:00.000000Z,70,100.0,2359.969428056113
CI.ISA..HHN,2019-07-06T23:00:00.000000Z,71,100.0,32937.08367704331
CI.ISA..HHZ,2019-07-04T00:00:00.000000Z,0,99.99976944261127,643.8954042157935
CI.ISA..HHZ,2019-07-04T01:00:00.000000Z,1,100.0,701.858495429028
CI.ISA..HHZ,2019-07-04T02:00:00.000000Z,2,100.0,735.8248456660733
CI.ISA..HHZ,2019-07-04T03:00:00.000000Z,3,100.0,768.83867484812
CI.ISA..HHZ,2019-07-04T04:00:00.000000Z,4,100.0,22409.946249867124
CI.ISA..HHZ,2019-07-04T05:00:00.000000Z,5,100.0,5777.5504712534175
CI.ISA..HHZ,2019-07-04T06:00:00.000000Z,6,100.0,1500.1887973719754
CI.ISA..HHZ,2019-07-04T07:00:00.000000Z,7,100.0,830.683877149197
CI.ISA..HHZ,2019-07-04T08:00:00.000000Z,8,100.0,742.551938129871
CI.ISA..HHZ,2019-07-04T09:00:00.000000Z,9,100.0,753.210497304366
CI.ISA..HHZ,2019-07-04T10:00:00.000000Z,10,100.0,723.8655012057831
CI.ISA..HHZ,2019-07-04T11:00:00.000000Z,11,100.0,703.0389380506299
CI.ISA..HHZ,2019-07-04T12:00:00.000000Z,12,100.0,693.6969267149809
CI.ISA..HHZ,2019-07-04T13:00:00.000000Z,13,100.0,732.2638827712584
CI.ISA..HHZ,2019-07-04T14:00:00.000000Z,14,100.0,732.0766488846426
CI.ISA..HHZ,2019-07-04T15:00:00.000000Z,15,100.0,727.2822211993849
CI.ISA..HHZ,2019-07-04T16:00:00.000000Z,16,100.0,932.6626575514645
CI.ISA..HHZ,2019-07-04T17:00:00.000000Z,17,100.0,1196355.7549421221
CI.ISA..HHZ,2019-07-04T18:00:00.000000Z,18,100.0,60672.00399468465
CI.ISA..HHZ,2019-07-04T19:00:00.000000Z,19,100.0,31740.08819664683
CI.ISA..HHZ,2019-07-04T20:00:00.000000Z,20,100.0,11919.820890812654
CI.ISA..HHZ,2019-07-04T21:00:00.000000Z,21,100.0,4306.353273809278
CI.ISA..HHZ,2019-07-04T22:00:00.000000Z,22,100.0,21516.15013892906
CI.ISA..HHZ,2019-07-04T23:00:00.000000Z,23,100.0,10243.999380242822
CI.ISA..HHZ,2019-07-05T00:00:00.000000Z,24,100.0,20818.399026269053
CI.ISA..HHZ,2019-07-05T01:00:00.000000Z,25,100.0,1958.3453612691028
CI.ISA..HHZ,2019-07-05T02:00:00.000000Z,26,100.0,8355.973322004644
CI.ISA..HHZ,2019-07-05T03:00:00.000000Z,27,100.0,3388.3606321146194
CI.ISA..HHZ,2019-07-05T04:00:00.000000Z,28,100.0,6671.167116540429
CI.ISA..HHZ,2019-07-05T05:00:00.000000Z,29,100.0,2950.0127920434434
CI.ISA..HHZ,2019-07-05T06:00:00.000000Z,30,100.0,8114.174205112287
CI.ISA..HHZ,2019-07-05T07:00:00.000000Z,31,100.0,5365.052291960292
CI.ISA..HHZ,2019-07-05T08:00:00.000000Z,32,100.0,5445.218284739426
CI.ISA..HHZ,2019-07-05T09:00:00.000000Z,33,100.0,2363.6991581442717
CI.ISA..HHZ,2019-07-05T10:00:00.000000Z,34,100.0,2005.2169140866579
CI.ISA..HHZ,2019-07-05T11:00:00.000000Z,35,100.0,184084.6047174232
CI.ISA..HHZ,2019-07-05T12:00:00.000000Z,36,100.0,17803.02419535453
CI.ISA..HHZ,2019-07-05T13:00:00.000000Z,37,100.0,3609.5546602980107
CI.ISA..HHZ,2019-07-05T14:00:00.000000Z,38,100.0,8022.943153174478
CI.ISA..HHZ,2019-07-05T15:00:00.000000Z,39,100.0,1704.9399772619017
CI.ISA..HHZ,2019-07-05T16:00:00.000000Z,40,100.0,1000.4057472831934
CI.ISA..HHZ,2019-07-05T17:00:00.000000Z,41,100.0,10746.929084729376
CI.ISA..HHZ,2019-07-05T18:00:00.000000Z,42,100.0,2828.4433746875634
CI.ISA..HHZ,2019-07-05T19:00:00.000000Z,43,100.0,794.8456331973903
CI.ISA..HHZ,2019-07-05T20:00:00.000000Z,44,100.0,1215.1707414687985
CI.ISA..HHZ,2019-07-05T21:00:00.000000Z,45,100.0,1757.9942577247223
CI.ISA..HHZ,2019-07-05T22:00:00.000000Z,46,100.0,1636.9313762189408
CI.ISA..HHZ,2019-07-05T23:00:00.000000Z,47,100.0,1189.485114558061
CI.ISA..HHZ,2019-07-06T00:00:00.000000Z,48,100.0,7416.901502105565
CI.ISA..HHZ,2019-07-06T01:00:00.000000Z,49,100.0,996.79523703209
CI.ISA..HHZ,2019-07-06T02:00:00.000000Z,50,100.0,1432.0658122784164
CI.ISA..HHZ,2019-07-06T03:00:00.000000Z,51,100.0,2884971.7256607222
CI.ISA..HHZ,2019-07-06T04:00:00.000000Z,52,100.0,294630.1478951771
CI.ISA..HHZ,2019-07-06T05:00:00.000000Z,53,100.0,41244.9202732046
CI.ISA..HHZ,2019-07-06T06:00:00.000000Z,54,100.0,46684.49904805313
CI.ISA..HHZ,2019-07-06T07:00:00.000000Z,55,100.0,22788.401373224027
CI.ISA..HHZ,2019-07-06T08:00:00.000000Z,56,100.0,33805.059616911836
CI.ISA..HHZ,2019-07-06T09:00:00.000000Z,57,100.0,79142.21754109926
CI.ISA..HHZ,2019-07-06T10:00:00.000000Z,58,100.0,17328.761268418635
CI.ISA..HHZ,2019-07-06T11:00:00.000000Z,59,100.0,14326.332182535258
CI.ISA..HHZ,2019-07-06T12:00:00.000000Z,60,100.0,8971.818073756767
CI.ISA..HHZ,2019-07-06T13:00:00.000000Z,61,100.0,32127.736339966894
CI.ISA..HHZ,2019-07-06T14:00:00.000000Z,62,100.0,3374.9017566038638
CI.ISA..HHZ,2019-07-06T15:00:00.000000Z,63,100.0,9115.98034495232
CI.ISA..HHZ,2019-07-06T16:00:00.000000Z,64,100.0,12797.407170509088
CI.ISA..HHZ,2019-07-06T17:00:00.000000Z,65,100.0,19168.771567629967
CI.ISA..HHZ,2019-07-06T18:00:00.000000Z,66,100.0,9581.735681155671
CI.ISA..HHZ,2019-07-06T19:00:00.000000Z,67,100.0,6380.04182616124
CI.ISA..HHZ,2019-07-06T20:00:00.000000Z,68,100.0,4619.95419152828
CI.ISA..HHZ,2019-07-06T21:00:00.000000Z,69,100.0,4292.285306679542
CI.ISA..HHZ,2019-07-06T22:00:00.000000Z,70,100.0,2810.6261602115537
CI.ISA..HHZ,2019-07-06T23:00:00.000000Z,71,100.0,35185.92578416354
CI.JRC2..HHE,2019-07-04T00:00:00.000000Z,0,99.99976944261127,208.7577851812183
CI.JRC2..HHE,2019-07-04T01:00:00.000000Z,1,100.0,226.8032582088997
CI.JRC2..HHE,2019-07-04T02:00:00.000000Z,2,100.0,145.83455648089716
CI.JRC2..HHE,2019-07-04T03:00:00.000000Z,3,100.0,119.48550789198865
CI.JRC2..HHE,2019-07-04T04:00:00.000000Z,4,100.0,6929.749266755178
CI.JRC2..HHE,2019-07-04T05:00:00.000000Z,5,100.0,1011.5923041513
CI.JRC2..HHE,2019-07-04T06:00:00.000000Z,6,100.0,230.0541050844678
CI.JRC2..HHE,2019-07-04T07:00:00.000000Z,7,100.0,132.98870154075195
CI.JRC2..HHE,2019-07-04T08:00:00.000000Z,8,100.0,126.4019983343539
CI.JRC2..HHE,2019-07-04T09:00:00.000000Z,9,100.0,142.62654105207986
CI.JRC2..HHE,2019-07-04T10:00:00.000000Z,10,100.0,134.68080193010783
CI.JRC2..HHE,2019-07-04T11:00:00.000000Z,11,100.0,137.051525494709
CI.JRC2..HHE,2019-07-04T12:00:00.000000Z,12,100.0,157.6099545590446
CI.JRC2..HHE,2019-07-04T13:00:00.000000Z,13,100.0,151.03562428103396
CI.JRC2..HHE,2019-07-04T14:00:00.000000Z,14,100.0,145.92561309059562
CI.JRC2..HHE,2019-07-04T15:00:00.000000Z,15,100.0,141.70666962129923
CI.JRC2..HHE,2019-07-04T16:00:00.000000Z,16,100.0,189.99320393011575
CI.JRC2..HHE,2019-07-04T17:00:00.000000Z,17,100.0,482874.0124995839
CI.JRC2..HHE,2019-07-04T18:00:00.000000Z,18,100.0,59843.27114573439
CI.JRC2..HHE,2019-07-04T19:00:00.000000Z,19,100.0,32169.94063064563
CI.JRC2..HHE,2019-07-04T20:00:00.000000Z,20,100.0,11319.919067833975
CI.JRC2..HHE,2019-07-04T21:00:00.000000Z,21,100.0,3272.6540891871946
CI.JRC2..HHE,2019-07-04T22:00:00.000000Z,22,100.0,22532.26091638856
CI.JRC2..HHE,2019-07-04T23:00:00.000000Z,23,100.0,8487.36247428151
CI.JRC2..HHE,2019-07-05T00:00:00.000000Z,24,100.0,20847.14665777858
CI.JRC2..HHE,2019-07-05T01:00:00.000000Z,25,100.0,1333.7253586421164
CI.JRC2..HHE,2019-07-05T02:00:00.000000Z,26,100.0,5519.11009242293
CI.JRC2..HHE,2019-07-05T03:00:00.000000Z,27,100.0,2064.2166136051765
CI.JRC2..HHE,2019-07-05T04:00:00.000000Z,28,100.0,4289.486844717053
CI.JRC2..HHE,2019-07-05T05:00:00.000000Z,29,100.0,2453.603744489377
CI.JRC2..HHE,2019-07-05T06:00:00.000000Z,30,100.0,3379.1023296013786
CI.JRC2..HHE,2019-07-05T07:00:00.000000Z,31,100.0,5926.4992985021545
CI.JRC2..HHE,2019-07-05T08:00:00.000000Z,32,100.0,3451.3851371266483
CI.JRC2..HHE,2019-07-05T09:00:00.000000Z,33,100.0,1746.2970828891116
CI.JRC2..HHE,2019-07-05T10:00:00.000000Z,34,100.0,1882.0043866092185
CI.JRC2..HHE,2019-07-05T11:00:00.000000Z,35,100.0,132706.26575459586
CI.JRC2..HHE,2019-07-05T12:00:00.000000Z,36,100.0,16133.596366200507
CI.JRC2..HHE,2019-07-05T13:00:00.000000Z,37,100.0,1657.2177642819056
CI.JRC2..HHE,2019-07-05T14:00:00.000000Z,38,100.0,6742.046133514748
CI.JRC2..HHE,2019-07-05T15:00:00.000000Z,39,100.0,968.5742958458051
CI.JRC2..HHE,2019-07-05T16:00:00.000000Z,40,100.0,581.8496123710106
CI.JRC2..HHE,2019-07-05T17:00:00.000000Z,41,100.0,7509.2872522329535
CI.JRC2..HHE,2019-07-05T18:00:00.000000Z,42,100.0,3599.36792193098
CI.JRC2..HHE,2019-07-05T19:00:00.000000Z,43,100.0,686.8173478402006
CI.JRC2..HHE,2019-07-05T20:00:00.000000Z,44,100.0,822.6873680886154
CI.JRC2..HHE,2019-07-05T21:00:00.000000Z,45,100.0,1313.0841944685988
CI.JRC2..HHE,2019-07-05T22:00:00.000000Z,46,100.0,1447.2615339206789
CI.JRC2..HHE,2019-07-05T23:00:00.000000Z,47,100.0,791.8408461429411
CI.JRC2..HHE,2019-07-06T00:00:00.000000Z,48,100.0,7405.631700599703
CI.JRC2..HHE,2019-07-06T01:00:00.000000Z,49,100.0,689.0213507274768
CI.JRC2..HHE,2019-07-06T02:00:00.000000Z,50,100.0,827.4563202151581
CI.JRC2..HHE,2019-07-06T03:00:00.000000Z,51,100.0,893161.1496856001
CI.JRC2..HHE,2019-07-06T04:00:00.000000Z,52,100.0,348954.8001894777
CI.JRC2..HHE,2019-07-06T05:00:00.000000Z,53,100.0,72721.26902261747
CI.JRC2..HHE,2019-07-06T06:00:00.000000Z,54,100.0,105475.27324113032
CI.JRC2..HHE,2019-07-06T07:00:00.000000Z,55,100.0,50687.35136867632
CI.JRC2..HHE,2019-07-06T08:00:00.000000Z,56,100.0,39049.471946997604
CI.JRC2..HHE,2019-07-06T09:00:00.000000Z,57,100.0,241151.06705517627
CI.JRC2..HHE,2019-07-06T10:00:00.000000Z,58,100.0,25261.045642228444
CI.JRC2..HHE,2019-07-06T11:00:00.000000Z,59,100.0,56012.46587616175
CI.JRC2..HHE,2019-07-06T12:00:00.000000Z,60,100.0,16527.14964153815
CI.JRC2..HHE,2019-07-06T13:00:00.000000Z,61,100.0,109123.19729302841
CI.JRC2..HHE,2019-07-06T14:00:00.000000Z,62,100.0,11201.728989704074
CI.JRC2..HHE,2019-07-06T15:00:00.000000Z,63,100.0,22436.620294681976
CI.JRC2..HHE,2019-07-06T16:00:00.000000Z,64,100.0,13071.547705012805
CI.JRC2..HHE,2019-07-06T17:00:00.000000Z,65,100.0,28250.648940113453
CI.JRC2..HHE,2019-07-06T18:00:00.000000Z,66,100.0,24499.70234785991
CI.JRC2..HHE,2019-07-06T19:00:00.000000Z,67,100.0,10000.662957803603
CI.JRC2..HHE,2019-07-06T20:00:00.000000Z,68,100.0,7668.5418563821695
CI.JRC2..HHE,2019-07-06T21:00:00.000000Z,69,100.0,11512.019062229365
CI.JRC2..HHE,2019-07-06T22:00:00.000000Z,70,100.0,12066.284246706577
CI.JRC2..HHE,2019-07-06T23:00:00.000000Z,71,100.0,56011.480190195645
CI.JRC2..HHN,2019-07-04T00:00:00.000000Z,0,99.99976944261127,243.4507057092053
CI.JRC2..HHN,2019-07-04T01:00:00.000000Z,1,100.0,265.25074734707727
CI.JRC2..HHN,2019-07-04T02:00:00.000000Z,2,100.0,161.69577738382156
CI.JRC2..HHN,2019-07-04T03:00:00.000000Z,3,100.0,124.62710790553393
CI.JRC2..HHN,2019-07-04T04:00:00.000000Z,4,100.0,6382.041850568249
CI.JRC2..HHN,2019-07-04T05:00:00.000000Z,5,100.0,1017.3890772846131
CI.JRC2..HHN,2019-07-04T06:00:00.000000Z,6,100.0,216.10523584610686
CI.JRC2..HHN,2019-07-04T07:00:00.000000Z,7,100.0,142.17245170191447
CI.JRC2..HHN,2019-07-04T08:00:00.000000Z,8,100.0,146.8160955104151
CI.JRC2..HHN,2019-07-04T09:00:00.000000Z,9,100.0,187.77845440812098
CI.JRC2..HHN,2019-07-04T10:00:00.000000Z,10,100.0,180.4779415400201
CI.JRC2..HHN,2019-07-04T11:00:00.000000Z,11,100.0,173.93628864111656
CI.JRC2..HHN,2019-07-04T12:00:00.000000Z,12,100.0,188.37622823180726
CI.JRC2..HHN,2019-07-04T13:00:00.000000Z,13,100.0,221.50365440697217
CI.JRC2..HHN,2019-07-04T14:00:00.000000Z,14,100.0,167.6270382360538
CI.JRC2..HHN,2019-07-04T15:00:00.000000Z,15,100.0,147.69687640693917
CI.JRC2..HHN,2019-07-04T16:00:00.000000Z,16,100.0,189.54502846705387
CI.JRC2..HHN,2019-07-04T17:00:00.000000Z,17,100.0,455975.24886924884
CI.JRC2..HHN,2019-07-04T18:00:00.000000Z,18,100.0,62143.582853317275
CI.JRC2..HHN,2019-07-04T19:00:00.000000Z,19,100.0,35069.6874940871
CI.JRC2..HHN,2019-07-04T20:00:00.000000Z,20,100.0,11007.957871697474
CI.JRC2..HHN,2019-07-04T21:00:00.000000Z,21,100.0,3395.3430685268104
CI.JRC2..HHN,2019-07-04T22:00:00.000000Z,22,100.0,24737.45962276805
CI.JRC2..HHN,2019-07-04T23:00:00.000000Z,23,100.0,8477.125568000893
CI.JRC2..HHN,2019-07-05T00:00:00.000000Z,24,100.0,18869.180988488737
CI.JRC2..HHN,2019-07-05T01:00:00.000000Z,25,100.0,1398.9433389960193
CI.JRC2..HHN,2019-07-05T02:00:00.000000Z,26,100.0,5966.018462495985
CI.JRC2..HHN,2019-07-05T03:00:00.000000Z,27,100.0,2062.4531941478845
CI.JRC2..HHN,2019-07-05T04:00:00.000000Z,28,100.0,4334.647798986116
CI.JRC2..HHN,2019-07-05T05:00:00.000000Z,29,100.0,2291.6307369863234
CI.JRC2..HHN,2019-07-05T06:00:00.000000Z,30,100.0,3485.8672839850506
CI.JRC2..HHN,2019-07-05T07:00:00.000000Z,31,100.0,6006.19936076539
CI.JRC2..HHN,2019-07-05T08:00:00.000000Z,32,100.0,3049.181950623088
CI.JRC2..HHN,2019-07-05T09:00:00.000000Z,33,100.0,1844.6809148765758
CI.JRC2..HHN,2019-07-05T10:00:00.000000Z,34,100.0,1906.129682098563
CI.JRC2..HHN,2019-07-05T11:00:00.000000Z,35,100.0,124308.16632682692
CI.JRC2..HHN,2019-07-05T12:00:00.000000Z,36,100.0,21348.998278448515
CI.JRC2..HHN,2019-07-05T13:00:00.000000Z,37,100.0,1565.5862576759976
CI.JRC2..HHN,2019-07-05T14:00:00.000000Z,38,100.0,7331.094443194231
CI.JRC2..HHN,2019-07-05T15:00:00.000000Z,39,100.0,926.8949406077763
CI.JRC2..HHN,2019-07-05T16:00:00.000000Z,40,100.0,567.633457432834
CI.JRC2..HHN,2019-07-05T17:00:00.000000Z,41,100.0,8453.916263351939
CI.JRC2..HHN,2019-07-05T18:00:00.000000Z,42,100.0,3833.3166434296436
CI.JRC2..HHN,2019-07-05T19:00:00.000000Z,43,100.0,701.5967095126515
CI.JRC2..HHN,2019-07-05T20:00:00.000000Z,44,100.0,921.3193477060802
CI.JRC2..HHN,2019-07-05T21:00:00.000000Z,45,100.0,1212.3501953450739
CI.JRC2..HHN,2019-07-05T22:00:00.000000Z,46,100.0,1427.2233258632682
CI.JRC2..HHN,2019-07-05T23:00:00.000000Z,47,100.0,760.5130372744652
CI.JRC2..HHN,2019-07-06T00:00:00.000000Z,48,100.0,6582.6827182281095
CI.JRC2..HHN,2019-07-06T01:00:00.000000Z,49,100.0,644.4943388142917
CI.JRC2..HHN,2019-07-06T02:00:00.000000Z,50,100.0,856.7986719837448
CI.JRC2..HHN,2019-07-06T03:00:00.000000Z,51,100.0,875327.7629775985
CI.JRC2..HHN,2019-07-06T04:00:00.000000Z,52,100.0,313951.6562504965
CI.JRC2..HHN,2019-07-06T05:00:00.000000Z,53,100.0,65999.80633806624
CI.JRC2..HHN,2019-07-06T06:00:00.000000Z,54,100.0,111569.72965904162
CI.JRC2..HHN,2019-07-06T07:00:00.000000Z,55,100.0,55889.679419624554
CI.JRC2..HHN,2019-07-06T08:00:00.000000Z,56,100.0,41544.83824060156
CI.JRC2..HHN,2019-07-06T09:00:00.000000Z,57,100.0,248894.57386321324
CI.JRC2..HHN,2019-07-06T10:00:00.000000Z,58,100.0,25818.979573426186
CI.JRC2..HHN,2019-07-06T11:00:00.000000Z,59,100.0,57391.009082812474
CI.JRC2..HHN,2019-07-06T12:00:00.000000Z,60,100.0,16340.137057335472
CI.JRC2..HHN,2019-07-06T13:00:00.000000Z,61,100.0,102612.38475231845
CI.JRC2..HHN,2019-07-06T14:00:00.000000Z,62,100.0,9726.025890728406
CI.JRC2..HHN,2019-07-06T15:00:00.000000Z,63,100.0,17437.530880904153
CI.JRC2..HHN,2019-07-06T16:00:00.000000Z,64,100.0,12299.058188340936
CI.JRC2..HHN,2019-07-06T17:00:00.000000Z,65,100.0,35489.94458526554
CI.JRC2..HHN,2019-07-06T18:00:00.000000Z,66,100.0,22608.340156888877
CI.JRC2..HHN,2019-07-06T19:00:00.000000Z,67,100.0,9454.000018333056
CI.JRC2..HHN,2019-07-06T20:00:00.000000Z,68,100.0,6909.348018877981
CI.JRC2..HHN,2019-07-06T21:00:00.000000Z,69,100.0,9780.378547106784
CI.JRC2..HHN,2019-07-06T22:00:00.000000Z,70,100.0,10114.302409362652
CI.JRC2..HHN,2019-07-06T23:00:00.000000Z,71,100.0,73074.43274569092
CI.JRC2..HHZ,2019-07-04T00:00:00.000000Z,0,99.99976944261127,128.1696294710515
CI.JRC2..HHZ,2019-07-04T01:00:00.000000Z,1,100.0,154.63834204387632
CI.JRC2..HHZ,2019-07-04T02:00:00.000000Z,2,100.0,117.92085137152966
CI.JRC2..HHZ,2019-07-04T03:00:00.000000Z,3,100.0,104.84598923086959
CI.JRC2..HHZ,2019-07-04T04:00:00.000000Z,4,100.0,7848.737027221168
CI.JRC2..HHZ,2019-07-04T05:00:00.000000Z,5,100.0,1031.0653888837105
CI.JRC2..HHZ,2019-07-04T06:00:00.000000Z,6,100.0,256.42442732986643
CI.JRC2..HHZ,2019-07-04T07:00:00.000000Z,7,100.0,135.00535914081567
CI.JRC2..HHZ,2019-07-04T08:00:00.000000Z,8,100.0,121.29466253699772
CI.JRC2..HHZ,2019-07-04T09:00:00.000000Z,9,100.0,132.40394717070336
CI.JRC2..HHZ,2019-07-04T10:00:00.000000Z,10,100.0,125.17343349688073
CI.JRC2..HHZ,2019-07-04T11:00:00.000000Z,11,100.0,124.24466204202882
CI.JRC2..HHZ,2019-07-04T12:00:00.000000Z,12,100.0,126.19541206403999
CI.JRC2..HHZ,2019-07-04T13:00:00.000000Z,13,100.0,136.5259643789197
CI.JRC2..HHZ,2019-07-04T14:00:00.000000Z,14,100.0,124.30431542050543
CI.JRC2..HHZ,2019-07-04T15:00:00.000000Z,15,100.0,108.64648672294182
CI.JRC2..HHZ,2019-07-04T16:00:00.000000Z,16,100.0,109.01739859669159
CI.JRC2..HHZ,2019-07-04T17:00:00.000000Z,17,100.0,324407.97383575595
CI.JRC2..HHZ,2019-07-04T18:00:00.000000Z,18,100.0,24044.2773712547
CI.JRC2..HHZ,2019-07-04T19:00:00.000000Z,19,100.0,13561.797904560037
CI.JRC2..HHZ,2019-07-04T20:00:00.000000Z,20,100.0,5237.22391980068
CI.JRC2..HHZ,2019-07-04T21:00:00.000000Z,21,100.0,1904.189116371923
CI.JRC2..HHZ,2019-07-04T22:00:00.000000Z,22,100.0,10074.358977695458
CI.JRC2..HHZ,2019-07-04T23:00:00.000000Z,23,100.0,3892.132833937065
CI.JRC2..HHZ,2019-07-05T00:00:00.000000Z,24,100.0,9735.084085667357
CI.JRC2..HHZ,2019-07-05T01:00:00.000000Z,25,100.0,676.8716205656002
CI.JRC2..HHZ,2019-07-05T02:00:00.000000Z,26,100.0,3110.730393068218
CI.JRC2..HHZ,2019-07-05T03:00:00.000000Z,27,100.0,1053.3560412435547
CI.JRC2..HHZ,2019-07-05T04:00:00.000000Z,28,100.0,2179.1372421204796
CI.JRC2..HHZ,2019-07-05T05:00:00.000000Z,29,100.0,1259.1557439470603
CI.JRC2..HHZ,2019-07-05T06:00:00.000000Z,30,100.0,1734.0093955404157
CI.JRC2..HHZ,2019-07-05T07:00:00.000000Z,31,100.0,2804.8360185691195
CI.JRC2..HHZ,2019-07-05T08:00:00.000000Z,32,100.0,1904.1639837422158
CI.JRC2..HHZ,2019-07-05T09:00:00.000000Z,33,100.0,981.4198568422694
CI.JRC2..HHZ,2019-07-05T10:00:00.000000Z,34,100.0,1092.5673107509078
CI.JRC2..HHZ,2019-07-05T11:00:00.000000Z,35,100.0,62392.05526876202
CI.JRC2..HHZ,2019-07-05T12:00:00.000000Z,36,100.0,8624.820134653086
CI.JRC2..HHZ,2019-07-05T13:00:00.000000Z,37,100.0,1243.4182044142024
CI.JRC2..HHZ,2019-07-05T14:00:00.000000Z,38,100.0,3067.694959989528
CI.JRC2..HHZ,2019-07-05T15:00:00.000000Z,39,100.0,556.8819037126473
CI.JRC2..HHZ,2019-07-05T16:00:00.000000Z,40,100.0,343.8792331734524
CI.JRC2..HHZ,2019-07-05T17:00:00.000000Z,41,100.0,4568.163608131108
CI.JRC2..HHZ,2019-07-05T18:00:00.000000Z,42,100.0,1788.1195084866135
CI.JRC2..HHZ,2019-07-05T19:00:00.000000Z,43,100.0,405.2467507861023
CI.JRC2..HHZ,2019-07-05T20:00:00.000000Z,44,100.0,541.765647790491
CI.JRC2..HHZ,2019-07-05T21:00:00.000000Z,45,100.0,667.0197350463676
CI.JRC2..HHZ,2019-07-05T22:00:00.000000Z,46,100.0,808.919135460255
CI.JRC2..HHZ,2019-07-05T23:00:00.000000Z,47,100.0,420.18590273462866
CI.JRC2..HHZ,2019-07-06T00:00:00.000000Z,48,100.0,3625.4034907970395
CI.JRC2..HHZ,2019-07-06T01:00:00.000000Z,49,100.0,376.8657647162388
CI.JRC2..HHZ,2019-07-06T02:00:00.000000Z,50,100.0,479.32889997099994
CI.JRC2..HHZ,2019-07-06T03:00:00.000000Z,51,100.0,645657.4596861148
CI.JRC2..HHZ,2019-07-06T04:00:00.000000Z,52,100.0,222081.6152508576
CI.JRC2..HHZ,2019-07-06T05:00:00.000000Z,53,100.0,37609.478106663504
CI.JRC2..HHZ,2019-07-06T06:00:00.000000Z,54,100.0,53244.13550003918
CI.JRC2..HHZ,2019-07-06T07:00:00.000000Z,55,100.0,28095.30240953749
CI.JRC2..HHZ,2019-07-06T08:00:00.000000Z,56,100.0,19216.81096880581
CI.JRC2..HHZ,2019-07-06T09:00:00.000000Z,57,100.0,119832.29603223507
CI.JRC2..HHZ,2019-07-06T10:00:00.000000Z,58,100.0,13861.48090084824
CI.JRC2..HHZ,2019-07-06T11:00:00.000000Z,59,100.0,26035.16629550891
CI.JRC2..HHZ,2019-07-06T12:00:00.000000Z,60,100.0,9561.038568213535
CI.JRC2..HHZ,2019-07-06T13:00:00.000000Z,61,100.0,33027.027815728274
CI.JRC2..HHZ,2019-07-06T14:00:00.000000Z,62,100.0,5958.845545193324
CI.JRC2..HHZ,2019-07-06T15:00:00.000000Z,63,100.0,10949.050517518384
CI.JRC2..HHZ,2019-07-06T16:00:00.000000Z,64,100.0,6780.418687470252
CI.JRC2..HHZ,2019-07-06T17:00:00.000000Z,65,100.0,17923.68861469078
CI.JRC2..HHZ,2019-07-06T18:00:00.000000Z,66,100.0,12623.09945107361
CI.JRC2..HHZ,2019-07-06T19:00:00.000000Z,67,100.0,5732.35321682561
CI.JRC2..HHZ,2019-07-06T20:00:00.000000Z,68,100.0,4168.208741923364
CI.JRC2..HHZ,2019-07-06T21:00:00.000000Z,69,100.0,6092.197673063752
CI.JRC2..HHZ,2019-07-06T22:00:00.000000Z,70,100.0,5231.768649328828
CI.JRC2..HHZ,2019-07-06T23:00:00.000000Z,71,100.0,26416.481765981644
CI.LDR..HHE,2019-07-04T00:00:00.000000Z,0,99.99976944261127,205.6306239460142
CI.LDR..HHE,2019-07-04T01:00:00.000000Z,1,100.0,201.96589191786515
CI.LDR..HHE,2019-07-04T02:00:00.000000Z,2,100.0,237.60045904546607
CI.LDR..HHE,2019-07-04T03:00:00.000000Z,3,100.0,270.9780049850578
CI.LDR..HHE,2019-07-04T04:00:00.000000Z,4,100.0,3950.2003761877013
CI.LDR..HHE,2019-07-04T05:00:00.000000Z,5,100.0,806.5406442743532
CI.LDR..HHE,2019-07-04T06:00:00.000000Z,6,100.0,298.2273454834286
CI.LDR..HHE,2019-07-04T07:00:00.000000Z,7,100.0,266.234536804035
CI.LDR..HHE,2019-07-04T08:00:00.000000Z,8,100.0,273.69741197621687
CI.LDR..HHE,2019-07-04T09:00:00.000000Z,9,100.0,261.3438677860593
CI.LDR..HHE,2019-07-04T10:00:00.000000Z,10,100.0,182.21540122394194
CI.LDR..HHE,2019-07-04T11:00:00.000000Z,11,100.0,176.05279065004893
CI.LDR..HHE,2019-07-04T12:00:00.000000Z,12,100.0,233.2695912047396
CI.LDR..HHE,2019-07-04T13:00:00.000000Z,13,100.0,231.0569632587759
CI.LDR..HHE,2019-07-04T14:00:00.000000Z,14,100.0,256.5628524687787
CI.LDR..HHE,2019-07-04T15:00:00.000000Z,15,100.0,218.71201860575803
CI.LDR..HHE,2019-07-04T16:00:00.000000Z,16,100.0,192.007414776257
CI.LDR..HHE,2019-07-04T17:00:00.000000Z,17,100.0,382923.5331057557
CI.LDR..HHE,2019-07-04T18:00:00.000000Z,18,100.0,10471.640360839536
CI.LDR..HHE,2019-07-04T19:00:00.000000Z,19,100.0,6196.971722681672
CI.LDR..HHE,2019-07-04T20:00:00.000000Z,20,100.0,2047.5631941428214
CI.LDR..HHE,2019-07-04T21:00:00.000000Z,21,100.0,766.0631939494285
CI.LDR..HHE,2019-07-04T22:00:00.000000Z,22,100.0,4482.87175084202
CI.LDR..HHE,2019-07-04T23:00:00.000000Z,23,100.0,2372.318667041226
CI.LDR..HHE,2019-07-05T00:00:00.000000Z,24,100.0,2921.5537347478685
CI.LDR..HHE,2019-07-05T01:00:00.000000Z,25,100.0,306.47778142424283
CI.LDR..HHE,2019-07-05T02:00:00.000000Z,26,100.0,1692.5825549348883
CI.LDR..HHE,2019-07-05T03:00:00.000000Z,27,100.0,496.45256943999055
CI.LDR..HHE,2019-07-05T04:00:00.000000Z,28,100.0,850.2521147685776
CI.LDR..HHE,2019-07-05T05:00:00.000000Z,29,100.0,384.82750321539044
CI.LDR..HHE,2019-07-05T06:00:00.000000Z,30,100.0,1643.9823708459996
CI.LDR..HHE,2019-07-05T07:00:00.000000Z,31,100.0,1246.8948329878226
CI.LDR..HHE,2019-07-05T08:00:00.000000Z,32,100.0,623.0961335681917
CI.LDR..HHE,2019-07-05T09:00:00.000000Z,33,100.0,593.7998498006153
CI.LDR..HHE,2019-07-05T10:00:00.000000Z,34,100.0,290.3700696451689
CI.LDR..HHE,2019-07-05T11:00:00.000000Z,35,100.0,37647.01619779849
CI.LDR..HHE,2019-07-05T12:00:00.000000Z,36,100.0,2407.0224692052566
CI.LDR..HHE,2019-07-05T13:00:00.000000Z,37,100.0,498.0054425155439
CI.LDR..HHE,2019-07-05T14:00:00.000000Z,38,100.0,1287.5897679998175
CI.LDR..HHE,2019-07-05T15:00:00.000000Z,39,100.0,282.74467453429367
CI.LDR..HHE,2019-07-05T16:00:00.000000Z,40,100.0,146.12487508749695
CI.LDR..HHE,2019-07-05T17:00:00.000000Z,41,100.0,2323.5354554513337
CI.LDR..HHE,2019-07-05T18:00:00.000000Z,42,100.0,323.5836278736998
CI.LDR..HHE,2019-07-05T19:00:00.000000Z,43,100.0,120.20873490118163
CI.LDR..HHE,2019-07-05T20:00:00.000000Z,44,100.0,183.81262455285517
CI.LDR..HHE,2019-07-05T21:00:00.000000Z,45,100.0,217.3422857050101
CI.LDR..HHE,2019-07-05T22:00:00.000000Z,46,100.0,213.8285298614649
CI.LDR..HHE,2019-07-05T23:00:00.000000Z,47,100.0,177.26439327760713
CI.LDR..HHE,2019-07-06T00:00:00.000000Z,48,100.0,772.9941698348216
CI.LDR..HHE,2019-07-06T01:00:00.000000Z,49,100.0,162.80643071761722
CI.LDR..HHE,2019-07-06T02:00:00.000000Z,50,100.0,178.80651047665896
CI.LDR..HHE,2019-07-06T03:00:00.000000Z,51,100.0,699772.80111159
CI.LDR..HHE,2019-07-06T04:00:00.000000Z,52,100.0,46057.28007566378
CI.LDR..HHE,2019-07-06T05:00:00.000000Z,53,100.0,5454.447726343763
CI.LDR..HHE,2019-07-06T06:00:00.000000Z,54,100.0,6255.717881851782
CI.LDR..HHE,2019-07-06T07:00:00.000000Z,55,100.0,2737.7758607818782
CI.LDR..HHE,2019-07-06T08:00:00.000000Z,56,100.0,10674.543379492421
CI.LDR..HHE,2019-07-06T09:00:00.000000Z,57,100.0,9247.750741975487
CI.LDR..HHE,2019-07-06T10:00:00.000000Z,58,100.0,3001.862390321129
CI.LDR..HHE,2019-07-06T11:00:00.000000Z,59,100.0,2296.440391104175
CI.LDR..HHE,2019-07-06T12:00:00.000000Z,60,100.0,851.689875553945
CI.LDR..HHE,2019-07-06T13:00:00.000000Z,61,100.0,3831.962132634349
CI.LDR..HHE,2019-07-06T14:00:00.000000Z,62,100.0,392.43104424557356
CI.LDR..HHE,2019-07-06T15:00:00.000000Z,63,100.0,755.4796251396187
CI.LDR..HHE,2019-07-06T16:00:00.000000Z,64,100.0,2596.4130016477498
CI.LDR..HHE,2019-07-06T17:00:00.000000Z,65,100.0,2132.834732901909
CI.LDR..HHE,2019-07-06T18:00:00.000000Z,66,100.0,1492.3940308391689
CI.LDR..HHE,2019-07-06T19:00:00.000000Z,67,100.0,585.9490220599018
CI.LDR..HHE,2019-07-06T20:00:00.000000Z,68,100.0,445.71899843172855
CI.LDR..HHE,2019-07-06T21:00:00.000000Z,69,100.0,997.4650743682174
CI.LDR..HHE,2019-07-06T22:00:00.000000Z,70,100.0,348.07699416892257
CI.LDR..HHE,2019-07-06T23:00:00.000000Z,71,100.0,5944.680199100393
CI.LDR..HHN,2019-07-04T00:00:00.000000Z,0,99.99976944261127,182.1996377176523
CI.LDR..HHN,2019-07-04T01:00:00.000000Z,1,100.0,200.20750292504945
CI.LDR..HHN,2019-07-04T02:00:00.000000Z,2,100.0,227.0934401089781
CI.LDR..HHN,2019-07-04T03:00:00.000000Z,3,100.0,286.02274375727757
CI.LDR..HHN,2019-07-04T04:00:00.000000Z,4,100.0,3156.577132393704
CI.LDR..HHN,2019-07-04T05:00:00.000000Z,5,100.0,742.3356457914778
CI.LDR..HHN,2019-07-04T06:00:00.000000Z,6,100.0,292.4978912964773
CI.LDR..HHN,2019-07-04T07:00:00.000000Z,7,100.0,274.13339323086853
CI.LDR..HHN,2019-07-04T08:00:00.000000Z,8,100.0,320.89852665046544
CI.LDR..HHN,2019-07-04T09:00:00.000000Z,9,100.0,243.8145464601233
CI.LDR..HHN,2019-07-04T10:00:00.000000Z,10,100.0,168.88768558463127
CI.LDR..HHN,2019-07-04T11:00:00.000000Z,11,100.0,167.6269463218101
CI.LDR..HHN,2019-07-04T12:00:00.000000Z,12,100.0,244.0021778567789
CI.LDR..HHN,2019-07-04T13:00:00.000000Z,13,100.0,231.03629273792072
CI.LDR..HHN,2019-07-04T14:00:00.000000Z,14,100.0,264.90217114986245
CI.LDR..HHN,2019-07-04T15:00:00.000000Z,15,100.0,223.95426134168397
CI.LDR..HHN,2019-07-04T16:00:00.000000Z,16,100.0,199.09367963954853
CI.LDR..HHN,2019-07-04T17:00:00.000000Z,17,100.0,388530.07709286746
CI.LDR..HHN,2019-07-04T18:00:00.000000Z,18,100.0,10524.421180095173
CI.LDR..HHN,2019-07-04T19:00:00.000000Z,19,100.0,6367.700409867559
CI.LDR..HHN,2019-07-04T20:00:00.000000Z,20,100.0,2208.2271459666567
CI.LDR..HHN,2019-07-04T21:00:00.000000Z,21,100.0,805.36077295053
CI.LDR..HHN,2019-07-04T22:00:00.000000Z,22,100.0,4025.8699704901815
CI.LDR..HHN,2019-07-04T23:00:00.000000Z,23,100.0,2519.4752511219376
CI.LDR..HHN,2019-07-05T00:00:00.000000Z,24,100.0,3103.319228418628
CI.LDR..HHN,2019-07-05T01:00:00.000000Z,25,100.0,309.9886939153469
CI.LDR..HHN,2019-07-05T02:00:00.000000Z,26,100.0,2137.895055685174
CI.LDR..HHN,2019-07-05T03:00:00.000000Z,27,100.0,500.32855536580723
CI.LDR..HHN,2019-07-05T04:00:00.000000Z,28,100.0,932.767085666588
CI.LDR..HHN,2019-07-05T05:00:00.000000Z,29,100.0,365.6853869344785
CI.LDR..HHN,2019-07-05T06:00:00.000000Z,30,100.0,1491.4561510484991
CI.LDR..HHN,2019-07-05T07:00:00.000000Z,31,100.0,1317.2957122105124
CI.LDR..HHN,2019-07-05T08:00:00.000000Z,32,100.0,667.075669713321
CI.LDR..HHN,2019-07-05T09:00:00.000000Z,33,100.0,634.8928565032377
CI.LDR..HHN,2019-07-05T10:00:00.000000Z,34,100.0,316.323485247899
CI.LDR..HHN,2019-07-05T11:00:00.000000Z,35,100.0,34049.298080406086
CI.LDR..HHN,2019-07-05T12:00:00.000000Z,36,100.0,2290.149857144587
CI.LDR..HHN,2019-07-05T13:00:00.000000Z,37,100.0,475.98234825511474
CI.LDR..HHN,2019-07-05T14:00:00.000000Z,38,100.0,1226.094319994013
CI.LDR..HHN,2019-07-05T15:00:00.000000Z,39,100.0,281.9046594257913
CI.LDR..HHN,2019-07-05T16:00:00.000000Z,40,100.0,147.25976660289658
CI.LDR..HHN,2019-07-05T17:00:00.000000Z,41,100.0,2601.0437656063777
CI.LDR..HHN,2019-07-05T18:00:00.000000Z,42,100.0,279.93399957644385
CI.LDR..HHN,2019-07-05T19:00:00.000000Z,43,100.0,124.09789925633596
CI.LDR..HHN,2019-07-05T20:00:00.000000Z,44,100.0,194.69250783619694
CI.LDR..HHN,2019-07-05T21:00:00.000000Z,45,100.0,211.38336106955364
CI.LDR..HHN,2019-07-05T22:00:00.000000Z,46,100.0,216.85274779052426
CI.LDR..HHN,2019-07-05T23:00:00.000000Z,47,100.0,166.699625735166
CI.LDR..HHN,2019-07-06T00:00:00.000000Z,48,100.0,780.3159805418574
CI.LDR..HHN,2019-07-06T01:00:00.000000Z,49,100.0,171.17588920026034
CI.LDR..HHN,2019-07-06T02:00:00.000000Z,50,100.0,170.8514584817193
CI.LDR..HHN,2019-07-06T03:00:00.000000Z,51,100.0,541519.9500930199
CI.LDR..HHN,2019-07-06T04:00:00.000000Z,52,100.0,37122.709080685294
CI.LDR..HHN,2019-07-06T05:00:00.000000Z,53,100.0,5111.534687092538
CI.LDR..HHN,2019-07-06T06:00:00.000000Z,54,100.0,5446.359579112977
CI.LDR..HHN,2019-07-06T07:00:00.000000Z,55,100.0,2807.617916173172
CI.LDR..HHN,2019-07-06T08:00:00.000000Z,56,100.0,9544.64559994421
CI.LDR..HHN,2019-07-06T09:00:00.000000Z,57,100.0,8411.931237927682
CI.LDR..HHN,2019-07-06T10:00:00.000000Z,58,100.0,2852.8123688750125
CI.LDR..HHN,2019-07-06T11:00:00.000000Z,59,100.0,2136.4792819858512
CI.LDR..HHN,2019-07-06T12:00:00.000000Z,60,100.0,826.4317162240676
CI.LDR..HHN,2019-07-06T13:00:00.000000Z,61,100.0,3635.204551049444
CI.LDR..HHN,2019-07-06T14:00:00.000000Z,62,100.0,390.01161772532987
CI.LDR..HHN,2019-07-06T15:00:00.000000Z,63,100.0,846.1852541142799
CI.LDR..HHN,2019-07-06T16:00:00.000000Z,64,100.0,3004.1703039720674
CI.LDR..HHN,2019-07-06T17:00:00.000000Z,65,100.0,1920.903131030084
CI.LDR..HHN,2019-07-06T18:00:00.000000Z,66,100.0,1452.9152832756154
CI.LDR..HHN,2019-07-06T19:00:00.000000Z,67,100.0,561.7066862641981
CI.LDR..HHN,2019-07-06T20:00:00.000000Z,68,100.0,412.62022781460644
CI.LDR..HHN,2019-07-06T21:00:00.000000Z,69,100.0,1624.7460961212116
CI.LDR..HHN,2019-07-06T22:00:00.000000Z,70,100.0,344.0565180493453
CI.LDR..HHN,2019-07-06T23:00:00.000000Z,71,100.0,5103.173986434634
CI.LDR..HHZ,2019-07-04T00:00:00.000000Z,0,99.99976944261127,278.44840930610127
CI.LDR..HHZ,2019-07-04T01:00:00.000000Z,1,100.0,272.1316330836047
CI.LDR..HHZ,2019-07-04T02:00:00.000000Z,2,100.0,292.2580511808272
CI.LDR..HHZ,2019-07-04T03:00:00.000000Z,3,100.0,256.69249207911844
CI.LDR..HHZ,2019-07-04T04:00:00.000000Z,4,100.0,2919.065899859915
CI.LDR..HHZ,2019-07-04T05:00:00.000000Z,5,100.0,762.4056586342048
CI.LDR..HHZ,2019-07-04T06:00:00.000000Z,6,100.0,316.5984719111813
CI.LDR..HHZ,2019-07-04T07:00:00.000000Z,7,100.0,341.0738423661991
CI.LDR..HHZ,2019-07-04T08:00:00.000000Z,8,100.0,315.37037734644554
CI.LDR..HHZ,2019-07-04T09:00:00.000000Z,9,100.0,262.8403057878083
CI.LDR..HHZ,2019-07-04T10:00:00.000000Z,10,100.0,286.1016210609984
CI.LDR..HHZ,2019-07-04T11:00:00.000000Z,11,100.0,278.40901785870506
CI.LDR..HHZ,2019-07-04T12:00:00.000000Z,12,100.0,248.72389902771425
CI.LDR..HHZ,2019-07-04T13:00:00.000000Z,13,100.0,325.6253895342923
CI.LDR..HHZ,2019-07-04T14:00:00.000000Z,14,100.0,319.4844518409567
CI.LDR..HHZ,2019-07-04T15:00:00.000000Z,15,100.0,277.9678662121804
CI.LDR..HHZ,2019-07-04T16:00:00.000000Z,16,100.0,245.27464673562216
CI.LDR..HHZ,2019-07-04T17:00:00.000000Z,17,100.0,180894.81346883395
CI.LDR..HHZ,2019-07-04T18:00:00.000000Z,18,100.0,6086.934983533491
CI.LDR..HHZ,2019-07-04T19:00:00.000000Z,19,100.0,3559.67045521858
CI.LDR..HHZ,2019-07-04T20:00:00.000000Z,20,100.0,1097.6727330920528
CI.LDR..HHZ,2019-07-04T21:00:00.000000Z,21,100.0,491.4708171581421
CI.LDR..HHZ,2019-07-04T22:00:00.000000Z,22,100.0,2313.73326408108
CI.LDR..HHZ,2019-07-04T23:00:00.000000Z,23,100.0,1241.3165105731662
CI.LDR..HHZ,2019-07-05T00:00:00.000000Z,24,100.0,1631.7925784203067
CI.LDR..HHZ,2019-07-05T01:00:00.000000Z,25,100.0,291.6587669494738
CI.LDR..HHZ,2019-07-05T02:00:00.000000Z,26,100.0,984.0119040674306
CI.LDR..HHZ,2019-07-05T03:00:00.000000Z,27,100.0,424.6622534103877
CI.LDR..HHZ,2019-07-05T04:00:00.000000Z,28,100.0,618.4635388760247
CI.LDR..HHZ,2019-07-05T05:00:00.000000Z,29,100.0,321.8268126488486
CI.LDR..HHZ,2019-07-05T06:00:00.000000Z,30,100.0,930.2991408239435
CI.LDR..HHZ,2019-07-05T07:00:00.000000Z,31,100.0,825.3171614413202
CI.LDR..HHZ,2019-07-05T08:00:00.000000Z,32,100.0,505.5859644609692
CI.LDR..HHZ,2019-07-05T09:00:00.000000Z,33,100.0,424.83958947949066
CI.LDR..HHZ,2019-07-05T10:00:00.000000Z,34,100.0,329.3295123345203
CI.LDR..HHZ,2019-07-05T11:00:00.000000Z,35,100.0,20488.91029214814
CI.LDR..HHZ,2019-07-05T12:00:00.000000Z,36,100.0,1287.0326562720752
CI.LDR..HHZ,2019-07-05T13:00:00.000000Z,37,100.0,499.82776914004756
CI.LDR..HHZ,2019-07-05T14:00:00.000000Z,38,100.0,670.2348422749465
CI.LDR..HHZ,2019-07-05T15:00:00.000000Z,39,100.0,255.19679246483653
CI.LDR..HHZ,2019-07-05T16:00:00.000000Z,40,100.0,296.2989577782868
CI.LDR..HHZ,2019-07-05T17:00:00.000000Z,41,100.0,1313.931347130882
CI.LDR..HHZ,2019-07-05T18:00:00.000000Z,42,100.0,202.26930244894714
CI.LDR..HHZ,2019-07-05T19:00:00.000000Z,43,100.0,215.52735946922695
CI.LDR..HHZ,2019-07-05T20:00:00.000000Z,44,100.0,173.68037888922015
CI.LDR..HHZ,2019-07-05T21:00:00.000000Z,45,100.0,215.71725202185397
CI.LDR..HHZ,2019-07-05T22:00:00.000000Z,46,100.0,284.7007775168672
CI.LDR..HHZ,2019-07-05T23:00:00.000000Z,47,100.0,175.88955181500947
CI.LDR..HHZ,2019-07-06T00:00:00.000000Z,48,100.0,519.8556392183585
CI.LDR..HHZ,2019-07-06T01:00:00.000000Z,49,100.0,295.13560428135537
CI.LDR..HHZ,2019-07-06T02:00:00.000000Z,50,100.0,157.38443625521853
CI.LDR..HHZ,2019-07-06T03:00:00.000000Z,51,100.0,366163.15394901077
CI.LDR..HHZ,2019-07-06T04:00:00.000000Z,52,100.0,28434.769308686897
CI.LDR..HHZ,2019-07-06T05:00:00.000000Z,53,100.0,3389.336772698959
CI.LDR..HHZ,2019-07-06T06:00:00.000000Z,54,100.0,3941.0087236428817
CI.LDR..HHZ,2019-07-06T07:00:00.000000Z,55,100.0,1865.6367082215888
CI.LDR..HHZ,2019-07-06T08:00:00.000000Z,56,100.0,5574.2257996458575
CI.LDR..HHZ,2019-07-06T09:00:00.000000Z,57,100.0,5936.66729617701
CI.LDR..HHZ,2019-07-06T10:00:00.000000Z,58,100.0,2000.178819526206
CI.LDR..HHZ,2019-07-06T11:00:00.000000Z,59,100.0,1478.7430338690049
CI.LDR..HHZ,2019-07-06T12:00:00.000000Z,60,100.0,639.602277704465
CI.LDR..HHZ,2019-07-06T13:00:00.000000Z,61,100.0,2351.0399292990683
CI.LDR..HHZ,2019-07-06T14:00:00.000000Z,62,100.0,366.71638559162227
CI.LDR..HHZ,2019-07-06T15:00:00.000000Z,63,100.0,694.8529257957645
CI.LDR..HHZ,2019-07-06T16:00:00.000000Z,64,100.0,1641.734501937905
CI.LDR..HHZ,2019-07-06T17:00:00.000000Z,65,100.0,1207.3844082279431
CI.LDR..HHZ,2019-07-06T18:00:00.000000Z,66,100.0,984.8135906612907
CI.LDR..HHZ,2019-07-06T19:00:00.000000Z,67,100.0,428.7374626273861
CI.LDR..HHZ,2019-07-06T20:00:00.000000Z,68,100.0,349.81254984889733
CI.LDR..HHZ,2019-07-06T21:00:00.000000Z,69,100.0,1320.0197382442332
CI.LDR..HHZ,2019-07-06T22:00:00.000000Z,70,100.0,263.7277033846384
CI.LDR..HHZ,2019-07-06T23:00:00.000000Z,71,100.0,3149.034479335853
CI.LMR2..HHE,2019-07-04T00:00:00.000000Z,0,99.99976944261127,471.68952637365186
CI.LMR2..HHE,2019-07-04T01:00:00.000000Z,1,100.0,414.8395798835038
CI.LMR2..HHE,2019-07-04T02:00:00.000000Z,2,100.0,390.12990548948414
CI.LMR2..HHE,2019-07-04T03:00:00.000000Z,3,100.0,351.1496821973315
CI.LMR2..HHE,2019-07-04T04:00:00.000000Z,4,100.0,3158.5382775397916
CI.LMR2..HHE,2019-07-04T05:00:00.000000Z,5,100.0,753.5537734678481
CI.LMR2..HHE,2019-07-04T06:00:00.000000Z,6,100.0,298.01633685326385
CI.LMR2..HHE,2019-07-04T07:00:00.000000Z,7,100.0,256.25279775760754
CI.LMR2..HHE,2019-07-04T08:00:00.000000Z,8,100.0,205.33287585223235
CI.LMR2..HHE,2019-07-04T09:00:00.000000Z,9,100.0,261.9437740957653
CI.LMR2..HHE,2019-07-04T10:00:00.000000Z,10,100.0,266.2917761497479
CI.LMR2..HHE,2019-07-04T11:00:00.000000Z,11,100.0,272.89886857129517
CI.LMR2..HHE,2019-07-04T12:00:00.000000Z,12,100.0,275.28962672008333
CI.LMR2..HHE,2019-07-04T13:00:00.000000Z,13,100.0,294.7933894685718
CI.LMR2..HHE,2019-07-04T14:00:00.000000Z,14,100.0,344.29685062973795
CI.LMR2..HHE,2019-07-04T15:00:00.000000Z,15,100.0,268.68933137495145
CI.LMR2..HHE,2019-07-04T16:00:00.000000Z,16,100.0,214.87566647568946
CI.LMR2..HHE,2019-07-04T17:00:00.000000Z,17,100.0,180019.01830372625
CI.LMR2..HHE,2019-07-04T18:00:00.000000Z,18,100.0,6225.059532085796
CI.LMR2..HHE,2019-07-04T19:00:00.000000Z,19,100.0,2977.373846779686
CI.LMR2..HHE,2019-07-04T20:00:00.000000Z,20,100.0,1258.314667600676
CI.LMR2..HHE,2019-07-04T21:00:00.000000Z,21,100.0,496.8282611495672
CI.LMR2..HHE,2019-07-04T22:00:00.000000Z,22,100.0,2521.5687149802025
CI.LMR2..HHE,2019-07-04T23:00:00.000000Z,23,100.0,1288.3700138847778
CI.LMR2..HHE,2019-07-05T00:00:00.000000Z,24,100.0,2215.812465147396
CI.LMR2..HHE,2019-07-05T01:00:00.000000Z,25,100.0,302.895352256107
CI.LMR2..HHE,2019-07-05T02:00:00.000000Z,26,100.0,1233.0465908496785
CI.LMR2..HHE,2019-07-05T03:00:00.000000Z,27,100.0,424.38582526259034
CI.LMR2..HHE,2019-07-05T04:00:00.000000Z,28,100.0,570.1617832117519
CI.LMR2..HHE,2019-07-05T05:00:00.000000Z,29,100.0,313.12461656310546
CI.LMR2..HHE,2019-07-05T06:00:00.000000Z,30,100.0,1228.8835943997124
CI.LMR2..HHE,2019-07-05T07:00:00.000000Z,31,100.0,627.8693066600065
CI.LMR2..HHE,2019-07-05T08:00:00.000000Z,32,100.0,377.38798149935
CI.LMR2..HHE,2019-07-05T09:00:00.000000Z,33,100.0,363.9045104886094
CI.LMR2..HHE,2019-07-05T10:00:00.000000Z,34,100.0,256.2703718368149
CI.LMR2..HHE,2019-07-05T11:00:00.000000Z,35,100.0,19936.112283591632
CI.LMR2..HHE,2019-07-05T12:00:00.000000Z,36,100.0,1711.2128607264067
CI.LMR2..HHE,2019-07-05T13:00:00.000000Z,37,100.0,470.9937178827327
CI.LMR2..HHE,2019-07-05T14:00:00.000000Z,38,100.0,809.5539981568836
CI.LMR2..HHE,2019-07-05T15:00:00.000000Z,39,100.0,203.74707316076413
CI.LMR2..HHE,2019-07-05T16:00:00.000000Z,40,100.0,122.6410561803589
CI.LMR2..HHE,2019-07-05T17:00:00.000000Z,41,100.0,926.1848003563122
CI.LMR2..HHE,2019-07-05T18:00:00.000000Z,42,100.0,220.18437912141647
CI.LMR2..HHE,2019-07-05T19:00:00.000000Z,43,100.0,181.23321168637503
CI.LMR2..HHE,2019-07-05T20:00:00.000000Z,44,100.0,534.6331180171416
CI.LMR2..HHE,2019-07-05T21:00:00.000000Z,45,100.0,255.43057348051218
CI.LMR2..HHE,2019-07-05T22:00:00.000000Z,46,100.0,247.05335719965726
CI.LMR2..HHE,2019-07-05T23:00:00.000000Z,47,100.0,290.29567370926105
CI.LMR2..HHE,2019-07-06T00:00:00.000000Z,48,100.0,675.6664512646176
CI.LMR2..HHE,2019-07-06T01:00:00.000000Z,49,100.0,339.80303225887485
CI.LMR2..HHE,2019-07-06T02:00:00.000000Z,50,100.0,371.61075326254405
CI.LMR2..HHE,2019-07-06T03:00:00.000000Z,51,100.0,515982.4068532633
CI.LMR2..HHE,2019-07-06T04:00:00.000000Z,52,100.0,41586.914643692595
CI.LMR2..HHE,2019-07-06T05:00:00.000000Z,53,100.0,3603.4954238271703
CI.LMR2..HHE,2019-07-06T06:00:00.000000Z,54,100.0,5093.981415150346
CI.LMR2..HHE,2019-07-06T07:00:00.000000Z,55,100.0,2578.7809802606976
CI.LMR2..HHE,2019-07-06T08:00:00.000000Z,56,100.0,7049.3647608750525
CI.LMR2..HHE,2019-07-06T09:00:00.000000Z,57,100.0,7772.499083415688
CI.LMR2..HHE,2019-07-06T10:00:00.000000Z,58,100.0,1814.0889638321496
CI.LMR2..HHE,2019-07-06T11:00:00.000000Z,59,100.0,1338.7850600446814
CI.LMR2..HHE,2019-07-06T12:00:00.000000Z,60,100.0,593.8062201581265
CI.LMR2..HHE,2019-07-06T13:00:00.000000Z,61,100.0,2196.6282511295526
CI.LMR2..HHE,2019-07-06T14:00:00.000000Z,62,100.0,338.6840620312281
CI.LMR2..HHE,2019-07-06T15:00:00.000000Z,63,100.0,461.4783296081538
CI.LMR2..HHE,2019-07-06T16:00:00.000000Z,64,100.0,1231.8579028908107
CI.LMR2..HHE,2019-07-06T17:00:00.000000Z,65,100.0,988.4182536289663
CI.LMR2..HHE,2019-07-06T18:00:00.000000Z,66,100.0,1037.0082876670292
CI.LMR2..HHE,2019-07-06T19:00:00.000000Z,67,100.0,479.16355506179383
CI.LMR2..HHE,2019-07-06T20:00:00.000000Z,68,100.0,528.0714034100564
CI.LMR2..HHE,2019-07-06T21:00:00.000000Z,69,100.0,350.9573817221907
CI.LMR2..HHE,2019-07-06T22:00:00.000000Z,70,100.0,338.09449082628237
CI.LMR2..HHE,2019-07-06T23:00:00.000000Z,71,100.0,4332.676859125403
CI.LMR2..HHN,2019-07-04T00:00:00.000000Z,0,99.99976944261127,566.2892745025873
CI.LMR2..HHN,2019-07-04T01:00:00.000000Z,1,100.0,439.02006864348107
CI.LMR2..HHN,2019-07-04T02:00:00.000000Z,2,100.0,368.9958358770656
CI.LMR2..HHN,2019-07-04T03:00:00.000000Z,3,100.0,353.02573782529623
CI.LMR2..HHN,2019-07-04T04:00:00.000000Z,4,100.0,2927.540465136732
CI.LMR2..HHN,2019-07-04T05:00:00.000000Z,5,100.0,765.7234609434468
CI.LMR2..HHN,2019-07-04T06:00:00.000000Z,6,100.0,330.440985391515
CI.LMR2..HHN,2019-07-04T07:00:00.000000Z,7,100.0,308.990901267297
CI.LMR2..HHN,2019-07-04T08:00:00.000000Z,8,100.0,245.3266809984924
CI.LMR2..HHN,2019-07-04T09:00:00.000000Z,9,100.0,263.2557806022838
CI.LMR2..HHN,2019-07-04T10:00:00.000000Z,10,100.0,288.7248241666331
CI.LMR2..HHN,2019-07-04T11:00:00.000000Z,11,100.0,308.9785775540168
CI.LMR2..HHN,2019-07-04T12:00:00.000000Z,12,100.0,275.63610227170886
CI.LMR2..HHN,2019-07-04T13:00:00.000000Z,13,100.0,326.3547118805929
CI.LMR2..HHN,2019-07-04T14:00:00.000000Z,14,100.0,347.8613560532094
CI.LMR2..HHN,2019-07-04T15:00:00.000000Z,15,100.0,314.93481601404045
CI.LMR2..HHN,2019-07-04T16:00:00.000000Z,16,100.0,241.97700932958983
CI.LMR2..HHN,2019-07-04T17:00:00.000000Z,17,100.0,171809.32776443858
CI.LMR2..HHN,2019-07-04T18:00:00.000000Z,18,100.0,5221.593823586604
CI.LMR2..HHN,2019-07-04T19:00:00.000000Z,19,100.0,2682.68829451395
CI.LMR2..HHN,2019-07-04T20:00:00.000000Z,20,100.0,875.0594535124211
CI.LMR2..HHN,2019-07-04T21:00:00.000000Z,21,100.0,525.4086428183568
CI.LMR2..HHN,2019-07-04T22:00:00.000000Z,22,100.0,1910.4585537316282
CI.LMR2..HHN,2019-07-04T23:00:00.000000Z,23,100.0,1193.7503486855362
CI.LMR2..HHN,2019-07-05T00:00:00.000000Z,24,100.0,1584.1201556326744
CI.LMR2..HHN,2019-07-05T01:00:00.000000Z,25,100.0,283.8792814891282
CI.LMR2..HHN,2019-07-05T02:00:00.000000Z,26,100.0,851.9896490353398
CI.LMR2..HHN,2019-07-05T03:00:00.000000Z,27,100.0,427.9350690595309
CI.LMR2..HHN,2019-07-05T04:00:00.000000Z,28,100.0,457.356759700516
CI.LMR2..HHN,2019-07-05T05:00:00.000000Z,29,100.0,338.3844278282952
CI.LMR2..HHN,2019-07-05T06:00:00.000000Z,30,100.0,868.9242992687218
CI.LMR2..HHN,2019-07-05T07:00:00.000000Z,31,100.0,659.4062708111028
CI.LMR2..HHN,2019-07-05T08:00:00.000000Z,32,100.0,407.8131316410326
CI.LMR2..HHN,2019-07-05T09:00:00.000000Z,33,100.0,372.3428789340137
CI.LMR2..HHN,2019-07-05T10:00:00.000000Z,34,100.0,258.7061270374668
CI.LMR2..HHN,2019-07-05T11:00:00.000000Z,35,100.0,18812.169625647948
CI.LMR2..HHN,2019-07-05T12:00:00.000000Z,36,100.0,1523.2695905067108
CI.LMR2..HHN,2019-07-05T13:00:00.000000Z,37,100.0,463.006933368038
CI.LMR2..HHN,2019-07-05T14:00:00.000000Z,38,100.0,595.147801981393
CI.LMR2..HHN,2019-07-05T15:00:00.000000Z,39,100.0,269.2259404441734
CI.LMR2..HHN,2019-07-05T16:00:00.000000Z,40,100.0,198.6195960577144
CI.LMR2..HHN,2019-07-05T17:00:00.000000Z,41,100.0,815.9343995484753
CI.LMR2..HHN,2019-07-05T18:00:00.000000Z,42,100.0,354.36745615345427
CI.LMR2..HHN,2019-07-05T19:00:00.000000Z,43,100.0,303.81934948947844
CI.LMR2..HHN,2019-07-05T20:00:00.000000Z,44,100.0,423.0478011631205
CI.LMR2..HHN,2019-07-05T21:00:00.000000Z,45,100.0,313.17089691508835
CI.LMR2..HHN,2019-07-05T22:00:00.000000Z,46,100.0,301.7629636648396
CI.LMR2..HHN,2019-07-05T23:00:00.000000Z,47,100.0,249.7143145794677
CI.LMR2..HHN,2019-07-06T00:00:00.000000Z,48,100.0,609.1683913672604
CI.LMR2..HHN,2019-07-06T01:00:00.000000Z,49,100.0,284.7073539809606
CI.LMR2..HHN,2019-07-06T02:00:00.000000Z,50,100.0,306.0309974796639
CI.LMR2..HHN,2019-07-06T03:00:00.000000Z,51,100.0,525935.0807628501
CI.LMR2..HHN,2019-07-06T04:00:00.000000Z,52,100.0,26865.963449873332
CI.LMR2..HHN,2019-07-06T05:00:00.000000Z,53,100.0,3226.919583714859
CI.LMR2..HHN,2019-07-06T06:00:00.000000Z,54,100.0,4218.096239506185
CI.LMR2..HHN,2019-07-06T07:00:00.000000Z,55,100.0,2444.111396486695
CI.LMR2..HHN,2019-07-06T08:00:00.000000Z,56,100.0,5610.082655869945
CI.LMR2..HHN,2019-07-06T09:00:00.000000Z,57,100.0,5071.128399873504
CI.LMR2..HHN,2019-07-06T10:00:00.000000Z,58,100.0,1678.1790146503083
CI.LMR2..HHN,2019-07-06T11:00:00.000000Z,59,100.0,1210.2095074833899
CI.LMR2..HHN,2019-07-06T12:00:00.000000Z,60,100.0,612.7560946185254
CI.LMR2..HHN,2019-07-06T13:00:00.000000Z,61,100.0,2189.694260156288
CI.LMR2..HHN,2019-07-06T14:00:00.000000Z,62,100.0,348.990896996141
CI.LMR2..HHN,2019-07-06T15:00:00.000000Z,63,100.0,490.0075205387033
CI.LMR2..HHN,2019-07-06T16:00:00.000000Z,64,100.0,1355.5393853051457
CI.LMR2..HHN,2019-07-06T17:00:00.000000Z,65,100.0,950.8270666947108
CI.LMR2..HHN,2019-07-06T18:00:00.000000Z,66,100.0,1024.784524936859
CI.LMR2..HHN,2019-07-06T19:00:00.000000Z,67,100.0,489.73294492029135
CI.LMR2..HHN,2019-07-06T20:00:00.000000Z,68,100.0,461.69346509537405
CI.LMR2..HHN,2019-07-06T21:00:00.000000Z,69,100.0,452.92800828937885
CI.LMR2..HHN,2019-07-06T22:00:00.000000Z,70,100.0,384.5320903399097
CI.LMR2..HHN,2019-07-06T23:00:00.000000Z,71,100.0,4994.28610377838
CI.LMR2..HHZ,2019-07-04T00:00:00.000000Z,0,99.99976944261127,122.85751520486666
CI.LMR2..HHZ,2019-07-04T01:00:00.000000Z,1,100.0,112.74839223008489
CI.LMR2..HHZ,2019-07-04T02:00:00.000000Z,2,100.0,105.31189275316065
CI.LMR2..HHZ,2019-07-04T03:00:00.000000Z,3,100.0,114.38567897814411
CI.LMR2..HHZ,2019-07-04T04:00:00.000000Z,4,100.0,2704.033164662629
CI.LMR2..HHZ,2019-07-04T05:00:00.000000Z,5,100.0,767.6233399569086
CI.LMR2..HHZ,2019-07-04T06:00:00.000000Z,6,100.0,191.23367041336178
CI.LMR2..HHZ,2019-07-04T07:00:00.000000Z,7,100.0,119.7452219708345
CI.LMR2..HHZ,2019-07-04T08:00:00.000000Z,8,100.0,100.52341079682738
CI.LMR2..HHZ,2019-07-04T09:00:00.000000Z,9,100.0,101.74427561428728
CI.LMR2..HHZ,2019-07-04T10:00:00.000000Z,10,100.0,104.8585763163096
CI.LMR2..HHZ,2019-07-04T11:00:00.000000Z,11,100.0,106.1567361436549
CI.LMR2..HHZ,2019-07-04T12:00:00.000000Z,12,100.0,104.85536430821546
CI.LMR2..HHZ,2019-07-04T13:00:00.000000Z,13,100.0,106.4572979672027
CI.LMR2..HHZ,2019-07-04T14:00:00.000000Z,14,100.0,103.4164922373358
CI.LMR2..HHZ,2019-07-04T15:00:00.000000Z,15,100.0,98.82335199466887
CI.LMR2..HHZ,2019-07-04T16:00:00.000000Z,16,100.0,94.91904204738879
CI.LMR2..HHZ,2019-07-04T17:00:00.000000Z,17,100.0,162573.46289726655
CI.LMR2..HHZ,2019-07-04T18:00:00.000000Z,18,100.0,4324.972109029462
CI.LMR2..HHZ,2019-07-04T19:00:00.000000Z,19,100.0,2202.0453893021313
CI.LMR2..HHZ,2019-07-04T20:00:00.000000Z,20,100.0,587.5457520443865
CI.LMR2..HHZ,2019-07-04T21:00:00.000000Z,21,100.0,285.5976230868858
CI.LMR2..HHZ,2019-07-04T22:00:00.000000Z,22,100.0,1583.0763133085175
CI.LMR2..HHZ,2019-07-04T23:00:00.000000Z,23,100.0,812.0832207085456
CI.LMR2..HHZ,2019-07-05T00:00:00.000000Z,24,100.0,1065.4982707269603
CI.LMR2..HHZ,2019-07-05T01:00:00.000000Z,25,100.0,160.44831239599026
CI.LMR2..HHZ,2019-07-05T02:00:00.000000Z,26,100.0,605.0265551746621
CI.LMR2..HHZ,2019-07-05T03:00:00.000000Z,27,100.0,265.59380652222745
CI.LMR2..HHZ,2019-07-05T04:00:00.000000Z,28,100.0,328.84614703315077
CI.LMR2..HHZ,2019-07-05T05:00:00.000000Z,29,100.0,183.25046486273
CI.LMR2..HHZ,2019-07-05T06:00:00.000000Z,30,100.0,588.1759237838339
CI.LMR2..HHZ,2019-07-05T07:00:00.000000Z,31,100.0,494.27378831531587
CI.LMR2..HHZ,2019-07-05T08:00:00.000000Z,32,100.0,251.86572009799664
CI.LMR2..HHZ,2019-07-05T09:00:00.000000Z,33,100.0,248.55940313047438
CI.LMR2..HHZ,2019-07-05T10:00:00.000000Z,34,100.0,209.88895273458078
CI.LMR2..HHZ,2019-07-05T11:00:00.000000Z,35,100.0,17746.77183552611
CI.LMR2..HHZ,2019-07-05T12:00:00.000000Z,36,100.0,1107.0420099089436
CI.LMR2..HHZ,2019-07-05T13:00:00.000000Z,37,100.0,423.8360348951199
CI.LMR2..HHZ,2019-07-05T14:00:00.000000Z,38,100.0,482.43406101196297
CI.LMR2..HHZ,2019-07-05T15:00:00.000000Z,39,100.0,149.4248415661818
CI.LMR2..HHZ,2019-07-05T16:00:00.000000Z,40,100.0,99.01166476663698
CI.LMR2..HHZ,2019-07-05T17:00:00.000000Z,41,100.0,595.6994415943141
CI.LMR2..HHZ,2019-07-05T18:00:00.000000Z,42,100.0,158.81718653387875
CI.LMR2..HHZ,2019-07-05T19:00:00.000000Z,43,100.0,116.38706683775922
CI.LMR2..HHZ,2019-07-05T20:00:00.000000Z,44,100.0,112.01052156654251
CI.LMR2..HHZ,2019-07-05T21:00:00.000000Z,45,100.0,128.42678397982613
CI.LMR2..HHZ,2019-07-05T22:00:00.000000Z,46,100.0,123.9782535237631
CI.LMR2..HHZ,2019-07-05T23:00:00.000000Z,47,100.0,104.95825245430753
CI.LMR2..HHZ,2019-07-06T00:00:00.000000Z,48,100.0,398.3341775897385
CI.LMR2..HHZ,2019-07-06T01:00:00.000000Z,49,100.0,103.70114407078641
CI.LMR2..HHZ,2019-07-06T02:00:00.000000Z,50,100.0,115.03298850433276
CI.LMR2..HHZ,2019-07-06T03:00:00.000000Z,51,100.0,510313.06074457406
CI.LMR2..HHZ,2019-07-06T04:00:00.000000Z,52,100.0,22537.270590123175
CI.LMR2..HHZ,2019-07-06T05:00:00.000000Z,53,100.0,2610.092159017051
CI.LMR2..HHZ,2019-07-06T06:00:00.000000Z,54,100.0,2776.894478376727
CI.LMR2..HHZ,2019-07-06T07:00:00.000000Z,55,100.0,1582.7098394221503
CI.LMR2..HHZ,2019-07-06T08:00:00.000000Z,56,100.0,4164.269641652398
CI.LMR2..HHZ,2019-07-06T09:00:00.000000Z,57,100.0,4296.968427844557
CI.LMR2..HHZ,2019-07-06T10:00:00.000000Z,58,100.0,1087.5693488509107
CI.LMR2..HHZ,2019-07-06T11:00:00.000000Z,59,100.0,944.748066607769
CI.LMR2..HHZ,2019-07-06T12:00:00.000000Z,60,100.0,422.8446046481693
CI.LMR2..HHZ,2019-07-06T13:00:00.000000Z,61,100.0,1912.9329090687575
CI.LMR2..HHZ,2019-07-06T14:00:00.000000Z,62,100.0,218.18590161351673
CI.LMR2..HHZ,2019-07-06T15:00:00.000000Z,63,100.0,323.0321269109354
CI.LMR2..HHZ,2019-07-06T16:00:00.000000Z,64,100.0,1120.369404636323
CI.LMR2..HHZ,2019-07-06T17:00:00.000000Z,65,100.0,660.6227115339246
CI.LMR2..HHZ,2019-07-06T18:00:00.000000Z,66,100.0,677.0403964515668
CI.LMR2..HHZ,2019-07-06T19:00:00.000000Z,67,100.0,255.1647485296204
CI.LMR2..HHZ,2019-07-06T20:00:00.000000Z,68,100.0,238.24893226521576
CI.LMR2..HHZ,2019-07-06T21:00:00.000000Z,69,100.0,205.08504908345446
CI.LMR2..HHZ,2019-07-06T22:00:00.000000Z,70,100.0,202.74073427995185
CI.LMR2..HHZ,2019-07-06T23:00:00.000000Z,71,100.0,2539.4601040318908
CI.LRL..HHE,2019-07-04T00:00:00.000000Z,0,99.99976944261127,414.0777186525197
CI.LRL..HHE,2019-07-04T01:00:00.000000Z,1,100.0,592.2962448755364
CI.LRL..HHE,2019-07-04T02:00:00.000000Z,2,100.0,701.8951157412259
CI.LRL..HHE,2019-07-04T03:00:00.000000Z,3,100.0,1134.8795444526172
CI.LRL..HHE,2019-07-04T04:00:00.000000Z,4,100.0,4675.0724537114065
CI.LRL..HHE,2019-07-04T05:00:00.000000Z,5,100.0,1029.416539602297
CI.LRL..HHE,2019-07-04T06:00:00.000000Z,6,100.0,610.3495351386516
CI.LRL..HHE,2019-07-04T07:00:00.000000Z,7,100.0,578.7197684939243
CI.LRL..HHE,2019-07-04T08:00:00.000000Z,8,100.0,456.30855716318257
CI.LRL..HHE,2019-07-04T09:00:00.000000Z,9,100.0,446.58047665617704
CI.LRL..HHE,2019-07-04T10:00:00.000000Z,10,100.0,352.8082794503631
CI.LRL..HHE,2019-07-04T11:00:00.000000Z,11,100.0,323.62227766184225
CI.LRL..HHE,2019-07-04T12:00:00.000000Z,12,100.0,299.7662835543754
CI.LRL..HHE,2019-07-04T13:00:00.000000Z,13,100.0,195.6167397917218
CI.LRL..HHE,2019-07-04T14:00:00.000000Z,14,100.0,333.17640872194943
CI.LRL..HHE,2019-07-04T15:00:00.000000Z,15,100.0,229.72626602437052
CI.LRL..HHE,2019-07-04T16:00:00.000000Z,16,100.0,254.55587468401734
CI.LRL..HHE,2019-07-04T17:00:00.000000Z,17,100.0,400717.5377164118
CI.LRL..HHE,2019-07-04T18:00:00.000000Z,18,100.0,65508.991735488955
CI.LRL..HHE,2019-07-04T19:00:00.000000Z,19,100.0,32625.356758406397
CI.LRL..HHE,2019-07-04T20:00:00.000000Z,20,100.0,10990.410718703322
CI.LRL..HHE,2019-07-04T21:00:00.000000Z,21,100.0,6188.753944834418
CI.LRL..HHE,2019-07-04T22:00:00.000000Z,22,100.0,12072.060289334775
CI.LRL..HHE,2019-07-04T23:00:00.000000Z,23,100.0,30681.925145845362
CI.LRL..HHE,2019-07-05T00:00:00.000000Z,24,100.0,12128.555653217341
CI.LRL..HHE,2019-07-05T01:00:00.000000Z,25,100.0,2666.674402574975
CI.LRL..HHE,2019-07-05T02:00:00.000000Z,26,100.0,14893.121219228955
CI.LRL..HHE,2019-07-05T03:00:00.000000Z,27,100.0,5072.22298557865
CI.LRL..HHE,2019-07-05T04:00:00.000000Z,28,100.0,3370.424549809917
CI.LRL..HHE,2019-07-05T05:00:00.000000Z,29,100.0,3528.5161965523243
CI.LRL..HHE,2019-07-05T06:00:00.000000Z,30,100.0,8773.883123491962
CI.LRL..HHE,2019-07-05T07:00:00.000000Z,31,100.0,7111.027646712741
CI.LRL..HHE,2019-07-05T08:00:00.000000Z,32,100.0,5556.731659040223
CI.LRL..HHE,2019-07-05T09:00:00.000000Z,33,100.0,3625.84854712281
CI.LRL..HHE,2019-07-05T10:00:00.000000Z,34,100.0,15991.10855100921
CI.LRL..HHE,2019-07-05T11:00:00.000000Z,35,100.0,88109.04407566017
CI.LRL..HHE,2019-07-05T12:00:00.000000Z,36,100.0,6676.163200908126
CI.LRL..HHE,2019-07-05T13:00:00.000000Z,37,100.0,1736.9097759413316
CI.LRL..HHE,2019-07-05T14:00:00.000000Z,38,100.0,4915.296027181991
CI.LRL..HHE,2019-07-05T15:00:00.000000Z,39,100.0,1563.6281852685179
CI.LRL..HHE,2019-07-05T16:00:00.000000Z,40,100.0,670.2925414040869
CI.LRL..HHE,2019-07-05T17:00:00.000000Z,41,100.0,16027.97793167068
CI.LRL..HHE,2019-07-05T18:00:00.000000Z,42,100.0,1900.036446265011
CI.LRL..HHE,2019-07-05T19:00:00.000000Z,43,100.0,936.7748442236278
CI.LRL..HHE,2019-07-05T20:00:00.000000Z,44,100.0,1288.976183357007
CI.LRL..HHE,2019-07-05T21:00:00.000000Z,45,100.0,1777.8527370513052
CI.LRL..HHE,2019-07-05T22:00:00.000000Z,46,100.0,1380.9613854089846
CI.LRL..HHE,2019-07-05T23:00:00.000000Z,47,100.0,1351.6815626972138
CI.LRL..HHE,2019-07-06T00:00:00.000000Z,48,100.0,3530.6133976131464
CI.LRL..HHE,2019-07-06T01:00:00.000000Z,49,100.0,864.2072522118135
CI.LRL..HHE,2019-07-06T02:00:00.000000Z,50,100.0,2061.508436050209
CI.LRL..HHE,2019-07-06T03:00:00.000000Z,51,100.0,620458.1377791424
CI.LRL..HHE,2019-07-06T04:00:00.000000Z,52,100.0,265839.09925849386
CI.LRL..HHE,2019-07-06T05:00:00.000000Z,53,100.0,17945.55104901749
CI.LRL..HHE,2019-07-06T06:00:00.000000Z,54,100.0,19623.912721119857
CI.LRL..HHE,2019-07-06T07:00:00.000000Z,55,100.0,19170.932741479057
CI.LRL..HHE,2019-07-06T08:00:00.000000Z,56,100.0,52950.045645944345
CI.LRL..HHE,2019-07-06T09:00:00.000000Z,57,100.0,37953.94670163727
CI.LRL..HHE,2019-07-06T10:00:00.000000Z,58,100.0,12060.98472113617
CI.LRL..HHE,2019-07-06T11:00:00.000000Z,59,100.0,7598.782163530203
CI.LRL..HHE,2019-07-06T12:00:00.000000Z,60,100.0,5293.609759845493
CI.LRL..HHE,2019-07-06T13:00:00.000000Z,61,100.0,12349.923837993541
CI.LRL..HHE,2019-07-06T14:00:00.000000Z,62,100.0,2204.393795469167
CI.LRL..HHE,2019-07-06T15:00:00.000000Z,63,100.0,3729.4361580688783
CI.LRL..HHE,2019-07-06T16:00:00.000000Z,64,100.0,23254.314828758645
CI.LRL..HHE,2019-07-06T17:00:00.000000Z,65,100.0,7808.722374358815
CI.LRL..HHE,2019-07-06T18:00:00.000000Z,66,100.0,7976.580203971123
CI.LRL..HHE,2019-07-06T19:00:00.000000Z,67,100.0,3028.0999706069465
CI.LRL..HHE,2019-07-06T20:00:00.000000Z,68,100.0,2856.734280649385
CI.LRL..HHE,2019-07-06T21:00:00.000000Z,69,100.0,2025.5307220992295
CI.LRL..HHE,2019-07-06T22:00:00.000000Z,70,100.0,2084.9721304718087
CI.LRL..HHE,2019-07-06T23:00:00.000000Z,71,100.0,28374.84954151771
CI.LRL..HHN,2019-07-04T00:00:00.000000Z,0,99.99976944261127,575.6170535428382
CI.LRL..HHN,2019-07-04T01:00:00.000000Z,1,100.0,860.5283390029186
CI.LRL..HHN,2019-07-04T02:00:00.000000Z,2,100.0,1281.56625453922
CI.LRL..HHN,2019-07-04T03:00:00.000000Z,3,100.0,2195.9685487417964
CI.LRL..HHN,2019-07-04T04:00:00.000000Z,4,100.0,4815.236509686014
CI.LRL..HHN,2019-07-04T05:00:00.000000Z,5,100.0,1420.4460242188643
CI.LRL..HHN,2019-07-04T06:00:00.000000Z,6,100.0,1107.5479572777867
CI.LRL..HHN,2019-07-04T07:00:00.000000Z,7,100.0,1437.3937146206615
CI.LRL..HHN,2019-07-04T08:00:00.000000Z,8,100.0,815.1494397962321
CI.LRL..HHN,2019-07-04T09:00:00.000000Z,9,100.0,747.823910564659
CI.LRL..HHN,2019-07-04T10:00:00.000000Z,10,100.0,582.4827096354658
CI.LRL..HHN,2019-07-04T11:00:00.000000Z,11,100.0,654.5653936272793
CI.LRL..HHN,2019-07-04T12:00:00.000000Z,12,100.0,489.1791583995907
CI.LRL..HHN,2019-07-04T13:00:00.000000Z,13,100.0,394.4594742210594
CI.LRL..HHN,2019-07-04T14:00:00.000000Z,14,100.0,493.78868205971685
CI.LRL..HHN,2019-07-04T15:00:00.000000Z,15,100.0,374.9421688820654
CI.LRL..HHN,2019-07-04T16:00:00.000000Z,16,100.0,379.5283475978279
CI.LRL..HHN,2019-07-04T17:00:00.000000Z,17,100.0,408674.75262458756
CI.LRL..HHN,2019-07-04T18:00:00.000000Z,18,100.0,61917.30403791609
CI.LRL..HHN,2019-07-04T19:00:00.000000Z,19,100.0,35285.81154308668
CI.LRL..HHN,2019-07-04T20:00:00.000000Z,20,100.0,10361.493645554912
CI.LRL..HHN,2019-07-04T21:00:00.000000Z,21,100.0,6777.400268124313
CI.LRL..HHN,2019-07-04T22:00:00.000000Z,22,100.0,12947.614305451136
CI.LRL..HHN,2019-07-04T23:00:00.000000Z,23,100.0,23006.64331616405
CI.LRL..HHN,2019-07-05T00:00:00.000000Z,24,100.0,13640.579858830966
CI.LRL..HHN,2019-07-05T01:00:00.000000Z,25,100.0,2874.2750215065353
CI.LRL..HHN,2019-07-05T02:00:00.000000Z,26,100.0,13935.135308880397
CI.LRL..HHN,2019-07-05T03:00:00.000000Z,27,100.0,7273.824843598891
CI.LRL..HHN,2019-07-05T04:00:00.000000Z,28,100.0,3430.440514412203
CI.LRL..HHN,2019-07-05T05:00:00.000000Z,29,100.0,4249.100623942196
CI.LRL..HHN,2019-07-05T06:00:00.000000Z,30,100.0,9732.871959618918
CI.LRL..HHN,2019-07-05T07:00:00.000000Z,31,100.0,9345.585678400403
CI.LRL..HHN,2019-07-05T08:00:00.000000Z,32,100.0,6810.732894386772
CI.LRL..HHN,2019-07-05T09:00:00.000000Z,33,100.0,5906.339749496645
CI.LRL..HHN,2019-07-05T10:00:00.000000Z,34,100.0,14524.787101617763
CI.LRL..HHN,2019-07-05T11:00:00.000000Z,35,100.0,95755.89349214525
CI.LRL..HHN,2019-07-05T12:00:00.000000Z,36,100.0,9041.31356635708
CI.LRL..HHN,2019-07-05T13:00:00.000000Z,37,100.0,2157.2011564860704
CI.LRL..HHN,2019-07-05T14:00:00.000000Z,38,100.0,5600.289696376181
CI.LRL..HHN,2019-07-05T15:00:00.000000Z,39,100.0,1667.0300612569713
CI.LRL..HHN,2019-07-05T16:00:00.000000Z,40,100.0,820.9104621952673
CI.LRL..HHN,2019-07-05T17:00:00.000000Z,41,100.0,18781.409715652273
CI.LRL..HHN,2019-07-05T18:00:00.000000Z,42,100.0,2058.071045582732
CI.LRL..HHN,2019-07-05T19:00:00.000000Z,43,100.0,1003.9446996218056
CI.LRL..HHN,2019-07-05T20:00:00.000000Z,44,100.0,1505.161792221869
CI.LRL..HHN,2019-07-05T21:00:00.000000Z,45,100.0,2037.4911220493348
CI.LRL..HHN,2019-07-05T22:00:00.000000Z,46,100.0,1844.0351909420015
CI.LRL..HHN,2019-07-05T23:00:00.000000Z,47,100.0,1617.9959301239965
CI.LRL..HHN,2019-07-06T00:00:00.000000Z,48,100.0,4427.666049860164
CI.LRL..HHN,2019-07-06T01:00:00.000000Z,49,100.0,1040.413262178567
CI.LRL..HHN,2019-07-06T02:00:00.000000Z,50,100.0,2144.0019654054436
CI.LRL..HHN,2019-07-06T03:00:00.000000Z,51,100.0,696800.5222116302
CI.LRL..HHN,2019-07-06T04:00:00.000000Z,52,100.0,349915.3070566345
CI.LRL..HHN,2019-07-06T05:00:00.000000Z,53,100.0,18772.292584336934
CI.LRL..HHN,2019-07-06T06:00:00.000000Z,54,100.0,23756.197302345914
CI.LRL..HHN,2019-07-06T07:00:00.000000Z,55,100.0,24917.024660511033
CI.LRL..HHN,2019-07-06T08:00:00.000000Z,56,100.0,41538.25776240064
CI.LRL..HHN,2019-07-06T09:00:00.000000Z,57,100.0,36357.57891910608
CI.LRL..HHN,2019-07-06T10:00:00.000000Z,58,100.0,14181.97378812661
CI.LRL..HHN,2019-07-06T11:00:00.000000Z,59,100.0,7697.303169308839
CI.LRL..HHN,2019-07-06T12:00:00.000000Z,60,100.0,6155.187194724997
CI.LRL..HHN,2019-07-06T13:00:00.000000Z,61,100.0,13932.674438946116
CI.LRL..HHN,2019-07-06T14:00:00.000000Z,62,100.0,2793.441998963503
CI.LRL..HHN,2019-07-06T15:00:00.000000Z,63,100.0,4471.489138769678
CI.LRL..HHN,2019-07-06T16:00:00.000000Z,64,100.0,28422.592624831057
CI.LRL..HHN,2019-07-06T17:00:00.000000Z,65,100.0,7482.145562508631
CI.LRL..HHN,2019-07-06T18:00:00.000000Z,66,100.0,11090.391264700438
CI.LRL..HHN,2019-07-06T19:00:00.000000Z,67,100.0,3372.0033550168905
CI.LRL..HHN,2019-07-06T20:00:00.000000Z,68,100.0,3269.037005255342
CI.LRL..HHN,2019-07-06T21:00:00.000000Z,69,100.0,2443.1184274925263
CI.LRL..HHN,2019-07-06T22:00:00.000000Z,70,100.0,2704.406154271646
CI.LRL..HHN,2019-07-06T23:00:00.000000Z,71,100.0,31929.67443437897
CI.LRL..HHZ,2019-07-04T00:00:00.000000Z,0,99.99976944261127,1655.9397430540346
CI.LRL..HHZ,2019-07-04T01:00:00.000000Z,1,100.0,1896.2356678108013
CI.LRL..HHZ,2019-07-04T02:00:00.000000Z,2,100.0,1950.4444986409173
CI.LRL..HHZ,2019-07-04T03:00:00.000000Z,3,100.0,2424.714724843193
CI.LRL..HHZ,2019-07-04T04:00:00.000000Z,4,100.0,4414.587475418151
CI.LRL..HHZ,2019-07-04T05:00:00.000000Z,5,100.0,1911.0523362678096
CI.LRL..HHZ,2019-07-04T06:00:00.000000Z,6,100.0,2046.451033442539
CI.LRL..HHZ,2019-07-04T07:00:00.000000Z,7,100.0,1110.6934248993193
CI.LRL..HHZ,2019-07-04T08:00:00.000000Z,8,100.0,1012.9814416895239
CI.LRL..HHZ,2019-07-04T09:00:00.000000Z,9,100.0,873.4521331322944
CI.LRL..HHZ,2019-07-04T10:00:00.000000Z,10,100.0,922.0646145219961
CI.LRL..HHZ,2019-07-04T11:00:00.000000Z,11,100.0,691.0399243245516
CI.LRL..HHZ,2019-07-04T12:00:00.000000Z,12,100.0,1190.0476500360853
CI.LRL..HHZ,2019-07-04T13:00:00.000000Z,13,100.0,1019.6528469489385
CI.LRL..HHZ,2019-07-04T14:00:00.000000Z,14,100.0,971.9728062340645
CI.LRL..HHZ,2019-07-04T15:00:00.000000Z,15,100.0,1419.0132034571009
CI.LRL..HHZ,2019-07-04T16:00:00.000000Z,16,100.0,1105.6183734096214
CI.LRL..HHZ,2019-07-04T17:00:00.000000Z,17,100.0,307039.4315521433
CI.LRL..HHZ,2019-07-04T18:00:00.000000Z,18,100.0,34365.35365883515
CI.LRL..HHZ,2019-07-04T19:00:00.000000Z,19,100.0,16778.25360703245
CI.LRL..HHZ,2019-07-04T20:00:00.000000Z,20,100.0,5693.8461170522605
CI.LRL..HHZ,2019-07-04T21:00:00.000000Z,21,100.0,4415.973889301086
CI.LRL..HHZ,2019-07-04T22:00:00.000000Z,22,100.0,8508.400950994703
CI.LRL..HHZ,2019-07-04T23:00:00.000000Z,23,100.0,11729.508221762748
CI.LRL..HHZ,2019-07-05T00:00:00.000000Z,24,100.0,6477.028198209279
CI.LRL..HHZ,2019-07-05T01:00:00.000000Z,25,100.0,1817.9014116165656
CI.LRL..HHZ,2019-07-05T02:00:00.000000Z,26,100.0,9369.269349928014
CI.LRL..HHZ,2019-07-05T03:00:00.000000Z,27,100.0,4120.301037842202
CI.LRL..HHZ,2019-07-05T04:00:00.000000Z,28,100.0,1835.075925857192
CI.LRL..HHZ,2019-07-05T05:00:00.000000Z,29,100.0,2579.7350410486038
CI.LRL..HHZ,2019-07-05T06:00:00.000000Z,30,100.0,5086.298398942476
CI.LRL..HHZ,2019-07-05T07:00:00.000000Z,31,100.0,5145.487481370657
CI.LRL..HHZ,2019-07-05T08:00:00.000000Z,32,100.0,3825.561359915646
CI.LRL..HHZ,2019-07-05T09:00:00.000000Z,33,100.0,3312.687138090076
CI.LRL..HHZ,2019-07-05T10:00:00.000000Z,34,100.0,7284.07854767907
CI.LRL..HHZ,2019-07-05T11:00:00.000000Z,35,100.0,54991.005835981996
CI.LRL..HHZ,2019-07-05T12:00:00.000000Z,36,100.0,5284.948970049564
CI.LRL..HHZ,2019-07-05T13:00:00.000000Z,37,100.0,1228.5724139184463
CI.LRL..HHZ,2019-07-05T14:00:00.000000Z,38,100.0,3302.8697339767336
CI.LRL..HHZ,2019-07-05T15:00:00.000000Z,39,100.0,952.7249446801798
CI.LRL..HHZ,2019-07-05T16:00:00.000000Z,40,100.0,470.51197592659156
CI.LRL..HHZ,2019-07-05T17:00:00.000000Z,41,100.0,9071.369067473493
CI.LRL..HHZ,2019-07-05T18:00:00.000000Z,42,100.0,1187.0145299652102
CI.LRL..HHZ,2019-07-05T19:00:00.000000Z,43,100.0,607.5818592963432
CI.LRL..HHZ,2019-07-05T20:00:00.000000Z,44,100.0,945.5236392732374
CI.LRL..HHZ,2019-07-05T21:00:00.000000Z,45,100.0,1262.6131578198933
CI.LRL..HHZ,2019-07-05T22:00:00.000000Z,46,100.0,1008.7997780835343
CI.LRL..HHZ,2019-07-05T23:00:00.000000Z,47,100.0,1002.3548075090836
CI.LRL..HHZ,2019-07-06T00:00:00.000000Z,48,100.0,2951.539648916821
CI.LRL..HHZ,2019-07-06T01:00:00.000000Z,49,100.0,616.888037124031
CI.LRL..HHZ,2019-07-06T02:00:00.000000Z,50,100.0,1432.4003211509719
CI.LRL..HHZ,2019-07-06T03:00:00.000000Z,51,100.0,508288.6881945248
CI.LRL..HHZ,2019-07-06T04:00:00.000000Z,52,100.0,162287.1149439675
CI.LRL..HHZ,2019-07-06T05:00:00.000000Z,53,100.0,10671.319690455095
CI.LRL..HHZ,2019-07-06T06:00:00.000000Z,54,100.0,14046.496964400547
CI.LRL..HHZ,2019-07-06T07:00:00.000000Z,55,100.0,15105.30181392519
CI.LRL..HHZ,2019-07-06T08:00:00.000000Z,56,100.0,27703.814210626566
CI.LRL..HHZ,2019-07-06T09:00:00.000000Z,57,100.0,19214.496979757216
CI.LRL..HHZ,2019-07-06T10:00:00.000000Z,58,100.0,8701.328207130156
CI.LRL..HHZ,2019-07-06T11:00:00.000000Z,59,100.0,4692.553533022594
CI.LRL..HHZ,2019-07-06T12:00:00.000000Z,60,100.0,3467.9135444338262
CI.LRL..HHZ,2019-07-06T13:00:00.000000Z,61,100.0,7943.503940696414
CI.LRL..HHZ,2019-07-06T14:00:00.000000Z,62,100.0,1723.4099664214555
CI.LRL..HHZ,2019-07-06T15:00:00.000000Z,63,100.0,2806.22524565234
CI.LRL..HHZ,2019-07-06T16:00:00.000000Z,64,100.0,14457.051952351268
CI.LRL..HHZ,2019-07-06T17:00:00.000000Z,65,100.0,5322.470972201996
CI.LRL..HHZ,2019-07-06T18:00:00.000000Z,66,100.0,5280.9924820575725
CI.LRL..HHZ,2019-07-06T19:00:00.000000Z,67,100.0,1988.5940537251863
CI.LRL..HHZ,2019-07-06T20:00:00.000000Z,68,100.0,1993.9566721131919
CI.LRL..HHZ,2019-07-06T21:00:00.000000Z,69,100.0,1378.6217231133242
CI.LRL..HHZ,2019-07-06T22:00:00.000000Z,70,100.0,1654.0621308340403
CI.LRL..HHZ,2019-07-06T23:00:00.000000Z,71,100.0,13474.059710379595
CI.MPM..HHE,2019-07-04T00:00:00.000000Z,0,99.99976944261127,66.09783346589964
CI.MPM..HHE,2019-07-04T01:00:00.000000Z,1,100.0,66.42982384924669
CI.MPM..HHE,2019-07-04T02:00:00.000000Z,2,100.0,90.74270714879162
CI.MPM..HHE,2019-07-04T03:00:00.000000Z,3,100.0,67.10984739856188
CI.MPM..HHE,2019-07-04T04:00:00.000000Z,4,100.0,4116.106686565781
CI.MPM..HHE,2019-07-04T05:00:00.000000Z,5,100.0,750.9460813319866
CI.MPM..HHE,2019-07-04T06:00:00.000000Z,6,100.0,153.98513116033044
CI.MPM..HHE,2019-07-04T07:00:00.000000Z,7,100.0,100.2467216723251
CI.MPM..HHE,2019-07-04T08:00:00.000000Z,8,100.0,89.56337183404459
CI.MPM..HHE,2019-07-04T09:00:00.000000Z,9,100.0,78.5993847703963
CI.MPM..HHE,2019-07-04T10:00:00.000000Z,10,100.0,69.26881194883954
CI.MPM..HHE,2019-07-04T11:00:00.000000Z,11,100.0,82.3877914881698
CI.MPM..HHE,2019-07-04T12:00:00.000000Z,12,100.0,81.91624889724822
CI.MPM..HHE,2019-07-04T13:00:00.000000Z,13,100.0,73.50686316674656
CI.MPM..HHE,2019-07-04T14:00:00.000000Z,14,100.0,68.5823068884757
CI.MPM..HHE,2019-07-04T15:00:00.000000Z,15,100.0,66.60464752510246
CI.MPM..HHE,2019-07-04T16:00:00.000000Z,16,100.0,70.43564671572311
CI.MPM..HHE,2019-07-04T17:00:00.000000Z,17,100.0,259990.19438176297
CI.MPM..HHE,2019-07-04T18:00:00.000000Z,18,100.0,18703.774641093227
CI.MPM..HHE,2019-07-04T19:00:00.000000Z,19,100.0,13375.723035387397
CI.MPM..HHE,2019-07-04T20:00:00.000000Z,20,100.0,2835.894222202431
CI.MPM..HHE,2019-07-04T21:00:00.000000Z,21,100.0,914.8606185022816
CI.MPM..HHE,2019-07-04T22:00:00.000000Z,22,100.0,5052.3581560431585
CI.MPM..HHE,2019-07-04T23:00:00.000000Z,23,100.0,2812.8667614176043
CI.MPM..HHE,2019-07-05T00:00:00.000000Z,24,100.0,6433.351408300186
CI.MPM..HHE,2019-07-05T01:00:00.000000Z,25,100.0,356.11786039925147
CI.MPM..HHE,2019-07-05T02:00:00.000000Z,26,100.0,2509.362452243305
CI.MPM..HHE,2019-07-05T03:00:00.000000Z,27,100.0,696.1781063800858
CI.MPM..HHE,2019-07-05T04:00:00.000000Z,28,100.0,1476.19403438358
CI.MPM..HHE,2019-07-05T05:00:00.000000Z,29,100.0,807.733140166377
CI.MPM..HHE,2019-07-05T06:00:00.000000Z,30,100.0,1291.0188075629176
CI.MPM..HHE,2019-07-05T07:00:00.000000Z,31,100.0,1178.09510767816
CI.MPM..HHE,2019-07-05T08:00:00.000000Z,32,100.0,965.5610706992447
CI.MPM..HHE,2019-07-05T09:00:00.000000Z,33,100.0,1268.7098486651403
CI.MPM..HHE,2019-07-05T10:00:00.000000Z,34,100.0,780.0660004801032
CI.MPM..HHE,2019-07-05T11:00:00.000000Z,35,100.0,111425.75408139103
CI.MPM..HHE,2019-07-05T12:00:00.000000Z,36,100.0,3043.344897066114
CI.MPM..HHE,2019-07-05T13:00:00.000000Z,37,100.0,616.9229600880192
CI.MPM..HHE,2019-07-05T14:00:00.000000Z,38,100.0,1930.3547796154073
CI.MPM..HHE,2019-07-05T15:00:00.000000Z,39,100.0,305.1705956977658
CI.MPM..HHE,2019-07-05T16:00:00.000000Z,40,100.0,146.3681499248423
CI.MPM..HHE,2019-07-05T17:00:00.000000Z,41,100.0,1752.1700346007524
CI.MPM..HHE,2019-07-05T18:00:00.000000Z,42,100.0,824.3170813317354
CI.MPM..HHE,2019-07-05T19:00:00.000000Z,43,100.0,180.82873231876525
CI.MPM..HHE,2019-07-05T20:00:00.000000Z,44,100.0,169.0126689744457
CI.MPM..HHE,2019-07-05T21:00:00.000000Z,45,100.0,263.0604663341722
CI.MPM..HHE,2019-07-05T22:00:00.000000Z,46,100.0,438.14569905203683
CI.MPM..HHE,2019-07-05T23:00:00.000000Z,47,100.0,206.78312791520383
CI.MPM..HHE,2019-07-06T00:00:00.000000Z,48,100.0,1437.6616946089118
CI.MPM..HHE,2019-07-06T01:00:00.000000Z,49,100.0,162.4393649839497
CI.MPM..HHE,2019-07-06T02:00:00.000000Z,50,100.0,211.8142855362463
CI.MPM..HHE,2019-07-06T03:00:00.000000Z,51,100.0,677638.2022518914
CI.MPM..HHE,2019-07-06T04:00:00.000000Z,52,100.0,135900.1421947216
CI.MPM..HHE,2019-07-06T05:00:00.000000Z,53,100.0,18291.33383246652
CI.MPM..HHE,2019-07-06T06:00:00.000000Z,54,100.0,18138.285775450415
CI.MPM..HHE,2019-07-06T07:00:00.000000Z,55,100.0,6485.842631923615
CI.MPM..HHE,2019-07-06T08:00:00.000000Z,56,100.0,12868.059090035387
CI.MPM..HHE,2019-07-06T09:00:00.000000Z,57,100.0,43455.81810132367
CI.MPM..HHE,2019-07-06T10:00:00.000000Z,58,100.0,4239.667001235205
CI.MPM..HHE,2019-07-06T11:00:00.000000Z,59,100.0,7066.203094119217
CI.MPM..HHE,2019-07-06T12:00:00.000000Z,60,100.0,3211.798356180067
CI.MPM..HHE,2019-07-06T13:00:00.000000Z,61,100.0,10601.41546259154
CI.MPM..HHE,2019-07-06T14:00:00.000000Z,62,100.0,868.6688320303014
CI.MPM..HHE,2019-07-06T15:00:00.000000Z,63,100.0,2956.5336429548897
CI.MPM..HHE,2019-07-06T16:00:00.000000Z,64,100.0,3111.8434531827875
CI.MPM..HHE,2019-07-06T17:00:00.000000Z,65,100.0,6767.374348560828
CI.MPM..HHE,2019-07-06T18:00:00.000000Z,66,100.0,3297.560112330433
CI.MPM..HHE,2019-07-06T19:00:00.000000Z,67,100.0,1840.2707164607339
CI.MPM..HHE,2019-07-06T20:00:00.000000Z,68,100.0,857.4299406219386
CI.MPM..HHE,2019-07-06T21:00:00.000000Z,69,100.0,3131.93488319284
CI.MPM..HHE,2019-07-06T22:00:00.000000Z,70,100.0,828.9775085898106
CI.MPM..HHE,2019-07-06T23:00:00.000000Z,71,100.0,21539.07957322407
CI.MPM..HHN,2019-07-04T00:00:00.000000Z,0,99.99976944261127,66.78860186588507
CI.MPM..HHN,2019-07-04T01:00:00.000000Z,1,100.0,61.4660696593183
CI.MPM..HHN,2019-07-04T02:00:00.000000Z,2,100.0,67.53153132960946
CI.MPM..HHN,2019-07-04T03:00:00.000000Z,3,100.0,69.8350033944596
CI.MPM..HHN,2019-07-04T04:00:00.000000Z,4,100.0,4089.0475530802537
CI.MPM..HHN,2019-07-04T05:00:00.000000Z,5,100.0,709.29318630863
CI.MPM..HHN,2019-07-04T06:00:00.000000Z,6,100.0,135.39001519131406
CI.MPM..HHN,2019-07-04T07:00:00.000000Z,7,100.0,94.1025009151961
CI.MPM..HHN,2019-07-04T08:00:00.000000Z,8,100.0,89.50412996255925
CI.MPM..HHN,2019-07-04T09:00:00.000000Z,9,100.0,82.08846446536457
CI.MPM..HHN,2019-07-04T10:00:00.000000Z,10,100.0,72.34143821658365
CI.MPM..HHN,2019-07-04T11:00:00.000000Z,11,100.0,82.53402495020116
CI.MPM..HHN,2019-07-04T12:00:00.000000Z,12,100.0,76.59243301912002
CI.MPM..HHN,2019-07-04T13:00:00.000000Z,13,100.0,73.58833374553433
CI.MPM..HHN,2019-07-04T14:00:00.000000Z,14,100.0,65.98651348065822
CI.MPM..HHN,2019-07-04T15:00:00.000000Z,15,100.0,66.80082969178493
CI.MPM..HHN,2019-07-04T16:00:00.000000Z,16,100.0,73.12869075992393
CI.MPM..HHN,2019-07-04T17:00:00.000000Z,17,100.0,266892.46265487507
CI.MPM..HHN,2019-07-04T18:00:00.000000Z,18,100.0,16985.775072588527
CI.MPM..HHN,2019-07-04T19:00:00.000000Z,19,100.0,12945.448641024663
CI.MPM..HHN,2019-07-04T20:00:00.000000Z,20,100.0,2380.0765915636166
CI.MPM..HHN,2019-07-04T21:00:00.000000Z,21,100.0,700.691036741341
CI.MPM..HHN,2019-07-04T22:00:00.000000Z,22,100.0,5715.149644899458
CI.MPM..HHN,2019-07-04T23:00:00.000000Z,23,100.0,2769.1472057657093
CI.MPM..HHN,2019-07-05T00:00:00.000000Z,24,100.0,4850.085809312442
CI.MPM..HHN,2019-07-05T01:00:00.000000Z,25,100.0,286.1452175573185
CI.MPM..HHN,2019-07-05T02:00:00.000000Z,26,100.0,1922.982823438247
CI.MPM..HHN,2019-07-05T03:00:00.000000Z,27,100.0,633.1268527500978
CI.MPM..HHN,2019-07-05T04:00:00.000000Z,28,100.0,1144.6076768235487
CI.MPM..HHN,2019-07-05T05:00:00.000000Z,29,100.0,663.7902027914055
CI.MPM..HHN,2019-07-05T06:00:00.000000Z,30,100.0,1122.2583467077627
CI.MPM..HHN,2019-07-05T07:00:00.000000Z,31,100.0,1021.9122393838072
CI.MPM..HHN,2019-07-05T08:00:00.000000Z,32,100.0,757.3628093708329
CI.MPM..HHN,2019-07-05T09:00:00.000000Z,33,100.0,1048.9217084293869
CI.MPM..HHN,2019-07-05T10:00:00.000000Z,34,100.0,700.0769925093286
CI.MPM..HHN,2019-07-05T11:00:00.000000Z,35,100.0,99098.4389726244
CI.MPM..HHN,2019-07-05T12:00:00.000000Z,36,100.0,3007.779019322908
CI.MPM..HHN,2019-07-05T13:00:00.000000Z,37,100.0,586.5544377840121
CI.MPM..HHN,2019-07-05T14:00:00.000000Z,38,100.0,1821.2900445295263
CI.MPM..HHN,2019-07-05T15:00:00.000000Z,39,100.0,255.9749980149124
CI.MPM..HHN,2019-07-05T16:00:00.000000Z,40,100.0,123.75524336083673
CI.MPM..HHN,2019-07-05T17:00:00.000000Z,41,100.0,1475.7841913316158
CI.MPM..HHN,2019-07-05T18:00:00.000000Z,42,100.0,681.0967480429179
CI.MPM..HHN,2019-07-05T19:00:00.000000Z,43,100.0,158.3221560027309
CI.MPM..HHN,2019-07-05T20:00:00.000000Z,44,100.0,146.93354263615555
CI.MPM..HHN,2019-07-05T21:00:00.000000Z,45,100.0,210.63217108227903
CI.MPM..HHN,2019-07-05T22:00:00.000000Z,46,100.0,379.79008439858507
CI.MPM..HHN,2019-07-05T23:00:00.000000Z,47,100.0,170.58590232843667
CI.MPM..HHN,2019-07-06T00:00:00.000000Z,48,100.0,1232.9767804549888
CI.MPM..HHN,2019-07-06T01:00:00.000000Z,49,100.0,145.77570389176216
CI.MPM..HHN,2019-07-06T02:00:00.000000Z,50,100.0,195.39493442381962
CI.MPM..HHN,2019-07-06T03:00:00.000000Z,51,100.0,632496.0299752761
CI.MPM..HHN,2019-07-06T04:00:00.000000Z,52,100.0,112347.37309204927
CI.MPM..HHN,2019-07-06T05:00:00.000000Z,53,100.0,15534.743089264897
CI.MPM..HHN,2019-07-06T06:00:00.000000Z,54,100.0,20423.90820343522
CI.MPM..HHN,2019-07-06T07:00:00.000000Z,55,100.0,6802.174572571336
CI.MPM..HHN,2019-07-06T08:00:00.000000Z,56,100.0,11335.439684887551
CI.MPM..HHN,2019-07-06T09:00:00.000000Z,57,100.0,55660.12948900414
CI.MPM..HHN,2019-07-06T10:00:00.000000Z,58,100.0,3477.5412423594303
CI.MPM..HHN,2019-07-06T11:00:00.000000Z,59,100.0,8189.811964576108
CI.MPM..HHN,2019-07-06T12:00:00.000000Z,60,100.0,2882.1089969029667
CI.MPM..HHN,2019-07-06T13:00:00.000000Z,61,100.0,14787.144621019623
CI.MPM..HHN,2019-07-06T14:00:00.000000Z,62,100.0,723.3529422847002
CI.MPM..HHN,2019-07-06T15:00:00.000000Z,63,100.0,2562.09972066937
CI.MPM..HHN,2019-07-06T16:00:00.000000Z,64,100.0,2554.98292159388
CI.MPM..HHN,2019-07-06T17:00:00.000000Z,65,100.0,6460.799470525266
CI.MPM..HHN,2019-07-06T18:00:00.000000Z,66,100.0,3097.766869714665
CI.MPM..HHN,2019-07-06T19:00:00.000000Z,67,100.0,1624.4180567391104
CI.MPM..HHN,2019-07-06T20:00:00.000000Z,68,100.0,726.4872753222584
CI.MPM..HHN,2019-07-06T21:00:00.000000Z,69,100.0,2264.6675764273323
CI.MPM..HHN,2019-07-06T22:00:00.000000Z,70,100.0,690.4440032143674
CI.MPM..HHN,2019-07-06T23:00:00.000000Z,71,100.0,25660.264693524918
CI.MPM..HHZ,2019-07-04T00:00:00.000000Z,0,99.99976944261127,80.30341492344091
CI.MPM..HHZ,2019-07-04T01:00:00.000000Z,1,100.0,76.43547575142563
CI.MPM..HHZ,2019-07-04T02:00:00.000000Z,2,100.0,80.24851827032188
CI.MPM..HHZ,2019-07-04T03:00:00.000000Z,3,100.0,77.96742511981492
CI.MPM..HHZ,2019-07-04T04:00:00.000000Z,4,100.0,5290.023725862685
CI.MPM..HHZ,2019-07-04T05:00:00.000000Z,5,100.0,711.4342752158732
CI.MPM..HHZ,2019-07-04T06:00:00.000000Z,6,100.0,179.75374698596175
CI.MPM..HHZ,2019-07-04T07:00:00.000000Z,7,100.0,97.96262271462179
CI.MPM..HHZ,2019-07-04T08:00:00.000000Z,8,100.0,87.18996765488187
CI.MPM..HHZ,2019-07-04T09:00:00.000000Z,9,100.0,80.57595454049034
CI.MPM..HHZ,2019-07-04T10:00:00.000000Z,10,100.0,78.87276400539669
CI.MPM..HHZ,2019-07-04T11:00:00.000000Z,11,100.0,79.92449917606254
CI.MPM..HHZ,2019-07-04T12:00:00.000000Z,12,100.0,78.45696512355687
CI.MPM..HHZ,2019-07-04T13:00:00.000000Z,13,100.0,81.28738044278113
CI.MPM..HHZ,2019-07-04T14:00:00.000000Z,14,100.0,75.01890319112395
CI.MPM..HHZ,2019-07-04T15:00:00.000000Z,15,100.0,79.11564087349603
CI.MPM..HHZ,2019-07-04T16:00:00.000000Z,16,100.0,79.28409896647582
CI.MPM..HHZ,2019-07-04T17:00:00.000000Z,17,100.0,210924.1340706442
CI.MPM..HHZ,2019-07-04T18:00:00.000000Z,18,100.0,11477.849293133719
CI.MPM..HHZ,2019-07-04T19:00:00.000000Z,19,100.0,7452.840436745825
CI.MPM..HHZ,2019-07-04T20:00:00.000000Z,20,100.0,1817.9561424113856
CI.MPM..HHZ,2019-07-04T21:00:00.000000Z,21,100.0,600.1153447072655
CI.MPM..HHZ,2019-07-04T22:00:00.000000Z,22,100.0,4231.363792421192
CI.MPM..HHZ,2019-07-04T23:00:00.000000Z,23,100.0,1762.7018987386525
CI.MPM..HHZ,2019-07-05T00:00:00.000000Z,24,100.0,4109.759703849349
CI.MPM..HHZ,2019-07-05T01:00:00.000000Z,25,100.0,257.79335297736844
CI.MPM..HHZ,2019-07-05T02:00:00.000000Z,26,100.0,1274.5964812549869
CI.MPM..HHZ,2019-07-05T03:00:00.000000Z,27,100.0,461.2493975340988
CI.MPM..HHZ,2019-07-05T04:00:00.000000Z,28,100.0,848.2320839879579
CI.MPM..HHZ,2019-07-05T05:00:00.000000Z,29,100.0,586.2958029267276
CI.MPM..HHZ,2019-07-05T06:00:00.000000Z,30,100.0,648.1252641621815
CI.MPM..HHZ,2019-07-05T07:00:00.000000Z,31,100.0,905.3274723882428
CI.MPM..HHZ,2019-07-05T08:00:00.000000Z,32,100.0,611.3234221540133
CI.MPM..HHZ,2019-07-05T09:00:00.000000Z,33,100.0,667.3764910453598
CI.MPM..HHZ,2019-07-05T10:00:00.000000Z,34,100.0,530.4526883599715
CI.MPM..HHZ,2019-07-05T11:00:00.000000Z,35,100.0,64392.57488135154
CI.MPM..HHZ,2019-07-05T12:00:00.000000Z,36,100.0,2160.622305431768
CI.MPM..HHZ,2019-07-05T13:00:00.000000Z,37,100.0,660.6903179919385
CI.MPM..HHZ,2019-07-05T14:00:00.000000Z,38,100.0,1327.9344726132927
CI.MPM..HHZ,2019-07-05T15:00:00.000000Z,39,100.0,211.53062818677554
CI.MPM..HHZ,2019-07-05T16:00:00.000000Z,40,100.0,120.19302059393672
CI.MPM..HHZ,2019-07-05T17:00:00.000000Z,41,100.0,993.916970221843
CI.MPM..HHZ,2019-07-05T18:00:00.000000Z,42,100.0,602.4556755319086
CI.MPM..HHZ,2019-07-05T19:00:00.000000Z,43,100.0,144.64504524076062
CI.MPM..HHZ,2019-07-05T20:00:00.000000Z,44,100.0,146.55872499066083
CI.MPM..HHZ,2019-07-05T21:00:00.000000Z,45,100.0,184.54452859298445
CI.MPM..HHZ,2019-07-05T22:00:00.000000Z,46,100.0,291.5960169969187
CI.MPM..HHZ,2019-07-05T23:00:00.000000Z,47,100.0,153.6457490906734
CI.MPM..HHZ,2019-07-06T00:00:00.000000Z,48,100.0,1006.0876481086725
CI.MPM..HHZ,2019-07-06T01:00:00.000000Z,49,100.0,131.60993331810624
CI.MPM..HHZ,2019-07-06T02:00:00.000000Z,50,100.0,166.50094439449654
CI.MPM..HHZ,2019-07-06T03:00:00.000000Z,51,100.0,499027.50558314583
CI.MPM..HHZ,2019-07-06T04:00:00.000000Z,52,100.0,61419.03234795086
CI.MPM..HHZ,2019-07-06T05:00:00.000000Z,53,100.0,11017.741541441263
CI.MPM..HHZ,2019-07-06T06:00:00.000000Z,54,100.0,9252.312271938728
CI.MPM..HHZ,2019-07-06T07:00:00.000000Z,55,100.0,3821.4636431644976
CI.MPM..HHZ,2019-07-06T08:00:00.000000Z,56,100.0,8587.564832310009
CI.MPM..HHZ,2019-07-06T09:00:00.000000Z,57,100.0,24394.890288337276
CI.MPM..HHZ,2019-07-06T10:00:00.000000Z,58,100.0,2758.997670035257
CI.MPM..HHZ,2019-07-06T11:00:00.000000Z,59,100.0,4219.833461541528
CI.MPM..HHZ,2019-07-06T12:00:00.000000Z,60,100.0,2007.741807849038
CI.MPM..HHZ,2019-07-06T13:00:00.000000Z,61,100.0,6698.937175776184
CI.MPM..HHZ,2019-07-06T14:00:00.000000Z,62,100.0,615.8819804527083
CI.MPM..HHZ,2019-07-06T15:00:00.000000Z,63,100.0,1759.2323919689277
CI.MPM..HHZ,2019-07-06T16:00:00.000000Z,64,100.0,1901.5141906121057
CI.MPM..HHZ,2019-07-06T17:00:00.000000Z,65,100.0,4202.588986512904
CI.MPM..HHZ,2019-07-06T18:00:00.000000Z,66,100.0,2062.072403235211
CI.MPM..HHZ,2019-07-06T19:00:00.000000Z,67,99.99916666560684,1105.4479638956511
CI.MPM..HHZ,2019-07-06T20:00:00.000000Z,68,100.0,579.5272121732947
CI.MPM..HHZ,2019-07-06T21:00:00.000000Z,69,100.0,1607.80821498875
CI.MPM..HHZ,2019-07-06T22:00:00.000000Z,70,100.0,531.1337181714491
CI.MPM..HHZ,2019-07-06T23:00:00.000000Z,71,100.0,11883.041620406744
CI.SLA..HHE,2019-07-04T00:00:00.000000Z,0,99.99976944261127,751.319883198509
CI.SLA..HHE,2019-07-04T01:00:00.000000Z,1,100.0,743.586759817022
CI.SLA..HHE,2019-07-04T02:00:00.000000Z,2,100.0,619.3538590233236
CI.SLA..HHE,2019-07-04T03:00:00.000000Z,3,100.0,720.9366474873907
CI.SLA..HHE,2019-07-04T04:00:00.000000Z,4,100.0,4473.460047599163
CI.SLA..HHE,2019-07-04T05:00:00.000000Z,5,100.0,1177.8150521239231
CI.SLA..HHE,2019-07-04T06:00:00.000000Z,6,100.0,902.7237440695558
CI.SLA..HHE,2019-07-04T07:00:00.000000Z,7,100.0,673.0345209843553
CI.SLA..HHE,2019-07-04T08:00:00.000000Z,8,100.0,408.6593453702238
CI.SLA..HHE,2019-07-04T09:00:00.000000Z,9,100.0,311.5321291574707
CI.SLA..HHE,2019-07-04T10:00:00.000000Z,10,100.0,231.2459247512706
CI.SLA..HHE,2019-07-04T11:00:00.000000Z,11,100.0,212.60677442565256
CI.SLA..HHE,2019-07-04T12:00:00.000000Z,12,100.0,184.25858918041007
CI.SLA..HHE,2019-07-04T13:00:00.000000Z,13,100.0,186.78628060594124
CI.SLA..HHE,2019-07-04T14:00:00.000000Z,14,100.0,283.7486160958784
CI.SLA..HHE,2019-07-04T15:00:00.000000Z,15,100.0,268.8193409561313
CI.SLA..HHE,2019-07-04T16:00:00.000000Z,16,100.0,181.11075701260498
CI.SLA..HHE,2019-07-04T17:00:00.000000Z,17,100.0,543174.8021931424
CI.SLA..HHE,2019-07-04T18:00:00.000000Z,18,100.0,67154.14375700997
CI.SLA..HHE,2019-07-04T19:00:00.000000Z,19,100.0,32531.43888434463
CI.SLA..HHE,2019-07-04T20:00:00.000000Z,20,100.0,17558.41493181989
CI.SLA..HHE,2019-07-04T21:00:00.000000Z,21,100.0,4068.289801273525
CI.SLA..HHE,2019-07-04T22:00:00.000000Z,22,100.0,28370.998441969023
CI.SLA..HHE,2019-07-04T23:00:00.000000Z,23,100.0,13441.921324405352
CI.SLA..HHE,2019-07-05T00:00:00.000000Z,24,100.0,25422.936084161698
CI.SLA..HHE,2019-07-05T01:00:00.000000Z,25,100.0,1945.594659655043
CI.SLA..HHE,2019-07-05T02:00:00.000000Z,26,100.0,6598.403193137495
CI.SLA..HHE,2019-07-05T03:00:00.000000Z,27,100.0,3098.495260876117
CI.SLA..HHE,2019-07-05T04:00:00.000000Z,28,100.0,8779.963528791317
CI.SLA..HHE,2019-07-05T05:00:00.000000Z,29,100.0,3040.1790735223412
CI.SLA..HHE,2019-07-05T06:00:00.000000Z,30,100.0,5031.352533686332
CI.SLA..HHE,2019-07-05T07:00:00.000000Z,31,100.0,9459.9568364314
CI.SLA..HHE,2019-07-05T08:00:00.000000Z,32,100.0,3388.265717668306
CI.SLA..HHE,2019-07-05T09:00:00.000000Z,33,100.0,2575.9897990608415
CI.SLA..HHE,2019-07-05T10:00:00.000000Z,34,100.0,3810.5431586474433
CI.SLA..HHE,2019-07-05T11:00:00.000000Z,35,100.0,240664.09631648488
CI.SLA..HHE,2019-07-05T12:00:00.000000Z,36,100.0,16428.788097743603
CI.SLA..HHE,2019-07-05T13:00:00.000000Z,37,100.0,1628.5495598165244
CI.SLA..HHE,2019-07-05T14:00:00.000000Z,38,100.0,8521.707912299706
CI.SLA..HHE,2019-07-05T15:00:00.000000Z,39,100.0,1330.8456027848713
CI.SLA..HHE,2019-07-05T16:00:00.000000Z,40,100.0,691.6639033999799
CI.SLA..HHE,2019-07-05T17:00:00.000000Z,41,100.0,4538.8052292960865
CI.SLA..HHE,2019-07-05T18:00:00.000000Z,42,100.0,2370.494690241717
CI.SLA..HHE,2019-07-05T19:00:00.000000Z,43,100.0,802.3955093631853
CI.SLA..HHE,2019-07-05T20:00:00.000000Z,44,100.0,689.1229041397094
CI.SLA..HHE,2019-07-05T21:00:00.000000Z,45,100.0,1286.5273583659857
CI.SLA..HHE,2019-07-05T22:00:00.000000Z,46,100.0,1318.4109939267692
CI.SLA..HHE,2019-07-05T23:00:00.000000Z,47,100.0,857.3546663653781
CI.SLA..HHE,2019-07-06T00:00:00.000000Z,48,100.0,7649.129099798567
CI.SLA..HHE,2019-07-06T01:00:00.000000Z,49,100.0,946.1009046294444
CI.SLA..HHE,2019-07-06T02:00:00.000000Z,50,100.0,919.2960278229959
CI.SLA..HHE,2019-07-06T03:00:00.000000Z,51,100.0,828222.1035496799
CI.SLA..HHE,2019-07-06T04:00:00.000000Z,52,100.0,199222.3077644545
CI.SLA..HHE,2019-07-06T05:00:00.000000Z,53,100.0,37178.069888988124
CI.SLA..HHE,2019-07-06T06:00:00.000000Z,54,100.0,32616.915824635587
CI.SLA..HHE,2019-07-06T07:00:00.000000Z,55,100.0,14025.816809225598
CI.SLA..HHE,2019-07-06T08:00:00.000000Z,56,100.0,32014.548916195363
CI.SLA..HHE,2019-07-06T09:00:00.000000Z,57,100.0,65196.54605548345
CI.SLA..HHE,2019-07-06T10:00:00.000000Z,58,100.0,15457.747821213754
CI.SLA..HHE,2019-07-06T11:00:00.000000Z,59,100.0,13290.631160212839
CI.SLA..HHE,2019-07-06T12:00:00.000000Z,60,100.0,8157.994346930611
CI.SLA..HHE,2019-07-06T13:00:00.000000Z,61,100.0,22093.528131502975
CI.SLA..HHE,2019-07-06T14:00:00.000000Z,62,100.0,2717.9865284011867
CI.SLA..HHE,2019-07-06T15:00:00.000000Z,63,100.0,5391.518709479101
CI.SLA..HHE,2019-07-06T16:00:00.000000Z,64,100.0,12250.440499765498
CI.SLA..HHE,2019-07-06T17:00:00.000000Z,65,100.0,12288.181934828495
CI.SLA..HHE,2019-07-06T18:00:00.000000Z,66,100.0,9440.00262306006
CI.SLA..HHE,2019-07-06T19:00:00.000000Z,67,100.0,3517.312456557836
CI.SLA..HHE,2019-07-06T20:00:00.000000Z,68,100.0,2120.235378382434
CI.SLA..HHE,2019-07-06T21:00:00.000000Z,69,100.0,6096.592378076296
CI.SLA..HHE,2019-07-06T22:00:00.000000Z,70,100.0,2601.893221703718
CI.SLA..HHE,2019-07-06T23:00:00.000000Z,71,100.0,28700.505558911525
CI.SLA..HHN,2019-07-04T00:00:00.000000Z,0,99.99976944261127,659.6565617657652
CI.SLA..HHN,2019-07-04T01:00:00.000000Z,1,100.0,641.0739332284093
CI.SLA..HHN,2019-07-04T02:00:00.000000Z,2,100.0,513.478442725219
CI.SLA..HHN,2019-07-04T03:00:00.000000Z,3,100.0,581.028190992464
CI.SLA..HHN,2019-07-04T04:00:00.000000Z,4,100.0,4694.554010841337
CI.SLA..HHN,2019-07-04T05:00:00.000000Z,5,100.0,1072.8105784213042
CI.SLA..HHN,2019-07-04T06:00:00.000000Z,6,100.0,749.2454662342624
CI.SLA..HHN,2019-07-04T07:00:00.000000Z,7,100.0,506.29097920976227
CI.SLA..HHN,2019-07-04T08:00:00.000000Z,8,100.0,327.0638787994929
CI.SLA..HHN,2019-07-04T09:00:00.000000Z,9,100.0,258.10783606182724
CI.SLA..HHN,2019-07-04T10:00:00.000000Z,10,100.0,197.62103618361067
CI.SLA..HHN,2019-07-04T11:00:00.000000Z,11,100.0,180.29123332276163
CI.SLA..HHN,2019-07-04T12:00:00.000000Z,12,100.0,157.38363719334802
CI.SLA..HHN,2019-07-04T13:00:00.000000Z,13,100.0,155.74927657905073
CI.SLA..HHN,2019-07-04T14:00:00.000000Z,14,100.0,155.836352723309
CI.SLA..HHN,2019-07-04T15:00:00.000000Z,15,100.0,132.49841033324034
CI.SLA..HHN,2019-07-04T16:00:00.000000Z,16,100.0,158.65524149796474
CI.SLA..HHN,2019-07-04T17:00:00.000000Z,17,100.0,502431.2202439692
CI.SLA..HHN,2019-07-04T18:00:00.000000Z,18,100.0,64961.93561767411
CI.SLA..HHN,2019-07-04T19:00:00.000000Z,19,100.0,31845.847638138603
CI.SLA..HHN,2019-07-04T20:00:00.000000Z,20,100.0,16343.00644559241
CI.SLA..HHN,2019-07-04T21:00:00.000000Z,21,100.0,3954.09228249817
CI.SLA..HHN,2019-07-04T22:00:00.000000Z,22,100.0,27157.30871778158
CI.SLA..HHN,2019-07-04T23:00:00.000000Z,23,100.0,12477.04045343688
CI.SLA..HHN,2019-07-05T00:00:00.000000Z,24,100.0,24931.962813713464
CI.SLA..HHN,2019-07-05T01:00:00.000000Z,25,100.0,1827.5670231924817
CI.SLA..HHN,2019-07-05T02:00:00.000000Z,26,100.0,7212.524063090775
CI.SLA..HHN,2019-07-05T03:00:00.000000Z,27,100.0,3008.485925690486
CI.SLA..HHN,2019-07-05T04:00:00.000000Z,28,100.0,7364.948884297689
CI.SLA..HHN,2019-07-05T05:00:00.000000Z,29,100.0,3046.378555203906
CI.SLA..HHN,2019-07-05T06:00:00.000000Z,30,100.0,4229.625797898721
CI.SLA..HHN,2019-07-05T07:00:00.000000Z,31,100.0,7918.422772718546
CI.SLA..HHN,2019-07-05T08:00:00.000000Z,32,100.0,3459.9649296769567
CI.SLA..HHN,2019-07-05T09:00:00.000000Z,33,100.0,3239.1982832994045
CI.SLA..HHN,2019-07-05T10:00:00.000000Z,34,100.0,3880.8632103261752
CI.SLA..HHN,2019-07-05T11:00:00.000000Z,35,100.0,257265.51031535663
CI.SLA..HHN,2019-07-05T12:00:00.000000Z,36,100.0,18483.577854066752
CI.SLA..HHN,2019-07-05T13:00:00.000000Z,37,100.0,1462.4207107967277
CI.SLA..HHN,2019-07-05T14:00:00.000000Z,38,100.0,7989.293870989291
CI.SLA..HHN,2019-07-05T15:00:00.000000Z,39,100.0,1217.4049379027254
CI.SLA..HHN,2019-07-05T16:00:00.000000Z,40,100.0,563.2912637502528
CI.SLA..HHN,2019-07-05T17:00:00.000000Z,41,100.0,5124.618489489209
CI.SLA..HHN,2019-07-05T18:00:00.000000Z,42,100.0,2512.739648877588
CI.SLA..HHN,2019-07-05T19:00:00.000000Z,43,100.0,714.8328983973289
CI.SLA..HHN,2019-07-05T20:00:00.000000Z,44,100.0,645.6379677768109
CI.SLA..HHN,2019-07-05T21:00:00.000000Z,45,100.0,1115.5619218061047
CI.SLA..HHN,2019-07-05T22:00:00.000000Z,46,100.0,1281.8602760115045
CI.SLA..HHN,2019-07-05T23:00:00.000000Z,47,100.0,807.3241311143173
CI.SLA..HHN,2019-07-06T00:00:00.000000Z,48,100.0,6935.440221138348
CI.SLA..HHN,2019-07-06T01:00:00.000000Z,49,100.0,817.0437174571082
CI.SLA..HHN,2019-07-06T02:00:00.000000Z,50,100.0,932.5932389285249
CI.SLA..HHN,2019-07-06T03:00:00.000000Z,51,100.0,771237.1151977816
CI.SLA..HHN,2019-07-06T04:00:00.000000Z,52,100.0,204136.76626164193
CI.SLA..HHN,2019-07-06T05:00:00.000000Z,53,100.0,33224.50670570888
CI.SLA..HHN,2019-07-06T06:00:00.000000Z,54,100.0,38571.4643850178
CI.SLA..HHN,2019-07-06T07:00:00.000000Z,55,100.0,15589.227603778187
CI.SLA..HHN,2019-07-06T08:00:00.000000Z,56,100.0,32970.9836852117
CI.SLA..HHN,2019-07-06T09:00:00.000000Z,57,100.0,90872.67824934637
CI.SLA..HHN,2019-07-06T10:00:00.000000Z,58,100.0,14187.76676764267
CI.SLA..HHN,2019-07-06T11:00:00.000000Z,59,100.0,13132.928291908542
CI.SLA..HHN,2019-07-06T12:00:00.000000Z,60,100.0,7906.4734304535505
CI.SLA..HHN,2019-07-06T13:00:00.000000Z,61,100.0,25171.621255478847
CI.SLA..HHN,2019-07-06T14:00:00.000000Z,62,100.0,2529.0983849473387
CI.SLA..HHN,2019-07-06T15:00:00.000000Z,63,100.0,5706.935509115507
CI.SLA..HHN,2019-07-06T16:00:00.000000Z,64,100.0,13019.951993403643
CI.SLA..HHN,2019-07-06T17:00:00.000000Z,65,100.0,14785.317599664906
CI.SLA..HHN,2019-07-06T18:00:00.000000Z,66,100.0,9381.392119329004
CI.SLA..HHN,2019-07-06T19:00:00.000000Z,67,100.0,3860.884378254331
CI.SLA..HHN,2019-07-06T20:00:00.000000Z,68,100.0,2083.9496595308465
CI.SLA..HHN,2019-07-06T21:00:00.000000Z,69,100.0,5514.348798254847
CI.SLA..HHN,2019-07-06T22:00:00.000000Z,70,100.0,2515.020395617133
CI.SLA..HHN,2019-07-06T23:00:00.000000Z,71,100.0,30146.901069418993
CI.SLA..HHZ,2019-07-04T00:00:00.000000Z,0,99.99976944261127,356.9846207764648
CI.SLA..HHZ,2019-07-04T01:00:00.000000Z,1,100.0,357.97598114328173
CI.SLA..HHZ,2019-07-04T02:00:00.000000Z,2,100.0,258.8301790742724
CI.SLA..HHZ,2019-07-04T03:00:00.000000Z,3,100.0,308.50549488493675
CI.SLA..HHZ,2019-07-04T04:00:00.000000Z,4,100.0,5049.709824171653
CI.SLA..HHZ,2019-07-04T05:00:00.000000Z,5,100.0,860.811062818407
CI.SLA..HHZ,2019-07-04T06:00:00.000000Z,6,100.0,395.51278087170607
CI.SLA..HHZ,2019-07-04T07:00:00.000000Z,7,100.0,272.6939405384724
CI.SLA..HHZ,2019-07-04T08:00:00.000000Z,8,100.0,177.2317268994556
CI.SLA..HHZ,2019-07-04T09:00:00.000000Z,9,100.0,151.80727530719415
CI.SLA..HHZ,2019-07-04T10:00:00.000000Z,10,100.0,112.69770881030857
CI.SLA..HHZ,2019-07-04T11:00:00.000000Z,11,100.0,107.38091023382333
CI.SLA..HHZ,2019-07-04T12:00:00.000000Z,12,100.0,100.3713118203215
CI.SLA..HHZ,2019-07-04T13:00:00.000000Z,13,100.0,105.42776949090626
CI.SLA..HHZ,2019-07-04T14:00:00.000000Z,14,100.0,99.00005200397706
CI.SLA..HHZ,2019-07-04T15:00:00.000000Z,15,100.0,100.07202804516467
CI.SLA..HHZ,2019-07-04T16:00:00.000000Z,16,100.0,123.23290347799646
CI.SLA..HHZ,2019-07-04T17:00:00.000000Z,17,100.0,352787.1276144448
CI.SLA..HHZ,2019-07-04T18:00:00.000000Z,18,100.0,29765.574417801723
CI.SLA..HHZ,2019-07-04T19:00:00.000000Z,19,100.0,16948.171612142265
CI.SLA..HHZ,2019-07-04T20:00:00.000000Z,20,100.0,8948.202688523419
CI.SLA..HHZ,2019-07-04T21:00:00.000000Z,21,100.0,2678.2067550214483
CI.SLA..HHZ,2019-07-04T22:00:00.000000Z,22,100.0,12981.383670613206
CI.SLA..HHZ,2019-07-04T23:00:00.000000Z,23,100.0,6310.01559831338
CI.SLA..HHZ,2019-07-05T00:00:00.000000Z,24,100.0,12406.760766773361
CI.SLA..HHZ,2019-07-05T01:00:00.000000Z,25,100.0,1050.451622695199
CI.SLA..HHZ,2019-07-05T02:00:00.000000Z,26,100.0,4627.25868073114
CI.SLA..HHZ,2019-07-05T03:00:00.000000Z,27,100.0,1968.02144522605
CI.SLA..HHZ,2019-07-05T04:00:00.000000Z,28,100.0,3961.4334428728453
CI.SLA..HHZ,2019-07-05T05:00:00.000000Z,29,100.0,1562.220400526156
CI.SLA..HHZ,2019-07-05T06:00:00.000000Z,30,100.0,3038.1934973534862
CI.SLA..HHZ,2019-07-05T07:00:00.000000Z,31,100.0,4759.465125389957
CI.SLA..HHZ,2019-07-05T08:00:00.000000Z,32,100.0,2209.7456302642895
CI.SLA..HHZ,2019-07-05T09:00:00.000000Z,33,100.0,1806.1614933312342
CI.SLA..HHZ,2019-07-05T10:00:00.000000Z,34,100.0,2409.748476856426
CI.SLA..HHZ,2019-07-05T11:00:00.000000Z,35,100.0,118112.61811138583
CI.SLA..HHZ,2019-07-05T12:00:00.000000Z,36,100.0,7040.737264961085
CI.SLA..HHZ,2019-07-05T13:00:00.000000Z,37,100.0,1104.8064265892892
CI.SLA..HHZ,2019-07-05T14:00:00.000000Z,38,100.0,3509.8746253814707
CI.SLA..HHZ,2019-07-05T15:00:00.000000Z,39,100.0,709.0221538968251
CI.SLA..HHZ,2019-07-05T16:00:00.000000Z,40,100.0,378.1056616902335
CI.SLA..HHZ,2019-07-05T17:00:00.000000Z,41,100.0,2793.4174957759483
CI.SLA..HHZ,2019-07-05T18:00:00.000000Z,42,100.0,1074.2814080134183
CI.SLA..HHZ,2019-07-05T19:00:00.000000Z,43,100.0,390.696121918073
CI.SLA..HHZ,2019-07-05T20:00:00.000000Z,44,100.0,428.06940453064925
CI.SLA..HHZ,2019-07-05T21:00:00.000000Z,45,100.0,748.0285495763552
CI.SLA..HHZ,2019-07-05T22:00:00.000000Z,46,100.0,716.065508186214
CI.SLA..HHZ,2019-07-05T23:00:00.000000Z,47,100.0,540.4622746985598
CI.SLA..HHZ,2019-07-06T00:00:00.000000Z,48,100.0,3651.1727145803693
CI.SLA..HHZ,2019-07-06T01:00:00.000000Z,49,100.0,591.3174930732031
CI.SLA..HHZ,2019-07-06T02:00:00.000000Z,50,100.0,548.307167853853
CI.SLA..HHZ,2019-07-06T03:00:00.000000Z,51,100.0,569818.8837179248
CI.SLA..HHZ,2019-07-06T04:00:00.000000Z,52,100.0,90727.79739250799
CI.SLA..HHZ,2019-07-06T05:00:00.000000Z,53,100.0,16581.110348242222
CI.SLA..HHZ,2019-07-06T06:00:00.000000Z,54,100.0,16132.974224501344
CI.SLA..HHZ,2019-07-06T07:00:00.000000Z,55,100.0,7524.133397578811
CI.SLA..HHZ,2019-07-06T08:00:00.000000Z,56,100.0,17665.797533483827
CI.SLA..HHZ,2019-07-06T09:00:00.000000Z,57,100.0,26657.595505839683
CI.SLA..HHZ,2019-07-06T10:00:00.000000Z,58,100.0,7956.496742956917
CI.SLA..HHZ,2019-07-06T11:00:00.000000Z,59,100.0,6737.645297153718
CI.SLA..HHZ,2019-07-06T12:00:00.000000Z,60,100.0,4792.53109302079
CI.SLA..HHZ,2019-07-06T13:00:00.000000Z,61,100.0,10484.290330324342
CI.SLA..HHZ,2019-07-06T14:00:00.000000Z,62,100.0,1617.666383248802
CI.SLA..HHZ,2019-07-06T15:00:00.000000Z,63,100.0,2843.5595188439056
CI.SLA..HHZ,2019-07-06T16:00:00.000000Z,64,100.0,6467.974613009968
CI.SLA..HHZ,2019-07-06T17:00:00.000000Z,65,100.0,6909.621805126852
CI.SLA..HHZ,2019-07-06T18:00:00.000000Z,66,100.0,4722.789932566624
CI.SLA..HHZ,2019-07-06T19:00:00.000000Z,67,100.0,1888.3446856604446
CI.SLA..HHZ,2019-07-06T20:00:00.000000Z,68,100.0,1262.7322998378172
CI.SLA..HHZ,2019-07-06T21:00:00.000000Z,69,100.0,3593.0837087786754
CI.SLA..HHZ,2019-07-06T22:00:00.000000Z,70,100.0,1646.8652194703764
CI.SLA..HHZ,2019-07-06T23:00:00.000000Z,71,100.0,12470.190004659586
CI.SPG2..HHE,2019-07-04T00:00:00.000000Z,0,99.99976944261127,91.24889185038272
CI.SPG2..HHE,2019-07-04T01:00:00.000000Z,1,100.0,91.98962487174536
CI.SPG2..HHE,2019-07-04T02:00:00.000000Z,2,100.0,158.06970861740206
CI.SPG2..HHE,2019-07-04T03:00:00.000000Z,3,100.0,91.1332974605105
CI.SPG2..HHE,2019-07-04T04:00:00.000000Z,4,100.0,2284.800675168692
CI.SPG2..HHE,2019-07-04T05:00:00.000000Z,5,100.0,606.1465983277931
CI.SPG2..HHE,2019-07-04T06:00:00.000000Z,6,100.0,137.67743966524088
CI.SPG2..HHE,2019-07-04T07:00:00.000000Z,7,100.0,75.40070546462384
CI.SPG2..HHE,2019-07-04T08:00:00.000000Z,8,100.0,916.3345675370985
CI.SPG2..HHE,2019-07-04T09:00:00.000000Z,9,100.0,63.93832106380446
CI.SPG2..HHE,2019-07-04T10:00:00.000000Z,10,100.0,59.549016788024005
CI.SPG2..HHE,2019-07-04T11:00:00.000000Z,11,100.0,59.63208966866598
CI.SPG2..HHE,2019-07-04T12:00:00.000000Z,12,100.0,60.03780738972513
CI.SPG2..HHE,2019-07-04T13:00:00.000000Z,13,100.0,111.25013747147973
CI.SPG2..HHE,2019-07-04T14:00:00.000000Z,14,100.0,109.39952369969635
CI.SPG2..HHE,2019-07-04T15:00:00.000000Z,15,100.0,128.83528498909843
CI.SPG2..HHE,2019-07-04T16:00:00.000000Z,16,100.0,71.51733473995684
CI.SPG2..HHE,2019-07-04T17:00:00.000000Z,17,100.0,114481.70860557449
CI.SPG2..HHE,2019-07-04T18:00:00.000000Z,18,100.0,4246.592395144016
CI.SPG2..HHE,2019-07-04T19:00:00.000000Z,19,100.0,1860.935781060739
CI.SPG2..HHE,2019-07-04T20:00:00.000000Z,20,100.0,946.9054037584817
CI.SPG2..HHE,2019-07-04T21:00:00.000000Z,21,100.0,325.35675704268283
CI.SPG2..HHE,2019-07-04T22:00:00.000000Z,22,100.0,1400.5439636061888
CI.SPG2..HHE,2019-07-04T23:00:00.000000Z,23,100.0,805.3442353659627
CI.SPG2..HHE,2019-07-05T00:00:00.000000Z,24,100.0,1458.081282501716
CI.SPG2..HHE,2019-07-05T01:00:00.000000Z,25,100.0,162.7253512340217
CI.SPG2..HHE,2019-07-05T02:00:00.000000Z,26,100.0,752.8420519643635
CI.SPG2..HHE,2019-07-05T03:00:00.000000Z,27,100.0,220.47201052031434
CI.SPG2..HHE,2019-07-05T04:00:00.000000Z,28,100.0,362.8392793208374
CI.SPG2..HHE,2019-07-05T05:00:00.000000Z,29,100.0,189.72031494351194
CI.SPG2..HHE,2019-07-05T06:00:00.000000Z,30,100.0,704.9850339495384
CI.SPG2..HHE,2019-07-05T07:00:00.000000Z,31,100.0,344.7034525762132
CI.SPG2..HHE,2019-07-05T08:00:00.000000Z,32,100.0,285.7087875419063
CI.SPG2..HHE,2019-07-05T09:00:00.000000Z,33,100.0,176.07650512531808
CI.SPG2..HHE,2019-07-05T10:00:00.000000Z,34,100.0,117.70067123931236
CI.SPG2..HHE,2019-07-05T11:00:00.000000Z,35,100.0,12474.464124090835
CI.SPG2..HHE,2019-07-05T12:00:00.000000Z,36,100.0,988.0160985690127
CI.SPG2..HHE,2019-07-05T13:00:00.000000Z,37,100.0,379.722258277576
CI.SPG2..HHE,2019-07-05T14:00:00.000000Z,38,100.0,433.908399404503
CI.SPG2..HHE,2019-07-05T15:00:00.000000Z,39,100.0,185.37636637050164
CI.SPG2..HHE,2019-07-05T16:00:00.000000Z,40,100.0,93.66564736590685
CI.SPG2..HHE,2019-07-05T17:00:00.000000Z,41,100.0,833.414897503367
CI.SPG2..HHE,2019-07-05T18:00:00.000000Z,42,100.0,204.12356194094977
CI.SPG2..HHE,2019-07-05T19:00:00.000000Z,43,100.0,100.41067264873588
CI.SPG2..HHE,2019-07-05T20:00:00.000000Z,44,100.0,123.53797945776097
CI.SPG2..HHE,2019-07-05T21:00:00.000000Z,45,100.0,142.1691673145267
CI.SPG2..HHE,2019-07-05T22:00:00.000000Z,46,100.0,133.06993628480978
CI.SPG2..HHE,2019-07-05T23:00:00.000000Z,47,100.0,111.02981680003299
CI.SPG2..HHE,2019-07-06T00:00:00.000000Z,48,100.0,497.153458682031
CI.SPG2..HHE,2019-07-06T01:00:00.000000Z,49,100.0,154.82798636306666
CI.SPG2..HHE,2019-07-06T02:00:00.000000Z,50,100.0,150.13425531830566
CI.SPG2..HHE,2019-07-06T03:00:00.000000Z,51,100.0,304869.6073427676
CI.SPG2..HHE,2019-07-06T04:00:00.000000Z,52,100.0,19410.936407961122
CI.SPG2..HHE,2019-07-06T05:00:00.000000Z,53,100.0,2886.124532582753
CI.SPG2..HHE,2019-07-06T06:00:00.000000Z,54,100.0,2742.842025084219
CI.SPG2..HHE,2019-07-06T07:00:00.000000Z,55,100.0,1140.3700979726843
CI.SPG2..HHE,2019-07-06T08:00:00.000000Z,56,100.0,2387.4493781137658
CI.SPG2..HHE,2019-07-06T09:00:00.000000Z,57,100.0,5337.251674011108
CI.SPG2..HHE,2019-07-06T10:00:00.000000Z,58,100.0,1091.8921035020285
CI.SPG2..HHE,2019-07-06T11:00:00.000000Z,59,100.0,999.8167278892805
CI.SPG2..HHE,2019-07-06T12:00:00.000000Z,60,100.0,585.0544160652254
CI.SPG2..HHE,2019-07-06T13:00:00.000000Z,61,100.0,1974.8674938498232
CI.SPG2..HHE,2019-07-06T14:00:00.000000Z,62,100.0,271.9482457043392
CI.SPG2..HHE,2019-07-06T15:00:00.000000Z,63,100.0,602.4673574095915
CI.SPG2..HHE,2019-07-06T16:00:00.000000Z,64,100.0,876.9182093074742
CI.SPG2..HHE,2019-07-06T17:00:00.000000Z,65,100.0,1400.0174773314259
CI.SPG2..HHE,2019-07-06T18:00:00.000000Z,66,100.0,740.5924371372572
CI.SPG2..HHE,2019-07-06T19:00:00.000000Z,67,100.0,388.24080326767023
CI.SPG2..HHE,2019-07-06T20:00:00.000000Z,68,100.0,387.1530542121134
CI.SPG2..HHE,2019-07-06T21:00:00.000000Z,69,100.0,297.7366573617858
CI.SPG2..HHE,2019-07-06T22:00:00.000000Z,70,100.0,206.44330706585487
CI.SPG2..HHE,2019-07-06T23:00:00.000000Z,71,100.0,2883.960545706177
CI.SPG2..HHN,2019-07-04T00:00:00.000000Z,0,99.99976944261127,126.3234148839611
CI.SPG2..HHN,2019-07-04T01:00:00.000000Z,1,100.0,145.24933141072097
CI.SPG2..HHN,2019-07-04T02:00:00.000000Z,2,100.0,123.53568040830415
CI.SPG2..HHN,2019-07-04T03:00:00.000000Z,3,100.0,116.72090879512223
CI.SPG2..HHN,2019-07-04T04:00:00.000000Z,4,100.0,2115.368087979689
CI.SPG2..HHN,2019-07-04T05:00:00.000000Z,5,100.0,563.9247147009937
CI.SPG2..HHN,2019-07-04T06:00:00.000000Z,6,100.0,123.36793239325095
CI.SPG2..HHN,2019-07-04T07:00:00.000000Z,7,100.0,77.38210492695642
CI.SPG2..HHN,2019-07-04T08:00:00.000000Z,8,100.0,900.8827422123147
CI.SPG2..HHN,2019-07-04T09:00:00.000000Z,9,100.0,69.2224997863567
CI.SPG2..HHN,2019-07-04T10:00:00.000000Z,10,100.0,70.25133467391598
CI.SPG2..HHN,2019-07-04T11:00:00.000000Z,11,100.0,69.25821588007874
CI.SPG2..HHN,2019-07-04T12:00:00.000000Z,12,100.0,70.60762284802462
CI.SPG2..HHN,2019-07-04T13:00:00.000000Z,13,100.0,91.16233867845555
CI.SPG2..HHN,2019-07-04T14:00:00.000000Z,14,100.0,132.63571484934783
CI.SPG2..HHN,2019-07-04T15:00:00.000000Z,15,100.0,101.97585074350202
CI.SPG2..HHN,2019-07-04T16:00:00.000000Z,16,100.0,75.69256025605621
CI.SPG2..HHN,2019-07-04T17:00:00.000000Z,17,100.0,148880.44611438917
CI.SPG2..HHN,2019-07-04T18:00:00.000000Z,18,100.0,4616.276949826982
CI.SPG2..HHN,2019-07-04T19:00:00.000000Z,19,100.0,2075.8097024201634
CI.SPG2..HHN,2019-07-04T20:00:00.000000Z,20,100.0,971.3472785312802
CI.SPG2..HHN,2019-07-04T21:00:00.000000Z,21,100.0,359.5462509017205
CI.SPG2..HHN,2019-07-04T22:00:00.000000Z,22,100.0,1600.2538821664186
CI.SPG2..HHN,2019-07-04T23:00:00.000000Z,23,100.0,863.0759049631996
CI.SPG2..HHN,2019-07-05T00:00:00.000000Z,24,100.0,1609.8840877475398
CI.SPG2..HHN,2019-07-05T01:00:00.000000Z,25,100.0,197.4481533289742
CI.SPG2..HHN,2019-07-05T02:00:00.000000Z,26,100.0,729.2451809584641
CI.SPG2..HHN,2019-07-05T03:00:00.000000Z,27,100.0,236.42251744113733
CI.SPG2..HHN,2019-07-05T04:00:00.000000Z,28,100.0,372.9759208414097
CI.SPG2..HHN,2019-07-05T05:00:00.000000Z,29,100.0,212.23299617102336
CI.SPG2..HHN,2019-07-05T06:00:00.000000Z,30,100.0,780.1904920741667
CI.SPG2..HHN,2019-07-05T07:00:00.000000Z,31,100.0,351.6980995911203
CI.SPG2..HHN,2019-07-05T08:00:00.000000Z,32,100.0,306.2752627315482
CI.SPG2..HHN,2019-07-05T09:00:00.000000Z,33,100.0,202.24428284772804
CI.SPG2..HHN,2019-07-05T10:00:00.000000Z,34,100.0,123.46467875628099
CI.SPG2..HHN,2019-07-05T11:00:00.000000Z,35,100.0,15022.794978944501
CI.SPG2..HHN,2019-07-05T12:00:00.000000Z,36,100.0,1014.053127552698
CI.SPG2..HHN,2019-07-05T13:00:00.000000Z,37,100.0,335.78832336814514
CI.SPG2..HHN,2019-07-05T14:00:00.000000Z,38,100.0,427.3312263070639
CI.SPG2..HHN,2019-07-05T15:00:00.000000Z,39,100.0,192.92786648061212
CI.SPG2..HHN,2019-07-05T16:00:00.000000Z,40,100.0,108.04485330227867
CI.SPG2..HHN,2019-07-05T17:00:00.000000Z,41,100.0,847.3361672826722
CI.SPG2..HHN,2019-07-05T18:00:00.000000Z,42,100.0,228.93113023540752
CI.SPG2..HHN,2019-07-05T19:00:00.000000Z,43,100.0,118.7238078417782
CI.SPG2..HHN,2019-07-05T20:00:00.000000Z,44,100.0,146.51162118721354
CI.SPG2..HHN,2019-07-05T21:00:00.000000Z,45,100.0,168.7638683260726
CI.SPG2..HHN,2019-07-05T22:00:00.000000Z,46,100.0,161.88177706784649
CI.SPG2..HHN,2019-07-05T23:00:00.000000Z,47,100.0,140.2858214167035
CI.SPG2..HHN,2019-07-06T00:00:00.000000Z,48,100.0,524.6068865385237
CI.SPG2..HHN,2019-07-06T01:00:00.000000Z,49,100.0,187.8785122682875
CI.SPG2..HHN,2019-07-06T02:00:00.000000Z,50,100.0,147.87647263435738
CI.SPG2..HHN,2019-07-06T03:00:00.000000Z,51,100.0,496186.52789556544
CI.SPG2..HHN,2019-07-06T04:00:00.000000Z,52,100.0,20985.19251450447
CI.SPG2..HHN,2019-07-06T05:00:00.000000Z,53,100.0,2966.7032503041382
CI.SPG2..HHN,2019-07-06T06:00:00.000000Z,54,100.0,2939.215316345519
CI.SPG2..HHN,2019-07-06T07:00:00.000000Z,55,100.0,1229.5750000754415
CI.SPG2..HHN,2019-07-06T08:00:00.000000Z,56,100.0,2685.9281646602994
CI.SPG2..HHN,2019-07-06T09:00:00.000000Z,57,100.0,5552.874019125951
CI.SPG2..HHN,2019-07-06T10:00:00.000000Z,58,100.0,1195.9944500081908
CI.SPG2..HHN,2019-07-06T11:00:00.000000Z,59,100.0,1178.4304104652274
CI.SPG2..HHN,2019-07-06T12:00:00.000000Z,60,100.0,627.6451902485613
CI.SPG2..HHN,2019-07-06T13:00:00.000000Z,61,100.0,2034.6458119337562
CI.SPG2..HHN,2019-07-06T14:00:00.000000Z,62,100.0,303.65271608574733
CI.SPG2..HHN,2019-07-06T15:00:00.000000Z,63,100.0,618.0205686376128
CI.SPG2..HHN,2019-07-06T16:00:00.000000Z,64,100.0,1052.5447620183063
CI.SPG2..HHN,2019-07-06T17:00:00.000000Z,65,100.0,1541.177484589568
CI.SPG2..HHN,2019-07-06T18:00:00.000000Z,66,100.0,775.1188761147296
CI.SPG2..HHN,2019-07-06T19:00:00.000000Z,67,100.0,413.183547103091
CI.SPG2..HHN,2019-07-06T20:00:00.000000Z,68,100.0,413.83105134163674
CI.SPG2..HHN,2019-07-06T21:00:00.000000Z,69,100.0,337.77092190449076
CI.SPG2..HHN,2019-07-06T22:00:00.000000Z,70,100.0,235.24874878989
CI.SPG2..HHN,2019-07-06T23:00:00.000000Z,71,100.0,3494.6610479133947
CI.SPG2..HHZ,2019-07-04T00:00:00.000000Z,0,99.99976944261127,155.1838948357335
CI.SPG2..HHZ,2019-07-04T01:00:00.000000Z,1,100.0,164.788999995478
CI.SPG2..HHZ,2019-07-04T02:00:00.000000Z,2,100.0,162.53370760854966
CI.SPG2..HHZ,2019-07-04T03:00:00.000000Z,3,100.0,164.78350768873568
CI.SPG2..HHZ,2019-07-04T04:00:00.000000Z,4,100.0,2773.7810817721193
CI.SPG2..HHZ,2019-07-04T05:00:00.000000Z,5,100.0,666.7840296542214
CI.SPG2..HHZ,2019-07-04T06:00:00.000000Z,6,100.0,201.25405948940934
CI.SPG2..HHZ,2019-07-04T07:00:00.000000Z,7,100.0,132.45055523264196
CI.SPG2..HHZ,2019-07-04T08:00:00.000000Z,8,100.0,143.84047232974473
CI.SPG2..HHZ,2019-07-04T09:00:00.000000Z,9,100.0,107.80872501697237
CI.SPG2..HHZ,2019-07-04T10:00:00.000000Z,10,100.0,119.13885394222248
CI.SPG2..HHZ,2019-07-04T11:00:00.000000Z,11,100.0,118.28974653863361
CI.SPG2..HHZ,2019-07-04T12:00:00.000000Z,12,100.0,118.60343349864182
CI.SPG2..HHZ,2019-07-04T13:00:00.000000Z,13,100.0,104.22639584257081
CI.SPG2..HHZ,2019-07-04T14:00:00.000000Z,14,100.0,112.64417552530527
CI.SPG2..HHZ,2019-07-04T15:00:00.000000Z,15,100.0,107.79549316268879
CI.SPG2..HHZ,2019-07-04T16:00:00.000000Z,16,100.0,90.83717944067257
CI.SPG2..HHZ,2019-07-04T17:00:00.000000Z,17,100.0,84446.43917235869
CI.SPG2..HHZ,2019-07-04T18:00:00.000000Z,18,100.0,4636.91554143323
CI.SPG2..HHZ,2019-07-04T19:00:00.000000Z,19,100.0,1906.952572405272
CI.SPG2..HHZ,2019-07-04T20:00:00.000000Z,20,100.0,800.9709013201862
CI.SPG2..HHZ,2019-07-04T21:00:00.000000Z,21,100.0,308.47031530915405
CI.SPG2..HHZ,2019-07-04T22:00:00.000000Z,22,100.0,1475.3083927978696
CI.SPG2..HHZ,2019-07-04T23:00:00.000000Z,23,100.0,876.7476833090326
CI.SPG2..HHZ,2019-07-05T00:00:00.000000Z,24,100.0,1448.8588754292757
CI.SPG2..HHZ,2019-07-05T01:00:00.000000Z,25,100.0,195.62059962888995
CI.SPG2..HHZ,2019-07-05T02:00:00.000000Z,26,100.0,741.0277549792684
CI.SPG2..HHZ,2019-07-05T03:00:00.000000Z,27,100.0,254.94781249745418
CI.SPG2..HHZ,2019-07-05T04:00:00.000000Z,28,100.0,367.80489980657853
CI.SPG2..HHZ,2019-07-05T05:00:00.000000Z,29,100.0,233.05744683441586
CI.SPG2..HHZ,2019-07-05T06:00:00.000000Z,30,100.0,602.6356390907819
CI.SPG2..HHZ,2019-07-05T07:00:00.000000Z,31,100.0,367.0453645716811
CI.SPG2..HHZ,2019-07-05T08:00:00.000000Z,32,100.0,321.14824028297517
CI.SPG2..HHZ,2019-07-05T09:00:00.000000Z,33,100.0,198.4870476968644
CI.SPG2..HHZ,2019-07-05T10:00:00.000000Z,34,100.0,147.1218520158353
CI.SPG2..HHZ,2019-07-05T11:00:00.000000Z,35,100.0,12231.19290920375
CI.SPG2..HHZ,2019-07-05T12:00:00.000000Z,36,100.0,984.670607401265
CI.SPG2..HHZ,2019-07-05T13:00:00.000000Z,37,100.0,415.17005210635074
CI.SPG2..HHZ,2019-07-05T14:00:00.000000Z,38,100.0,422.5502331019642
CI.SPG2..HHZ,2019-07-05T15:00:00.000000Z,39,100.0,140.15053949382047
CI.SPG2..HHZ,2019-07-05T16:00:00.000000Z,40,100.0,127.76845108414324
CI.SPG2..HHZ,2019-07-05T17:00:00.000000Z,41,100.0,726.6597169509831
CI.SPG2..HHZ,2019-07-05T18:00:00.000000Z,42,100.0,206.08403581049092
CI.SPG2..HHZ,2019-07-05T19:00:00.000000Z,43,100.0,134.36082373821623
CI.SPG2..HHZ,2019-07-05T20:00:00.000000Z,44,100.0,162.24065976743915
CI.SPG2..HHZ,2019-07-05T21:00:00.000000Z,45,100.0,173.64101449404708
CI.SPG2..HHZ,2019-07-05T22:00:00.000000Z,46,100.0,174.0564111154581
CI.SPG2..HHZ,2019-07-05T23:00:00.000000Z,47,100.0,165.4374450858293
CI.SPG2..HHZ,2019-07-06T00:00:00.000000Z,48,100.0,452.3622419796836
CI.SPG2..HHZ,2019-07-06T01:00:00.000000Z,49,100.0,196.94074360102138
CI.SPG2..HHZ,2019-07-06T02:00:00.000000Z,50,100.0,195.44542117755825
CI.SPG2..HHZ,2019-07-06T03:00:00.000000Z,51,100.0,292600.7335973015
CI.SPG2..HHZ,2019-07-06T04:00:00.000000Z,52,100.0,23151.34411113375
CI.SPG2..HHZ,2019-07-06T05:00:00.000000Z,53,100.0,2976.6249817412026
CI.SPG2..HHZ,2019-07-06T06:00:00.000000Z,54,100.0,2883.8639358479227
CI.SPG2..HHZ,2019-07-06T07:00:00.000000Z,55,100.0,1183.0236241755365
CI.SPG2..HHZ,2019-07-06T08:00:00.000000Z,56,100.0,2842.2732220801354
CI.SPG2..HHZ,2019-07-06T09:00:00.000000Z,57,100.0,5277.986254147227
CI.SPG2..HHZ,2019-07-06T10:00:00.000000Z,58,100.0,1156.6007195961436
CI.SPG2..HHZ,2019-07-06T11:00:00.000000Z,59,100.0,1055.9743653547014
CI.SPG2..HHZ,2019-07-06T12:00:00.000000Z,60,100.0,614.0880225190624
CI.SPG2..HHZ,2019-07-06T13:00:00.000000Z,61,100.0,2050.47949551535
CI.SPG2..HHZ,2019-07-06T14:00:00.000000Z,62,100.0,306.2518864329577
CI.SPG2..HHZ,2019-07-06T15:00:00.000000Z,63,100.0,570.327116353916
CI.SPG2..HHZ,2019-07-06T16:00:00.000000Z,64,100.0,972.6740417577074
CI.SPG2..HHZ,2019-07-06T17:00:00.000000Z,65,100.0,1407.9061844715616
CI.SPG2..HHZ,2019-07-06T18:00:00.000000Z,66,100.0,697.7099939879507
CI.SPG2..HHZ,2019-07-06T19:00:00.000000Z,67,100.0,431.40499059060517
CI.SPG2..HHZ,2019-07-06T20:00:00.000000Z,68,100.0,369.7799203566199
CI.SPG2..HHZ,2019-07-06T21:00:00.000000Z,69,100.0,321.9630668987487
CI.SPG2..HHZ,2019-07-06T22:00:00.000000Z,70,100.0,237.46072616678197
CI.SPG2..HHZ,2019-07-06T23:00:00.000000Z,71,100.0,3481.6374471369436
CI.SRT..HHE,2019-07-04T00:00:00.000000Z,0,99.99976944261127,307.63341133918857
CI.SRT..HHE,2019-07-04T01:00:00.000000Z,1,100.0,309.526971036066
CI.SRT..HHE,2019-07-04T02:00:00.000000Z,2,100.0,310.08719148840277
CI.SRT..HHE,2019-07-04T03:00:00.000000Z,3,100.0,315.63264047523137
CI.SRT..HHE,2019-07-04T04:00:00.000000Z,4,100.0,7320.507531842735
CI.SRT..HHE,2019-07-04T05:00:00.000000Z,5,100.0,1218.7585418863168
CI.SRT..HHE,2019-07-04T06:00:00.000000Z,6,100.0,397.6170932746729
CI.SRT..HHE,2019-07-04T07:00:00.000000Z,7,100.0,336.7898574975491
CI.SRT..HHE,2019-07-04T08:00:00.000000Z,8,100.0,328.4622886759159
CI.SRT..HHE,2019-07-04T09:00:00.000000Z,9,100.0,323.42695690261905
CI.SRT..HHE,2019-07-04T10:00:00.000000Z,10,100.0,338.764188562626
CI.SRT..HHE,2019-07-04T11:00:00.000000Z,11,100.0,327.6439014650803
CI.SRT..HHE,2019-07-04T12:00:00.000000Z,12,100.0,317.5901025740957
CI.SRT..HHE,2019-07-04T13:00:00.000000Z,13,100.0,318.83037568859146
CI.SRT..HHE,2019-07-04T14:00:00.000000Z,14,100.0,311.91827105407623
CI.SRT..HHE,2019-07-04T15:00:00.000000Z,15,100.0,326.55948061081824
CI.SRT..HHE,2019-07-04T16:00:00.000000Z,16,100.0,320.13312528604
CI.SRT..HHE,2019-07-04T17:00:00.000000Z,17,100.0,1130034.3070437561
CI.SRT..HHE,2019-07-04T18:00:00.000000Z,18,100.0,137663.5601129649
CI.SRT..HHE,2019-07-04T19:00:00.000000Z,19,100.0,51989.93137062591
CI.SRT..HHE,2019-07-04T20:00:00.000000Z,20,100.0,12803.910785650693
CI.SRT..HHE,2019-07-04T21:00:00.000000Z,21,100.0,4067.4029112125654
CI.SRT..HHE,2019-07-04T22:00:00.000000Z,22,100.0,65029.5581269562
CI.SRT..HHE,2019-07-04T23:00:00.000000Z,23,100.0,27833.5067891031
CI.SRT..HHE,2019-07-05T00:00:00.000000Z,24,100.0,28859.88442621631
CI.SRT..HHE,2019-07-05T01:00:00.000000Z,25,100.0,1826.619340444707
CI.SRT..HHE,2019-07-05T02:00:00.000000Z,26,100.0,18202.24934391975
CI.SRT..HHE,2019-07-05T03:00:00.000000Z,27,100.0,4845.888693138695
CI.SRT..HHE,2019-07-05T04:00:00.000000Z,28,100.0,5714.825813110744
CI.SRT..HHE,2019-07-05T05:00:00.000000Z,29,100.0,3986.5541114650114
CI.SRT..HHE,2019-07-05T06:00:00.000000Z,30,100.0,17727.30453865594
CI.SRT..HHE,2019-07-05T07:00:00.000000Z,31,100.0,10180.877905679346
CI.SRT..HHE,2019-07-05T08:00:00.000000Z,32,100.0,4523.679361225163
CI.SRT..HHE,2019-07-05T09:00:00.000000Z,33,100.0,2548.901281378198
CI.SRT..HHE,2019-07-05T10:00:00.000000Z,34,100.0,5853.010104030274
CI.SRT..HHE,2019-07-05T11:00:00.000000Z,35,100.0,448749.70693485154
CI.SRT..HHE,2019-07-05T12:00:00.000000Z,36,100.0,33829.20536972013
CI.SRT..HHE,2019-07-05T13:00:00.000000Z,37,100.0,1908.4524703558805
CI.SRT..HHE,2019-07-05T14:00:00.000000Z,38,100.0,15654.908209589024
CI.SRT..HHE,2019-07-05T15:00:00.000000Z,39,100.0,2893.4610433004873
CI.SRT..HHE,2019-07-05T16:00:00.000000Z,40,100.0,600.3251381519439
CI.SRT..HHE,2019-07-05T17:00:00.000000Z,41,100.0,11850.936152929939
CI.SRT..HHE,2019-07-05T18:00:00.000000Z,42,100.0,3065.1163094781064
CI.SRT..HHE,2019-07-05T19:00:00.000000Z,43,100.0,740.3283817729684
CI.SRT..HHE,2019-07-05T20:00:00.000000Z,44,100.0,851.7887427008101
CI.SRT..HHE,2019-07-05T21:00:00.000000Z,45,100.0,1293.463924713226
CI.SRT..HHE,2019-07-05T22:00:00.000000Z,46,100.0,1696.7813632706038
CI.SRT..HHE,2019-07-05T23:00:00.000000Z,47,100.0,924.4710819869554
CI.SRT..HHE,2019-07-06T00:00:00.000000Z,48,100.0,8001.054754328035
CI.SRT..HHE,2019-07-06T01:00:00.000000Z,49,100.0,603.2799824956593
CI.SRT..HHE,2019-07-06T02:00:00.000000Z,50,100.0,1224.3395604455006
CI.SRT..HHE,2019-07-06T03:00:00.000000Z,51,100.0,1473787.5105342863
CI.SRT..HHE,2019-07-06T04:00:00.000000Z,52,100.0,604553.7033938017
CI.SRT..HHE,2019-07-06T05:00:00.000000Z,53,100.0,89714.69599860781
CI.SRT..HHE,2019-07-06T06:00:00.000000Z,54,100.0,56607.46297364939
CI.SRT..HHE,2019-07-06T07:00:00.000000Z,55,100.0,36108.303611699936
CI.SRT..HHE,2019-07-06T08:00:00.000000Z,56,100.0,92127.39724553445
CI.SRT..HHE,2019-07-06T09:00:00.000000Z,57,100.0,161164.0663648728
CI.SRT..HHE,2019-07-06T10:00:00.000000Z,58,100.0,16972.43191266867
CI.SRT..HHE,2019-07-06T11:00:00.000000Z,59,100.0,39210.207810907865
CI.SRT..HHE,2019-07-06T12:00:00.000000Z,60,100.0,7318.890398985333
CI.SRT..HHE,2019-07-06T13:00:00.000000Z,61,100.0,72146.72018348964
CI.SRT..HHE,2019-07-06T14:00:00.000000Z,62,100.0,2959.5181866380913
CI.SRT..HHE,2019-07-06T15:00:00.000000Z,63,100.0,6407.447950608748
CI.SRT..HHE,2019-07-06T16:00:00.000000Z,64,100.0,21916.200222485164
CI.SRT..HHE,2019-07-06T17:00:00.000000Z,65,100.0,19618.774675778342
CI.SRT..HHE,2019-07-06T18:00:00.000000Z,66,100.0,12982.378337202888
CI.SRT..HHE,2019-07-06T19:00:00.000000Z,67,100.0,4426.971610000885
CI.SRT..HHE,2019-07-06T20:00:00.000000Z,68,100.0,3141.5370001175384
CI.SRT..HHE,2019-07-06T21:00:00.000000Z,69,100.0,3724.4829069512857
CI.SRT..HHE,2019-07-06T22:00:00.000000Z,70,100.0,1817.243705134122
CI.SRT..HHE,2019-07-06T23:00:00.000000Z,71,100.0,75034.87597605483
CI.SRT..HHN,2019-07-04T00:00:00.000000Z,0,99.99976944261127,305.9155876876948
CI.SRT..HHN,2019-07-04T01:00:00.000000Z,1,100.0,306.27681032443644
CI.SRT..HHN,2019-07-04T02:00:00.000000Z,2,100.0,310.4458358268571
CI.SRT..HHN,2019-07-04T03:00:00.000000Z,3,100.0,319.9178694146875
CI.SRT..HHN,2019-07-04T04:00:00.000000Z,4,100.0,7032.712607918468
CI.SRT..HHN,2019-07-04T05:00:00.000000Z,5,100.0,1300.6285569864965
CI.SRT..HHN,2019-07-04T06:00:00.000000Z,6,100.0,391.64263792691105
CI.SRT..HHN,2019-07-04T07:00:00.000000Z,7,100.0,326.27011604254585
CI.SRT..HHN,2019-07-04T08:00:00.000000Z,8,100.0,320.4754155402065
CI.SRT..HHN,2019-07-04T09:00:00.000000Z,9,100.0,327.13036493418014
CI.SRT..HHN,2019-07-04T10:00:00.000000Z,10,100.0,315.40105757712723
CI.SRT..HHN,2019-07-04T11:00:00.000000Z,11,100.0,322.17568164530934
CI.SRT..HHN,2019-07-04T12:00:00.000000Z,12,100.0,312.6184554016036
CI.SRT..HHN,2019-07-04T13:00:00.000000Z,13,100.0,304.8715011082627
CI.SRT..HHN,2019-07-04T14:00:00.000000Z,14,100.0,321.26411665518805
CI.SRT..HHN,2019-07-04T15:00:00.000000Z,15,100.0,304.1172699450767
CI.SRT..HHN,2019-07-04T16:00:00.000000Z,16,100.0,313.65403423493086
CI.SRT..HHN,2019-07-04T17:00:00.000000Z,17,100.0,1126404.2615049593
CI.SRT..HHN,2019-07-04T18:00:00.000000Z,18,100.0,191313.87984373144
CI.SRT..HHN,2019-07-04T19:00:00.000000Z,19,100.0,55116.22949419654
CI.SRT..HHN,2019-07-04T20:00:00.000000Z,20,100.0,11794.994089359814
CI.SRT..HHN,2019-07-04T21:00:00.000000Z,21,100.0,4847.722699772815
CI.SRT..HHN,2019-07-04T22:00:00.000000Z,22,100.0,80952.09917760048
CI.SRT..HHN,2019-07-04T23:00:00.000000Z,23,100.0,35674.916006250336
CI.SRT..HHN,2019-07-05T00:00:00.000000Z,24,100.0,31952.123945228363
CI.SRT..HHN,2019-07-05T01:00:00.000000Z,25,100.0,2506.335447201418
CI.SRT..HHN,2019-07-05T02:00:00.000000Z,26,100.0,18590.09437994076
CI.SRT..HHN,2019-07-05T03:00:00.000000Z,27,100.0,4724.199615909265
CI.SRT..HHN,2019-07-05T04:00:00.000000Z,28,100.0,9488.460438674489
CI.SRT..HHN,2019-07-05T05:00:00.000000Z,29,100.0,4678.3934271637245
CI.SRT..HHN,2019-07-05T06:00:00.000000Z,30,100.0,14732.132218804127
CI.SRT..HHN,2019-07-05T07:00:00.000000Z,31,100.0,10535.091885148246
CI.SRT..HHN,2019-07-05T08:00:00.000000Z,32,100.0,6185.585493255479
CI.SRT..HHN,2019-07-05T09:00:00.000000Z,33,100.0,2623.2969299964684
CI.SRT..HHN,2019-07-05T10:00:00.000000Z,34,100.0,8810.59078547069
CI.SRT..HHN,2019-07-05T11:00:00.000000Z,35,100.0,588239.40258015
CI.SRT..HHN,2019-07-05T12:00:00.000000Z,36,100.0,31558.38780238061
CI.SRT..HHN,2019-07-05T13:00:00.000000Z,37,100.0,1816.0915866061935
CI.SRT..HHN,2019-07-05T14:00:00.000000Z,38,100.0,24526.99760489768
CI.SRT..HHN,2019-07-05T15:00:00.000000Z,39,100.0,2892.4803488125453
CI.SRT..HHN,2019-07-05T16:00:00.000000Z,40,100.0,674.2715439509245
CI.SRT..HHN,2019-07-05T17:00:00.000000Z,41,100.0,10294.078123713409
CI.SRT..HHN,2019-07-05T18:00:00.000000Z,42,100.0,3137.511645427009
CI.SRT..HHN,2019-07-05T19:00:00.000000Z,43,100.0,1015.1885001505045
CI.SRT..HHN,2019-07-05T20:00:00.000000Z,44,100.0,883.3168868709355
CI.SRT..HHN,2019-07-05T21:00:00.000000Z,45,100.0,1063.5186195835784
CI.SRT..HHN,2019-07-05T22:00:00.000000Z,46,100.0,2032.0309871409029
CI.SRT..HHN,2019-07-05T23:00:00.000000Z,47,100.0,899.1374419957527
CI.SRT..HHN,2019-07-06T00:00:00.000000Z,48,100.0,9437.580794642685
CI.SRT..HHN,2019-07-06T01:00:00.000000Z,49,100.0,729.5579016996213
CI.SRT..HHN,2019-07-06T02:00:00.000000Z,50,100.0,1570.930240204121
CI.SRT..HHN,2019-07-06T03:00:00.000000Z,51,100.0,1493176.1671281077
CI.SRT..HHN,2019-07-06T04:00:00.000000Z,52,100.0,656940.5483799087
CI.SRT..HHN,2019-07-06T05:00:00.000000Z,53,100.0,96982.95045873284
CI.SRT..HHN,2019-07-06T06:00:00.000000Z,54,100.0,60501.85041154395
CI.SRT..HHN,2019-07-06T07:00:00.000000Z,55,100.0,40100.25750024719
CI.SRT..HHN,2019-07-06T08:00:00.000000Z,56,100.0,79369.47518234677
CI.SRT..HHN,2019-07-06T09:00:00.000000Z,57,100.0,159555.27432513595
CI.SRT..HHN,2019-07-06T10:00:00.000000Z,58,100.0,18968.590326814694
CI.SRT..HHN,2019-07-06T11:00:00.000000Z,59,100.0,44420.38897952294
CI.SRT..HHN,2019-07-06T12:00:00.000000Z,60,100.0,7313.2121020913955
CI.SRT..HHN,2019-07-06T13:00:00.000000Z,61,100.0,92446.17648048638
CI.SRT..HHN,2019-07-06T14:00:00.000000Z,62,100.0,2882.2883490069935
CI.SRT..HHN,2019-07-06T15:00:00.000000Z,63,100.0,6832.772705325435
CI.SRT..HHN,2019-07-06T16:00:00.000000Z,64,100.0,18956.531640793488
CI.SRT..HHN,2019-07-06T17:00:00.000000Z,65,100.0,21707.953810704046
CI.SRT..HHN,2019-07-06T18:00:00.000000Z,66,100.0,13779.450006086994
CI.SRT..HHN,2019-07-06T19:00:00.000000Z,67,100.0,4546.441451479214
CI.SRT..HHN,2019-07-06T20:00:00.000000Z,68,100.0,3447.1402046730304
CI.SRT..HHN,2019-07-06T21:00:00.000000Z,69,100.0,3755.9331751905574
CI.SRT..HHN,2019-07-06T22:00:00.000000Z,70,100.0,1754.009956969827
CI.SRT..HHN,2019-07-06T23:00:00.000000Z,71,100.0,63614.51037424411
CI.SRT..HHZ,2019-07-04T00:00:00.000000Z,0,99.99976944261127,118.5201192372776
CI.SRT..HHZ,2019-07-04T01:00:00.000000Z,1,100.0,114.34781859994658
CI.SRT..HHZ,2019-07-04T02:00:00.000000Z,2,100.0,123.97765625450339
CI.SRT..HHZ,2019-07-04T03:00:00.000000Z,3,100.0,125.10291976774442
CI.SRT..HHZ,2019-07-04T04:00:00.000000Z,4,100.0,4264.585142881129
CI.SRT..HHZ,2019-07-04T05:00:00.000000Z,5,100.0,721.9267497652222
CI.SRT..HHZ,2019-07-04T06:00:00.000000Z,6,100.0,193.55855790741697
CI.SRT..HHZ,2019-07-04T07:00:00.000000Z,7,100.0,126.99422023359087
CI.SRT..HHZ,2019-07-04T08:00:00.000000Z,8,100.0,117.31306141947849
CI.SRT..HHZ,2019-07-04T09:00:00.000000Z,9,100.0,111.08332602315271
CI.SRT..HHZ,2019-07-04T10:00:00.000000Z,10,100.0,110.83187453525284
CI.SRT..HHZ,2019-07-04T11:00:00.000000Z,11,100.0,107.50426225113462
CI.SRT..HHZ,2019-07-04T12:00:00.000000Z,12,100.0,106.42435431625054
CI.SRT..HHZ,2019-07-04T13:00:00.000000Z,13,100.0,110.37109943636365
CI.SRT..HHZ,2019-07-04T14:00:00.000000Z,14,100.0,109.7499364335594
CI.SRT..HHZ,2019-07-04T15:00:00.000000Z,15,100.0,105.59909902430114
CI.SRT..HHZ,2019-07-04T16:00:00.000000Z,16,100.0,110.39866280104674
CI.SRT..HHZ,2019-07-04T17:00:00.000000Z,17,100.0,761127.4489996764
CI.SRT..HHZ,2019-07-04T18:00:00.000000Z,18,100.0,73923.411319706
CI.SRT..HHZ,2019-07-04T19:00:00.000000Z,19,100.0,28592.444894140484
CI.SRT..HHZ,2019-07-04T20:00:00.000000Z,20,100.0,12335.238939909445
CI.SRT..HHZ,2019-07-04T21:00:00.000000Z,21,100.0,3962.235066359699
CI.SRT..HHZ,2019-07-04T22:00:00.000000Z,22,100.0,33416.196126860064
CI.SRT..HHZ,2019-07-04T23:00:00.000000Z,23,100.0,15626.916142460079
CI.SRT..HHZ,2019-07-05T00:00:00.000000Z,24,100.0,18671.375988053423
CI.SRT..HHZ,2019-07-05T01:00:00.000000Z,25,100.0,1607.9895225674077
CI.SRT..HHZ,2019-07-05T02:00:00.000000Z,26,100.0,9412.54733655789
CI.SRT..HHZ,2019-07-05T03:00:00.000000Z,27,100.0,2904.478073072852
CI.SRT..HHZ,2019-07-05T04:00:00.000000Z,28,100.0,4460.746413211297
CI.SRT..HHZ,2019-07-05T05:00:00.000000Z,29,100.0,3271.6601604673256
CI.SRT..HHZ,2019-07-05T06:00:00.000000Z,30,100.0,10716.926760469694
CI.SRT..HHZ,2019-07-05T07:00:00.000000Z,31,100.0,7728.644501925996
CI.SRT..HHZ,2019-07-05T08:00:00.000000Z,32,100.0,4339.520247346417
CI.SRT..HHZ,2019-07-05T09:00:00.000000Z,33,100.0,1997.9281332962926
CI.SRT..HHZ,2019-07-05T10:00:00.000000Z,34,100.0,4310.978489475535
CI.SRT..HHZ,2019-07-05T11:00:00.000000Z,35,100.0,246374.11109599023
CI.SRT..HHZ,2019-07-05T12:00:00.000000Z,36,100.0,15595.121012811513
CI.SRT..HHZ,2019-07-05T13:00:00.000000Z,37,100.0,1507.0389445565052
CI.SRT..HHZ,2019-07-05T14:00:00.000000Z,38,100.0,11018.242415168135
CI.SRT..HHZ,2019-07-05T15:00:00.000000Z,39,100.0,1626.152535881084
CI.SRT..HHZ,2019-07-05T16:00:00.000000Z,40,100.0,558.0516173379337
CI.SRT..HHZ,2019-07-05T17:00:00.000000Z,41,100.0,10261.800893654332
CI.SRT..HHZ,2019-07-05T18:00:00.000000Z,42,100.0,2212.7104135274553
CI.SRT..HHZ,2019-07-05T19:00:00.000000Z,43,100.0,642.5634193756457
CI.SRT..HHZ,2019-07-05T20:00:00.000000Z,44,100.0,801.0860961107484
CI.SRT..HHZ,2019-07-05T21:00:00.000000Z,45,100.0,1327.1718816851112
CI.SRT..HHZ,2019-07-05T22:00:00.000000Z,46,100.0,1670.4524098742413
CI.SRT..HHZ,2019-07-05T23:00:00.000000Z,47,100.0,837.2439030175224
CI.SRT..HHZ,2019-07-06T00:00:00.000000Z,48,100.0,6056.198492194431
CI.SRT..HHZ,2019-07-06T01:00:00.000000Z,49,100.0,880.5392029548474
CI.SRT..HHZ,2019-07-06T02:00:00.000000Z,50,100.0,1378.1631499968112
CI.SRT..HHZ,2019-07-06T03:00:00.000000Z,51,100.0,999017.0609220265
CI.SRT..HHZ,2019-07-06T04:00:00.000000Z,52,100.0,298649.22752205573
CI.SRT..HHZ,2019-07-06T05:00:00.000000Z,53,100.0,44998.05220205461
CI.SRT..HHZ,2019-07-06T06:00:00.000000Z,54,100.0,32074.370717451748
CI.SRT..HHZ,2019-07-06T07:00:00.000000Z,55,100.0,19670.30846179995
CI.SRT..HHZ,2019-07-06T08:00:00.000000Z,56,100.0,46936.94907165002
CI.SRT..HHZ,2019-07-06T09:00:00.000000Z,57,100.0,80107.14160020767
CI.SRT..HHZ,2019-07-06T10:00:00.000000Z,58,100.0,10887.355367683724
CI.SRT..HHZ,2019-07-06T11:00:00.000000Z,59,100.0,24331.663320927546
CI.SRT..HHZ,2019-07-06T12:00:00.000000Z,60,100.0,6900.01012365659
CI.SRT..HHZ,2019-07-06T13:00:00.000000Z,61,100.0,41844.30157518726
CI.SRT..HHZ,2019-07-06T14:00:00.000000Z,62,100.0,2588.2138632676906
CI.SRT..HHZ,2019-07-06T15:00:00.000000Z,63,100.0,5002.420578546468
CI.SRT..HHZ,2019-07-06T16:00:00.000000Z,64,100.0,12358.568378868715
CI.SRT..HHZ,2019-07-06T17:00:00.000000Z,65,100.0,13132.987603362213
CI.SRT..HHZ,2019-07-06T18:00:00.000000Z,66,100.0,8750.109513643205
CI.SRT..HHZ,2019-07-06T19:00:00.000000Z,67,100.0,3920.4206692251187
CI.SRT..HHZ,2019-07-06T20:00:00.000000Z,68,100.0,2803.4224616158294
CI.SRT..HHZ,2019-07-06T21:00:00.000000Z,69,100.0,3681.520965661359
CI.SRT..HHZ,2019-07-06T22:00:00.000000Z,70,100.0,1709.3942973832475
CI.SRT..HHZ,2019-07-06T23:00:00.000000Z,71,100.0,38167.64956765819
CI.TEH..HHE,2019-07-04T00:00:00.000000Z,0,99.99976944261127,336.9646765820952
CI.TEH..HHE,2019-07-04T01:00:00.000000Z,1,100.0,375.25909619905184
CI.TEH..HHE,2019-07-04T02:00:00.000000Z,2,100.0,598.0791527952481
CI.TEH..HHE,2019-07-04T03:00:00.000000Z,3,100.0,766.7645429204921
CI.TEH..HHE,2019-07-04T04:00:00.000000Z,4,100.0,2511.198766571672
CI.TEH..HHE,2019-07-04T05:00:00.000000Z,5,100.0,646.568886747361
CI.TEH..HHE,2019-07-04T06:00:00.000000Z,6,100.0,206.18602491861856
CI.TEH..HHE,2019-07-04T07:00:00.000000Z,7,100.0,206.90497460073914
CI.TEH..HHE,2019-07-04T08:00:00.000000Z,8,100.0,161.1722623861748
CI.TEH..HHE,2019-07-04T09:00:00.000000Z,9,100.0,164.15743156422505
CI.TEH..HHE,2019-07-04T10:00:00.000000Z,10,100.0,147.0267480124909
CI.TEH..HHE,2019-07-04T11:00:00.000000Z,11,100.0,151.51118302652569
CI.TEH..HHE,2019-07-04T12:00:00.000000Z,12,100.0,105.54393204155592
CI.TEH..HHE,2019-07-04T13:00:00.000000Z,13,100.0,294.32178364426517
CI.TEH..HHE,2019-07-04T14:00:00.000000Z,14,100.0,784.5140639608962
CI.TEH..HHE,2019-07-04T15:00:00.000000Z,15,100.0,614.9484693057032
CI.TEH..HHE,2019-07-04T16:00:00.000000Z,16,100.0,661.4330061826006
CI.TEH..HHE,2019-07-04T17:00:00.000000Z,17,100.0,202931.0637386558
CI.TEH..HHE,2019-07-04T18:00:00.000000Z,18,100.0,7627.346185721071
CI.TEH..HHE,2019-07-04T19:00:00.000000Z,19,100.0,4815.350325947669
CI.TEH..HHE,2019-07-04T20:00:00.000000Z,20,100.0,1590.1821197897893
CI.TEH..HHE,2019-07-04T21:00:00.000000Z,21,100.0,651.975627901265
CI.TEH..HHE,2019-07-04T22:00:00.000000Z,22,100.0,3486.83565701795
CI.TEH..HHE,2019-07-04T23:00:00.000000Z,23,100.0,1315.654132262778
CI.TEH..HHE,2019-07-05T00:00:00.000000Z,24,100.0,2925.993485824862
CI.TEH..HHE,2019-07-05T01:00:00.000000Z,25,100.0,347.88168600683343
CI.TEH..HHE,2019-07-05T02:00:00.000000Z,26,100.0,1125.2767913474922
CI.TEH..HHE,2019-07-05T03:00:00.000000Z,27,100.0,802.5396870594747
CI.TEH..HHE,2019-07-05T04:00:00.000000Z,28,100.0,614.6639094034686
CI.TEH..HHE,2019-07-05T05:00:00.000000Z,29,100.0,415.66407176198305
CI.TEH..HHE,2019-07-05T06:00:00.000000Z,30,100.0,774.4296440369342
CI.TEH..HHE,2019-07-05T07:00:00.000000Z,31,100.0,1032.6565879159061
CI.TEH..HHE,2019-07-05T08:00:00.000000Z,32,100.0,540.920574213409
CI.TEH..HHE,2019-07-05T09:00:00.000000Z,33,100.0,369.7869874512016
CI.TEH..HHE,2019-07-05T10:00:00.000000Z,34,100.0,201.24233842293486
CI.TEH..HHE,2019-07-05T11:00:00.000000Z,35,100.0,30738.345564346255
CI.TEH..HHE,2019-07-05T12:00:00.000000Z,36,100.0,2490.9769094096087
CI.TEH..HHE,2019-07-05T13:00:00.000000Z,37,100.0,539.6822396370538
CI.TEH..HHE,2019-07-05T14:00:00.000000Z,38,100.0,1539.1737530697949
CI.TEH..HHE,2019-07-05T15:00:00.000000Z,39,100.0,824.7067080085836
CI.TEH..HHE,2019-07-05T16:00:00.000000Z,40,100.0,1283.5329037270697
CI.TEH..HHE,2019-07-05T17:00:00.000000Z,41,100.0,2203.9725744360794
CI.TEH..HHE,2019-07-05T18:00:00.000000Z,42,100.0,598.1604275031082
CI.TEH..HHE,2019-07-05T19:00:00.000000Z,43,100.0,490.7949834812947
CI.TEH..HHE,2019-07-05T20:00:00.000000Z,44,100.0,416.7800196989643
CI.TEH..HHE,2019-07-05T21:00:00.000000Z,45,100.0,369.5735729401136
CI.TEH..HHE,2019-07-05T22:00:00.000000Z,46,100.0,324.9389546982847
CI.TEH..HHE,2019-07-05T23:00:00.000000Z,47,100.0,317.3951580958693
CI.TEH..HHE,2019-07-06T00:00:00.000000Z,48,100.0,801.632543187582
CI.TEH..HHE,2019-07-06T01:00:00.000000Z,49,100.0,280.6893457995272
CI.TEH..HHE,2019-07-06T02:00:00.000000Z,50,100.0,539.8447970915313
CI.TEH..HHE,2019-07-06T03:00:00.000000Z,51,100.0,554719.9790651964
CI.TEH..HHE,2019-07-06T04:00:00.000000Z,52,100.0,52734.94756195303
CI.TEH..HHE,2019-07-06T05:00:00.000000Z,53,100.0,8845.7984488075
CI.TEH..HHE,2019-07-06T06:00:00.000000Z,54,100.0,6757.204701936534
CI.TEH..HHE,2019-07-06T07:00:00.000000Z,55,100.0,2425.7595624754017
CI.TEH..HHE,2019-07-06T08:00:00.000000Z,56,100.0,4836.838725298253
CI.TEH..HHE,2019-07-06T09:00:00.000000Z,57,100.0,14968.811020639867
CI.TEH..HHE,2019-07-06T10:00:00.000000Z,58,100.0,1808.7886063839674
CI.TEH..HHE,2019-07-06T11:00:00.000000Z,59,100.0,3150.3600161481604
CI.TEH..HHE,2019-07-06T12:00:00.000000Z,60,100.0,1247.012322115972
CI.TEH..HHE,2019-07-06T13:00:00.000000Z,61,100.0,4466.149631178088
CI.TEH..HHE,2019-07-06T14:00:00.000000Z,62,100.0,981.0525436077615
CI.TEH..HHE,2019-07-06T15:00:00.000000Z,63,100.0,1050.7795879180405
CI.TEH..HHE,2019-07-06T16:00:00.000000Z,64,100.0,1758.0303360946791
CI.TEH..HHE,2019-07-06T17:00:00.000000Z,65,100.0,3006.1219862599132
CI.TEH..HHE,2019-07-06T18:00:00.000000Z,66,100.0,1155.3183748626166
CI.TEH..HHE,2019-07-06T19:00:00.000000Z,67,100.0,1170.0945484751867
CI.TEH..HHE,2019-07-06T20:00:00.000000Z,68,100.0,531.8979485548313
CI.TEH..HHE,2019-07-06T21:00:00.000000Z,69,100.0,560.1745492574781
CI.TEH..HHE,2019-07-06T22:00:00.000000Z,70,100.0,362.2619085889367
CI.TEH..HHE,2019-07-06T23:00:00.000000Z,71,100.0,11698.629753169955
CI.TEH..HHN,2019-07-04T00:00:00.000000Z,0,99.99976944261127,166.848447883351
CI.TEH..HHN,2019-07-04T01:00:00.000000Z,1,100.0,236.97829988486652
CI.TEH..HHN,2019-07-04T02:00:00.000000Z,2,100.0,357.3272984534263
CI.TEH..HHN,2019-07-04T03:00:00.000000Z,3,100.0,268.6785585974902
CI.TEH..HHN,2019-07-04T04:00:00.000000Z,4,100.0,2238.0506939018196
CI.TEH..HHN,2019-07-04T05:00:00.000000Z,5,100.0,546.0873130877674
CI.TEH..HHN,2019-07-04T06:00:00.000000Z,6,100.0,138.4126720447292
CI.TEH..HHN,2019-07-04T07:00:00.000000Z,7,100.0,99.8486341685303
CI.TEH..HHN,2019-07-04T08:00:00.000000Z,8,100.0,87.85469531340294
CI.TEH..HHN,2019-07-04T09:00:00.000000Z,9,100.0,93.95401974590949
CI.TEH..HHN,2019-07-04T10:00:00.000000Z,10,100.0,118.03033820027055
CI.TEH..HHN,2019-07-04T11:00:00.000000Z,11,100.0,121.73560490099173
CI.TEH..HHN,2019-07-04T12:00:00.000000Z,12,100.0,79.04711556936604
CI.TEH..HHN,2019-07-04T13:00:00.000000Z,13,100.0,117.68366956905328
CI.TEH..HHN,2019-07-04T14:00:00.000000Z,14,100.0,315.1220565263869
CI.TEH..HHN,2019-07-04T15:00:00.000000Z,15,100.0,142.43058995677106
CI.TEH..HHN,2019-07-04T16:00:00.000000Z,16,100.0,179.775176309621
CI.TEH..HHN,2019-07-04T17:00:00.000000Z,17,100.0,270535.73429450934
CI.TEH..HHN,2019-07-04T18:00:00.000000Z,18,100.0,7745.90372739077
CI.TEH..HHN,2019-07-04T19:00:00.000000Z,19,100.0,5953.870570302666
CI.TEH..HHN,2019-07-04T20:00:00.000000Z,20,100.0,1631.5231078607576
CI.TEH..HHN,2019-07-04T21:00:00.000000Z,21,100.0,500.33526661930824
CI.TEH..HHN,2019-07-04T22:00:00.000000Z,22,100.0,3738.7145285300676
CI.TEH..HHN,2019-07-04T23:00:00.000000Z,23,100.0,1378.4298277051312
CI.TEH..HHN,2019-07-05T00:00:00.000000Z,24,100.0,3061.078904005143
CI.TEH..HHN,2019-07-05T01:00:00.000000Z,25,100.0,265.62917645029853
CI.TEH..HHN,2019-07-05T02:00:00.000000Z,26,100.0,1056.601761657897
CI.TEH..HHN,2019-07-05T03:00:00.000000Z,27,100.0,436.2235298235418
CI.TEH..HHN,2019-07-05T04:00:00.000000Z,28,100.0,589.4277776721357
CI.TEH..HHN,2019-07-05T05:00:00.000000Z,29,100.0,411.4397271608091
CI.TEH..HHN,2019-07-05T06:00:00.000000Z,30,100.0,721.3177933409627
CI.TEH..HHN,2019-07-05T07:00:00.000000Z,31,100.0,1068.766769335674
CI.TEH..HHN,2019-07-05T08:00:00.000000Z,32,100.0,477.5950843070635
CI.TEH..HHN,2019-07-05T09:00:00.000000Z,33,100.0,323.62315530747424
CI.TEH..HHN,2019-07-05T10:00:00.000000Z,34,100.0,174.85722054448246
CI.TEH..HHN,2019-07-05T11:00:00.000000Z,35,100.0,29611.641496714143
CI.TEH..HHN,2019-07-05T12:00:00.000000Z,36,100.0,3214.388022474322
CI.TEH..HHN,2019-07-05T13:00:00.000000Z,37,100.0,374.3399045446855
CI.TEH..HHN,2019-07-05T14:00:00.000000Z,38,100.0,1024.133523206292
CI.TEH..HHN,2019-07-05T15:00:00.000000Z,39,100.0,477.93846366547086
CI.TEH..HHN,2019-07-05T16:00:00.000000Z,40,100.0,490.27668948246435
CI.TEH..HHN,2019-07-05T17:00:00.000000Z,41,100.0,1773.87715242342
CI.TEH..HHN,2019-07-05T18:00:00.000000Z,42,100.0,519.6230721022926
CI.TEH..HHN,2019-07-05T19:00:00.000000Z,43,100.0,209.9875443639291
CI.TEH..HHN,2019-07-05T20:00:00.000000Z,44,100.0,204.5728135015187
CI.TEH..HHN,2019-07-05T21:00:00.000000Z,45,100.0,218.3335387984044
CI.TEH..HHN,2019-07-05T22:00:00.000000Z,46,100.0,232.30497314689094
CI.TEH..HHN,2019-07-05T23:00:00.000000Z,47,100.0,192.63567247318838
CI.TEH..HHN,2019-07-06T00:00:00.000000Z,48,100.0,766.5543419011832
CI.TEH..HHN,2019-07-06T01:00:00.000000Z,49,100.0,214.88252000233666
CI.TEH..HHN,2019-07-06T02:00:00.000000Z,50,100.0,342.94927587115455
CI.TEH..HHN,2019-07-06T03:00:00.000000Z,51,100.0,623259.7430322837
CI.TEH..HHN,2019-07-06T04:00:00.000000Z,52,100.0,50428.67122011946
CI.TEH..HHN,2019-07-06T05:00:00.000000Z,53,100.0,7646.662062001256
CI.TEH..HHN,2019-07-06T06:00:00.000000Z,54,100.0,5251.324577142568
CI.TEH..HHN,2019-07-06T07:00:00.000000Z,55,100.0,2025.5350696546902
CI.TEH..HHN,2019-07-06T08:00:00.000000Z,56,100.0,5633.243470137343
CI.TEH..HHN,2019-07-06T09:00:00.000000Z,57,100.0,12945.178497267902
CI.TEH..HHN,2019-07-06T10:00:00.000000Z,58,100.0,1615.6465096303916
CI.TEH..HHN,2019-07-06T11:00:00.000000Z,59,100.0,2812.9141288971396
CI.TEH..HHN,2019-07-06T12:00:00.000000Z,60,100.0,1055.4993643101866
CI.TEH..HHN,2019-07-06T13:00:00.000000Z,61,100.0,4047.4949947296814
CI.TEH..HHN,2019-07-06T14:00:00.000000Z,62,100.0,488.22833629228575
CI.TEH..HHN,2019-07-06T15:00:00.000000Z,63,100.0,770.8247248412536
CI.TEH..HHN,2019-07-06T16:00:00.000000Z,64,100.0,1688.3954691554668
CI.TEH..HHN,2019-07-06T17:00:00.000000Z,65,100.0,2268.8585495054435
CI.TEH..HHN,2019-07-06T18:00:00.000000Z,66,100.0,1011.8077939800631
CI.TEH..HHN,2019-07-06T19:00:00.000000Z,67,100.0,866.1191048484968
CI.TEH..HHN,2019-07-06T20:00:00.000000Z,68,100.0,385.7843003086127
CI.TEH..HHN,2019-07-06T21:00:00.000000Z,69,100.0,459.15532652822515
CI.TEH..HHN,2019-07-06T22:00:00.000000Z,70,100.0,277.73832929724773
CI.TEH..HHN,2019-07-06T23:00:00.000000Z,71,100.0,8696.45133712058
CI.TEH..HHZ,2019-07-04T00:00:00.000000Z,0,99.99976944261127,88.19632953292057
CI.TEH..HHZ,2019-07-04T01:00:00.000000Z,1,100.0,82.72764157083006
CI.TEH..HHZ,2019-07-04T02:00:00.000000Z,2,100.0,81.86026056161032
CI.TEH..HHZ,2019-07-04T03:00:00.000000Z,3,100.0,86.69036302179121
CI.TEH..HHZ,2019-07-04T04:00:00.000000Z,4,100.0,2605.170848538585
CI.TEH..HHZ,2019-07-04T05:00:00.000000Z,5,100.0,757.6629186941188
CI.TEH..HHZ,2019-07-04T06:00:00.000000Z,6,100.0,192.37035197725544
CI.TEH..HHZ,2019-07-04T07:00:00.000000Z,7,100.0,107.66392052616878
CI.TEH..HHZ,2019-07-04T08:00:00.000000Z,8,100.0,93.01108073492291
CI.TEH..HHZ,2019-07-04T09:00:00.000000Z,9,100.0,87.88944335512718
CI.TEH..HHZ,2019-07-04T10:00:00.000000Z,10,100.0,94.48362164867211
CI.TEH..HHZ,2019-07-04T11:00:00.000000Z,11,100.0,92.73841683870799
CI.TEH..HHZ,2019-07-04T12:00:00.000000Z,12,100.0,87.32786735564211
CI.TEH..HHZ,2019-07-04T13:00:00.000000Z,13,100.0,92.13537543780568
CI.TEH..HHZ,2019-07-04T14:00:00.000000Z,14,100.0,90.47921132168672
CI.TEH..HHZ,2019-07-04T15:00:00.000000Z,15,100.0,85.02483273663888
CI.TEH..HHZ,2019-07-04T16:00:00.000000Z,16,100.0,90.81722172434436
CI.TEH..HHZ,2019-07-04T17:00:00.000000Z,17,100.0,155724.28548835928
CI.TEH..HHZ,2019-07-04T18:00:00.000000Z,18,100.0,4970.462120015099
CI.TEH..HHZ,2019-07-04T19:00:00.000000Z,19,100.0,3236.1484314282943
CI.TEH..HHZ,2019-07-04T20:00:00.000000Z,20,100.0,933.2452425037726
CI.TEH..HHZ,2019-07-04T21:00:00.000000Z,21,100.0,312.11843429347397
CI.TEH..HHZ,2019-07-04T22:00:00.000000Z,22,100.0,2180.982230597278
CI.TEH..HHZ,2019-07-04T23:00:00.000000Z,23,100.0,959.9585728699102
CI.TEH..HHZ,2019-07-05T00:00:00.000000Z,24,100.0,1661.8803796108714
CI.TEH..HHZ,2019-07-05T01:00:00.000000Z,25,100.0,141.71828873056805
CI.TEH..HHZ,2019-07-05T02:00:00.000000Z,26,100.0,657.1149037533095
CI.TEH..HHZ,2019-07-05T03:00:00.000000Z,27,100.0,236.83795565385464
CI.TEH..HHZ,2019-07-05T04:00:00.000000Z,28,100.0,381.7004551212847
CI.TEH..HHZ,2019-07-05T05:00:00.000000Z,29,100.0,225.28228992401463
CI.TEH..HHZ,2019-07-05T06:00:00.000000Z,30,100.0,581.2289263473901
CI.TEH..HHZ,2019-07-05T07:00:00.000000Z,31,100.0,559.3484696769438
CI.TEH..HHZ,2019-07-05T08:00:00.000000Z,32,100.0,320.64185501283697
CI.TEH..HHZ,2019-07-05T09:00:00.000000Z,33,100.0,237.27890489241673
CI.TEH..HHZ,2019-07-05T10:00:00.000000Z,34,100.0,175.27964296591225
CI.TEH..HHZ,2019-07-05T11:00:00.000000Z,35,100.0,21254.15228848596
CI.TEH..HHZ,2019-07-05T12:00:00.000000Z,36,100.0,1489.6646067430668
CI.TEH..HHZ,2019-07-05T13:00:00.000000Z,37,100.0,396.3715659553239
CI.TEH..HHZ,2019-07-05T14:00:00.000000Z,38,100.0,624.5845998947601
CI.TEH..HHZ,2019-07-05T15:00:00.000000Z,39,100.0,128.24265500689555
CI.TEH..HHZ,2019-07-05T16:00:00.000000Z,40,100.0,99.19596535346425
CI.TEH..HHZ,2019-07-05T17:00:00.000000Z,41,100.0,1013.5050040035504
CI.TEH..HHZ,2019-07-05T18:00:00.000000Z,42,100.0,242.37899738779785
CI.TEH..HHZ,2019-07-05T19:00:00.000000Z,43,100.0,90.71749015942815
CI.TEH..HHZ,2019-07-05T20:00:00.000000Z,44,100.0,105.55956692457531
CI.TEH..HHZ,2019-07-05T21:00:00.000000Z,45,100.0,120.83992476756747
CI.TEH..HHZ,2019-07-05T22:00:00.000000Z,46,100.0,138.38251474831262
CI.TEH..HHZ,2019-07-05T23:00:00.000000Z,47,100.0,104.19439961582836
CI.TEH..HHZ,2019-07-06T00:00:00.000000Z,48,100.0,447.4248974334339
CI.TEH..HHZ,2019-07-06T01:00:00.000000Z,49,100.0,92.5482847790433
CI.TEH..HHZ,2019-07-06T02:00:00.000000Z,50,100.0,106.34292621852155
CI.TEH..HHZ,2019-07-06T03:00:00.000000Z,51,100.0,404544.0639342412
CI.TEH..HHZ,2019-07-06T04:00:00.000000Z,52,100.0,33258.1010139169
CI.TEH..HHZ,2019-07-06T05:00:00.000000Z,53,100.0,5221.590812769923
CI.TEH..HHZ,2019-07-06T06:00:00.000000Z,54,100.0,3706.4788215384046
CI.TEH..HHZ,2019-07-06T07:00:00.000000Z,55,100.0,1451.8758021454448
CI.TEH..HHZ,2019-07-06T08:00:00.000000Z,56,100.0,3497.3912897228197
CI.TEH..HHZ,2019-07-06T09:00:00.000000Z,57,100.0,8290.589504716318
CI.TEH..HHZ,2019-07-06T10:00:00.000000Z,58,100.0,1116.3030190572565
CI.TEH..HHZ,2019-07-06T11:00:00.000000Z,59,100.0,1827.3850729339586
CI.TEH..HHZ,2019-07-06T12:00:00.000000Z,60,100.0,673.8580510908404
CI.TEH..HHZ,2019-07-06T13:00:00.000000Z,61,100.0,2700.855953292789
CI.TEH..HHZ,2019-07-06T14:00:00.000000Z,62,100.0,221.5585901087582
CI.TEH..HHZ,2019-07-06T15:00:00.000000Z,63,100.0,548.2097375112179
CI.TEH..HHZ,2019-07-06T16:00:00.000000Z,64,100.0,1074.343806008285
CI.TEH..HHZ,2019-07-06T17:00:00.000000Z,65,100.0,1691.273075164086
CI.TEH..HHZ,2019-07-06T18:00:00.000000Z,66,100.0,701.7369824469915
CI.TEH..HHZ,2019-07-06T19:00:00.000000Z,67,100.0,448.2653310060765
CI.TEH..HHZ,2019-07-06T20:00:00.000000Z,68,100.0,235.56035488820822
CI.TEH..HHZ,2019-07-06T21:00:00.000000Z,69,100.0,264.6458545396228
CI.TEH..HHZ,2019-07-06T22:00:00.000000Z,70,100.0,168.26276914903625
CI.TEH..HHZ,2019-07-06T23:00:00.000000Z,71,100.0,6699.773626492599
CI.TOW2..HHE,2019-07-04T00:00:00.000000Z,0,99.99976944261127,305.3164138986101
CI.TOW2..HHE,2019-07-04T01:00:00.000000Z,1,100.0,290.7700915187976
CI.TOW2..HHE,2019-07-04T02:00:00.000000Z,2,100.0,295.7978283750098
CI.TOW2..HHE,2019-07-04T03:00:00.000000Z,3,100.0,319.4244042194924
CI.TOW2..HHE,2019-07-04T04:00:00.000000Z,4,100.0,7226.549425446154
CI.TOW2..HHE,2019-07-04T05:00:00.000000Z,5,100.0,1277.563475584375
CI.TOW2..HHE,2019-07-04T06:00:00.000000Z,6,100.0,376.85257186165654
CI.TOW2..HHE,2019-07-04T07:00:00.000000Z,7,100.0,307.66650145211867
CI.TOW2..HHE,2019-07-04T08:00:00.000000Z,8,100.0,303.9698474456719
CI.TOW2..HHE,2019-07-04T09:00:00.000000Z,9,100.0,291.93662974901093
CI.TOW2..HHE,2019-07-04T10:00:00.000000Z,10,100.0,303.5695487776112
CI.TOW2..HHE,2019-07-04T11:00:00.000000Z,11,100.0,286.1964735925455
CI.TOW2..HHE,2019-07-04T12:00:00.000000Z,12,100.0,292.34216844597137
CI.TOW2..HHE,2019-07-04T13:00:00.000000Z,13,100.0,295.48026974426745
CI.TOW2..HHE,2019-07-04T14:00:00.000000Z,14,100.0,284.5830407041715
CI.TOW2..HHE,2019-07-04T15:00:00.000000Z,15,100.0,285.60204435957667
CI.TOW2..HHE,2019-07-04T16:00:00.000000Z,16,100.0,297.2770299190648
CI.TOW2..HHE,2019-07-04T17:00:00.000000Z,17,100.0,1123287.2410065038
CI.TOW2..HHE,2019-07-04T18:00:00.000000Z,18,100.0,146535.3360110276
CI.TOW2..HHE,2019-07-04T19:00:00.000000Z,19,100.0,61433.28307270157
CI.TOW2..HHE,2019-07-04T20:00:00.000000Z,20,100.0,25327.99105912275
CI.TOW2..HHE,2019-07-04T21:00:00.000000Z,21,100.0,7327.62887741378
CI.TOW2..HHE,2019-07-04T22:00:00.000000Z,22,100.0,74307.29855384378
CI.TOW2..HHE,2019-07-04T23:00:00.000000Z,23,100.0,24239.473797815677
CI.TOW2..HHE,2019-07-05T00:00:00.000000Z,24,100.0,59638.041065111465
CI.TOW2..HHE,2019-07-05T01:00:00.000000Z,25,100.0,2862.067810232933
CI.TOW2..HHE,2019-07-05T02:00:00.000000Z,26,100.0,20492.426873177563
CI.TOW2..HHE,2019-07-05T03:00:00.000000Z,27,100.0,5457.307047779503
CI.TOW2..HHE,2019-07-05T04:00:00.000000Z,28,100.0,8761.014374535953
CI.TOW2..HHE,2019-07-05T05:00:00.000000Z,29,100.0,9779.304764909337
CI.TOW2..HHE,2019-07-05T06:00:00.000000Z,30,100.0,10727.052956512
CI.TOW2..HHE,2019-07-05T07:00:00.000000Z,31,100.0,15342.386554826691
CI.TOW2..HHE,2019-07-05T08:00:00.000000Z,32,100.0,6963.90540390572
CI.TOW2..HHE,2019-07-05T09:00:00.000000Z,33,100.0,4033.9690621461655
CI.TOW2..HHE,2019-07-05T10:00:00.000000Z,34,100.0,5635.407450435296
CI.TOW2..HHE,2019-07-05T11:00:00.000000Z,35,100.0,521423.67026460107
CI.TOW2..HHE,2019-07-05T12:00:00.000000Z,36,100.0,31526.497048419224
CI.TOW2..HHE,2019-07-05T13:00:00.000000Z,37,100.0,3390.0019079725553
CI.TOW2..HHE,2019-07-05T14:00:00.000000Z,38,100.0,21120.05195289495
CI.TOW2..HHE,2019-07-05T15:00:00.000000Z,39,100.0,2316.8055471903617
CI.TOW2..HHE,2019-07-05T16:00:00.000000Z,40,100.0,1179.9599540456534
CI.TOW2..HHE,2019-07-05T17:00:00.000000Z,41,100.0,16633.745645650135
CI.TOW2..HHE,2019-07-05T18:00:00.000000Z,42,100.0,8781.23154602526
CI.TOW2..HHE,2019-07-05T19:00:00.000000Z,43,100.0,1342.1317723412685
CI.TOW2..HHE,2019-07-05T20:00:00.000000Z,44,100.0,1668.1311807213137
CI.TOW2..HHE,2019-07-05T21:00:00.000000Z,45,100.0,3269.23453089109
CI.TOW2..HHE,2019-07-05T22:00:00.000000Z,46,100.0,5493.526695141665
CI.TOW2..HHE,2019-07-05T23:00:00.000000Z,47,100.0,1686.7312548143786
CI.TOW2..HHE,2019-07-06T00:00:00.000000Z,48,100.0,15068.50291851635
CI.TOW2..HHE,2019-07-06T01:00:00.000000Z,49,100.0,1735.2678324645615
CI.TOW2..HHE,2019-07-06T02:00:00.000000Z,50,100.0,3037.491190328136
CI.TOW2..HHE,2019-07-06T03:00:00.000000Z,51,100.0,1694954.548353826
CI.TOW2..HHE,2019-07-06T04:00:00.000000Z,52,100.0,728304.7358184507
CI.TOW2..HHE,2019-07-06T05:00:00.000000Z,53,100.0,195762.4839693233
CI.TOW2..HHE,2019-07-06T06:00:00.000000Z,54,100.0,132359.85441187804
CI.TOW2..HHE,2019-07-06T07:00:00.000000Z,55,100.0,64861.46921535151
CI.TOW2..HHE,2019-07-06T08:00:00.000000Z,56,100.0,89492.75802717886
CI.TOW2..HHE,2019-07-06T09:00:00.000000Z,57,100.0,327880.28019217274
CI.TOW2..HHE,2019-07-06T10:00:00.000000Z,58,100.0,33658.51062480531
CI.TOW2..HHE,2019-07-06T11:00:00.000000Z,59,100.0,114482.0918741382
CI.TOW2..HHE,2019-07-06T12:00:00.000000Z,60,100.0,31578.934333692247
CI.TOW2..HHE,2019-07-06T13:00:00.000000Z,61,100.0,136171.79278246142
CI.TOW2..HHE,2019-07-06T14:00:00.000000Z,62,100.0,10661.525919247757
CI.TOW2..HHE,2019-07-06T15:00:00.000000Z,63,100.0,24476.516583020468
CI.TOW2..HHE,2019-07-06T16:00:00.000000Z,64,100.0,26667.414130607023
CI.TOW2..HHE,2019-07-06T17:00:00.000000Z,65,100.0,77466.75917696343
CI.TOW2..HHE,2019-07-06T18:00:00.000000Z,66,100.0,34503.57101425835
CI.TOW2..HHE,2019-07-06T19:00:00.000000Z,67,100.0,24688.39638475901
CI.TOW2..HHE,2019-07-06T20:00:00.000000Z,68,100.0,11198.403266971896
CI.TOW2..HHE,2019-07-06T21:00:00.000000Z,69,100.0,13465.979941071706
CI.TOW2..HHE,2019-07-06T22:00:00.000000Z,70,100.0,4965.747406933748
CI.TOW2..HHE,2019-07-06T23:00:00.000000Z,71,100.0,161233.78775047537
CI.TOW2..HHN,2019-07-04T00:00:00.000000Z,0,99.99976944261127,302.4970029064245
CI.TOW2..HHN,2019-07-04T01:00:00.000000Z,1,100.0,274.47730689836726
CI.TOW2..HHN,2019-07-04T02:00:00.000000Z,2,100.0,272.51390418380697
CI.TOW2..HHN,2019-07-04T03:00:00.000000Z,3,100.0,288.63773861398346
CI.TOW2..HHN,2019-07-04T04:00:00.000000Z,4,100.0,5944.193976135065
CI.TOW2..HHN,2019-07-04T05:00:00.000000Z,5,100.0,1115.3664107579002
CI.TOW2..HHN,2019-07-04T06:00:00.000000Z,6,100.0,342.48761014661625
CI.TOW2..HHN,2019-07-04T07:00:00.000000Z,7,100.0,278.39689942909837
CI.TOW2..HHN,2019-07-04T08:00:00.000000Z,8,100.0,273.9992358741541
CI.TOW2..HHN,2019-07-04T09:00:00.000000Z,9,100.0,274.21907432683065
CI.TOW2..HHN,2019-07-04T10:00:00.000000Z,10,100.0,265.5054310829961
CI.TOW2..HHN,2019-07-04T11:00:00.000000Z,11,100.0,261.9951924381141
CI.TOW2..HHN,2019-07-04T12:00:00.000000Z,12,100.0,269.1224385856671
CI.TOW2..HHN,2019-07-04T13:00:00.000000Z,13,100.0,261.524744743753
CI.TOW2..HHN,2019-07-04T14:00:00.000000Z,14,100.0,264.75340448045984
CI.TOW2..HHN,2019-07-04T15:00:00.000000Z,15,100.0,255.19417388254212
CI.TOW2..HHN,2019-07-04T16:00:00.000000Z,16,100.0,259.51999226202753
CI.TOW2..HHN,2019-07-04T17:00:00.000000Z,17,100.0,1049586.579797941
CI.TOW2..HHN,2019-07-04T18:00:00.000000Z,18,100.0,122657.9272100973
CI.TOW2..HHN,2019-07-04T19:00:00.000000Z,19,100.0,48631.595999614525
CI.TOW2..HHN,2019-07-04T20:00:00.000000Z,20,100.0,17753.86864921728
CI.TOW2..HHN,2019-07-04T21:00:00.000000Z,21,100.0,5293.1791203249995
CI.TOW2..HHN,2019-07-04T22:00:00.000000Z,22,100.0,51979.817693188714
CI.TOW2..HHN,2019-07-04T23:00:00.000000Z,23,100.0,19075.98091610026
CI.TOW2..HHN,2019-07-05T00:00:00.000000Z,24,100.0,41643.886337506425
CI.TOW2..HHN,2019-07-05T01:00:00.000000Z,25,100.0,2020.7993287750264
CI.TOW2..HHN,2019-07-05T02:00:00.000000Z,26,100.0,14597.131518253083
CI.TOW2..HHN,2019-07-05T03:00:00.000000Z,27,100.0,4018.8302066579286
CI.TOW2..HHN,2019-07-05T04:00:00.000000Z,28,100.0,6637.722675643509
CI.TOW2..HHN,2019-07-05T05:00:00.000000Z,29,100.0,5140.8421338968665
CI.TOW2..HHN,2019-07-05T06:00:00.000000Z,30,100.0,6475.156455285122
CI.TOW2..HHN,2019-07-05T07:00:00.000000Z,31,100.0,8697.139506576668
CI.TOW2..HHN,2019-07-05T08:00:00.000000Z,32,100.0,4958.615405367827
CI.TOW2..HHN,2019-07-05T09:00:00.000000Z,33,100.0,2872.424352236903
CI.TOW2..HHN,2019-07-05T10:00:00.000000Z,34,100.0,5373.321026737227
CI.TOW2..HHN,2019-07-05T11:00:00.000000Z,35,100.0,552218.2002999849
CI.TOW2..HHN,2019-07-05T12:00:00.000000Z,36,100.0,18874.471701329254
CI.TOW2..HHN,2019-07-05T13:00:00.000000Z,37,100.0,1999.3062070273002
CI.TOW2..HHN,2019-07-05T14:00:00.000000Z,38,100.0,15137.39851038585
CI.TOW2..HHN,2019-07-05T15:00:00.000000Z,39,100.0,1671.355024603764
CI.TOW2..HHN,2019-07-05T16:00:00.000000Z,40,100.0,743.9156350912878
CI.TOW2..HHN,2019-07-05T17:00:00.000000Z,41,100.0,17461.785729307598
CI.TOW2..HHN,2019-07-05T18:00:00.000000Z,42,100.0,5449.211923888078
CI.TOW2..HHN,2019-07-05T19:00:00.000000Z,43,100.0,760.4636032583925
CI.TOW2..HHN,2019-07-05T20:00:00.000000Z,44,100.0,980.9696433117841
CI.TOW2..HHN,2019-07-05T21:00:00.000000Z,45,100.0,1797.0099514852477
CI.TOW2..HHN,2019-07-05T22:00:00.000000Z,46,100.0,3011.7533415155654
CI.TOW2..HHN,2019-07-05T23:00:00.000000Z,47,100.0,988.2332669593092
CI.TOW2..HHN,2019-07-06T00:00:00.000000Z,48,100.0,8946.477763750197
CI.TOW2..HHN,2019-07-06T01:00:00.000000Z,49,100.0,1080.3561292728132
CI.TOW2..HHN,2019-07-06T02:00:00.000000Z,50,100.0,1783.62779753014
CI.TOW2..HHN,2019-07-06T03:00:00.000000Z,51,100.0,1622948.8930431283
CI.TOW2..HHN,2019-07-06T04:00:00.000000Z,52,100.0,514906.65366789664
CI.TOW2..HHN,2019-07-06T05:00:00.000000Z,53,100.0,120538.56743025543
CI.TOW2..HHN,2019-07-06T06:00:00.000000Z,54,100.0,74458.8232134392
CI.TOW2..HHN,2019-07-06T07:00:00.000000Z,55,100.0,45908.20357395105
CI.TOW2..HHN,2019-07-06T08:00:00.000000Z,56,100.0,76826.861890658
CI.TOW2..HHN,2019-07-06T09:00:00.000000Z,57,100.0,229254.07303695768
CI.TOW2..HHN,2019-07-06T10:00:00.000000Z,58,100.0,21647.698328808703
CI.TOW2..HHN,2019-07-06T11:00:00.000000Z,59,100.0,73060.56013037672
CI.TOW2..HHN,2019-07-06T12:00:00.000000Z,60,100.0,16996.711312672367
CI.TOW2..HHN,2019-07-06T13:00:00.000000Z,61,100.0,86334.14229805057
CI.TOW2..HHN,2019-07-06T14:00:00.000000Z,62,100.0,6509.619852847052
CI.TOW2..HHN,2019-07-06T15:00:00.000000Z,63,100.0,15931.47931669502
CI.TOW2..HHN,2019-07-06T16:00:00.000000Z,64,100.0,18916.78617838902
CI.TOW2..HHN,2019-07-06T17:00:00.000000Z,65,100.0,34966.2944144713
CI.TOW2..HHN,2019-07-06T18:00:00.000000Z,66,100.0,23313.973513567063
CI.TOW2..HHN,2019-07-06T19:00:00.000000Z,67,100.0,14264.339237407321
CI.TOW2..HHN,2019-07-06T20:00:00.000000Z,68,100.0,6626.751113402605
CI.TOW2..HHN,2019-07-06T21:00:00.000000Z,69,100.0,7396.164444680318
CI.TOW2..HHN,2019-07-06T22:00:00.000000Z,70,100.0,3071.2648930911805
CI.TOW2..HHN,2019-07-06T23:00:00.000000Z,71,100.0,93139.04477138213
CI.TOW2..HHZ,2019-07-04T00:00:00.000000Z,0,99.99976944261127,263.35659544643175
CI.TOW2..HHZ,2019-07-04T01:00:00.000000Z,1,100.0,176.59072050657187
CI.TOW2..HHZ,2019-07-04T02:00:00.000000Z,2,100.0,170.3065694132028
CI.TOW2..HHZ,2019-07-04T03:00:00.000000Z,3,100.0,229.84940656491142
CI.TOW2..HHZ,2019-07-04T04:00:00.000000Z,4,100.0,4994.775070792126
CI.TOW2..HHZ,2019-07-04T05:00:00.000000Z,5,100.0,742.8562921572
CI.TOW2..HHZ,2019-07-04T06:00:00.000000Z,6,100.0,201.00062262551984
CI.TOW2..HHZ,2019-07-04T07:00:00.000000Z,7,100.0,128.16378266585193
CI.TOW2..HHZ,2019-07-04T08:00:00.000000Z,8,100.0,122.99000430072596
CI.TOW2..HHZ,2019-07-04T09:00:00.000000Z,9,100.0,119.0569104407624
CI.TOW2..HHZ,2019-07-04T10:00:00.000000Z,10,100.0,116.95315898686694
CI.TOW2..HHZ,2019-07-04T11:00:00.000000Z,11,100.0,114.70120174706737
CI.TOW2..HHZ,2019-07-04T12:00:00.000000Z,12,100.0,111.3009617380381
CI.TOW2..HHZ,2019-07-04T13:00:00.000000Z,13,100.0,117.22226657497832
CI.TOW2..HHZ,2019-07-04T14:00:00.000000Z,14,100.0,114.36792400622791
CI.TOW2..HHZ,2019-07-04T15:00:00.000000Z,15,100.0,113.38125699561681
CI.TOW2..HHZ,2019-07-04T16:00:00.000000Z,16,100.0,115.43086436991189
CI.TOW2..HHZ,2019-07-04T17:00:00.000000Z,17,100.0,703217.7488143297
CI.TOW2..HHZ,2019-07-04T18:00:00.000000Z,18,100.0,74430.05957566321
CI.TOW2..HHZ,2019-07-04T19:00:00.000000Z,19,100.0,31179.04530927865
CI.TOW2..HHZ,2019-07-04T20:00:00.000000Z,20,100.0,13297.320009232353
CI.TOW2..HHZ,2019-07-04T21:00:00.000000Z,21,100.0,4073.3751191191363
CI.TOW2..HHZ,2019-07-04T22:00:00.000000Z,22,100.0,40509.01795887892
CI.TOW2..HHZ,2019-07-04T23:00:00.000000Z,23,100.0,12439.168417555442
CI.TOW2..HHZ,2019-07-05T00:00:00.000000Z,24,100.0,28647.036478237394
CI.TOW2..HHZ,2019-07-05T01:00:00.000000Z,25,100.0,1607.5678461943328
CI.TOW2..HHZ,2019-07-05T02:00:00.000000Z,26,100.0,11342.581962084654
CI.TOW2..HHZ,2019-07-05T03:00:00.000000Z,27,100.0,2900.1982361450123
CI.TOW2..HHZ,2019-07-05T04:00:00.000000Z,28,100.0,4904.411179752755
CI.TOW2..HHZ,2019-07-05T05:00:00.000000Z,29,100.0,4502.446859807741
CI.TOW2..HHZ,2019-07-05T06:00:00.000000Z,30,100.0,5229.945099262037
CI.TOW2..HHZ,2019-07-05T07:00:00.000000Z,31,100.0,8082.675075260698
CI.TOW2..HHZ,2019-07-05T08:00:00.000000Z,32,100.0,4399.517517714689
CI.TOW2..HHZ,2019-07-05T09:00:00.000000Z,33,100.0,2193.622340397196
CI.TOW2..HHZ,2019-07-05T10:00:00.000000Z,34,100.0,2794.6298137656577
CI.TOW2..HHZ,2019-07-05T11:00:00.000000Z,35,100.0,325233.34940428846
CI.TOW2..HHZ,2019-07-05T12:00:00.000000Z,36,100.0,18998.991649206946
CI.TOW2..HHZ,2019-07-05T13:00:00.000000Z,37,100.0,2037.2962495015488
CI.TOW2..HHZ,2019-07-05T14:00:00.000000Z,38,100.0,10902.044237469792
CI.TOW2..HHZ,2019-07-05T15:00:00.000000Z,39,100.0,1354.471266585649
CI.TOW2..HHZ,2019-07-05T16:00:00.000000Z,40,100.0,765.7396741984063
CI.TOW2..HHZ,2019-07-05T17:00:00.000000Z,41,100.0,8861.340659089079
CI.TOW2..HHZ,2019-07-05T18:00:00.000000Z,42,100.0,4792.179636347603
CI.TOW2..HHZ,2019-07-05T19:00:00.000000Z,43,100.0,836.6653515915835
CI.TOW2..HHZ,2019-07-05T20:00:00.000000Z,44,100.0,937.888910976619
CI.TOW2..HHZ,2019-07-05T21:00:00.000000Z,45,100.0,1772.9841878246375
CI.TOW2..HHZ,2019-07-05T22:00:00.000000Z,46,100.0,2664.2273784101735
CI.TOW2..HHZ,2019-07-05T23:00:00.000000Z,47,100.0,1050.2553443861675
CI.TOW2..HHZ,2019-07-06T00:00:00.000000Z,48,100.0,8911.699148277063
CI.TOW2..HHZ,2019-07-06T01:00:00.000000Z,49,100.0,925.6863880136335
CI.TOW2..HHZ,2019-07-06T02:00:00.000000Z,50,100.0,1421.6172061875943
CI.TOW2..HHZ,2019-07-06T03:00:00.000000Z,51,100.0,1129273.587678291
CI.TOW2..HHZ,2019-07-06T04:00:00.000000Z,52,100.0,430176.3595175687
CI.TOW2..HHZ,2019-07-06T05:00:00.000000Z,53,100.0,102889.78646053463
CI.TOW2..HHZ,2019-07-06T06:00:00.000000Z,54,100.0,63837.096086354475
CI.TOW2..HHZ,2019-07-06T07:00:00.000000Z,55,100.0,40229.2228107961
CI.TOW2..HHZ,2019-07-06T08:00:00.000000Z,56,100.0,47932.051412050234
CI.TOW2..HHZ,2019-07-06T09:00:00.000000Z,57,100.0,167274.48831453052
CI.TOW2..HHZ,2019-07-06T10:00:00.000000Z,58,100.0,18378.51363275083
CI.TOW2..HHZ,2019-07-06T11:00:00.000000Z,59,100.0,58546.36063850104
CI.TOW2..HHZ,2019-07-06T12:00:00.000000Z,60,100.0,18150.713625320317
CI.TOW2..HHZ,2019-07-06T13:00:00.000000Z,61,100.0,72978.1773820182
CI.TOW2..HHZ,2019-07-06T14:00:00.000000Z,62,100.0,6058.915767065796
CI.TOW2..HHZ,2019-07-06T15:00:00.000000Z,63,100.0,381514.993279668
CI.TOW2..HHZ,2019-07-06T16:00:00.000000Z,64,100.0,15075.113773407285
CI.TOW2..HHZ,2019-07-06T17:00:00.000000Z,65,100.0,30144.373123887115
CI.TOW2..HHZ,2019-07-06T18:00:00.000000Z,66,100.0,19681.75008778269
CI.TOW2..HHZ,2019-07-06T19:00:00.000000Z,67,100.0,13337.406013948334
CI.TOW2..HHZ,2019-07-06T20:00:00.000000Z,68,100.0,6630.947605831572
CI.TOW2..HHZ,2019-07-06T21:00:00.000000Z,69,100.0,7360.093423289082
CI.TOW2..HHZ,2019-07-06T22:00:00.000000Z,70,100.0,3017.4481712366196
CI.TOW2..HHZ,2019-07-06T23:00:00.000000Z,71,100.0,71586.39539938886
CI.WAS2..HHE,2019-07-04T00:00:00.000000Z,0,99.99976944261127,776.5081182445709
CI.WAS2..HHE,2019-07-04T01:00:00.000000Z,1,100.0,607.1354965158528
CI.WAS2..HHE,2019-07-04T02:00:00.000000Z,2,100.0,571.1543642342033
CI.WAS2..HHE,2019-07-04T03:00:00.000000Z,3,100.0,445.7191668364775
CI.WAS2..HHE,2019-07-04T04:00:00.000000Z,4,100.0,2981.209708450291
CI.WAS2..HHE,2019-07-04T05:00:00.000000Z,5,100.0,977.7114296357773
CI.WAS2..HHE,2019-07-04T06:00:00.000000Z,6,100.0,444.2303860944253
CI.WAS2..HHE,2019-07-04T07:00:00.000000Z,7,100.0,448.5196356579236
CI.WAS2..HHE,2019-07-04T08:00:00.000000Z,8,100.0,366.47290389977246
CI.WAS2..HHE,2019-07-04T09:00:00.000000Z,9,100.0,394.9061016495986
CI.WAS2..HHE,2019-07-04T10:00:00.000000Z,10,100.0,439.22188078750503
CI.WAS2..HHE,2019-07-04T11:00:00.000000Z,11,100.0,443.1247495971642
CI.WAS2..HHE,2019-07-04T12:00:00.000000Z,12,100.0,447.8864085784184
CI.WAS2..HHE,2019-07-04T13:00:00.000000Z,13,100.0,407.99042706330584
CI.WAS2..HHE,2019-07-04T14:00:00.000000Z,14,100.0,114552.09240592261
CI.WAS2..HHE,2019-07-04T15:00:00.000000Z,15,100.0,208.14613144675872
CI.WAS2..HHE,2019-07-04T16:00:00.000000Z,16,100.0,441.1622966966226
CI.WAS2..HHE,2019-07-04T17:00:00.000000Z,17,100.0,173316.64495061606
CI.WAS2..HHE,2019-07-04T18:00:00.000000Z,18,100.0,11866.21158617397
CI.WAS2..HHE,2019-07-04T19:00:00.000000Z,19,100.0,4935.797511681957
CI.WAS2..HHE,2019-07-04T20:00:00.000000Z,20,100.0,2368.85786708856
CI.WAS2..HHE,2019-07-04T21:00:00.000000Z,21,100.0,1058.8199698847445
CI.WAS2..HHE,2019-07-04T22:00:00.000000Z,22,100.0,3347.5484194827022
CI.WAS2..HHE,2019-07-04T23:00:00.000000Z,23,100.0,1992.6222203657585
CI.WAS2..HHE,2019-07-05T00:00:00.000000Z,24,100.0,4152.359258195526
CI.WAS2..HHE,2019-07-05T01:00:00.000000Z,25,100.0,723.162331517734
CI.WAS2..HHE,2019-07-05T02:00:00.000000Z,26,100.0,1945.644436119253
CI.WAS2..HHE,2019-07-05T03:00:00.000000Z,27,100.0,648.4336700729082
CI.WAS2..HHE,2019-07-05T04:00:00.000000Z,28,100.0,1770.705330615458
CI.WAS2..HHE,2019-07-05T05:00:00.000000Z,29,100.0,641.5805079869929
CI.WAS2..HHE,2019-07-05T06:00:00.000000Z,30,100.0,1555.9279718963141
CI.WAS2..HHE,2019-07-05T07:00:00.000000Z,31,100.0,1021.9321981122448
CI.WAS2..HHE,2019-07-05T08:00:00.000000Z,32,100.0,824.8744670206669
CI.WAS2..HHE,2019-07-05T09:00:00.000000Z,33,100.0,423.24509914873806
CI.WAS2..HHE,2019-07-05T10:00:00.000000Z,34,100.0,297.55432326903986
CI.WAS2..HHE,2019-07-05T11:00:00.000000Z,35,100.0,26573.64341042013
CI.WAS2..HHE,2019-07-05T12:00:00.000000Z,36,100.0,2722.427644501557
CI.WAS2..HHE,2019-07-05T13:00:00.000000Z,37,100.0,543.020004461466
CI.WAS2..HHE,2019-07-05T14:00:00.000000Z,38,100.0,1375.2936898297091
CI.WAS2..HHE,2019-07-05T15:00:00.000000Z,39,100.0,306.49647609285694
CI.WAS2..HHE,2019-07-05T16:00:00.000000Z,40,100.0,270.0319623771358
CI.WAS2..HHE,2019-07-05T17:00:00.000000Z,41,100.0,2321.9156581988123
CI.WAS2..HHE,2019-07-05T18:00:00.000000Z,42,100.0,745.8293193445733
CI.WAS2..HHE,2019-07-05T19:00:00.000000Z,43,100.0,483.4197161104439
CI.WAS2..HHE,2019-07-05T20:00:00.000000Z,44,100.0,513.3720879387129
CI.WAS2..HHE,2019-07-05T21:00:00.000000Z,45,100.0,499.9018065691122
CI.WAS2..HHE,2019-07-05T22:00:00.000000Z,46,100.0,554.000212151345
CI.WAS2..HHE,2019-07-05T23:00:00.000000Z,47,100.0,552.5509929022016
CI.WAS2..HHE,2019-07-06T00:00:00.000000Z,48,100.0,1684.163123695881
CI.WAS2..HHE,2019-07-06T01:00:00.000000Z,49,100.0,445.0527889609074
CI.WAS2..HHE,2019-07-06T02:00:00.000000Z,50,100.0,331.1721904313916
CI.WAS2..HHE,2019-07-06T03:00:00.000000Z,51,100.0,499116.95359084744
CI.WAS2..HHE,2019-07-06T04:00:00.000000Z,52,100.0,55390.90724336723
CI.WAS2..HHE,2019-07-06T05:00:00.000000Z,53,100.0,8428.241041494328
CI.WAS2..HHE,2019-07-06T06:00:00.000000Z,54,100.0,10077.268440052248
CI.WAS2..HHE,2019-07-06T07:00:00.000000Z,55,100.0,4508.7479479616295
CI.WAS2..HHE,2019-07-06T08:00:00.000000Z,56,100.0,6420.716943904951
CI.WAS2..HHE,2019-07-06T09:00:00.000000Z,57,100.0,18394.95705495166
CI.WAS2..HHE,2019-07-06T10:00:00.000000Z,58,100.0,3465.1443079861688
CI.WAS2..HHE,2019-07-06T11:00:00.000000Z,59,100.0,2722.7771758517533
CI.WAS2..HHE,2019-07-06T12:00:00.000000Z,60,100.0,1835.9213003554312
CI.WAS2..HHE,2019-07-06T13:00:00.000000Z,61,100.0,6736.098265036142
CI.WAS2..HHE,2019-07-06T14:00:00.000000Z,62,100.0,721.9140045472329
CI.WAS2..HHE,2019-07-06T15:00:00.000000Z,63,100.0,1949.4315171616524
CI.WAS2..HHE,2019-07-06T16:00:00.000000Z,64,100.0,1935.4678942214048
CI.WAS2..HHE,2019-07-06T17:00:00.000000Z,65,100.0,3875.706270132848
CI.WAS2..HHE,2019-07-06T18:00:00.000000Z,66,100.0,2202.8101091870485
CI.WAS2..HHE,2019-07-06T19:00:00.000000Z,67,100.0,1334.7964277408078
CI.WAS2..HHE,2019-07-06T20:00:00.000000Z,68,100.0,957.1043195422136
CI.WAS2..HHE,2019-07-06T21:00:00.000000Z,69,100.0,1246.8965408246756
CI.WAS2..HHE,2019-07-06T22:00:00.000000Z,70,100.0,628.8437008958408
CI.WAS2..HHE,2019-07-06T23:00:00.000000Z,71,100.0,7587.347666542094
CI.WAS2..HHN,2019-07-04T00:00:00.000000Z,0,99.99976944261127,394.1046482786714
CI.WAS2..HHN,2019-07-04T01:00:00.000000Z,1,100.0,397.3940114451883
CI.WAS2..HHN,2019-07-04T02:00:00.000000Z,2,100.0,347.7356317774029
CI.WAS2..HHN,2019-07-04T03:00:00.000000Z,3,100.0,241.7802021211677
CI.WAS2..HHN,2019-07-04T04:00:00.000000Z,4,100.0,2469.0995377742684
CI.WAS2..HHN,2019-07-04T05:00:00.000000Z,5,100.0,707.7139103496572
CI.WAS2..HHN,2019-07-04T06:00:00.000000Z,6,100.0,285.8692320870972
CI.WAS2..HHN,2019-07-04T07:00:00.000000Z,7,100.0,279.84200187795363
CI.WAS2..HHN,2019-07-04T08:00:00.000000Z,8,100.0,225.7070562136927
CI.WAS2..HHN,2019-07-04T09:00:00.000000Z,9,100.0,228.37845980830363
CI.WAS2..HHN,2019-07-04T10:00:00.000000Z,10,100.0,202.93287921241603
CI.WAS2..HHN,2019-07-04T11:00:00.000000Z,11,100.0,247.91706736240633
CI.WAS2..HHN,2019-07-04T12:00:00.000000Z,12,100.0,231.43719543222971
CI.WAS2..HHN,2019-07-04T13:00:00.000000Z,13,100.0,227.7572892119895
CI.WAS2..HHN,2019-07-04T14:00:00.000000Z,14,100.0,253792.3374498921
CI.WAS2..HHN,2019-07-04T15:00:00.000000Z,15,100.0,143.6168696764905
CI.WAS2..HHN,2019-07-04T16:00:00.000000Z,16,100.0,298.87333328645275
CI.WAS2..HHN,2019-07-04T17:00:00.000000Z,17,100.0,168557.54165300124
CI.WAS2..HHN,2019-07-04T18:00:00.000000Z,18,100.0,10086.180298485839
CI.WAS2..HHN,2019-07-04T19:00:00.000000Z,19,100.0,4951.665915786746
CI.WAS2..HHN,2019-07-04T20:00:00.000000Z,20,100.0,1993.7819322162795
CI.WAS2..HHN,2019-07-04T21:00:00.000000Z,21,100.0,833.6013939510773
CI.WAS2..HHN,2019-07-04T22:00:00.000000Z,22,100.0,3316.2120192918023
CI.WAS2..HHN,2019-07-04T23:00:00.000000Z,23,100.0,1936.0880586033952
CI.WAS2..HHN,2019-07-05T00:00:00.000000Z,24,100.0,3485.4684451570733
CI.WAS2..HHN,2019-07-05T01:00:00.000000Z,25,100.0,400.22387131752726
CI.WAS2..HHN,2019-07-05T02:00:00.000000Z,26,100.0,2320.670789493429
CI.WAS2..HHN,2019-07-05T03:00:00.000000Z,27,100.0,550.3792702291618
CI.WAS2..HHN,2019-07-05T04:00:00.000000Z,28,100.0,1155.8502130192321
CI.WAS2..HHN,2019-07-05T05:00:00.000000Z,29,100.0,573.1148246327762
CI.WAS2..HHN,2019-07-05T06:00:00.000000Z,30,100.0,1476.4675464545248
CI.WAS2..HHN,2019-07-05T07:00:00.000000Z,31,100.0,919.925049396046
CI.WAS2..HHN,2019-07-05T08:00:00.000000Z,32,100.0,766.3247274783371
CI.WAS2..HHN,2019-07-05T09:00:00.000000Z,33,100.0,361.64998954542284
CI.WAS2..HHN,2019-07-05T10:00:00.000000Z,34,100.0,256.3011779162628
CI.WAS2..HHN,2019-07-05T11:00:00.000000Z,35,100.0,28521.094288537653
CI.WAS2..HHN,2019-07-05T12:00:00.000000Z,36,100.0,2802.6066198245267
CI.WAS2..HHN,2019-07-05T13:00:00.000000Z,37,100.0,431.078015858069
CI.WAS2..HHN,2019-07-05T14:00:00.000000Z,38,100.0,1223.3058736749579
CI.WAS2..HHN,2019-07-05T15:00:00.000000Z,39,100.0,281.5370390541266
CI.WAS2..HHN,2019-07-05T16:00:00.000000Z,40,100.0,302.9357036077522
CI.WAS2..HHN,2019-07-05T17:00:00.000000Z,41,100.0,1755.5503900547337
CI.WAS2..HHN,2019-07-05T18:00:00.000000Z,42,100.0,549.3546733100575
CI.WAS2..HHN,2019-07-05T19:00:00.000000Z,43,100.0,252.09953741931022
CI.WAS2..HHN,2019-07-05T20:00:00.000000Z,44,100.0,325.4594438678616
CI.WAS2..HHN,2019-07-05T21:00:00.000000Z,45,100.0,384.11568078697127
CI.WAS2..HHN,2019-07-05T22:00:00.000000Z,46,100.0,359.66561003807
CI.WAS2..HHN,2019-07-05T23:00:00.000000Z,47,100.0,343.7970389272149
CI.WAS2..HHN,2019-07-06T00:00:00.000000Z,48,100.0,1498.0119589509688
CI.WAS2..HHN,2019-07-06T01:00:00.000000Z,49,100.0,248.31083346790456
CI.WAS2..HHN,2019-07-06T02:00:00.000000Z,50,100.0,256.0244703899543
CI.WAS2..HHN,2019-07-06T03:00:00.000000Z,51,100.0,495853.08491736953
CI.WAS2..HHN,2019-07-06T04:00:00.000000Z,52,100.0,61165.69338886226
CI.WAS2..HHN,2019-07-06T05:00:00.000000Z,53,100.0,7183.9947367203795
CI.WAS2..HHN,2019-07-06T06:00:00.000000Z,54,100.0,10003.0407296559
CI.WAS2..HHN,2019-07-06T07:00:00.000000Z,55,100.0,3383.5720979063685
CI.WAS2..HHN,2019-07-06T08:00:00.000000Z,56,100.0,5838.966055766601
CI.WAS2..HHN,2019-07-06T09:00:00.000000Z,57,100.0,17994.412862138666
CI.WAS2..HHN,2019-07-06T10:00:00.000000Z,58,100.0,3738.6647962142506
CI.WAS2..HHN,2019-07-06T11:00:00.000000Z,59,100.0,2511.4925442507783
CI.WAS2..HHN,2019-07-06T12:00:00.000000Z,60,100.0,1670.5975778027794
CI.WAS2..HHN,2019-07-06T13:00:00.000000Z,61,100.0,5855.855276003366
CI.WAS2..HHN,2019-07-06T14:00:00.000000Z,62,100.0,646.5707117443759
CI.WAS2..HHN,2019-07-06T15:00:00.000000Z,63,100.0,1794.9517617678953
CI.WAS2..HHN,2019-07-06T16:00:00.000000Z,64,100.0,1754.4529750438187
CI.WAS2..HHN,2019-07-06T17:00:00.000000Z,65,100.0,3479.0704900174455
CI.WAS2..HHN,2019-07-06T18:00:00.000000Z,66,100.0,1880.9963824361662
CI.WAS2..HHN,2019-07-06T19:00:00.000000Z,67,100.0,1135.433868453099
CI.WAS2..HHN,2019-07-06T20:00:00.000000Z,68,100.0,814.529188004312
CI.WAS2..HHN,2019-07-06T21:00:00.000000Z,69,100.0,947.9350022850881
CI.WAS2..HHN,2019-07-06T22:00:00.000000Z,70,100.0,551.7454638484418
CI.WAS2..HHN,2019-07-06T23:00:00.000000Z,71,100.0,7068.285627292585
CI.WAS2..HHZ,2019-07-04T00:00:00.000000Z,0,99.99976944261127,218.37118745844953
CI.WAS2..HHZ,2019-07-04T01:00:00.000000Z,1,100.0,132.89072416937347
CI.WAS2..HHZ,2019-07-04T02:00:00.000000Z,2,100.0,151.80989330967458
CI.WAS2..HHZ,2019-07-04T03:00:00.000000Z,3,100.0,108.2386207173646
CI.WAS2..HHZ,2019-07-04T04:00:00.000000Z,4,100.0,2721.8997141957407
CI.WAS2..HHZ,2019-07-04T05:00:00.000000Z,5,100.0,689.6294231615991
CI.WAS2..HHZ,2019-07-04T06:00:00.000000Z,6,100.0,210.9581377318864
CI.WAS2..HHZ,2019-07-04T07:00:00.000000Z,7,100.0,120.3441656336979
CI.WAS2..HHZ,2019-07-04T08:00:00.000000Z,8,100.0,100.75340174733147
CI.WAS2..HHZ,2019-07-04T09:00:00.000000Z,9,100.0,100.18211841331761
CI.WAS2..HHZ,2019-07-04T10:00:00.000000Z,10,100.0,97.17213257275796
CI.WAS2..HHZ,2019-07-04T11:00:00.000000Z,11,100.0,95.61051543377533
CI.WAS2..HHZ,2019-07-04T12:00:00.000000Z,12,100.0,134.88046154902386
CI.WAS2..HHZ,2019-07-04T13:00:00.000000Z,13,100.0,93.78367542010379
CI.WAS2..HHZ,2019-07-04T14:00:00.000000Z,14,100.0,209210.65712554427
CI.WAS2..HHZ,2019-07-04T15:00:00.000000Z,15,100.0,98.5094106318429
CI.WAS2..HHZ,2019-07-04T16:00:00.000000Z,16,100.0,188.09055246128833
CI.WAS2..HHZ,2019-07-04T17:00:00.000000Z,17,100.0,142489.89109609305
CI.WAS2..HHZ,2019-07-04T18:00:00.000000Z,18,100.0,6091.329946921118
CI.WAS2..HHZ,2019-07-04T19:00:00.000000Z,19,100.0,3238.684357813209
CI.WAS2..HHZ,2019-07-04T20:00:00.000000Z,20,100.0,1298.6996273308623
CI.WAS2..HHZ,2019-07-04T21:00:00.000000Z,21,100.0,514.3564612385717
CI.WAS2..HHZ,2019-07-04T22:00:00.000000Z,22,100.0,2251.068888498981
CI.WAS2..HHZ,2019-07-04T23:00:00.000000Z,23,100.0,1121.1003873997197
CI.WAS2..HHZ,2019-07-05T00:00:00.000000Z,24,100.0,2055.740980447822
CI.WAS2..HHZ,2019-07-05T01:00:00.000000Z,25,100.0,238.506478947234
CI.WAS2..HHZ,2019-07-05T02:00:00.000000Z,26,100.0,960.8845200299149
CI.WAS2..HHZ,2019-07-05T03:00:00.000000Z,27,100.0,382.5651208222491
CI.WAS2..HHZ,2019-07-05T04:00:00.000000Z,28,100.0,720.1675907842686
CI.WAS2..HHZ,2019-07-05T05:00:00.000000Z,29,100.0,383.8918990808968
CI.WAS2..HHZ,2019-07-05T06:00:00.000000Z,30,100.0,772.7659967647933
CI.WAS2..HHZ,2019-07-05T07:00:00.000000Z,31,100.0,570.3696186062613
CI.WAS2..HHZ,2019-07-05T08:00:00.000000Z,32,100.0,512.2329814517607
CI.WAS2..HHZ,2019-07-05T09:00:00.000000Z,33,100.0,245.75306604539026
CI.WAS2..HHZ,2019-07-05T10:00:00.000000Z,34,100.0,198.1990088375355
CI.WAS2..HHZ,2019-07-05T11:00:00.000000Z,35,100.0,20904.07452198735
CI.WAS2..HHZ,2019-07-05T12:00:00.000000Z,36,100.0,1477.3013262036195
CI.WAS2..HHZ,2019-07-05T13:00:00.000000Z,37,100.0,433.464325393484
CI.WAS2..HHZ,2019-07-05T14:00:00.000000Z,38,100.0,905.299126382666
CI.WAS2..HHZ,2019-07-05T15:00:00.000000Z,39,100.0,210.4424314461091
CI.WAS2..HHZ,2019-07-05T16:00:00.000000Z,40,100.0,199.01474632130305
CI.WAS2..HHZ,2019-07-05T17:00:00.000000Z,41,100.0,1264.990257742705
CI.WAS2..HHZ,2019-07-05T18:00:00.000000Z,42,100.0,403.99355392169474
CI.WAS2..HHZ,2019-07-05T19:00:00.000000Z,43,100.0,226.60062589415386
CI.WAS2..HHZ,2019-07-05T20:00:00.000000Z,44,100.0,223.360138890655
CI.WAS2..HHZ,2019-07-05T21:00:00.000000Z,45,100.0,274.9056821436836
CI.WAS2..HHZ,2019-07-05T22:00:00.000000Z,46,100.0,234.54232868488546
CI.WAS2..HHZ,2019-07-05T23:00:00.000000Z,47,100.0,190.36432275977174
CI.WAS2..HHZ,2019-07-06T00:00:00.000000Z,48,100.0,911.2569433735329
CI.WAS2..HHZ,2019-07-06T01:00:00.000000Z,49,100.0,166.61557751467308
CI.WAS2..HHZ,2019-07-06T02:00:00.000000Z,50,100.0,200.57055335722566
CI.WAS2..HHZ,2019-07-06T03:00:00.000000Z,51,100.0,376371.2158186452
CI.WAS2..HHZ,2019-07-06T04:00:00.000000Z,52,100.0,35072.21286835549
CI.WAS2..HHZ,2019-07-06T05:00:00.000000Z,53,100.0,5218.382190018969
CI.WAS2..HHZ,2019-07-06T06:00:00.000000Z,54,100.0,4894.9494112906
CI.WAS2..HHZ,2019-07-06T07:00:00.000000Z,55,100.0,2204.820744537526
CI.WAS2..HHZ,2019-07-06T08:00:00.000000Z,56,100.0,3655.33836330611
CI.WAS2..HHZ,2019-07-06T09:00:00.000000Z,57,100.0,9203.857301764596
CI.WAS2..HHZ,2019-07-06T10:00:00.000000Z,58,100.0,1772.13840973815
CI.WAS2..HHZ,2019-07-06T11:00:00.000000Z,59,100.0,1781.5837529762107
CI.WAS2..HHZ,2019-07-06T12:00:00.000000Z,60,100.0,1196.9330133830679
CI.WAS2..HHZ,2019-07-06T13:00:00.000000Z,61,100.0,3823.7963731362897
CI.WAS2..HHZ,2019-07-06T14:00:00.000000Z,62,100.0,505.73399388640496
CI.WAS2..HHZ,2019-07-06T15:00:00.000000Z,63,100.0,1144.2201870102874
CI.WAS2..HHZ,2019-07-06T16:00:00.000000Z,64,100.0,1237.6718361962846
CI.WAS2..HHZ,2019-07-06T17:00:00.000000Z,65,100.0,1974.6072791290471
CI.WAS2..HHZ,2019-07-06T18:00:00.000000Z,66,100.0,1155.7645033516633
CI.WAS2..HHZ,2019-07-06T19:00:00.000000Z,67,100.0,738.4937991596458
CI.WAS2..HHZ,2019-07-06T20:00:00.000000Z,68,100.0,550.4735572017879
CI.WAS2..HHZ,2019-07-06T21:00:00.000000Z,69,100.0,583.9949228928467
CI.WAS2..HHZ,2019-07-06T22:00:00.000000Z,70,100.0,345.3671072579241
CI.WAS2..HHZ,2019-07-06T23:00:00.000000Z,71,100.0,4277.485558593617
CI.WBM..HHE,2019-07-04T00:00:00.000000Z,0,99.99991389115651,84.14886833979114
CI.WBM..HHE,2019-07-04T01:00:00.000000Z,1,100.0,90.299139837849
CI.WBM..HHE,2019-07-04T02:00:00.000000Z,2,100.0,170.4684667580092
CI.WBM..HHE,2019-07-04T03:00:00.000000Z,3,100.0,217.25697954949575
CI.WBM..HHE,2019-07-04T04:00:00.000000Z,4,100.0,2210.0587315462208
CI.WBM..HHE,2019-07-04T05:00:00.000000Z,5,100.0,454.89357841076503
CI.WBM..HHE,2019-07-04T06:00:00.000000Z,6,100.0,283.9065353636255
CI.WBM..HHE,2019-07-04T07:00:00.000000Z,7,100.0,351.5058685215565
CI.WBM..HHE,2019-07-04T08:00:00.000000Z,8,100.0,294.4793877015241
CI.WBM..HHE,2019-07-04T09:00:00.000000Z,9,100.0,194.92552551466989
CI.WBM..HHE,2019-07-04T10:00:00.000000Z,10,100.0,166.55191514135103
CI.WBM..HHE,2019-07-04T11:00:00.000000Z,11,100.0,144.49280112204212
CI.WBM..HHE,2019-07-04T12:00:00.000000Z,12,100.0,114.47579983058583
CI.WBM..HHE,2019-07-04T13:00:00.000000Z,13,100.0,101.5616600610269
CI.WBM..HHE,2019-07-04T14:00:00.000000Z,14,100.0,100.60862496382065
CI.WBM..HHE,2019-07-04T15:00:00.000000Z,15,100.0,87.34967294981102
CI.WBM..HHE,2019-07-04T16:00:00.000000Z,16,100.0,75.70498712028886
CI.WBM..HHE,2019-07-04T17:00:00.000000Z,17,100.0,382472.0415649719
CI.WBM..HHE,2019-07-04T18:00:00.000000Z,18,100.0,23794.780834816353
CI.WBM..HHE,2019-07-04T19:00:00.000000Z,19,100.0,8894.278407317146
CI.WBM..HHE,2019-07-04T20:00:00.000000Z,20,100.0,2634.7165984241174
CI.WBM..HHE,2019-07-04T21:00:00.000000Z,21,100.0,1058.3269427843143
CI.WBM..HHE,2019-07-04T22:00:00.000000Z,22,100.0,11725.297617320226
CI.WBM..HHE,2019-07-04T23:00:00.000000Z,23,100.0,3479.1854551560127
CI.WBM..HHE,2019-07-05T00:00:00.000000Z,24,100.0,6022.403208842064
CI.WBM..HHE,2019-07-05T01:00:00.000000Z,25,100.0,548.0627837399248
CI.WBM..HHE,2019-07-05T02:00:00.000000Z,26,100.0,3407.496453415185
CI.WBM..HHE,2019-07-05T03:00:00.000000Z,27,100.0,1055.4733741670261
CI.WBM..HHE,2019-07-05T04:00:00.000000Z,28,100.0,2125.9854769606636
CI.WBM..HHE,2019-07-05T05:00:00.000000Z,29,100.0,835.9423227276761
CI.WBM..HHE,2019-07-05T06:00:00.000000Z,30,100.0,4472.3428105543335
CI.WBM..HHE,2019-07-05T07:00:00.000000Z,31,100.0,2259.2310003032403
CI.WBM..HHE,2019-07-05T08:00:00.000000Z,32,100.0,1056.6148980421863
CI.WBM..HHE,2019-07-05T09:00:00.000000Z,33,100.0,725.3476735096818
CI.WBM..HHE,2019-07-05T10:00:00.000000Z,34,100.0,2168.1423266287047
CI.WBM..HHE,2019-07-05T11:00:00.000000Z,35,100.0,64754.55922052902
CI.WBM..HHE,2019-07-05T12:00:00.000000Z,36,100.0,6445.780514122254
CI.WBM..HHE,2019-07-05T13:00:00.000000Z,37,100.0,424.34165883596773
CI.WBM..HHE,2019-07-05T14:00:00.000000Z,38,100.0,4176.798389509735
CI.WBM..HHE,2019-07-05T15:00:00.000000Z,39,100.0,562.7190655832014
CI.WBM..HHE,2019-07-05T16:00:00.000000Z,40,100.0,158.96003549401368
CI.WBM..HHE,2019-07-05T17:00:00.000000Z,41,100.0,2621.644316965101
CI.WBM..HHE,2019-07-05T18:00:00.000000Z,42,100.0,705.9243201044181
CI.WBM..HHE,2019-07-05T19:00:00.000000Z,43,100.0,210.14170922781878
CI.WBM..HHE,2019-07-05T20:00:00.000000Z,44,100.0,161.5616338997807
CI.WBM..HHE,2019-07-05T21:00:00.000000Z,45,100.0,314.2171327147835
CI.WBM..HHE,2019-07-05T22:00:00.000000Z,46,100.0,392.9497932906381
CI.WBM..HHE,2019-07-05T23:00:00.000000Z,47,100.0,248.40142367404047
CI.WBM..HHE,2019-07-06T00:00:00.000000Z,48,100.0,1936.7906034674656
CI.WBM..HHE,2019-07-06T01:00:00.000000Z,49,100.0,128.2009167859378
CI.WBM..HHE,2019-07-06T02:00:00.000000Z,50,100.0,357.35793618818076
CI.WBM..HHE,2019-07-06T03:00:00.000000Z,51,100.0,625573.1797364561
CI.WBM..HHE,2019-07-06T04:00:00.000000Z,52,100.0,72441.52520071171
CI.WBM..HHE,2019-07-06T05:00:00.000000Z,53,100.0,9693.83126461542
CI.WBM..HHE,2019-07-06T06:00:00.000000Z,54,100.0,6992.685724139601
CI.WBM..HHE,2019-07-06T07:00:00.000000Z,55,100.0,4519.869206301002
CI.WBM..HHE,2019-07-06T08:00:00.000000Z,56,100.0,11588.117910489074
CI.WBM..HHE,2019-07-06T09:00:00.000000Z,57,100.0,15349.394166384775
CI.WBM..HHE,2019-07-06T10:00:00.000000Z,58,100.0,3459.963623448049
CI.WBM..HHE,2019-07-06T11:00:00.000000Z,59,100.0,4759.745629090421
CI.WBM..HHE,2019-07-06T12:00:00.000000Z,60,100.0,1725.6428093158388
CI.WBM..HHE,2019-07-06T13:00:00.000000Z,61,100.0,6775.665363903543
CI.WBM..HHE,2019-07-06T14:00:00.000000Z,62,100.0,519.9382683086732
CI.WBM..HHE,2019-07-06T15:00:00.000000Z,63,100.0,1285.0537869097568
CI.WBM..HHE,2019-07-06T16:00:00.000000Z,64,100.0,2744.4616726153154
CI.WBM..HHE,2019-07-06T17:00:00.000000Z,65,100.0,2695.408037920708
CI.WBM..HHE,2019-07-06T18:00:00.000000Z,66,100.0,1638.7762357206466
CI.WBM..HHE,2019-07-06T19:00:00.000000Z,67,100.0,878.85644276292
CI.WBM..HHE,2019-07-06T20:00:00.000000Z,68,100.0,700.995519974234
CI.WBM..HHE,2019-07-06T21:00:00.000000Z,69,100.0,689.4987605619538
CI.WBM..HHE,2019-07-06T22:00:00.000000Z,70,100.0,502.21360838372567
CI.WBM..HHE,2019-07-06T23:00:00.000000Z,71,100.0,15283.300296449483
CI.WBM..HHN,2019-07-04T00:00:00.000000Z,0,99.99991389115651,86.64622746035181
CI.WBM..HHN,2019-07-04T01:00:00.000000Z,1,100.0,89.24415669444235
CI.WBM..HHN,2019-07-04T02:00:00.000000Z,2,100.0,133.63909852723833
CI.WBM..HHN,2019-07-04T03:00:00.000000Z,3,100.0,147.07808205158292
CI.WBM..HHN,2019-07-04T04:00:00.000000Z,4,100.0,1944.1699448519373
CI.WBM..HHN,2019-07-04T05:00:00.000000Z,5,100.0,444.7880481349183
CI.WBM..HHN,2019-07-04T06:00:00.000000Z,6,100.0,187.2205838610538
CI.WBM..HHN,2019-07-04T07:00:00.000000Z,7,100.0,214.40689467305947
CI.WBM..HHN,2019-07-04T08:00:00.000000Z,8,100.0,168.25153449373988
CI.WBM..HHN,2019-07-04T09:00:00.000000Z,9,100.0,145.8497307769724
CI.WBM..HHN,2019-07-04T10:00:00.000000Z,10,100.0,124.4844245939845
CI.WBM..HHN,2019-07-04T11:00:00.000000Z,11,100.0,106.8836750030924
CI.WBM..HHN,2019-07-04T12:00:00.000000Z,12,100.0,104.04275296484528
CI.WBM..HHN,2019-07-04T13:00:00.000000Z,13,100.0,87.83484642366146
CI.WBM..HHN,2019-07-04T14:00:00.000000Z,14,100.0,83.87211354672922
CI.WBM..HHN,2019-07-04T15:00:00.000000Z,15,100.0,81.53926915509297
CI.WBM..HHN,2019-07-04T16:00:00.000000Z,16,100.0,78.08888480110325
CI.WBM..HHN,2019-07-04T17:00:00.000000Z,17,100.0,508306.66044545674
CI.WBM..HHN,2019-07-04T18:00:00.000000Z,18,100.0,29444.27144784758
CI.WBM..HHN,2019-07-04T19:00:00.000000Z,19,100.0,14161.468987910239
CI.WBM..HHN,2019-07-04T20:00:00.000000Z,20,100.0,2592.5901980359495
CI.WBM..HHN,2019-07-04T21:00:00.000000Z,21,100.0,1453.3379658769127
CI.WBM..HHN,2019-07-04T22:00:00.000000Z,22,100.0,13608.24444001652
CI.WBM..HHN,2019-07-04T23:00:00.000000Z,23,100.0,4196.859141744189
CI.WBM..HHN,2019-07-05T00:00:00.000000Z,24,100.0,7655.469192025887
CI.WBM..HHN,2019-07-05T01:00:00.000000Z,25,100.0,783.6681610827371
CI.WBM..HHN,2019-07-05T02:00:00.000000Z,26,100.0,2634.739537173485
CI.WBM..HHN,2019-07-05T03:00:00.000000Z,27,100.0,1251.3271224875264
CI.WBM..HHN,2019-07-05T04:00:00.000000Z,28,100.0,2846.548493490744
CI.WBM..HHN,2019-07-05T05:00:00.000000Z,29,100.0,882.1960721739257
CI.WBM..HHN,2019-07-05T06:00:00.000000Z,30,100.0,3370.416303238712
CI.WBM..HHN,2019-07-05T07:00:00.000000Z,31,100.0,2758.93899124762
CI.WBM..HHN,2019-07-05T08:00:00.000000Z,32,100.0,1401.0860328091162
CI.WBM..HHN,2019-07-05T09:00:00.000000Z,33,100.0,608.9485586341162
CI.WBM..HHN,2019-07-05T10:00:00.000000Z,34,100.0,1571.5650504408284
CI.WBM..HHN,2019-07-05T11:00:00.000000Z,35,100.0,275613.078877791
CI.WBM..HHN,2019-07-05T12:00:00.000000Z,36,100.0,7834.106113758385
CI.WBM..HHN,2019-07-05T13:00:00.000000Z,37,100.0,444.81860276969246
CI.WBM..HHN,2019-07-05T14:00:00.000000Z,38,100.0,5048.000368657592
CI.WBM..HHN,2019-07-05T15:00:00.000000Z,39,100.0,758.1951887670758
CI.WBM..HHN,2019-07-05T16:00:00.000000Z,40,100.0,170.06436054033318
CI.WBM..HHN,2019-07-05T17:00:00.000000Z,41,100.0,4728.031285757953
CI.WBM..HHN,2019-07-05T18:00:00.000000Z,42,100.0,660.6371778721409
CI.WBM..HHN,2019-07-05T19:00:00.000000Z,43,100.0,243.22420004493804
CI.WBM..HHN,2019-07-05T20:00:00.000000Z,44,100.0,186.9368427700867
CI.WBM..HHN,2019-07-05T21:00:00.000000Z,45,100.0,437.0554313087117
CI.WBM..HHN,2019-07-05T22:00:00.000000Z,46,100.0,484.9638420015197
CI.WBM..HHN,2019-07-05T23:00:00.000000Z,47,100.0,269.66249848102746
CI.WBM..HHN,2019-07-06T00:00:00.000000Z,48,100.0,2410.900850195169
CI.WBM..HHN,2019-07-06T01:00:00.000000Z,49,100.0,134.50504294100276
CI.WBM..HHN,2019-07-06T02:00:00.000000Z,50,100.0,380.57322073695553
CI.WBM..HHN,2019-07-06T03:00:00.000000Z,51,100.0,665570.6940781111
CI.WBM..HHN,2019-07-06T04:00:00.000000Z,52,100.0,77031.92476659673
CI.WBM..HHN,2019-07-06T05:00:00.000000Z,53,100.0,9180.149130902619
CI.WBM..HHN,2019-07-06T06:00:00.000000Z,54,100.0,8613.730689276992
CI.WBM..HHN,2019-07-06T07:00:00.000000Z,55,100.0,5661.660430227629
CI.WBM..HHN,2019-07-06T08:00:00.000000Z,56,100.0,15702.404274738796
CI.WBM..HHN,2019-07-06T09:00:00.000000Z,57,100.0,14636.090866554983
CI.WBM..HHN,2019-07-06T10:00:00.000000Z,58,100.0,4552.092061379626
CI.WBM..HHN,2019-07-06T11:00:00.000000Z,59,100.0,3880.685373574825
CI.WBM..HHN,2019-07-06T12:00:00.000000Z,60,100.0,1620.9153567564285
CI.WBM..HHN,2019-07-06T13:00:00.000000Z,61,100.0,7131.472835856735
CI.WBM..HHN,2019-07-06T14:00:00.000000Z,62,100.0,549.5376903531675
CI.WBM..HHN,2019-07-06T15:00:00.000000Z,63,100.0,1433.1618899712225
CI.WBM..HHN,2019-07-06T16:00:00.000000Z,64,100.0,2933.5588830757247
CI.WBM..HHN,2019-07-06T17:00:00.000000Z,65,100.0,3599.3399148947283
CI.WBM..HHN,2019-07-06T18:00:00.000000Z,66,100.0,2033.0781337809813
CI.WBM..HHN,2019-07-06T19:00:00.000000Z,67,100.0,963.1251838143278
CI.WBM..HHN,2019-07-06T20:00:00.000000Z,68,100.0,954.3421726631619
CI.WBM..HHN,2019-07-06T21:00:00.000000Z,69,100.0,692.7923878637363
CI.WBM..HHN,2019-07-06T22:00:00.000000Z,70,100.0,471.248349246424
CI.WBM..HHN,2019-07-06T23:00:00.000000Z,71,100.0,10277.707810669743
CI.WBM..HHZ,2019-07-04T00:00:00.000000Z,0,99.99991389115651,94.82879035145217
CI.WBM..HHZ,2019-07-04T01:00:00.000000Z,1,100.0,91.7089094383369
CI.WBM..HHZ,2019-07-04T02:00:00.000000Z,2,100.0,101.1772897356936
CI.WBM..HHZ,2019-07-04T03:00:00.000000Z,3,100.0,100.88626736405385
CI.WBM..HHZ,2019-07-04T04:00:00.000000Z,4,100.0,1680.2399413548465
CI.WBM..HHZ,2019-07-04T05:00:00.000000Z,5,100.0,371.9418208394924
CI.WBM..HHZ,2019-07-04T06:00:00.000000Z,6,100.0,140.59614783985725
CI.WBM..HHZ,2019-07-04T07:00:00.000000Z,7,100.0,116.09856960876031
CI.WBM..HHZ,2019-07-04T08:00:00.000000Z,8,100.0,108.3708445475191
CI.WBM..HHZ,2019-07-04T09:00:00.000000Z,9,100.0,106.26973620665595
CI.WBM..HHZ,2019-07-04T10:00:00.000000Z,10,100.0,97.62032627977965
CI.WBM..HHZ,2019-07-04T11:00:00.000000Z,11,100.0,94.41268775579238
CI.WBM..HHZ,2019-07-04T12:00:00.000000Z,12,100.0,94.15268153704571
CI.WBM..HHZ,2019-07-04T13:00:00.000000Z,13,100.0,79.38644588146748
CI.WBM..HHZ,2019-07-04T14:00:00.000000Z,14,100.0,76.3117123535665
CI.WBM..HHZ,2019-07-04T15:00:00.000000Z,15,100.0,72.07308986554084
CI.WBM..HHZ,2019-07-04T16:00:00.000000Z,16,100.0,75.80733650534732
CI.WBM..HHZ,2019-07-04T17:00:00.000000Z,17,100.0,311089.30965631263
CI.WBM..HHZ,2019-07-04T18:00:00.000000Z,18,100.0,13108.229202065435
CI.WBM..HHZ,2019-07-04T19:00:00.000000Z,19,100.0,5411.987545881391
CI.WBM..HHZ,2019-07-04T20:00:00.000000Z,20,100.0,2440.535156530772
CI.WBM..HHZ,2019-07-04T21:00:00.000000Z,21,100.0,1089.4737463556976
CI.WBM..HHZ,2019-07-04T22:00:00.000000Z,22,100.0,5594.484708610333
CI.WBM..HHZ,2019-07-04T23:00:00.000000Z,23,100.0,2706.552722877379
CI.WBM..HHZ,2019-07-05T00:00:00.000000Z,24,100.0,3590.9490789414212
CI.WBM..HHZ,2019-07-05T01:00:00.000000Z,25,100.0,400.4077214248479
CI.WBM..HHZ,2019-07-05T02:00:00.000000Z,26,100.0,3012.719581670214
CI.WBM..HHZ,2019-07-05T03:00:00.000000Z,27,100.0,655.3588936124695
CI.WBM..HHZ,2019-07-05T04:00:00.000000Z,28,100.0,1033.3476885149983
CI.WBM..HHZ,2019-07-05T05:00:00.000000Z,29,100.0,508.90641252768745
CI.WBM..HHZ,2019-07-05T06:00:00.000000Z,30,100.0,2559.2287596408814
CI.WBM..HHZ,2019-07-05T07:00:00.000000Z,31,100.0,1316.9850150505617
CI.WBM..HHZ,2019-07-05T08:00:00.000000Z,32,100.0,1132.8105264121432
CI.WBM..HHZ,2019-07-05T09:00:00.000000Z,33,100.0,438.7187777455855
CI.WBM..HHZ,2019-07-05T10:00:00.000000Z,34,100.0,1375.653321558998
CI.WBM..HHZ,2019-07-05T11:00:00.000000Z,35,100.0,41510.17103679242
CI.WBM..HHZ,2019-07-05T12:00:00.000000Z,36,100.0,2754.7981955185796
CI.WBM..HHZ,2019-07-05T13:00:00.000000Z,37,100.0,373.1223213566898
CI.WBM..HHZ,2019-07-05T14:00:00.000000Z,38,100.0,1721.9124034940767
CI.WBM..HHZ,2019-07-05T15:00:00.000000Z,39,100.0,321.0720019126339
CI.WBM..HHZ,2019-07-05T16:00:00.000000Z,40,100.0,150.11204799210842
CI.WBM..HHZ,2019-07-05T17:00:00.000000Z,41,100.0,3512.7181860316655
CI.WBM..HHZ,2019-07-05T18:00:00.000000Z,42,100.0,354.0250102040478
CI.WBM..HHZ,2019-07-05T19:00:00.000000Z,43,100.0,149.0597332820157
CI.WBM..HHZ,2019-07-05T20:00:00.000000Z,44,100.0,208.23720022515352
CI.WBM..HHZ,2019-07-05T21:00:00.000000Z,45,100.0,328.58084727511135
CI.WBM..HHZ,2019-07-05T22:00:00.000000Z,46,100.0,285.9382592302635
CI.WBM..HHZ,2019-07-05T23:00:00.000000Z,47,100.0,193.22051010988807
CI.WBM..HHZ,2019-07-06T00:00:00.000000Z,48,100.0,1203.3862586693842
CI.WBM..HHZ,2019-07-06T01:00:00.000000Z,49,100.0,200.26419805166583
CI.WBM..HHZ,2019-07-06T02:00:00.000000Z,50,100.0,277.3942710322176
CI.WBM..HHZ,2019-07-06T03:00:00.000000Z,51,100.0,476554.3076893975
CI.WBM..HHZ,2019-07-06T04:00:00.000000Z,52,100.0,47010.676733633205
CI.WBM..HHZ,2019-07-06T05:00:00.000000Z,53,100.0,6583.425039783923
CI.WBM..HHZ,2019-07-06T06:00:00.000000Z,54,100.0,6012.309719440637
CI.WBM..HHZ,2019-07-06T07:00:00.000000Z,55,100.0,3127.5831932757133
CI.WBM..HHZ,2019-07-06T08:00:00.000000Z,56,100.0,7374.4360533128
CI.WBM..HHZ,2019-07-06T09:00:00.000000Z,57,100.0,10367.677198691783
CI.WBM..HHZ,2019-07-06T10:00:00.000000Z,58,100.0,2964.1463133121115
CI.WBM..HHZ,2019-07-06T11:00:00.000000Z,59,100.0,2679.846213946814
CI.WBM..HHZ,2019-07-06T12:00:00.000000Z,60,100.0,1275.8536677066043
CI.WBM..HHZ,2019-07-06T13:00:00.000000Z,61,100.0,4645.711042978972
CI.WBM..HHZ,2019-07-06T14:00:00.000000Z,62,100.0,484.70080560411435
CI.WBM..HHZ,2019-07-06T15:00:00.000000Z,63,100.0,968.8178021821043
CI.WBM..HHZ,2019-07-06T16:00:00.000000Z,64,100.0,3274.803452231968
CI.WBM..HHZ,2019-07-06T17:00:00.000000Z,65,100.0,2195.5228115065165
CI.WBM..HHZ,2019-07-06T18:00:00.000000Z,66,100.0,1642.2116832064316
CI.WBM..HHZ,2019-07-06T19:00:00.000000Z,67,100.0,755.1473655651989
CI.WBM..HHZ,2019-07-06T20:00:00.000000Z,68,100.0,551.9935493846117
CI.WBM..HHZ,2019-07-06T21:00:00.000000Z,69,100.0,635.9009333572886
CI.WBM..HHZ,2019-07-06T22:00:00.000000Z,70,100.0,387.122371499356
CI.WBM..HHZ,2019-07-06T23:00:00.000000Z,71,100.0,7733.2874605587585
CI.WBS..HHE,2019-07-04T00:00:00.000000Z,0,99.99976944261127,388.4978283011616
CI.WBS..HHE,2019-07-04T01:00:00.000000Z,1,100.0,354.1405032146297
CI.WBS..HHE,2019-07-04T02:00:00.000000Z,2,100.0,509.33799617763094
CI.WBS..HHE,2019-07-04T03:00:00.000000Z,3,100.0,454.36209882668754
CI.WBS..HHE,2019-07-04T04:00:00.000000Z,4,100.0,3082.6194418203004
CI.WBS..HHE,2019-07-04T05:00:00.000000Z,5,100.0,795.0955354369576
CI.WBS..HHE,2019-07-04T06:00:00.000000Z,6,100.0,392.61396428294836
CI.WBS..HHE,2019-07-04T07:00:00.000000Z,7,100.0,259.3220247529893
CI.WBS..HHE,2019-07-04T08:00:00.000000Z,8,100.0,276.64495848072517
CI.WBS..HHE,2019-07-04T09:00:00.000000Z,9,100.0,273.7802143549954
CI.WBS..HHE,2019-07-04T10:00:00.000000Z,10,100.0,260.13142490915357
CI.WBS..HHE,2019-07-04T11:00:00.000000Z,11,100.0,257.2828474880055
CI.WBS..HHE,2019-07-04T12:00:00.000000Z,12,100.0,240.51751742328912
CI.WBS..HHE,2019-07-04T13:00:00.000000Z,13,100.0,236.88201069677416
CI.WBS..HHE,2019-07-04T14:00:00.000000Z,14,100.0,226.2768066770574
CI.WBS..HHE,2019-07-04T15:00:00.000000Z,15,100.0,207.98873183705211
CI.WBS..HHE,2019-07-04T16:00:00.000000Z,16,100.0,191.41588191553802
CI.WBS..HHE,2019-07-04T17:00:00.000000Z,17,100.0,399576.0770162681
CI.WBS..HHE,2019-07-04T18:00:00.000000Z,18,100.0,28208.666347352668
CI.WBS..HHE,2019-07-04T19:00:00.000000Z,19,100.0,16499.30013543729
CI.WBS..HHE,2019-07-04T20:00:00.000000Z,20,100.0,4594.549104862431
CI.WBS..HHE,2019-07-04T21:00:00.000000Z,21,100.0,2172.087251199156
CI.WBS..HHE,2019-07-04T22:00:00.000000Z,22,100.0,12126.543887569931
CI.WBS..HHE,2019-07-04T23:00:00.000000Z,23,100.0,4416.975355447245
CI.WBS..HHE,2019-07-05T00:00:00.000000Z,24,100.0,12248.050662425052
CI.WBS..HHE,2019-07-05T01:00:00.000000Z,25,100.0,714.0117616182523
CI.WBS..HHE,2019-07-05T02:00:00.000000Z,26,100.0,3658.3297720578735
CI.WBS..HHE,2019-07-05T03:00:00.000000Z,27,100.0,1322.9248508234953
CI.WBS..HHE,2019-07-05T04:00:00.000000Z,28,100.0,2626.9872610027214
CI.WBS..HHE,2019-07-05T05:00:00.000000Z,29,100.0,1392.8658554182089
CI.WBS..HHE,2019-07-05T06:00:00.000000Z,30,100.0,2806.8521247177946
CI.WBS..HHE,2019-07-05T07:00:00.000000Z,31,100.0,4920.887037030563
CI.WBS..HHE,2019-07-05T08:00:00.000000Z,32,100.0,2484.769320258924
CI.WBS..HHE,2019-07-05T09:00:00.000000Z,33,100.0,982.0634483978558
CI.WBS..HHE,2019-07-05T10:00:00.000000Z,34,100.0,1684.3398158328105
CI.WBS..HHE,2019-07-05T11:00:00.000000Z,35,100.0,86030.50003450201
CI.WBS..HHE,2019-07-05T12:00:00.000000Z,36,100.0,10178.930854357577
CI.WBS..HHE,2019-07-05T13:00:00.000000Z,37,100.0,854.0205209866674
CI.WBS..HHE,2019-07-05T14:00:00.000000Z,38,100.0,4711.297062011743
CI.WBS..HHE,2019-07-05T15:00:00.000000Z,39,100.0,639.3835733453537
CI.WBS..HHE,2019-07-05T16:00:00.000000Z,40,100.0,359.5547349999626
CI.WBS..HHE,2019-07-05T17:00:00.000000Z,41,100.0,7336.833462203097
CI.WBS..HHE,2019-07-05T18:00:00.000000Z,42,100.0,1313.80419783289
CI.WBS..HHE,2019-07-05T19:00:00.000000Z,43,100.0,434.2578572805668
CI.WBS..HHE,2019-07-05T20:00:00.000000Z,44,100.0,394.3614621202586
CI.WBS..HHE,2019-07-05T21:00:00.000000Z,45,100.0,762.5618147340135
CI.WBS..HHE,2019-07-05T22:00:00.000000Z,46,100.0,870.4664899697455
CI.WBS..HHE,2019-07-05T23:00:00.000000Z,47,100.0,434.0045599446826
CI.WBS..HHE,2019-07-06T00:00:00.000000Z,48,100.0,4202.65228559237
CI.WBS..HHE,2019-07-06T01:00:00.000000Z,49,100.0,368.84838654734097
CI.WBS..HHE,2019-07-06T02:00:00.000000Z,50,100.0,514.9627668367124
CI.WBS..HHE,2019-07-06T03:00:00.000000Z,51,100.0,605814.6600776337
CI.WBS..HHE,2019-07-06T04:00:00.000000Z,52,100.0,134024.29524215692
CI.WBS..HHE,2019-07-06T05:00:00.000000Z,53,100.0,20216.15904845828
CI.WBS..HHE,2019-07-06T06:00:00.000000Z,54,100.0,21424.381110715276
CI.WBS..HHE,2019-07-06T07:00:00.000000Z,55,100.0,9354.282938079603
CI.WBS..HHE,2019-07-06T08:00:00.000000Z,56,100.0,14275.942694011112
CI.WBS..HHE,2019-07-06T09:00:00.000000Z,57,100.0,37934.36601124268
CI.WBS..HHE,2019-07-06T10:00:00.000000Z,58,100.0,6240.886672334373
CI.WBS..HHE,2019-07-06T11:00:00.000000Z,59,100.0,10821.586845404434
CI.WBS..HHE,2019-07-06T12:00:00.000000Z,60,100.0,4900.761854120081
CI.WBS..HHE,2019-07-06T13:00:00.000000Z,61,100.0,12791.659190913426
CI.WBS..HHE,2019-07-06T14:00:00.000000Z,62,100.0,1320.7329607736722
CI.WBS..HHE,2019-07-06T15:00:00.000000Z,63,100.0,3365.0524748046023
CI.WBS..HHE,2019-07-06T16:00:00.000000Z,64,100.0,4595.842164891732
CI.WBS..HHE,2019-07-06T17:00:00.000000Z,65,100.0,9134.43613680539
CI.WBS..HHE,2019-07-06T18:00:00.000000Z,66,100.0,3903.9669225154935
CI.WBS..HHE,2019-07-06T19:00:00.000000Z,67,100.0,2540.4708758073784
CI.WBS..HHE,2019-07-06T20:00:00.000000Z,68,100.0,1513.405043315428
CI.WBS..HHE,2019-07-06T21:00:00.000000Z,69,100.0,2002.1115766450912
CI.WBS..HHE,2019-07-06T22:00:00.000000Z,70,100.0,1057.0026536431212
CI.WBS..HHE,2019-07-06T23:00:00.000000Z,71,100.0,21907.944394336304
CI.WBS..HHN,2019-07-04T00:00:00.000000Z,0,99.99976944261127,478.39867332398416
CI.WBS..HHN,2019-07-04T01:00:00.000000Z,1,100.0,423.4271908731487
CI.WBS..HHN,2019-07-04T02:00:00.000000Z,2,100.0,578.4578823461969
CI.WBS..HHN,2019-07-04T03:00:00.000000Z,3,100.0,532.3797847265179
CI.WBS..HHN,2019-07-04T04:00:00.000000Z,4,100.0,3057.1349282393226
CI.WBS..HHN,2019-07-04T05:00:00.000000Z,5,100.0,776.3696575003602
CI.WBS..HHN,2019-07-04T06:00:00.000000Z,6,100.0,467.94553746223716
CI.WBS..HHN,2019-07-04T07:00:00.000000Z,7,100.0,328.2706675927249
CI.WBS..HHN,2019-07-04T08:00:00.000000Z,8,100.0,353.84351561059657
CI.WBS..HHN,2019-07-04T09:00:00.000000Z,9,100.0,348.2407842658882
CI.WBS..HHN,2019-07-04T10:00:00.000000Z,10,100.0,323.93758483660093
CI.WBS..HHN,2019-07-04T11:00:00.000000Z,11,100.0,316.10292598060255
CI.WBS..HHN,2019-07-04T12:00:00.000000Z,12,100.0,303.3999731803011
CI.WBS..HHN,2019-07-04T13:00:00.000000Z,13,100.0,391.997045112374
CI.WBS..HHN,2019-07-04T14:00:00.000000Z,14,100.0,336.90549216371346
CI.WBS..HHN,2019-07-04T15:00:00.000000Z,15,100.0,294.9623164999779
CI.WBS..HHN,2019-07-04T16:00:00.000000Z,16,100.0,239.2257443046962
CI.WBS..HHN,2019-07-04T17:00:00.000000Z,17,100.0,437743.7506192057
CI.WBS..HHN,2019-07-04T18:00:00.000000Z,18,100.0,28855.753031667526
CI.WBS..HHN,2019-07-04T19:00:00.000000Z,19,100.0,15113.406045740177
CI.WBS..HHN,2019-07-04T20:00:00.000000Z,20,100.0,5529.420766517195
CI.WBS..HHN,2019-07-04T21:00:00.000000Z,21,100.0,2409.4189987398404
CI.WBS..HHN,2019-07-04T22:00:00.000000Z,22,100.0,15137.555232158447
CI.WBS..HHN,2019-07-04T23:00:00.000000Z,23,100.0,4869.001224937123
CI.WBS..HHN,2019-07-05T00:00:00.000000Z,24,100.0,11085.424309876851
CI.WBS..HHN,2019-07-05T01:00:00.000000Z,25,100.0,823.7511843748463
CI.WBS..HHN,2019-07-05T02:00:00.000000Z,26,100.0,3761.140665572476
CI.WBS..HHN,2019-07-05T03:00:00.000000Z,27,100.0,1559.4319161113688
CI.WBS..HHN,2019-07-05T04:00:00.000000Z,28,100.0,2442.0598306537336
CI.WBS..HHN,2019-07-05T05:00:00.000000Z,29,100.0,1525.5746453885558
CI.WBS..HHN,2019-07-05T06:00:00.000000Z,30,100.0,3289.9924249269607
CI.WBS..HHN,2019-07-05T07:00:00.000000Z,31,100.0,5271.916900776735
CI.WBS..HHN,2019-07-05T08:00:00.000000Z,32,100.0,2478.241194007378
CI.WBS..HHN,2019-07-05T09:00:00.000000Z,33,100.0,1133.2928969585976
CI.WBS..HHN,2019-07-05T10:00:00.000000Z,34,100.0,1898.9847466658418
CI.WBS..HHN,2019-07-05T11:00:00.000000Z,35,100.0,91456.02012247843
CI.WBS..HHN,2019-07-05T12:00:00.000000Z,36,100.0,12466.934938274551
CI.WBS..HHN,2019-07-05T13:00:00.000000Z,37,100.0,888.913326348732
CI.WBS..HHN,2019-07-05T14:00:00.000000Z,38,100.0,4498.6408526349605
CI.WBS..HHN,2019-07-05T15:00:00.000000Z,39,100.0,708.2001823240505
CI.WBS..HHN,2019-07-05T16:00:00.000000Z,40,100.0,407.1293079115539
CI.WBS..HHN,2019-07-05T17:00:00.000000Z,41,100.0,12075.84166202339
CI.WBS..HHN,2019-07-05T18:00:00.000000Z,42,100.0,1382.969259390511
CI.WBS..HHN,2019-07-05T19:00:00.000000Z,43,100.0,409.4175492069564
CI.WBS..HHN,2019-07-05T20:00:00.000000Z,44,100.0,470.3624402038372
CI.WBS..HHN,2019-07-05T21:00:00.000000Z,45,100.0,868.523312821881
CI.WBS..HHN,2019-07-05T22:00:00.000000Z,46,100.0,994.4402595251577
CI.WBS..HHN,2019-07-05T23:00:00.000000Z,47,100.0,468.7071200456913
CI.WBS..HHN,2019-07-06T00:00:00.000000Z,48,100.0,4335.001250530321
CI.WBS..HHN,2019-07-06T01:00:00.000000Z,49,100.0,454.528361747691
CI.WBS..HHN,2019-07-06T02:00:00.000000Z,50,100.0,601.7181095058185
CI.WBS..HHN,2019-07-06T03:00:00.000000Z,51,100.0,694322.7005439665
CI.WBS..HHN,2019-07-06T04:00:00.000000Z,52,100.0,137697.35334234976
CI.WBS..HHN,2019-07-06T05:00:00.000000Z,53,100.0,23104.703023384507
CI.WBS..HHN,2019-07-06T06:00:00.000000Z,54,100.0,23003.415275154985
CI.WBS..HHN,2019-07-06T07:00:00.000000Z,55,100.0,10272.264870986388
CI.WBS..HHN,2019-07-06T08:00:00.000000Z,56,100.0,17577.72731283332
CI.WBS..HHN,2019-07-06T09:00:00.000000Z,57,100.0,42011.98903263479
CI.WBS..HHN,2019-07-06T10:00:00.000000Z,58,100.0,6958.364978946141
CI.WBS..HHN,2019-07-06T11:00:00.000000Z,59,100.0,12284.96337912823
CI.WBS..HHN,2019-07-06T12:00:00.000000Z,60,100.0,5486.114828388439
CI.WBS..HHN,2019-07-06T13:00:00.000000Z,61,100.0,12389.001598451094
CI.WBS..HHN,2019-07-06T14:00:00.000000Z,62,100.0,1530.8970966158356
CI.WBS..HHN,2019-07-06T15:00:00.000000Z,63,100.0,3617.0559968984926
CI.WBS..HHN,2019-07-06T16:00:00.000000Z,64,100.0,5386.410751207996
CI.WBS..HHN,2019-07-06T17:00:00.000000Z,65,100.0,9562.531892040748
CI.WBS..HHN,2019-07-06T18:00:00.000000Z,66,100.0,4920.245980501746
CI.WBS..HHN,2019-07-06T19:00:00.000000Z,67,100.0,3007.6840415211504
CI.WBS..HHN,2019-07-06T20:00:00.000000Z,68,100.0,1665.0494032097204
CI.WBS..HHN,2019-07-06T21:00:00.000000Z,69,100.0,2732.4550723233438
CI.WBS..HHN,2019-07-06T22:00:00.000000Z,70,100.0,1221.3196754595688
CI.WBS..HHN,2019-07-06T23:00:00.000000Z,71,100.0,26530.638628114793
CI.WBS..HHZ,2019-07-04T00:00:00.000000Z,0,99.99976944261127,234.28292056971534
CI.WBS..HHZ,2019-07-04T01:00:00.000000Z,1,100.0,212.82455627194344
CI.WBS..HHZ,2019-07-04T02:00:00.000000Z,2,100.0,293.3262968649033
CI.WBS..HHZ,2019-07-04T03:00:00.000000Z,3,100.0,263.45642407301636
CI.WBS..HHZ,2019-07-04T04:00:00.000000Z,4,100.0,2776.097157183304
CI.WBS..HHZ,2019-07-04T05:00:00.000000Z,5,100.0,714.9711948965945
CI.WBS..HHZ,2019-07-04T06:00:00.000000Z,6,100.0,270.26444230660593
CI.WBS..HHZ,2019-07-04T07:00:00.000000Z,7,100.0,171.1181637628293
CI.WBS..HHZ,2019-07-04T08:00:00.000000Z,8,100.0,179.73795506569564
CI.WBS..HHZ,2019-07-04T09:00:00.000000Z,9,100.0,175.3280954144677
CI.WBS..HHZ,2019-07-04T10:00:00.000000Z,10,100.0,170.31683536749588
CI.WBS..HHZ,2019-07-04T11:00:00.000000Z,11,100.0,165.96998972251757
CI.WBS..HHZ,2019-07-04T12:00:00.000000Z,12,100.0,157.3992788853074
CI.WBS..HHZ,2019-07-04T13:00:00.000000Z,13,100.0,153.9539078745137
CI.WBS..HHZ,2019-07-04T14:00:00.000000Z,14,100.0,157.57803886123554
CI.WBS..HHZ,2019-07-04T15:00:00.000000Z,15,100.0,139.81464098454083
CI.WBS..HHZ,2019-07-04T16:00:00.000000Z,16,100.0,122.57310668145834
CI.WBS..HHZ,2019-07-04T17:00:00.000000Z,17,100.0,243932.84823846552
CI.WBS..HHZ,2019-07-04T18:00:00.000000Z,18,100.0,17208.288306841605
CI.WBS..HHZ,2019-07-04T19:00:00.000000Z,19,100.0,8120.902581836331
CI.WBS..HHZ,2019-07-04T20:00:00.000000Z,20,100.0,3241.639712719727
CI.WBS..HHZ,2019-07-04T21:00:00.000000Z,21,100.0,1518.5470754248302
CI.WBS..HHZ,2019-07-04T22:00:00.000000Z,22,100.0,6950.572196862636
CI.WBS..HHZ,2019-07-04T23:00:00.000000Z,23,100.0,2540.052598556174
CI.WBS..HHZ,2019-07-05T00:00:00.000000Z,24,100.0,6652.650300419962
CI.WBS..HHZ,2019-07-05T01:00:00.000000Z,25,100.0,472.6694047164548
CI.WBS..HHZ,2019-07-05T02:00:00.000000Z,26,100.0,2740.5473086591223
CI.WBS..HHZ,2019-07-05T03:00:00.000000Z,27,100.0,884.420768997021
CI.WBS..HHZ,2019-07-05T04:00:00.000000Z,28,100.0,1558.0545500998987
CI.WBS..HHZ,2019-07-05T05:00:00.000000Z,29,100.0,846.3660502441751
CI.WBS..HHZ,2019-07-05T06:00:00.000000Z,30,100.0,1736.0983956949005
CI.WBS..HHZ,2019-07-05T07:00:00.000000Z,31,100.0,4608.708026523087
CI.WBS..HHZ,2019-07-05T08:00:00.000000Z,32,100.0,1544.7684300395129
CI.WBS..HHZ,2019-07-05T09:00:00.000000Z,33,100.0,605.368051533017
CI.WBS..HHZ,2019-07-05T10:00:00.000000Z,34,100.0,1241.7355165122626
CI.WBS..HHZ,2019-07-05T11:00:00.000000Z,35,100.0,57385.47658072521
CI.WBS..HHZ,2019-07-05T12:00:00.000000Z,36,100.0,5220.52613552439
CI.WBS..HHZ,2019-07-05T13:00:00.000000Z,37,100.0,640.863170486228
CI.WBS..HHZ,2019-07-05T14:00:00.000000Z,38,100.0,2861.006609098312
CI.WBS..HHZ,2019-07-05T15:00:00.000000Z,39,100.0,377.5385656816165
CI.WBS..HHZ,2019-07-05T16:00:00.000000Z,40,100.0,254.8999760048628
CI.WBS..HHZ,2019-07-05T17:00:00.000000Z,41,100.0,5777.642804461957
CI.WBS..HHZ,2019-07-05T18:00:00.000000Z,42,100.0,755.3116803396607
CI.WBS..HHZ,2019-07-05T19:00:00.000000Z,43,100.0,304.5137376706417
CI.WBS..HHZ,2019-07-05T20:00:00.000000Z,44,100.0,278.5829902872086
CI.WBS..HHZ,2019-07-05T21:00:00.000000Z,45,100.0,565.7818226035723
CI.WBS..HHZ,2019-07-05T22:00:00.000000Z,46,100.0,527.4621784415729
CI.WBS..HHZ,2019-07-05T23:00:00.000000Z,47,100.0,279.62657836668564
CI.WBS..HHZ,2019-07-06T00:00:00.000000Z,48,100.0,3075.331026688347
CI.WBS..HHZ,2019-07-06T01:00:00.000000Z,49,100.0,317.53646836177177
CI.WBS..HHZ,2019-07-06T02:00:00.000000Z,50,100.0,343.5372566934123
CI.WBS..HHZ,2019-07-06T03:00:00.000000Z,51,100.0,514260.0524471004
CI.WBS..HHZ,2019-07-06T04:00:00.000000Z,52,100.0,59328.254325383816
CI.WBS..HHZ,2019-07-06T05:00:00.000000Z,53,100.0,10972.242366212758
CI.WBS..HHZ,2019-07-06T06:00:00.000000Z,54,100.0,10918.572137566493
CI.WBS..HHZ,2019-07-06T07:00:00.000000Z,55,100.0,5038.763611751869
CI.WBS..HHZ,2019-07-06T08:00:00.000000Z,56,100.0,8932.478287256019
CI.WBS..HHZ,2019-07-06T09:00:00.000000Z,57,100.0,17241.689646116087
CI.WBS..HHZ,2019-07-06T10:00:00.000000Z,58,100.0,3658.966291578991
CI.WBS..HHZ,2019-07-06T11:00:00.000000Z,59,100.0,4501.735555274605
CI.WBS..HHZ,2019-07-06T12:00:00.000000Z,60,100.0,3120.5907879136175
CI.WBS..HHZ,2019-07-06T13:00:00.000000Z,61,100.0,5913.87271301222
CI.WBS..HHZ,2019-07-06T14:00:00.000000Z,62,100.0,860.5401861783737
CI.WBS..HHZ,2019-07-06T15:00:00.000000Z,63,100.0,1973.6275814427238
CI.WBS..HHZ,2019-07-06T16:00:00.000000Z,64,100.0,2944.122202637145
CI.WBS..HHZ,2019-07-06T17:00:00.000000Z,65,100.0,4325.381194641619
CI.WBS..HHZ,2019-07-06T18:00:00.000000Z,66,100.0,2387.2344857836533
CI.WBS..HHZ,2019-07-06T19:00:00.000000Z,67,100.0,1573.896624511334
CI.WBS..HHZ,2019-07-06T20:00:00.000000Z,68,100.0,998.3389337502671
CI.WBS..HHZ,2019-07-06T21:00:00.000000Z,69,100.0,1276.8934824080404
CI.WBS..HHZ,2019-07-06T22:00:00.000000Z,70,100.0,728.4760465402517
CI.WBS..HHZ,2019-07-06T23:00:00.000000Z,71,100.0,12918.795503786174
CI.WCS2..HHE,2019-07-04T00:00:00.000000Z,0,99.99976944261127,363.4198932923606
CI.WCS2..HHE,2019-07-04T01:00:00.000000Z,1,100.0,340.8693910470267
CI.WCS2..HHE,2019-07-04T02:00:00.000000Z,2,100.0,341.98813431139826
CI.WCS2..HHE,2019-07-04T03:00:00.000000Z,3,100.0,316.92572619297994
CI.WCS2..HHE,2019-07-04T04:00:00.000000Z,4,100.0,4685.004261648573
CI.WCS2..HHE,2019-07-04T05:00:00.000000Z,5,100.0,794.2808084865535
CI.WCS2..HHE,2019-07-04T06:00:00.000000Z,6,100.0,336.9187676598328
CI.WCS2..HHE,2019-07-04T07:00:00.000000Z,7,100.0,324.73989147374857
CI.WCS2..HHE,2019-07-04T08:00:00.000000Z,8,100.0,312.14306437023004
CI.WCS2..HHE,2019-07-04T09:00:00.000000Z,9,100.0,317.81370717539926
CI.WCS2..HHE,2019-07-04T10:00:00.000000Z,10,100.0,314.726959206519
CI.WCS2..HHE,2019-07-04T11:00:00.000000Z,11,100.0,323.89128186329094
CI.WCS2..HHE,2019-07-04T12:00:00.000000Z,12,100.0,314.24176147032426
CI.WCS2..HHE,2019-07-04T13:00:00.000000Z,13,100.0,322.2208025644925
CI.WCS2..HHE,2019-07-04T14:00:00.000000Z,14,100.0,314.8276577894852
CI.WCS2..HHE,2019-07-04T15:00:00.000000Z,15,100.0,324.3182795224003
CI.WCS2..HHE,2019-07-04T16:00:00.000000Z,16,100.0,337.5811272972424
CI.WCS2..HHE,2019-07-04T17:00:00.000000Z,17,100.0,414906.98822394747
CI.WCS2..HHE,2019-07-04T18:00:00.000000Z,18,100.0,34872.529856961824
CI.WCS2..HHE,2019-07-04T19:00:00.000000Z,19,100.0,18411.688618101576
CI.WCS2..HHE,2019-07-04T20:00:00.000000Z,20,100.0,6270.691721372683
CI.WCS2..HHE,2019-07-04T21:00:00.000000Z,21,100.0,2341.5950585828286
CI.WCS2..HHE,2019-07-04T22:00:00.000000Z,22,100.0,12444.324851002206
CI.WCS2..HHE,2019-07-04T23:00:00.000000Z,23,100.0,4949.166892483621
CI.WCS2..HHE,2019-07-05T00:00:00.000000Z,24,100.0,14303.033331544646
CI.WCS2..HHE,2019-07-05T01:00:00.000000Z,25,100.0,937.7304148757767
CI.WCS2..HHE,2019-07-05T02:00:00.000000Z,26,100.0,3467.2017828921867
CI.WCS2..HHE,2019-07-05T03:00:00.000000Z,27,100.0,1477.6133145948643
CI.WCS2..HHE,2019-07-05T04:00:00.000000Z,28,100.0,2655.069720845107
CI.WCS2..HHE,2019-07-05T05:00:00.000000Z,29,100.0,1717.9231796139284
CI.WCS2..HHE,2019-07-05T06:00:00.000000Z,30,100.0,2582.139429529125
CI.WCS2..HHE,2019-07-05T07:00:00.000000Z,31,100.0,3577.1401553967535
CI.WCS2..HHE,2019-07-05T08:00:00.000000Z,32,100.0,2409.5546121599864
CI.WCS2..HHE,2019-07-05T09:00:00.000000Z,33,100.0,1347.0201343863423
CI.WCS2..HHE,2019-07-05T10:00:00.000000Z,34,100.0,1388.7073868853165
CI.WCS2..HHE,2019-07-05T11:00:00.000000Z,35,100.0,79590.12315153195
CI.WCS2..HHE,2019-07-05T12:00:00.000000Z,36,100.0,10868.947422983681
CI.WCS2..HHE,2019-07-05T13:00:00.000000Z,37,100.0,1175.8538170123254
CI.WCS2..HHE,2019-07-05T14:00:00.000000Z,38,100.0,3310.7570382610734
CI.WCS2..HHE,2019-07-05T15:00:00.000000Z,39,100.0,794.1684600528647
CI.WCS2..HHE,2019-07-05T16:00:00.000000Z,40,100.0,523.5334879307039
CI.WCS2..HHE,2019-07-05T17:00:00.000000Z,41,100.0,5011.748904891069
CI.WCS2..HHE,2019-07-05T18:00:00.000000Z,42,100.0,2369.120028783919
CI.WCS2..HHE,2019-07-05T19:00:00.000000Z,43,100.0,540.1713002709573
CI.WCS2..HHE,2019-07-05T20:00:00.000000Z,44,100.0,677.9144621595648
CI.WCS2..HHE,2019-07-05T21:00:00.000000Z,45,100.0,872.3721883585491
CI.WCS2..HHE,2019-07-05T22:00:00.000000Z,46,100.0,1032.114474283105
CI.WCS2..HHE,2019-07-05T23:00:00.000000Z,47,100.0,607.4428695856742
CI.WCS2..HHE,2019-07-06T00:00:00.000000Z,48,100.0,5639.410766580662
CI.WCS2..HHE,2019-07-06T01:00:00.000000Z,49,100.0,519.2956123355062
CI.WCS2..HHE,2019-07-06T02:00:00.000000Z,50,100.0,665.7403086051809
CI.WCS2..HHE,2019-07-06T03:00:00.000000Z,51,100.0,851821.4116813582
CI.WCS2..HHE,2019-07-06T04:00:00.000000Z,52,100.0,255509.08555473798
CI.WCS2..HHE,2019-07-06T05:00:00.000000Z,53,100.0,46735.566495730534
CI.WCS2..HHE,2019-07-06T06:00:00.000000Z,54,99.99500000370851,79484.32026360628
CI.WCS2..HHE,2019-07-06T07:00:00.000000Z,55,100.0,38596.310554008945
CI.WCS2..HHE,2019-07-06T08:00:00.000000Z,56,99.98833333359815,27716.17962314688
CI.WCS2..HHE,2019-07-06T09:00:00.000000Z,57,100.0,172469.90745078132
CI.WCS2..HHE,2019-07-06T10:00:00.000000Z,58,100.0,17394.617811059394
CI.WCS2..HHE,2019-07-06T11:00:00.000000Z,59,100.0,19349.854227797943
CI.WCS2..HHE,2019-07-06T12:00:00.000000Z,60,100.0,11725.359783472595
CI.WCS2..HHE,2019-07-06T13:00:00.000000Z,61,100.0,41616.45047535528
CI.WCS2..HHE,2019-07-06T14:00:00.000000Z,62,100.0,8117.858574523171
CI.WCS2..HHE,2019-07-06T15:00:00.000000Z,63,100.0,30278.641920428527
CI.WCS2..HHE,2019-07-06T16:00:00.000000Z,64,100.0,10222.755385502274
CI.WCS2..HHE,2019-07-06T17:00:00.000000Z,65,100.0,24326.324850626494
CI.WCS2..HHE,2019-07-06T18:00:00.000000Z,66,100.0,21109.455323410253
CI.WCS2..HHE,2019-07-06T19:00:00.000000Z,67,99.99333332830025,9234.714763320926
CI.WCS2..HHE,2019-07-06T20:00:00.000000Z,68,100.0,5447.684050553671
CI.WCS2..HHE,2019-07-06T21:00:00.000000Z,69,100.0,6788.59000694041
CI.WCS2..HHE,2019-07-06T22:00:00.000000Z,70,100.0,7682.551162314694
CI.WCS2..HHE,2019-07-06T23:00:00.000000Z,71,99.99277777777752,41268.699351193805
CI.WCS2..HHN,2019-07-04T00:00:00.000000Z,0,99.99976944261127,288.17654576789766
CI.WCS2..HHN,2019-07-04T01:00:00.000000Z,1,100.0,256.19991860582127
CI.WCS2..HHN,2019-07-04T02:00:00.000000Z,2,100.0,262.98082608979485
CI.WCS2..HHN,2019-07-04T03:00:00.000000Z,3,100.0,246.7695348443472
CI.WCS2..HHN,2019-07-04T04:00:00.000000Z,4,100.0,4245.177354546638
CI.WCS2..HHN,2019-07-04T05:00:00.000000Z,5,100.0,755.0764603947683
CI.WCS2..HHN,2019-07-04T06:00:00.000000Z,6,100.0,273.12252684578516
CI.WCS2..HHN,2019-07-04T07:00:00.000000Z,7,100.0,253.14083377715727
CI.WCS2..HHN,2019-07-04T08:00:00.000000Z,8,100.0,245.31795224056032
CI.WCS2..HHN,2019-07-04T09:00:00.000000Z,9,100.0,246.9318259351807
CI.WCS2..HHN,2019-07-04T10:00:00.000000Z,10,100.0,244.3924298579067
CI.WCS2..HHN,2019-07-04T11:00:00.000000Z,11,100.0,247.1503270739781
CI.WCS2..HHN,2019-07-04T12:00:00.000000Z,12,100.0,244.2762102291043
CI.WCS2..HHN,2019-07-04T13:00:00.000000Z,13,100.0,254.29708120107887
CI.WCS2..HHN,2019-07-04T14:00:00.000000Z,14,100.0,245.49216955513631
CI.WCS2..HHN,2019-07-04T15:00:00.000000Z,15,100.0,242.80284081709397
CI.WCS2..HHN,2019-07-04T16:00:00.000000Z,16,100.0,255.73148743340258
CI.WCS2..HHN,2019-07-04T17:00:00.000000Z,17,100.0,446510.9304300771
CI.WCS2..HHN,2019-07-04T18:00:00.000000Z,18,100.0,32900.00936765944
CI.WCS2..HHN,2019-07-04T19:00:00.000000Z,19,100.0,18606.705459151337
CI.WCS2..HHN,2019-07-04T20:00:00.000000Z,20,100.0,5932.426023959329
CI.WCS2..HHN,2019-07-04T21:00:00.000000Z,21,100.0,2152.3099690072922
CI.WCS2..HHN,2019-07-04T22:00:00.000000Z,22,100.0,11163.751764289193
CI.WCS2..HHN,2019-07-04T23:00:00.000000Z,23,100.0,4659.3548427929045
CI.WCS2..HHN,2019-07-05T00:00:00.000000Z,24,100.0,13189.938240256593
CI.WCS2..HHN,2019-07-05T01:00:00.000000Z,25,100.0,834.6306385965231
CI.WCS2..HHN,2019-07-05T02:00:00.000000Z,26,100.0,3237.1782444400005
CI.WCS2..HHN,2019-07-05T03:00:00.000000Z,27,100.0,1238.2314849024085
CI.WCS2..HHN,2019-07-05T04:00:00.000000Z,28,100.0,2430.3956560881757
CI.WCS2..HHN,2019-07-05T05:00:00.000000Z,29,100.0,1710.6844881964175
CI.WCS2..HHN,2019-07-05T06:00:00.000000Z,30,100.0,2330.103054208429
CI.WCS2..HHN,2019-07-05T07:00:00.000000Z,31,100.0,3112.5022059033363
CI.WCS2..HHN,2019-07-05T08:00:00.000000Z,32,100.0,2201.9193455324557
CI.WCS2..HHN,2019-07-05T09:00:00.000000Z,33,100.0,1178.1032581771558
CI.WCS2..HHN,2019-07-05T10:00:00.000000Z,34,100.0,1273.7767540656296
CI.WCS2..HHN,2019-07-05T11:00:00.000000Z,35,100.0,64884.27328820815
CI.WCS2..HHN,2019-07-05T12:00:00.000000Z,36,100.0,9918.119495008714
CI.WCS2..HHN,2019-07-05T13:00:00.000000Z,37,100.0,1080.6770826627978
CI.WCS2..HHN,2019-07-05T14:00:00.000000Z,38,100.0,2893.86039159038
CI.WCS2..HHN,2019-07-05T15:00:00.000000Z,39,100.0,682.1291785771975
CI.WCS2..HHN,2019-07-05T16:00:00.000000Z,40,100.0,460.22391025043765
CI.WCS2..HHN,2019-07-05T17:00:00.000000Z,41,100.0,5108.120473902721
CI.WCS2..HHN,2019-07-05T18:00:00.000000Z,42,100.0,2184.583539674782
CI.WCS2..HHN,2019-07-05T19:00:00.000000Z,43,100.0,452.25531208454055
CI.WCS2..HHN,2019-07-05T20:00:00.000000Z,44,100.0,576.6871505855415
CI.WCS2..HHN,2019-07-05T21:00:00.000000Z,45,100.0,836.2141175736065
CI.WCS2..HHN,2019-07-05T22:00:00.000000Z,46,100.0,918.4047638125813
CI.WCS2..HHN,2019-07-05T23:00:00.000000Z,47,100.0,513.0950483670597
CI.WCS2..HHN,2019-07-06T00:00:00.000000Z,48,100.0,5084.068015588144
CI.WCS2..HHN,2019-07-06T01:00:00.000000Z,49,100.0,450.31451076656737
CI.WCS2..HHN,2019-07-06T02:00:00.000000Z,50,100.0,596.5561487123346
CI.WCS2..HHN,2019-07-06T03:00:00.000000Z,51,100.0,820276.4220822708
CI.WCS2..HHN,2019-07-06T04:00:00.000000Z,52,100.0,273188.7661064219
CI.WCS2..HHN,2019-07-06T05:00:00.000000Z,53,100.0,43217.05815578287
CI.WCS2..HHN,2019-07-06T06:00:00.000000Z,54,99.99527778122138,70085.91601442409
CI.WCS2..HHN,2019-07-06T07:00:00.000000Z,55,99.98833333333297,31931.45328678847
CI.WCS2..HHN,2019-07-06T08:00:00.000000Z,56,99.9955555552903,21710.39502892119
CI.WCS2..HHN,2019-07-06T09:00:00.000000Z,57,100.0,132564.34789633765
CI.WCS2..HHN,2019-07-06T10:00:00.000000Z,58,100.0,15890.909310039478
CI.WCS2..HHN,2019-07-06T11:00:00.000000Z,59,100.0,17427.38405720088
CI.WCS2..HHN,2019-07-06T12:00:00.000000Z,60,100.0,10656.167141381693
CI.WCS2..HHN,2019-07-06T13:00:00.000000Z,61,100.0,31192.556518231002
CI.WCS2..HHN,2019-07-06T14:00:00.000000Z,62,100.0,7712.022072549435
CI.WCS2..HHN,2019-07-06T15:00:00.000000Z,63,100.0,28298.592744522928
CI.WCS2..HHN,2019-07-06T16:00:00.000000Z,64,100.0,10401.575103412088
CI.WCS2..HHN,2019-07-06T17:00:00.000000Z,65,100.0,19937.61385305705
CI.WCS2..HHN,2019-07-06T18:00:00.000000Z,66,100.0,14744.088667416096
CI.WCS2..HHN,2019-07-06T19:00:00.000000Z,67,99.990555551317,8879.72487027394
CI.WCS2..HHN,2019-07-06T20:00:00.000000Z,68,99.98944444444432,4976.484537019859
CI.WCS2..HHN,2019-07-06T21:00:00.000000Z,69,99.99861111111143,6167.935651439976
CI.WCS2..HHN,2019-07-06T22:00:00.000000Z,70,100.0,6718.7942873343845
CI.WCS2..HHN,2019-07-06T23:00:00.000000Z,71,100.0,36390.67856444567
CI.WCS2..HHZ,2019-07-04T00:00:00.000000Z,0,99.99976944261127,168.93369862097936
CI.WCS2..HHZ,2019-07-04T01:00:00.000000Z,1,100.0,158.80596915686678
CI.WCS2..HHZ,2019-07-04T02:00:00.000000Z,2,100.0,155.60407780901485
CI.WCS2..HHZ,2019-07-04T03:00:00.000000Z,3,100.0,152.67282998092253
CI.WCS2..HHZ,2019-07-04T04:00:00.000000Z,4,100.0,6453.50460329766
CI.WCS2..HHZ,2019-07-04T05:00:00.000000Z,5,100.0,887.5492368801378
CI.WCS2..HHZ,2019-07-04T06:00:00.000000Z,6,100.0,248.4760127999789
CI.WCS2..HHZ,2019-07-04T07:00:00.000000Z,7,100.0,170.91566608880098
CI.WCS2..HHZ,2019-07-04T08:00:00.000000Z,8,100.0,156.63647386942884
CI.WCS2..HHZ,2019-07-04T09:00:00.000000Z,9,100.0,157.12558822953426
CI.WCS2..HHZ,2019-07-04T10:00:00.000000Z,10,100.0,155.96572400540714
CI.WCS2..HHZ,2019-07-04T11:00:00.000000Z,11,100.0,159.19637060305578
CI.WCS2..HHZ,2019-07-04T12:00:00.000000Z,12,100.0,155.49022583238886
CI.WCS2..HHZ,2019-07-04T13:00:00.000000Z,13,100.0,156.45613132238825
CI.WCS2..HHZ,2019-07-04T14:00:00.000000Z,14,100.0,155.80232367417423
CI.WCS2..HHZ,2019-07-04T15:00:00.000000Z,15,100.0,152.6565663479556
CI.WCS2..HHZ,2019-07-04T16:00:00.000000Z,16,100.0,157.77467893036732
CI.WCS2..HHZ,2019-07-04T17:00:00.000000Z,17,100.0,231141.41954479276
CI.WCS2..HHZ,2019-07-04T18:00:00.000000Z,18,100.0,20756.86653466381
CI.WCS2..HHZ,2019-07-04T19:00:00.000000Z,19,100.0,9028.230041771385
CI.WCS2..HHZ,2019-07-04T20:00:00.000000Z,20,100.0,4160.380283928154
CI.WCS2..HHZ,2019-07-04T21:00:00.000000Z,21,100.0,1256.668292746512
CI.WCS2..HHZ,2019-07-04T22:00:00.000000Z,22,100.0,6483.462242007928
CI.WCS2..HHZ,2019-07-04T23:00:00.000000Z,23,100.0,2717.2703944056816
CI.WCS2..HHZ,2019-07-05T00:00:00.000000Z,24,100.0,7547.391464440481
CI.WCS2..HHZ,2019-07-05T01:00:00.000000Z,25,100.0,506.8836512474052
CI.WCS2..HHZ,2019-07-05T02:00:00.000000Z,26,100.0,2160.19799520853
CI.WCS2..HHZ,2019-07-05T03:00:00.000000Z,27,100.0,782.2462322862813
CI.WCS2..HHZ,2019-07-05T04:00:00.000000Z,28,100.0,1537.7227523451754
CI.WCS2..HHZ,2019-07-05T05:00:00.000000Z,29,100.0,1247.0604954518371
CI.WCS2..HHZ,2019-07-05T06:00:00.000000Z,30,100.0,1421.9277034902289
CI.WCS2..HHZ,2019-07-05T07:00:00.000000Z,31,100.0,2242.226187603922
CI.WCS2..HHZ,2019-07-05T08:00:00.000000Z,32,100.0,1302.6160720877938
CI.WCS2..HHZ,2019-07-05T09:00:00.000000Z,33,100.0,764.918796571072
CI.WCS2..HHZ,2019-07-05T10:00:00.000000Z,34,100.0,799.4671692899291
CI.WCS2..HHZ,2019-07-05T11:00:00.000000Z,35,100.0,38634.545382725235
CI.WCS2..HHZ,2019-07-05T12:00:00.000000Z,36,100.0,5399.511379047182
CI.WCS2..HHZ,2019-07-05T13:00:00.000000Z,37,100.0,948.0809459544217
CI.WCS2..HHZ,2019-07-05T14:00:00.000000Z,38,100.0,1722.4173925928078
CI.WCS2..HHZ,2019-07-05T15:00:00.000000Z,39,100.0,406.78991203014664
CI.WCS2..HHZ,2019-07-05T16:00:00.000000Z,40,100.0,285.52387429748137
CI.WCS2..HHZ,2019-07-05T17:00:00.000000Z,41,100.0,2703.65118314904
CI.WCS2..HHZ,2019-07-05T18:00:00.000000Z,42,100.0,1647.444786255671
CI.WCS2..HHZ,2019-07-05T19:00:00.000000Z,43,100.0,282.4553270794536
CI.WCS2..HHZ,2019-07-05T20:00:00.000000Z,44,100.0,346.2564687743506
CI.WCS2..HHZ,2019-07-05T21:00:00.000000Z,45,100.0,467.1850866244799
CI.WCS2..HHZ,2019-07-05T22:00:00.000000Z,46,100.0,553.6874972000802
CI.WCS2..HHZ,2019-07-05T23:00:00.000000Z,47,100.0,311.63797883271354
CI.WCS2..HHZ,2019-07-06T00:00:00.000000Z,48,100.0,3306.098549981458
CI.WCS2..HHZ,2019-07-06T01:00:00.000000Z,49,100.0,275.53648251579364
CI.WCS2..HHZ,2019-07-06T02:00:00.000000Z,50,100.0,363.2005868961102
CI.WCS2..HHZ,2019-07-06T03:00:00.000000Z,51,100.0,604592.4075248208
CI.WCS2..HHZ,2019-07-06T04:00:00.000000Z,52,100.0,277031.4128223254
CI.WCS2..HHZ,2019-07-06T05:00:00.000000Z,53,100.0,28309.21360503366
CI.WCS2..HHZ,2019-07-06T06:00:00.000000Z,54,99.99500000370851,46327.724854823144
CI.WCS2..HHZ,2019-07-06T07:00:00.000000Z,55,99.99277777300934,19473.956286462046
CI.WCS2..HHZ,2019-07-06T08:00:00.000000Z,56,100.0,12921.819357005788
CI.WCS2..HHZ,2019-07-06T09:00:00.000000Z,57,100.0,87344.38034372617
CI.WCS2..HHZ,2019-07-06T10:00:00.000000Z,58,100.0,9385.254397114
CI.WCS2..HHZ,2019-07-06T11:00:00.000000Z,59,100.0,11892.456713524814
CI.WCS2..HHZ,2019-07-06T12:00:00.000000Z,60,100.0,6428.586398253651
CI.WCS2..HHZ,2019-07-06T13:00:00.000000Z,61,100.0,22934.44032622399
CI.WCS2..HHZ,2019-07-06T14:00:00.000000Z,62,100.0,4199.603467980532
CI.WCS2..HHZ,2019-07-06T15:00:00.000000Z,63,100.0,11771.772936716387
CI.WCS2..HHZ,2019-07-06T16:00:00.000000Z,64,100.0,5537.1513567556285
CI.WCS2..HHZ,2019-07-06T17:00:00.000000Z,65,100.0,13377.837148976023
CI.WCS2..HHZ,2019-07-06T18:00:00.000000Z,66,100.0,11097.541582371345
CI.WCS2..HHZ,2019-07-06T19:00:00.000000Z,67,100.0,4873.523909290967
CI.WCS2..HHZ,2019-07-06T20:00:00.000000Z,68,99.99361111111082,2994.0362013710705
CI.WCS2..HHZ,2019-07-06T21:00:00.000000Z,69,100.0,3709.5836787608955
CI.WCS2..HHZ,2019-07-06T22:00:00.000000Z,70,99.9891666703754,4428.103673891294
CI.WCS2..HHZ,2019-07-06T23:00:00.000000Z,71,100.0,22253.583477262273
CI.WHF..HHE,2019-07-04T00:00:00.000000Z,0,99.99976944261127,76.50319846690508
CI.WHF..HHE,2019-07-04T01:00:00.000000Z,1,100.0,74.63153037725353
CI.WHF..HHE,2019-07-04T02:00:00.000000Z,2,100.0,75.62073134050704
CI.WHF..HHE,2019-07-04T03:00:00.000000Z,3,100.0,68.08822571546825
CI.WHF..HHE,2019-07-04T04:00:00.000000Z,4,100.0,3179.2347050003136
CI.WHF..HHE,2019-07-04T05:00:00.000000Z,5,100.0,689.6912431499229
CI.WHF..HHE,2019-07-04T06:00:00.000000Z,6,100.0,144.82160539866211
CI.WHF..HHE,2019-07-04T07:00:00.000000Z,7,100.0,78.43631891798879
CI.WHF..HHE,2019-07-04T08:00:00.000000Z,8,100.0,65.42287737998957
CI.WHF..HHE,2019-07-04T09:00:00.000000Z,9,100.0,64.25151679303363
CI.WHF..HHE,2019-07-04T10:00:00.000000Z,10,100.0,65.65415162096625
CI.WHF..HHE,2019-07-04T11:00:00.000000Z,11,100.0,64.96766578639588
CI.WHF..HHE,2019-07-04T12:00:00.000000Z,12,100.0,64.17855696000699
CI.WHF..HHE,2019-07-04T13:00:00.000000Z,13,100.0,69.08263337629313
CI.WHF..HHE,2019-07-04T14:00:00.000000Z,14,100.0,71.00790691900673
CI.WHF..HHE,2019-07-04T15:00:00.000000Z,15,100.0,66.25753838924408
CI.WHF..HHE,2019-07-04T16:00:00.000000Z,16,100.0,77.17389138077381
CI.WHF..HHE,2019-07-04T17:00:00.000000Z,17,100.0,325681.5108893048
CI.WHF..HHE,2019-07-04T18:00:00.000000Z,18,100.0,19129.903758883964
CI.WHF..HHE,2019-07-04T19:00:00.000000Z,19,100.0,12040.072790890452
CI.WHF..HHE,2019-07-04T20:00:00.000000Z,20,100.0,4195.33204625854
CI.WHF..HHE,2019-07-04T21:00:00.000000Z,21,100.0,1453.6971773452262
CI.WHF..HHE,2019-07-04T22:00:00.000000Z,22,100.0,9004.826403612411
CI.WHF..HHE,2019-07-04T23:00:00.000000Z,23,100.0,3922.18599347218
CI.WHF..HHE,2019-07-05T00:00:00.000000Z,24,100.0,10314.007092868958
CI.WHF..HHE,2019-07-05T01:00:00.000000Z,25,100.0,593.5196172685509
CI.WHF..HHE,2019-07-05T02:00:00.000000Z,26,100.0,3499.860553401354
CI.WHF..HHE,2019-07-05T03:00:00.000000Z,27,100.0,1191.2046668156572
CI.WHF..HHE,2019-07-05T04:00:00.000000Z,28,100.0,2061.2567901151833
CI.WHF..HHE,2019-07-05T05:00:00.000000Z,29,100.0,1172.7086868546478
CI.WHF..HHE,2019-07-05T06:00:00.000000Z,30,100.0,4344.059351843698
CI.WHF..HHE,2019-07-05T07:00:00.000000Z,31,100.0,2297.092514285444
CI.WHF..HHE,2019-07-05T08:00:00.000000Z,32,100.0,1558.1012157579216
CI.WHF..HHE,2019-07-05T09:00:00.000000Z,33,100.0,761.9470472249155
CI.WHF..HHE,2019-07-05T10:00:00.000000Z,34,100.0,835.7445722852293
CI.WHF..HHE,2019-07-05T11:00:00.000000Z,35,100.0,41775.40647607945
CI.WHF..HHE,2019-07-05T12:00:00.000000Z,36,100.0,8741.402287587747
CI.WHF..HHE,2019-07-05T13:00:00.000000Z,37,100.0,609.4502035018937
CI.WHF..HHE,2019-07-05T14:00:00.000000Z,38,100.0,2643.2421825871384
CI.WHF..HHE,2019-07-05T15:00:00.000000Z,39,100.0,487.77692775596574
CI.WHF..HHE,2019-07-05T16:00:00.000000Z,40,100.0,232.74816733654623
CI.WHF..HHE,2019-07-05T17:00:00.000000Z,41,100.0,3443.810735055729
CI.WHF..HHE,2019-07-05T18:00:00.000000Z,42,100.0,1371.0979752369483
CI.WHF..HHE,2019-07-05T19:00:00.000000Z,43,100.0,192.3880898855032
CI.WHF..HHE,2019-07-05T20:00:00.000000Z,44,100.0,301.43640390280376
CI.WHF..HHE,2019-07-05T21:00:00.000000Z,45,100.0,504.23908740478385
CI.WHF..HHE,2019-07-05T22:00:00.000000Z,46,100.0,618.0495168553498
CI.WHF..HHE,2019-07-05T23:00:00.000000Z,47,100.0,318.11703896178216
CI.WHF..HHE,2019-07-06T00:00:00.000000Z,48,100.0,3173.664360501763
CI.WHF..HHE,2019-07-06T01:00:00.000000Z,49,100.0,234.09104268731755
CI.WHF..HHE,2019-07-06T02:00:00.000000Z,50,100.0,447.02356833010487
CI.WHF..HHE,2019-07-06T03:00:00.000000Z,51,100.0,3885014.4250550633
CI.WHF..HHE,2019-07-06T04:00:00.000000Z,52,100.0,79428.99346153456
CI.WHF..HHE,2019-07-06T05:00:00.000000Z,53,100.0,11625.828245696626
CI.WHF..HHE,2019-07-06T06:00:00.000000Z,54,100.0,19149.423268281804
CI.WHF..HHE,2019-07-06T07:00:00.000000Z,55,100.0,7465.096274182437
CI.WHF..HHE,2019-07-06T08:00:00.000000Z,56,100.0,7646.342711858232
CI.WHF..HHE,2019-07-06T09:00:00.000000Z,57,100.0,36276.22012453113
CI.WHF..HHE,2019-07-06T10:00:00.000000Z,58,100.0,5361.891593545835
CI.WHF..HHE,2019-07-06T11:00:00.000000Z,59,100.0,5043.3498633101
CI.WHF..HHE,2019-07-06T12:00:00.000000Z,60,100.0,2402.17737167762
CI.WHF..HHE,2019-07-06T13:00:00.000000Z,61,100.0,8995.556165060058
CI.WHF..HHE,2019-07-06T14:00:00.000000Z,62,100.0,852.3358025523156
CI.WHF..HHE,2019-07-06T15:00:00.000000Z,63,100.0,4025587.506569659
CI.WHF..HHE,2019-07-06T16:00:00.000000Z,64,100.0,4025.2567605759073
CI.WHF..HHE,2019-07-06T17:00:00.000000Z,65,100.0,9855.69234735949
CI.WHF..HHE,2019-07-06T18:00:00.000000Z,66,100.0,4558.748517771428
CI.WHF..HHE,2019-07-06T19:00:00.000000Z,67,100.0,3038.4057135957046
CI.WHF..HHE,2019-07-06T20:00:00.000000Z,68,100.0,1546.0289524702891
CI.WHF..HHE,2019-07-06T21:00:00.000000Z,69,100.0,2048.705866294961
CI.WHF..HHE,2019-07-06T22:00:00.000000Z,70,100.0,932.5441955542507
CI.WHF..HHE,2019-07-06T23:00:00.000000Z,71,100.0,21397.14318874682
CI.WHF..HHN,2019-07-04T00:00:00.000000Z,0,99.99976944261127,80.40490623094756
CI.WHF..HHN,2019-07-04T01:00:00.000000Z,1,100.0,78.69424301530472
CI.WHF..HHN,2019-07-04T02:00:00.000000Z,2,100.0,76.28865820845644
CI.WHF..HHN,2019-07-04T03:00:00.000000Z,3,100.0,66.56501357367931
CI.WHF..HHN,2019-07-04T04:00:00.000000Z,4,100.0,2704.1019153215902
CI.WHF..HHN,2019-07-04T05:00:00.000000Z,5,100.0,593.9345598454273
CI.WHF..HHN,2019-07-04T06:00:00.000000Z,6,100.0,118.56403274146204
CI.WHF..HHN,2019-07-04T07:00:00.000000Z,7,100.0,73.08236947090015
CI.WHF..HHN,2019-07-04T08:00:00.000000Z,8,100.0,64.42808471250723
CI.WHF..HHN,2019-07-04T09:00:00.000000Z,9,100.0,65.05980935189902
CI.WHF..HHN,2019-07-04T10:00:00.000000Z,10,100.0,63.15207660036862
CI.WHF..HHN,2019-07-04T11:00:00.000000Z,11,100.0,62.85110091723862
CI.WHF..HHN,2019-07-04T12:00:00.000000Z,12,100.0,63.82092757985903
CI.WHF..HHN,2019-07-04T13:00:00.000000Z,13,100.0,66.42495089058767
CI.WHF..HHN,2019-07-04T14:00:00.000000Z,14,100.0,63.38977513501697
CI.WHF..HHN,2019-07-04T15:00:00.000000Z,15,100.0,61.46036821976557
CI.WHF..HHN,2019-07-04T16:00:00.000000Z,16,100.0,79.90114403587255
CI.WHF..HHN,2019-07-04T17:00:00.000000Z,17,100.0,346182.8196354962
CI.WHF..HHN,2019-07-04T18:00:00.000000Z,18,100.0,24012.227126350655
CI.WHF..HHN,2019-07-04T19:00:00.000000Z,19,100.0,17656.403174002273
CI.WHF..HHN,2019-07-04T20:00:00.000000Z,20,100.0,4699.150831063374
CI.WHF..HHN,2019-07-04T21:00:00.000000Z,21,100.0,1714.6131283403752
CI.WHF..HHN,2019-07-04T22:00:00.000000Z,22,100.0,10718.842217521207
CI.WHF..HHN,2019-07-04T23:00:00.000000Z,23,100.0,4701.717282819166
CI.WHF..HHN,2019-07-05T00:00:00.000000Z,24,100.0,10921.653543930268
CI.WHF..HHN,2019-07-05T01:00:00.000000Z,25,100.0,704.5151871122488
CI.WHF..HHN,2019-07-05T02:00:00.000000Z,26,100.0,4987.9212611079465
CI.WHF..HHN,2019-07-05T03:00:00.000000Z,27,100.0,1338.8065446461221
CI.WHF..HHN,2019-07-05T04:00:00.000000Z,28,100.0,2563.2539780610277
CI.WHF..HHN,2019-07-05T05:00:00.000000Z,29,100.0,1279.4121849836224
CI.WHF..HHN,2019-07-05T06:00:00.000000Z,30,100.0,6448.682639024038
CI.WHF..HHN,2019-07-05T07:00:00.000000Z,31,100.0,2543.5830715403486
CI.WHF..HHN,2019-07-05T08:00:00.000000Z,32,100.0,1779.5609264403106
CI.WHF..HHN,2019-07-05T09:00:00.000000Z,33,100.0,832.3199861983601
CI.WHF..HHN,2019-07-05T10:00:00.000000Z,34,100.0,1318.8910069954247
CI.WHF..HHN,2019-07-05T11:00:00.000000Z,35,100.0,48122.28180163693
CI.WHF..HHN,2019-07-05T12:00:00.000000Z,36,100.0,10651.111936732628
CI.WHF..HHN,2019-07-05T13:00:00.000000Z,37,100.0,647.3802033812093
CI.WHF..HHN,2019-07-05T14:00:00.000000Z,38,100.0,3264.01680695188
CI.WHF..HHN,2019-07-05T15:00:00.000000Z,39,100.0,548.9666345384694
CI.WHF..HHN,2019-07-05T16:00:00.000000Z,40,100.0,273.26097688616153
CI.WHF..HHN,2019-07-05T17:00:00.000000Z,41,100.0,3579.8970543040623
CI.WHF..HHN,2019-07-05T18:00:00.000000Z,42,100.0,1804.7951897575563
CI.WHF..HHN,2019-07-05T19:00:00.000000Z,43,100.0,236.1747826108091
CI.WHF..HHN,2019-07-05T20:00:00.000000Z,44,100.0,337.39591054784063
CI.WHF..HHN,2019-07-05T21:00:00.000000Z,45,100.0,562.8037418303483
CI.WHF..HHN,2019-07-05T22:00:00.000000Z,46,100.0,720.4432772273452
CI.WHF..HHN,2019-07-05T23:00:00.000000Z,47,100.0,373.6598547989522
CI.WHF..HHN,2019-07-06T00:00:00.000000Z,48,100.0,4121.788510939976
CI.WHF..HHN,2019-07-06T01:00:00.000000Z,49,100.0,268.84327841890536
CI.WHF..HHN,2019-07-06T02:00:00.000000Z,50,100.0,503.23112494997304
CI.WHF..HHN,2019-07-06T03:00:00.000000Z,51,100.0,2283288.012424179
CI.WHF..HHN,2019-07-06T04:00:00.000000Z,52,100.0,136069.51331745557
CI.WHF..HHN,2019-07-06T05:00:00.000000Z,53,100.0,18737.053871857097
CI.WHF..HHN,2019-07-06T06:00:00.000000Z,54,100.0,32819.309535853376
CI.WHF..HHN,2019-07-06T07:00:00.000000Z,55,100.0,12601.232553802029
CI.WHF..HHN,2019-07-06T08:00:00.000000Z,56,100.0,13337.020413852984
CI.WHF..HHN,2019-07-06T09:00:00.000000Z,57,100.0,64026.34951760706
CI.WHF..HHN,2019-07-06T10:00:00.000000Z,58,100.0,8865.28091595241
CI.WHF..HHN,2019-07-06T11:00:00.000000Z,59,100.0,7687.187548782471
CI.WHF..HHN,2019-07-06T12:00:00.000000Z,60,100.0,3773.2795427601836
CI.WHF..HHN,2019-07-06T13:00:00.000000Z,61,100.0,14414.080493891208
CI.WHF..HHN,2019-07-06T14:00:00.000000Z,62,100.0,1295.6344201900665
CI.WHF..HHN,2019-07-06T15:00:00.000000Z,63,100.0,2290139.4872686
CI.WHF..HHN,2019-07-06T16:00:00.000000Z,64,100.0,4661.157471861468
CI.WHF..HHN,2019-07-06T17:00:00.000000Z,65,100.0,10211.97552609113
CI.WHF..HHN,2019-07-06T18:00:00.000000Z,66,100.0,4697.246759067481
CI.WHF..HHN,2019-07-06T19:00:00.000000Z,67,100.0,3207.8279940755633
CI.WHF..HHN,2019-07-06T20:00:00.000000Z,68,100.0,1646.7594363602016
CI.WHF..HHN,2019-07-06T21:00:00.000000Z,69,100.0,2366.6195824286906
CI.WHF..HHN,2019-07-06T22:00:00.000000Z,70,100.0,1088.9921683141602
CI.WHF..HHN,2019-07-06T23:00:00.000000Z,71,100.0,28926.446045509514
CI.WHF..HHZ,2019-07-04T00:00:00.000000Z,0,99.99976944261127,87.24828349735698
CI.WHF..HHZ,2019-07-04T01:00:00.000000Z,1,100.0,83.30157084910641
CI.WHF..HHZ,2019-07-04T02:00:00.000000Z,2,100.0,84.66325170256995
CI.WHF..HHZ,2019-07-04T03:00:00.000000Z,3,100.0,77.24983942378131
CI.WHF..HHZ,2019-07-04T04:00:00.000000Z,4,100.0,3026.2518370005764
CI.WHF..HHZ,2019-07-04T05:00:00.000000Z,5,100.0,711.0355604493719
CI.WHF..HHZ,2019-07-04T06:00:00.000000Z,6,100.0,169.9703472415796
CI.WHF..HHZ,2019-07-04T07:00:00.000000Z,7,100.0,94.63957714171666
CI.WHF..HHZ,2019-07-04T08:00:00.000000Z,8,100.0,81.45092863884113
CI.WHF..HHZ,2019-07-04T09:00:00.000000Z,9,100.0,76.73136130787543
CI.WHF..HHZ,2019-07-04T10:00:00.000000Z,10,100.0,81.38126643804758
CI.WHF..HHZ,2019-07-04T11:00:00.000000Z,11,100.0,81.21172648794668
CI.WHF..HHZ,2019-07-04T12:00:00.000000Z,12,100.0,80.73093374489939
CI.WHF..HHZ,2019-07-04T13:00:00.000000Z,13,100.0,78.64719430433497
CI.WHF..HHZ,2019-07-04T14:00:00.000000Z,14,100.0,78.31152008222361
CI.WHF..HHZ,2019-07-04T15:00:00.000000Z,15,100.0,77.28476625970352
CI.WHF..HHZ,2019-07-04T16:00:00.000000Z,16,100.0,82.00365389460426
CI.WHF..HHZ,2019-07-04T17:00:00.000000Z,17,100.0,312586.2916200251
CI.WHF..HHZ,2019-07-04T18:00:00.000000Z,18,100.0,11223.223049292259
CI.WHF..HHZ,2019-07-04T19:00:00.000000Z,19,100.0,7037.510032811082
CI.WHF..HHZ,2019-07-04T20:00:00.000000Z,20,100.0,3077.063454621148
CI.WHF..HHZ,2019-07-04T21:00:00.000000Z,21,100.0,1118.754272414371
CI.WHF..HHZ,2019-07-04T22:00:00.000000Z,22,100.0,4089.966609356723
CI.WHF..HHZ,2019-07-04T23:00:00.000000Z,23,100.0,2164.8497010663664
CI.WHF..HHZ,2019-07-05T00:00:00.000000Z,24,100.0,4892.31458869787
CI.WHF..HHZ,2019-07-05T01:00:00.000000Z,25,100.0,397.953335469044
CI.WHF..HHZ,2019-07-05T02:00:00.000000Z,26,100.0,2706.368734953771
CI.WHF..HHZ,2019-07-05T03:00:00.000000Z,27,100.0,725.5694543307801
CI.WHF..HHZ,2019-07-05T04:00:00.000000Z,28,100.0,1238.1535804948116
CI.WHF..HHZ,2019-07-05T05:00:00.000000Z,29,100.0,781.8589567978341
CI.WHF..HHZ,2019-07-05T06:00:00.000000Z,30,100.0,3131.8369780038975
CI.WHF..HHZ,2019-07-05T07:00:00.000000Z,31,100.0,1537.0768066882488
CI.WHF..HHZ,2019-07-05T08:00:00.000000Z,32,100.0,1125.8392313974416
CI.WHF..HHZ,2019-07-05T09:00:00.000000Z,33,100.0,456.2444949982651
CI.WHF..HHZ,2019-07-05T10:00:00.000000Z,34,100.0,745.1244040836252
CI.WHF..HHZ,2019-07-05T11:00:00.000000Z,35,100.0,28405.19058592549
CI.WHF..HHZ,2019-07-05T12:00:00.000000Z,36,100.0,3930.6449188869924
CI.WHF..HHZ,2019-07-05T13:00:00.000000Z,37,100.0,538.3584946423474
CI.WHF..HHZ,2019-07-05T14:00:00.000000Z,38,100.0,1382.9434344471856
CI.WHF..HHZ,2019-07-05T15:00:00.000000Z,39,100.0,325.26225162055454
CI.WHF..HHZ,2019-07-05T16:00:00.000000Z,40,100.0,175.76410802242418
CI.WHF..HHZ,2019-07-05T17:00:00.000000Z,41,100.0,2723.710497159771
CI.WHF..HHZ,2019-07-05T18:00:00.000000Z,42,100.0,729.4404539383441
CI.WHF..HHZ,2019-07-05T19:00:00.000000Z,43,100.0,162.1585643621699
CI.WHF..HHZ,2019-07-05T20:00:00.000000Z,44,100.0,244.08611129919262
CI.WHF..HHZ,2019-07-05T21:00:00.000000Z,45,100.0,356.7725273190809
CI.WHF..HHZ,2019-07-05T22:00:00.000000Z,46,100.0,382.2901571606842
CI.WHF..HHZ,2019-07-05T23:00:00.000000Z,47,100.0,239.38595795161385
CI.WHF..HHZ,2019-07-06T00:00:00.000000Z,48,100.0,1760.327442725895
CI.WHF..HHZ,2019-07-06T01:00:00.000000Z,49,100.0,203.2033751004868
CI.WHF..HHZ,2019-07-06T02:00:00.000000Z,50,100.0,305.4577040896277
CI.WHF..HHZ,2019-07-06T03:00:00.000000Z,51,100.0,3371452.38288421
CI.WHF..HHZ,2019-07-06T04:00:00.000000Z,52,100.0,78800.06326357707
CI.WHF..HHZ,2019-07-06T05:00:00.000000Z,53,100.0,10577.629118362252
CI.WHF..HHZ,2019-07-06T06:00:00.000000Z,54,100.0,14306.8730287011
CI.WHF..HHZ,2019-07-06T07:00:00.000000Z,55,100.0,6131.4352278341
CI.WHF..HHZ,2019-07-06T08:00:00.000000Z,56,100.0,7800.584470790474
CI.WHF..HHZ,2019-07-06T09:00:00.000000Z,57,100.0,24266.96341511696
CI.WHF..HHZ,2019-07-06T10:00:00.000000Z,58,100.0,4495.771610635932
CI.WHF..HHZ,2019-07-06T11:00:00.000000Z,59,100.0,4285.222622207042
CI.WHF..HHZ,2019-07-06T12:00:00.000000Z,60,100.0,2268.65354650341
CI.WHF..HHZ,2019-07-06T13:00:00.000000Z,61,100.0,6806.192973245947
CI.WHF..HHZ,2019-07-06T14:00:00.000000Z,62,100.0,816.7744917126759
CI.WHF..HHZ,2019-07-06T15:00:00.000000Z,63,100.0,3488822.3739692094
CI.WHF..HHZ,2019-07-06T16:00:00.000000Z,64,100.0,3104.749984433255
CI.WHF..HHZ,2019-07-06T17:00:00.000000Z,65,100.0,5401.027671768807
CI.WHF..HHZ,2019-07-06T18:00:00.000000Z,66,100.0,2475.5868216876747
CI.WHF..HHZ,2019-07-06T19:00:00.000000Z,67,100.0,1716.0300168998047
CI.WHF..HHZ,2019-07-06T20:00:00.000000Z,68,100.0,1041.0259969963818
CI.WHF..HHZ,2019-07-06T21:00:00.000000Z,69,100.0,1284.61311197295
CI.WHF..HHZ,2019-07-06T22:00:00.000000Z,70,100.0,633.0151598218482
CI.WHF..HHZ,2019-07-06T23:00:00.000000Z,71,100.0,9762.201054808078
CI.WMF..HHE,2019-07-04T00:00:00.000000Z,0,99.99976944261127,264.0142425564297
CI.WMF..HHE,2019-07-04T01:00:00.000000Z,1,100.0,273.7735950702416
CI.WMF..HHE,2019-07-04T02:00:00.000000Z,2,100.0,244.93199476782104
CI.WMF..HHE,2019-07-04T03:00:00.000000Z,3,100.0,173.08339094579435
CI.WMF..HHE,2019-07-04T04:00:00.000000Z,4,100.0,5448.345770305998
CI.WMF..HHE,2019-07-04T05:00:00.000000Z,5,100.0,794.2951623240389
CI.WMF..HHE,2019-07-04T06:00:00.000000Z,6,100.0,188.91567470785617
CI.WMF..HHE,2019-07-04T07:00:00.000000Z,7,100.0,119.07788406661354
CI.WMF..HHE,2019-07-04T08:00:00.000000Z,8,100.0,155.6429118266041
CI.WMF..HHE,2019-07-04T09:00:00.000000Z,9,100.0,131.4810254761184
CI.WMF..HHE,2019-07-04T10:00:00.000000Z,10,100.0,136.09435038476414
CI.WMF..HHE,2019-07-04T11:00:00.000000Z,11,100.0,132.72424888037892
CI.WMF..HHE,2019-07-04T12:00:00.000000Z,12,100.0,131.16555510459943
CI.WMF..HHE,2019-07-04T13:00:00.000000Z,13,100.0,133.01554861242832
CI.WMF..HHE,2019-07-04T14:00:00.000000Z,14,100.0,139.95168706969153
CI.WMF..HHE,2019-07-04T15:00:00.000000Z,15,100.0,192.7348238514412
CI.WMF..HHE,2019-07-04T16:00:00.000000Z,16,100.0,182.3027775957255
CI.WMF..HHE,2019-07-04T17:00:00.000000Z,17,100.0,336209.1979027263
CI.WMF..HHE,2019-07-04T18:00:00.000000Z,18,100.0,26188.84290013378
CI.WMF..HHE,2019-07-04T19:00:00.000000Z,19,100.0,15359.205279344958
CI.WMF..HHE,2019-07-04T20:00:00.000000Z,20,100.0,3882.293608428707
CI.WMF..HHE,2019-07-04T21:00:00.000000Z,21,100.0,979.8949816122016
CI.WMF..HHE,2019-07-04T22:00:00.000000Z,22,100.0,9169.585202971426
CI.WMF..HHE,2019-07-04T23:00:00.000000Z,23,100.0,3178.6718495399946
CI.WMF..HHE,2019-07-05T00:00:00.000000Z,24,100.0,10213.548433055841
CI.WMF..HHE,2019-07-05T01:00:00.000000Z,25,100.0,529.7710073356155
CI.WMF..HHE,2019-07-05T02:00:00.000000Z,26,100.0,2087.190793837139
CI.WMF..HHE,2019-07-05T03:00:00.000000Z,27,100.0,994.280123823373
CI.WMF..HHE,2019-07-05T04:00:00.000000Z,28,100.0,1871.8930802671957
CI.WMF..HHE,2019-07-05T05:00:00.000000Z,29,100.0,1011.3431038635214
CI.WMF..HHE,2019-07-05T06:00:00.000000Z,30,100.0,1298.6953615027737
CI.WMF..HHE,2019-07-05T07:00:00.000000Z,31,100.0,1796.9821665640159
CI.WMF..HHE,2019-07-05T08:00:00.000000Z,32,100.0,1048.2697674545914
CI.WMF..HHE,2019-07-05T09:00:00.000000Z,33,100.0,660.7086960011707
CI.WMF..HHE,2019-07-05T10:00:00.000000Z,34,100.0,568.0341475174914
CI.WMF..HHE,2019-07-05T11:00:00.000000Z,35,100.0,59295.29449007228
CI.WMF..HHE,2019-07-05T12:00:00.000000Z,36,100.0,5894.17441040123
CI.WMF..HHE,2019-07-05T13:00:00.000000Z,37,100.0,766.7751301203173
CI.WMF..HHE,2019-07-05T14:00:00.000000Z,38,100.0,2149.644183904829
CI.WMF..HHE,2019-07-05T15:00:00.000000Z,39,100.0,381.7591815098057
CI.WMF..HHE,2019-07-05T16:00:00.000000Z,40,100.0,234.67015259574677
CI.WMF..HHE,2019-07-05T17:00:00.000000Z,41,100.0,2323.7208039579646
CI.WMF..HHE,2019-07-05T18:00:00.000000Z,42,100.0,1391.7466981557686
CI.WMF..HHE,2019-07-05T19:00:00.000000Z,43,100.0,275.0571276903187
CI.WMF..HHE,2019-07-05T20:00:00.000000Z,44,100.0,294.0203952582389
CI.WMF..HHE,2019-07-05T21:00:00.000000Z,45,100.0,398.52057200755405
CI.WMF..HHE,2019-07-05T22:00:00.000000Z,46,100.0,459.16065485596323
CI.WMF..HHE,2019-07-05T23:00:00.000000Z,47,100.0,332.11677502341115
CI.WMF..HHE,2019-07-06T00:00:00.000000Z,48,100.0,2569.1475104660676
CI.WMF..HHE,2019-07-06T01:00:00.000000Z,49,100.0,219.43703802381174
CI.WMF..HHE,2019-07-06T02:00:00.000000Z,50,100.0,345.6146800387742
CI.WMF..HHE,2019-07-06T03:00:00.000000Z,51,100.0,687333.6695057332
CI.WMF..HHE,2019-07-06T04:00:00.000000Z,52,100.0,182504.71264837222
CI.WMF..HHE,2019-07-06T05:00:00.000000Z,53,100.0,20903.495205591622
CI.WMF..HHE,2019-07-06T06:00:00.000000Z,54,100.0,24100.30252821379
CI.WMF..HHE,2019-07-06T07:00:00.000000Z,55,100.0,10884.306358202124
CI.WMF..HHE,2019-07-06T08:00:00.000000Z,56,100.0,13776.594468178188
CI.WMF..HHE,2019-07-06T09:00:00.000000Z,57,100.0,75060.98376598397
CI.WMF..HHE,2019-07-06T10:00:00.000000Z,58,100.0,5994.252915735572
CI.WMF..HHE,2019-07-06T11:00:00.000000Z,59,100.0,12738.02646137469
CI.WMF..HHE,2019-07-06T12:00:00.000000Z,60,100.0,3478.624872696159
CI.WMF..HHE,2019-07-06T13:00:00.000000Z,61,100.0,21766.060035753664
CI.WMF..HHE,2019-07-06T14:00:00.000000Z,62,100.0,6409.449367532187
CI.WMF..HHE,2019-07-06T15:00:00.000000Z,63,100.0,30359.219720473146
CI.WMF..HHE,2019-07-06T16:00:00.000000Z,64,100.0,18929.23367616977
CI.WMF..HHE,2019-07-06T17:00:00.000000Z,65,100.0,10891.272171343016
CI.WMF..HHE,2019-07-06T18:00:00.000000Z,66,100.0,6378.036128514632
CI.WMF..HHE,2019-07-06T19:00:00.000000Z,67,100.0,6440.124477831587
CI.WMF..HHE,2019-07-06T20:00:00.000000Z,68,100.0,16805.093835382217
CI.WMF..HHE,2019-07-06T21:00:00.000000Z,69,100.0,3637.2845863635553
CI.WMF..HHE,2019-07-06T22:00:00.000000Z,70,100.0,3499.909833782313
CI.WMF..HHE,2019-07-06T23:00:00.000000Z,71,100.0,18793.787446072405
CI.WMF..HHN,2019-07-04T00:00:00.000000Z,0,99.99976944261127,192.75601134113836
CI.WMF..HHN,2019-07-04T01:00:00.000000Z,1,100.0,155.15878521116014
CI.WMF..HHN,2019-07-04T02:00:00.000000Z,2,100.0,114.64028292739832
CI.WMF..HHN,2019-07-04T03:00:00.000000Z,3,100.0,133.1797727297695
CI.WMF..HHN,2019-07-04T04:00:00.000000Z,4,100.0,4595.923129686954
CI.WMF..HHN,2019-07-04T05:00:00.000000Z,5,100.0,805.5792000434636
CI.WMF..HHN,2019-07-04T06:00:00.000000Z,6,100.0,186.9734028603801
CI.WMF..HHN,2019-07-04T07:00:00.000000Z,7,100.0,115.3669250242508
CI.WMF..HHN,2019-07-04T08:00:00.000000Z,8,100.0,118.37526914752195
CI.WMF..HHN,2019-07-04T09:00:00.000000Z,9,100.0,114.61117378703621
CI.WMF..HHN,2019-07-04T10:00:00.000000Z,10,100.0,122.94952362647561
CI.WMF..HHN,2019-07-04T11:00:00.000000Z,11,100.0,126.91970131261715
CI.WMF..HHN,2019-07-04T12:00:00.000000Z,12,100.0,125.3014047796791
CI.WMF..HHN,2019-07-04T13:00:00.000000Z,13,100.0,133.44002063627408
CI.WMF..HHN,2019-07-04T14:00:00.000000Z,14,100.0,176.90780839097457
CI.WMF..HHN,2019-07-04T15:00:00.000000Z,15,100.0,143.95267389587784
CI.WMF..HHN,2019-07-04T16:00:00.000000Z,16,100.0,166.91503640799246
CI.WMF..HHN,2019-07-04T17:00:00.000000Z,17,100.0,295143.9603964806
CI.WMF..HHN,2019-07-04T18:00:00.000000Z,18,100.0,25451.544325131417
CI.WMF..HHN,2019-07-04T19:00:00.000000Z,19,100.0,14707.61136780358
CI.WMF..HHN,2019-07-04T20:00:00.000000Z,20,100.0,3630.081954925397
CI.WMF..HHN,2019-07-04T21:00:00.000000Z,21,100.0,912.467056487797
CI.WMF..HHN,2019-07-04T22:00:00.000000Z,22,100.0,8718.279544572044
CI.WMF..HHN,2019-07-04T23:00:00.000000Z,23,100.0,2912.8900375902913
CI.WMF..HHN,2019-07-05T00:00:00.000000Z,24,100.0,8052.395142121292
CI.WMF..HHN,2019-07-05T01:00:00.000000Z,25,100.0,494.11480655735
CI.WMF..HHN,2019-07-05T02:00:00.000000Z,26,100.0,1735.7405163153671
CI.WMF..HHN,2019-07-05T03:00:00.000000Z,27,100.0,843.0700063673215
CI.WMF..HHN,2019-07-05T04:00:00.000000Z,28,100.0,1679.1176606156728
CI.WMF..HHN,2019-07-05T05:00:00.000000Z,29,100.0,838.0241193694332
CI.WMF..HHN,2019-07-05T06:00:00.000000Z,30,100.0,1223.103597750069
CI.WMF..HHN,2019-07-05T07:00:00.000000Z,31,100.0,1619.5724834021958
CI.WMF..HHN,2019-07-05T08:00:00.000000Z,32,100.0,918.3424631492892
CI.WMF..HHN,2019-07-05T09:00:00.000000Z,33,100.0,594.8153497883449
CI.WMF..HHN,2019-07-05T10:00:00.000000Z,34,100.0,500.2311991685328
CI.WMF..HHN,2019-07-05T11:00:00.000000Z,35,100.0,61031.57208155282
CI.WMF..HHN,2019-07-05T12:00:00.000000Z,36,100.0,5003.896503205595
CI.WMF..HHN,2019-07-05T13:00:00.000000Z,37,100.0,628.257740512986
CI.WMF..HHN,2019-07-05T14:00:00.000000Z,38,100.0,1794.2902039273258
CI.WMF..HHN,2019-07-05T15:00:00.000000Z,39,100.0,346.20883645624934
CI.WMF..HHN,2019-07-05T16:00:00.000000Z,40,100.0,186.18862371656468
CI.WMF..HHN,2019-07-05T17:00:00.000000Z,41,100.0,2054.3321866336314
CI.WMF..HHN,2019-07-05T18:00:00.000000Z,42,100.0,1331.8462657015903
CI.WMF..HHN,2019-07-05T19:00:00.000000Z,43,100.0,323.2037065085564
CI.WMF..HHN,2019-07-05T20:00:00.000000Z,44,100.0,308.72496030844644
CI.WMF..HHN,2019-07-05T21:00:00.000000Z,45,100.0,384.3852161344716
CI.WMF..HHN,2019-07-05T22:00:00.000000Z,46,100.0,466.4184603627392
CI.WMF..HHN,2019-07-05T23:00:00.000000Z,47,100.0,247.3910451083107
CI.WMF..HHN,2019-07-06T00:00:00.000000Z,48,100.0,2388.9979481881337
CI.WMF..HHN,2019-07-06T01:00:00.000000Z,49,100.0,171.7273618553979
CI.WMF..HHN,2019-07-06T02:00:00.000000Z,50,100.0,339.94205512120544
CI.WMF..HHN,2019-07-06T03:00:00.000000Z,51,100.0,622064.9136824538
CI.WMF..HHN,2019-07-06T04:00:00.000000Z,52,100.0,136335.14063426448
CI.WMF..HHN,2019-07-06T05:00:00.000000Z,53,100.0,17568.679815136456
CI.WMF..HHN,2019-07-06T06:00:00.000000Z,54,100.0,23226.08874436145
CI.WMF..HHN,2019-07-06T07:00:00.000000Z,55,100.0,9397.983587908535
CI.WMF..HHN,2019-07-06T08:00:00.000000Z,56,100.0,12375.533018419135
CI.WMF..HHN,2019-07-06T09:00:00.000000Z,57,100.0,70942.48375291437
CI.WMF..HHN,2019-07-06T10:00:00.000000Z,58,100.0,5068.200095154124
CI.WMF..HHN,2019-07-06T11:00:00.000000Z,59,100.0,10466.181114211151
CI.WMF..HHN,2019-07-06T12:00:00.000000Z,60,100.0,3265.7018651738235
CI.WMF..HHN,2019-07-06T13:00:00.000000Z,61,100.0,16523.739011724934
CI.WMF..HHN,2019-07-06T14:00:00.000000Z,62,100.0,4075.88969097677
CI.WMF..HHN,2019-07-06T15:00:00.000000Z,63,100.0,14506.122703435236
CI.WMF..HHN,2019-07-06T16:00:00.000000Z,64,100.0,13527.748315706362
CI.WMF..HHN,2019-07-06T17:00:00.000000Z,65,100.0,10592.307219737137
CI.WMF..HHN,2019-07-06T18:00:00.000000Z,66,100.0,5925.643231094492
CI.WMF..HHN,2019-07-06T19:00:00.000000Z,67,100.0,5445.474513829786
CI.WMF..HHN,2019-07-06T20:00:00.000000Z,68,100.0,13185.525948850485
CI.WMF..HHN,2019-07-06T21:00:00.000000Z,69,100.0,2953.40120045975
CI.WMF..HHN,2019-07-06T22:00:00.000000Z,70,100.0,3382.9026228131243
CI.WMF..HHN,2019-07-06T23:00:00.000000Z,71,100.0,16544.660636504716
CI.WMF..HHZ,2019-07-04T00:00:00.000000Z,0,99.99976944261127,92.34679448566573
CI.WMF..HHZ,2019-07-04T01:00:00.000000Z,1,100.0,77.64332316024056
CI.WMF..HHZ,2019-07-04T02:00:00.000000Z,2,100.0,80.90387460396012
CI.WMF..HHZ,2019-07-04T03:00:00.000000Z,3,100.0,82.45469668680174
CI.WMF..HHZ,2019-07-04T04:00:00.000000Z,4,100.0,5410.48073054715
CI.WMF..HHZ,2019-07-04T05:00:00.000000Z,5,100.0,781.5464675916802
CI.WMF..HHZ,2019-07-04T06:00:00.000000Z,6,100.0,183.25987939237174
CI.WMF..HHZ,2019-07-04T07:00:00.000000Z,7,100.0,100.73289220608605
CI.WMF..HHZ,2019-07-04T08:00:00.000000Z,8,100.0,84.782019678844
CI.WMF..HHZ,2019-07-04T09:00:00.000000Z,9,100.0,81.73301118453482
CI.WMF..HHZ,2019-07-04T10:00:00.000000Z,10,100.0,84.113933139107
CI.WMF..HHZ,2019-07-04T11:00:00.000000Z,11,100.0,84.69765590905544
CI.WMF..HHZ,2019-07-04T12:00:00.000000Z,12,100.0,82.29917540383116
CI.WMF..HHZ,2019-07-04T13:00:00.000000Z,13,100.0,86.56462223562289
CI.WMF..HHZ,2019-07-04T14:00:00.000000Z,14,100.0,83.63686572883223
CI.WMF..HHZ,2019-07-04T15:00:00.000000Z,15,100.0,82.00484806783494
CI.WMF..HHZ,2019-07-04T16:00:00.000000Z,16,100.0,77.64111868237084
CI.WMF..HHZ,2019-07-04T17:00:00.000000Z,17,100.0,198618.9732661364
CI.WMF..HHZ,2019-07-04T18:00:00.000000Z,18,100.0,8971.77019780075
CI.WMF..HHZ,2019-07-04T19:00:00.000000Z,19,100.0,4897.339829368264
CI.WMF..HHZ,2019-07-04T20:00:00.000000Z,20,100.0,1582.2985460935497
CI.WMF..HHZ,2019-07-04T21:00:00.000000Z,21,100.0,458.6869869136734
CI.WMF..HHZ,2019-07-04T22:00:00.000000Z,22,100.0,3133.0549213532368
CI.WMF..HHZ,2019-07-04T23:00:00.000000Z,23,100.0,1289.7074440028923
CI.WMF..HHZ,2019-07-05T00:00:00.000000Z,24,100.0,3372.2194473771074
CI.WMF..HHZ,2019-07-05T01:00:00.000000Z,25,100.0,229.7896856957522
CI.WMF..HHZ,2019-07-05T02:00:00.000000Z,26,100.0,954.5081326908141
CI.WMF..HHZ,2019-07-05T03:00:00.000000Z,27,100.0,352.38724334276696
CI.WMF..HHZ,2019-07-05T04:00:00.000000Z,28,100.0,694.6461243802687
CI.WMF..HHZ,2019-07-05T05:00:00.000000Z,29,100.0,381.32807584466565
CI.WMF..HHZ,2019-07-05T06:00:00.000000Z,30,100.0,575.5020575852615
CI.WMF..HHZ,2019-07-05T07:00:00.000000Z,31,100.0,679.2474634287726
CI.WMF..HHZ,2019-07-05T08:00:00.000000Z,32,100.0,546.9254648980924
CI.WMF..HHZ,2019-07-05T09:00:00.000000Z,33,100.0,308.73361481519834
CI.WMF..HHZ,2019-07-05T10:00:00.000000Z,34,100.0,295.7452159823083
CI.WMF..HHZ,2019-07-05T11:00:00.000000Z,35,100.0,29832.418899277138
CI.WMF..HHZ,2019-07-05T12:00:00.000000Z,36,100.0,1830.0699359419189
CI.WMF..HHZ,2019-07-05T13:00:00.000000Z,37,100.0,645.5035581270878
CI.WMF..HHZ,2019-07-05T14:00:00.000000Z,38,100.0,847.744832253435
CI.WMF..HHZ,2019-07-05T15:00:00.000000Z,39,100.0,172.86679766034337
CI.WMF..HHZ,2019-07-05T16:00:00.000000Z,40,100.0,98.69243050585516
CI.WMF..HHZ,2019-07-05T17:00:00.000000Z,41,100.0,1126.6786476676084
CI.WMF..HHZ,2019-07-05T18:00:00.000000Z,42,100.0,512.263236734922
CI.WMF..HHZ,2019-07-05T19:00:00.000000Z,43,100.0,107.97846145675932
CI.WMF..HHZ,2019-07-05T20:00:00.000000Z,44,100.0,115.54588562382908
CI.WMF..HHZ,2019-07-05T21:00:00.000000Z,45,100.0,161.32830440417982
CI.WMF..HHZ,2019-07-05T22:00:00.000000Z,46,100.0,187.21180412821263
CI.WMF..HHZ,2019-07-05T23:00:00.000000Z,47,100.0,115.11706608598229
CI.WMF..HHZ,2019-07-06T00:00:00.000000Z,48,100.0,1067.8740145974284
CI.WMF..HHZ,2019-07-06T01:00:00.000000Z,49,100.0,99.83996576350185
CI.WMF..HHZ,2019-07-06T02:00:00.000000Z,50,100.0,142.57816533781101
CI.WMF..HHZ,2019-07-06T03:00:00.000000Z,51,100.0,464281.2077975333
CI.WMF..HHZ,2019-07-06T04:00:00.000000Z,52,100.0,60588.598872389266
CI.WMF..HHZ,2019-07-06T05:00:00.000000Z,53,100.0,9699.115151461361
CI.WMF..HHZ,2019-07-06T06:00:00.000000Z,54,100.0,8981.72644357672
CI.WMF..HHZ,2019-07-06T07:00:00.000000Z,55,100.0,4577.403143678936
CI.WMF..HHZ,2019-07-06T08:00:00.000000Z,56,100.0,6976.5189443730715
CI.WMF..HHZ,2019-07-06T09:00:00.000000Z,57,100.0,26254.091164489382
CI.WMF..HHZ,2019-07-06T10:00:00.000000Z,58,100.0,2531.8708707668093
CI.WMF..HHZ,2019-07-06T11:00:00.000000Z,59,100.0,4536.852172849509
CI.WMF..HHZ,2019-07-06T12:00:00.000000Z,60,100.0,1595.841968069725
CI.WMF..HHZ,2019-07-06T13:00:00.000000Z,61,100.0,10129.158879072464
CI.WMF..HHZ,2019-07-06T14:00:00.000000Z,62,100.0,2974.010373509765
CI.WMF..HHZ,2019-07-06T15:00:00.000000Z,63,100.0,13526.355239008795
CI.WMF..HHZ,2019-07-06T16:00:00.000000Z,64,100.0,5429.569781387926
CI.WMF..HHZ,2019-07-06T17:00:00.000000Z,65,100.0,4598.225973277641
CI.WMF..HHZ,2019-07-06T18:00:00.000000Z,66,100.0,2800.8979671356506
CI.WMF..HHZ,2019-07-06T19:00:00.000000Z,67,100.0,3856.9369210154437
CI.WMF..HHZ,2019-07-06T20:00:00.000000Z,68,100.0,6454.4183733671625
CI.WMF..HHZ,2019-07-06T21:00:00.000000Z,69,100.0,1801.301188305855
CI.WMF..HHZ,2019-07-06T22:00:00.000000Z,70,100.0,1671.5236264881328
CI.WMF..HHZ,2019-07-06T23:00:00.000000Z,71,100.0,7901.7093953897565
CI.WNM..EHZ,2019-07-04T00:00:00.000000Z,0,100.0,2.6008076812376184
CI.WNM..EHZ,2019-07-04T01:00:00.000000Z,1,100.0,3.024874060739224
CI.WNM..EHZ,2019-07-04T02:00:00.000000Z,2,100.0,3.1723548297590227
CI.WNM..EHZ,2019-07-04T03:00:00.000000Z,3,100.0,3.527340385443984
CI.WNM..EHZ,2019-07-04T04:00:00.000000Z,4,100.0,6.7386645540605885
CI.WNM..EHZ,2019-07-04T05:00:00.000000Z,5,100.0,3.6111675502896388
CI.WNM..EHZ,2019-07-04T06:00:00.000000Z,6,100.0,3.3408191970497163
CI.WNM..EHZ,2019-07-04T07:00:00.000000Z,7,100.0,3.5343386266153742
CI.WNM..EHZ,2019-07-04T08:00:00.000000Z,8,100.0,3.284231207828316
CI.WNM..EHZ,2019-07-04T09:00:00.000000Z,9,100.0,3.3600158993597296
CI.WNM..EHZ,2019-07-04T10:00:00.000000Z,10,100.0,3.575687894640211
CI.WNM..EHZ,2019-07-04T11:00:00.000000Z,11,100.0,4.278241675098293
CI.WNM..EHZ,2019-07-04T12:00:00.000000Z,12,100.0,4.614125371816807
CI.WNM..EHZ,2019-07-04T13:00:00.000000Z,13,100.0,3.8583311066948323
CI.WNM..EHZ,2019-07-04T14:00:00.000000Z,14,100.0,2.687838008188675
CI.WNM..EHZ,2019-07-04T15:00:00.000000Z,15,100.0,2.6187971791561293
CI.WNM..EHZ,2019-07-04T16:00:00.000000Z,16,100.0,3.0319291559394386
CI.WNM..EHZ,2019-07-04T17:00:00.000000Z,17,100.0,10630.333491134714
CI.WNM..EHZ,2019-07-04T18:00:00.000000Z,18,100.0,929.0209429276997
CI.WNM..EHZ,2019-07-04T19:00:00.000000Z,19,100.0,418.66003727788024
CI.WNM..EHZ,2019-07-04T20:00:00.000000Z,20,100.0,230.37705391720732
CI.WNM..EHZ,2019-07-04T21:00:00.000000Z,21,100.0,103.8062034708729
CI.WNM..EHZ,2019-07-04T22:00:00.000000Z,22,100.0,437.97873079365587
CI.WNM..EHZ,2019-07-04T23:00:00.000000Z,23,100.0,216.3396311220494
CI.WNM..EHZ,2019-07-05T00:00:00.000000Z,24,100.0,377.13172655522425
CI.WNM..EHZ,2019-07-05T01:00:00.000000Z,25,100.0,41.04778296533656
CI.WNM..EHZ,2019-07-05T02:00:00.000000Z,26,100.0,192.64524130785108
CI.WNM..EHZ,2019-07-05T03:00:00.000000Z,27,100.0,60.12679356098604
CI.WNM..EHZ,2019-07-05T04:00:00.000000Z,28,100.0,81.14417570167112
CI.WNM..EHZ,2019-07-05T05:00:00.000000Z,29,100.0,72.35396219995872
CI.WNM..EHZ,2019-07-05T06:00:00.000000Z,30,100.0,126.66047025761135
CI.WNM..EHZ,2019-07-05T07:00:00.000000Z,31,100.0,125.69913695874781
CI.WNM..EHZ,2019-07-05T08:00:00.000000Z,32,100.0,88.96595238407461
CI.WNM..EHZ,2019-07-05T09:00:00.000000Z,33,100.0,48.52073697189865
CI.WNM..EHZ,2019-07-05T10:00:00.000000Z,34,100.0,65.87603348545964
CI.WNM..EHZ,2019-07-05T11:00:00.000000Z,35,100.0,2362.032658755868
CI.WNM..EHZ,2019-07-05T12:00:00.000000Z,36,100.0,346.5524310807171
CI.WNM..EHZ,2019-07-05T13:00:00.000000Z,37,100.0,53.29799498931901
CI.WNM..EHZ,2019-07-05T14:00:00.000000Z,38,100.0,136.5377043573516
CI.WNM..EHZ,2019-07-05T15:00:00.000000Z,39,100.0,32.12271525281236
CI.WNM..EHZ,2019-07-05T16:00:00.000000Z,40,100.0,28.249036211283187
CI.WNM..EHZ,2019-07-05T17:00:00.000000Z,41,100.0,184.71555006614065
CI.WNM..EHZ,2019-07-05T18:00:00.000000Z,42,100.0,62.97657896385463
CI.WNM..EHZ,2019-07-05T19:00:00.000000Z,43,100.0,27.03027428166323
CI.WNM..EHZ,2019-07-05T20:00:00.000000Z,44,100.0,28.05562930373971
CI.WNM..EHZ,2019-07-05T21:00:00.000000Z,45,100.0,45.210184904436446
CI.WNM..EHZ,2019-07-05T22:00:00.000000Z,46,100.0,46.4357560242703
CI.WNM..EHZ,2019-07-05T23:00:00.000000Z,47,100.0,28.184159104790876
CI.WNM..EHZ,2019-07-06T00:00:00.000000Z,48,100.0,143.18167781829175
CI.WNM..EHZ,2019-07-06T01:00:00.000000Z,49,100.0,30.299022581612128
CI.WNM..EHZ,2019-07-06T02:00:00.000000Z,50,100.0,30.102223480959907
CI.WNM..EHZ,2019-07-06T03:00:00.000000Z,51,100.0,27779.676862341134
CI.WNM..EHZ,2019-07-06T04:00:00.000000Z,52,100.0,6505.652944092698
CI.WNM..EHZ,2019-07-06T05:00:00.000000Z,53,100.0,1417.86117468435
CI.WNM..EHZ,2019-07-06T06:00:00.000000Z,54,100.0,1633.4556731937314
CI.WNM..EHZ,2019-07-06T07:00:00.000000Z,55,100.0,711.7949227971197
CI.WNM..EHZ,2019-07-06T08:00:00.000000Z,56,100.0,627.4578687802951
CI.WNM..EHZ,2019-07-06T09:00:00.000000Z,57,100.0,3177.2358200085514
CI.WNM..EHZ,2019-07-06T10:00:00.000000Z,58,100.0,421.7513388476398
CI.WNM..EHZ,2019-07-06T11:00:00.000000Z,59,100.0,959.5687296639148
CI.WNM..EHZ,2019-07-06T12:00:00.000000Z,60,100.0,360.54264570072843
CI.WNM..EHZ,2019-07-06T13:00:00.000000Z,61,100.0,922.5120816081065
CI.WNM..EHZ,2019-07-06T14:00:00.000000Z,62,100.0,196.3549131689746
CI.WNM..EHZ,2019-07-06T15:00:00.000000Z,63,100.0,326.1837606114069
CI.WNM..EHZ,2019-07-06T16:00:00.000000Z,64,100.0,310.8896590630798
CI.WNM..EHZ,2019-07-06T17:00:00.000000Z,65,100.0,594.3152615571262
CI.WNM..EHZ,2019-07-06T18:00:00.000000Z,66,100.0,338.724387498797
CI.WNM..EHZ,2019-07-06T19:00:00.000000Z,67,100.0,255.48417567532434
CI.WNM..EHZ,2019-07-06T20:00:00.000000Z,68,100.0,165.51810332336137
CI.WNM..EHZ,2019-07-06T21:00:00.000000Z,69,100.0,160.48947381733808
CI.WNM..EHZ,2019-07-06T22:00:00.000000Z,70,100.0,101.94434854287462
CI.WNM..EHZ,2019-07-06T23:00:00.000000Z,71,100.0,1087.027448278158
CI.WOR..HHE,2019-07-04T00:00:00.000000Z,0,99.99976944261127,417.1024602077978
CI.WOR..HHE,2019-07-04T01:00:00.000000Z,1,100.0,459.68905490824903
CI.WOR..HHE,2019-07-04T02:00:00.000000Z,2,100.0,561.9944197843514
CI.WOR..HHE,2019-07-04T03:00:00.000000Z,3,100.0,606.0254623732149
CI.WOR..HHE,2019-07-04T04:00:00.000000Z,4,100.0,3189.4975191331723
CI.WOR..HHE,2019-07-04T05:00:00.000000Z,5,100.0,771.7977170385169
CI.WOR..HHE,2019-07-04T06:00:00.000000Z,6,100.0,361.86656663460707
CI.WOR..HHE,2019-07-04T07:00:00.000000Z,7,100.0,283.8809380348988
CI.WOR..HHE,2019-07-04T08:00:00.000000Z,8,100.0,313.3264350079167
CI.WOR..HHE,2019-07-04T09:00:00.000000Z,9,100.0,229.28195056658697
CI.WOR..HHE,2019-07-04T10:00:00.000000Z,10,100.0,211.7772401502768
CI.WOR..HHE,2019-07-04T11:00:00.000000Z,11,100.0,345.33239802911686
CI.WOR..HHE,2019-07-04T12:00:00.000000Z,12,100.0,306.82841253016704
CI.WOR..HHE,2019-07-04T13:00:00.000000Z,13,100.0,299.0551728478066
CI.WOR..HHE,2019-07-04T14:00:00.000000Z,14,100.0,425.5799841577935
CI.WOR..HHE,2019-07-04T15:00:00.000000Z,15,100.0,338.3774565277838
CI.WOR..HHE,2019-07-04T16:00:00.000000Z,16,100.0,343.19995418765984
CI.WOR..HHE,2019-07-04T17:00:00.000000Z,17,100.0,280557.9354266404
CI.WOR..HHE,2019-07-04T18:00:00.000000Z,18,100.0,11166.337173688738
CI.WOR..HHE,2019-07-04T19:00:00.000000Z,19,100.0,6363.326011719623
CI.WOR..HHE,2019-07-04T20:00:00.000000Z,20,100.0,2409.715024711347
CI.WOR..HHE,2019-07-04T21:00:00.000000Z,21,100.0,1366.6505520024434
CI.WOR..HHE,2019-07-04T22:00:00.000000Z,22,100.0,4036.6706638889905
CI.WOR..HHE,2019-07-04T23:00:00.000000Z,23,100.0,2437.1189342368075
CI.WOR..HHE,2019-07-05T00:00:00.000000Z,24,100.0,3537.5823114996756
CI.WOR..HHE,2019-07-05T01:00:00.000000Z,25,100.0,681.9183060746119
CI.WOR..HHE,2019-07-05T02:00:00.000000Z,26,100.0,3285.503318545169
CI.WOR..HHE,2019-07-05T03:00:00.000000Z,27,100.0,896.4364600187324
CI.WOR..HHE,2019-07-05T04:00:00.000000Z,28,100.0,1387.749737365201
CI.WOR..HHE,2019-07-05T05:00:00.000000Z,29,100.0,705.3893922552356
CI.WOR..HHE,2019-07-05T06:00:00.000000Z,30,100.0,2642.902125703531
CI.WOR..HHE,2019-07-05T07:00:00.000000Z,31,100.0,1132.1637226417467
CI.WOR..HHE,2019-07-05T08:00:00.000000Z,32,100.0,1277.42310415367
CI.WOR..HHE,2019-07-05T09:00:00.000000Z,33,100.0,494.6527147656662
CI.WOR..HHE,2019-07-05T10:00:00.000000Z,34,100.0,841.1016792399458
CI.WOR..HHE,2019-07-05T11:00:00.000000Z,35,100.0,26187.18169236739
CI.WOR..HHE,2019-07-05T12:00:00.000000Z,36,100.0,3138.82593329519
CI.WOR..HHE,2019-07-05T13:00:00.000000Z,37,100.0,718.5191108985034
CI.WOR..HHE,2019-07-05T14:00:00.000000Z,38,100.0,1630.0802425811733
CI.WOR..HHE,2019-07-05T15:00:00.000000Z,39,100.0,617.4072728824004
CI.WOR..HHE,2019-07-05T16:00:00.000000Z,40,100.0,356.2657825121236
CI.WOR..HHE,2019-07-05T17:00:00.000000Z,41,100.0,2737.6664411566817
CI.WOR..HHE,2019-07-05T18:00:00.000000Z,42,100.0,667.9826625058136
CI.WOR..HHE,2019-07-05T19:00:00.000000Z,43,100.0,340.8851880521839
CI.WOR..HHE,2019-07-05T20:00:00.000000Z,44,100.0,364.3808041200752
CI.WOR..HHE,2019-07-05T21:00:00.000000Z,45,100.0,751.2289021624564
CI.WOR..HHE,2019-07-05T22:00:00.000000Z,46,100.0,669.9774251524768
CI.WOR..HHE,2019-07-05T23:00:00.000000Z,47,100.0,398.6660079434102
CI.WOR..HHE,2019-07-06T00:00:00.000000Z,48,100.0,1616.194205231388
CI.WOR..HHE,2019-07-06T01:00:00.000000Z,49,100.0,424.1041477391312
CI.WOR..HHE,2019-07-06T02:00:00.000000Z,50,100.0,447.7708990459047
CI.WOR..HHE,2019-07-06T03:00:00.000000Z,51,100.0,479113.17688900325
CI.WOR..HHE,2019-07-06T04:00:00.000000Z,52,100.0,63048.38975315697
CI.WOR..HHE,2019-07-06T05:00:00.000000Z,53,100.0,8540.354449734848
CI.WOR..HHE,2019-07-06T06:00:00.000000Z,54,100.0,12424.102134851651
CI.WOR..HHE,2019-07-06T07:00:00.000000Z,55,100.0,5648.383511862917
CI.WOR..HHE,2019-07-06T08:00:00.000000Z,56,100.0,6260.879510723189
CI.WOR..HHE,2019-07-06T09:00:00.000000Z,57,100.0,17872.765384657843
CI.WOR..HHE,2019-07-06T10:00:00.000000Z,58,100.0,3802.916538277698
CI.WOR..HHE,2019-07-06T11:00:00.000000Z,59,100.0,3194.3279331343592
CI.WOR..HHE,2019-07-06T12:00:00.000000Z,60,100.0,2205.478936027256
CI.WOR..HHE,2019-07-06T13:00:00.000000Z,61,100.0,5854.47197176188
CI.WOR..HHE,2019-07-06T14:00:00.000000Z,62,100.0,1129.476243580268
CI.WOR..HHE,2019-07-06T15:00:00.000000Z,63,100.0,2011.6529437205295
CI.WOR..HHE,2019-07-06T16:00:00.000000Z,64,100.0,2662.894461286875
CI.WOR..HHE,2019-07-06T17:00:00.000000Z,65,100.0,4052.093785434776
CI.WOR..HHE,2019-07-06T18:00:00.000000Z,66,100.0,2128.6811630983398
CI.WOR..HHE,2019-07-06T19:00:00.000000Z,67,100.0,1544.9150491846651
CI.WOR..HHE,2019-07-06T20:00:00.000000Z,68,100.0,1150.8938856403593
CI.WOR..HHE,2019-07-06T21:00:00.000000Z,69,100.0,1226.014306501431
CI.WOR..HHE,2019-07-06T22:00:00.000000Z,70,100.0,835.5045380315054
CI.WOR..HHE,2019-07-06T23:00:00.000000Z,71,100.0,7785.036444112063
CI.WOR..HHN,2019-07-04T00:00:00.000000Z,0,99.99976944261127,927.1071297179637
CI.WOR..HHN,2019-07-04T01:00:00.000000Z,1,100.0,6402.93404731826
CI.WOR..HHN,2019-07-04T02:00:00.000000Z,2,100.0,1963.351404474658
CI.WOR..HHN,2019-07-04T03:00:00.000000Z,3,100.0,1201.4853368319466
CI.WOR..HHN,2019-07-04T04:00:00.000000Z,4,100.0,2671.9252215008337
CI.WOR..HHN,2019-07-04T05:00:00.000000Z,5,100.0,1329.442610574571
CI.WOR..HHN,2019-07-04T06:00:00.000000Z,6,100.0,1313.3923493571958
CI.WOR..HHN,2019-07-04T07:00:00.000000Z,7,100.0,1055.6906166909769
CI.WOR..HHN,2019-07-04T08:00:00.000000Z,8,100.0,1218.61034222828
CI.WOR..HHN,2019-07-04T09:00:00.000000Z,9,100.0,1379.4281791319845
CI.WOR..HHN,2019-07-04T10:00:00.000000Z,10,100.0,927.783065381201
CI.WOR..HHN,2019-07-04T11:00:00.000000Z,11,100.0,1048.3389258424822
CI.WOR..HHN,2019-07-04T12:00:00.000000Z,12,100.0,1038.4970944248082
CI.WOR..HHN,2019-07-04T13:00:00.000000Z,13,100.0,918.514727808773
CI.WOR..HHN,2019-07-04T14:00:00.000000Z,14,100.0,2697.595941957251
CI.WOR..HHN,2019-07-04T15:00:00.000000Z,15,100.0,1049.815538600096
CI.WOR..HHN,2019-07-04T16:00:00.000000Z,16,100.0,2255.5378803363424
CI.WOR..HHN,2019-07-04T17:00:00.000000Z,17,100.0,215014.0847962157
CI.WOR..HHN,2019-07-04T18:00:00.000000Z,18,100.0,12287.017091100528
CI.WOR..HHN,2019-07-04T19:00:00.000000Z,19,100.0,7006.366601163891
CI.WOR..HHN,2019-07-04T20:00:00.000000Z,20,100.0,3743.4228397819097
CI.WOR..HHN,2019-07-04T21:00:00.000000Z,21,100.0,2667.3080743844157
CI.WOR..HHN,2019-07-04T22:00:00.000000Z,22,100.0,4825.362601363524
CI.WOR..HHN,2019-07-04T23:00:00.000000Z,23,100.0,4008.1826380590683
CI.WOR..HHN,2019-07-05T00:00:00.000000Z,24,100.0,4596.29556854123
CI.WOR..HHN,2019-07-05T01:00:00.000000Z,25,100.0,1031.3060669314204
CI.WOR..HHN,2019-07-05T02:00:00.000000Z,26,100.0,4108.676872090202
CI.WOR..HHN,2019-07-05T03:00:00.000000Z,27,100.0,1674.3716370517163
CI.WOR..HHN,2019-07-05T04:00:00.000000Z,28,100.0,2199.1631012530065
CI.WOR..HHN,2019-07-05T05:00:00.000000Z,29,100.0,1650.6666362203664
CI.WOR..HHN,2019-07-05T06:00:00.000000Z,30,100.0,2661.7017818647355
CI.WOR..HHN,2019-07-05T07:00:00.000000Z,31,100.0,1615.06996450559
CI.WOR..HHN,2019-07-05T08:00:00.000000Z,32,100.0,2675.374258854905
CI.WOR..HHN,2019-07-05T09:00:00.000000Z,33,100.0,2154.452273581211
CI.WOR..HHN,2019-07-05T10:00:00.000000Z,34,100.0,1232.803149863824
CI.WOR..HHN,2019-07-05T11:00:00.000000Z,35,100.0,29406.54952622335
CI.WOR..HHN,2019-07-05T12:00:00.000000Z,36,100.0,3965.3313685473745
CI.WOR..HHN,2019-07-05T13:00:00.000000Z,37,100.0,992.7586896077738
CI.WOR..HHN,2019-07-05T14:00:00.000000Z,38,100.0,2754.3251028999557
CI.WOR..HHN,2019-07-05T15:00:00.000000Z,39,100.0,2266.756169568392
CI.WOR..HHN,2019-07-05T16:00:00.000000Z,40,100.0,1271.199210633099
CI.WOR..HHN,2019-07-05T17:00:00.000000Z,41,100.0,4585.19029411238
CI.WOR..HHN,2019-07-05T18:00:00.000000Z,42,100.0,3214.170954727816
CI.WOR..HHN,2019-07-05T19:00:00.000000Z,43,100.0,885.2005381026311
CI.WOR..HHN,2019-07-05T20:00:00.000000Z,44,100.0,5332.182192171034
CI.WOR..HHN,2019-07-05T21:00:00.000000Z,45,100.0,1981.6177239114227
CI.WOR..HHN,2019-07-05T22:00:00.000000Z,46,100.0,1966.3776712972042
CI.WOR..HHN,2019-07-05T23:00:00.000000Z,47,100.0,931.0438670347339
CI.WOR..HHN,2019-07-06T00:00:00.000000Z,48,100.0,3203.7934998025066
CI.WOR..HHN,2019-07-06T01:00:00.000000Z,49,100.0,2007.5962171289402
CI.WOR..HHN,2019-07-06T02:00:00.000000Z,50,100.0,2910.5408005530853
CI.WOR..HHN,2019-07-06T03:00:00.000000Z,51,100.0,530462.3370188578
CI.WOR..HHN,2019-07-06T04:00:00.000000Z,52,100.0,84745.43678388844
CI.WOR..HHN,2019-07-06T05:00:00.000000Z,53,100.0,9994.899987715195
CI.WOR..HHN,2019-07-06T06:00:00.000000Z,54,100.0,14979.11760540384
CI.WOR..HHN,2019-07-06T07:00:00.000000Z,55,100.0,6208.097197255979
CI.WOR..HHN,2019-07-06T08:00:00.000000Z,56,100.0,6723.546448514126
CI.WOR..HHN,2019-07-06T09:00:00.000000Z,57,100.0,23416.006216710364
CI.WOR..HHN,2019-07-06T10:00:00.000000Z,58,100.0,6533.399935106454
CI.WOR..HHN,2019-07-06T11:00:00.000000Z,59,100.0,4809.587551803476
CI.WOR..HHN,2019-07-06T12:00:00.000000Z,60,100.0,3637.021987437005
CI.WOR..HHN,2019-07-06T13:00:00.000000Z,61,100.0,7018.887421570425
CI.WOR..HHN,2019-07-06T14:00:00.000000Z,62,100.0,2817.887302112934
CI.WOR..HHN,2019-07-06T15:00:00.000000Z,63,100.0,5049.800612847027
CI.WOR..HHN,2019-07-06T16:00:00.000000Z,64,100.0,5002.163739110575
CI.WOR..HHN,2019-07-06T17:00:00.000000Z,65,100.0,4864.68457935739
CI.WOR..HHN,2019-07-06T18:00:00.000000Z,66,100.0,4436.409158857041
CI.WOR..HHN,2019-07-06T19:00:00.000000Z,67,100.0,4839.686439751498
CI.WOR..HHN,2019-07-06T20:00:00.000000Z,68,100.0,2478.567078367114
CI.WOR..HHN,2019-07-06T21:00:00.000000Z,69,100.0,3456.690075386272
CI.WOR..HHN,2019-07-06T22:00:00.000000Z,70,100.0,1935.4088355944677
CI.WOR..HHN,2019-07-06T23:00:00.000000Z,71,100.0,10048.808153303347
CI.WOR..HHZ,2019-07-04T00:00:00.000000Z,0,99.99976944261127,133.69374738874038
CI.WOR..HHZ,2019-07-04T01:00:00.000000Z,1,100.0,346.2777320514505
CI.WOR..HHZ,2019-07-04T02:00:00.000000Z,2,100.0,296.5634199038968
CI.WOR..HHZ,2019-07-04T03:00:00.000000Z,3,100.0,119.35911082119854
CI.WOR..HHZ,2019-07-04T04:00:00.000000Z,4,100.0,3005.092646505919
CI.WOR..HHZ,2019-07-04T05:00:00.000000Z,5,100.0,706.6691553942709
CI.WOR..HHZ,2019-07-04T06:00:00.000000Z,6,100.0,182.64121171883636
CI.WOR..HHZ,2019-07-04T07:00:00.000000Z,7,100.0,109.40897248670203
CI.WOR..HHZ,2019-07-04T08:00:00.000000Z,8,100.0,105.90978490447644
CI.WOR..HHZ,2019-07-04T09:00:00.000000Z,9,100.0,99.49398586981494
CI.WOR..HHZ,2019-07-04T10:00:00.000000Z,10,100.0,91.20871624291377
CI.WOR..HHZ,2019-07-04T11:00:00.000000Z,11,100.0,357.7481442838308
CI.WOR..HHZ,2019-07-04T12:00:00.000000Z,12,100.0,368.49929824703264
CI.WOR..HHZ,2019-07-04T13:00:00.000000Z,13,100.0,368.97141157952217
CI.WOR..HHZ,2019-07-04T14:00:00.000000Z,14,100.0,516.2800028001615
CI.WOR..HHZ,2019-07-04T15:00:00.000000Z,15,100.0,439.7356664126925
CI.WOR..HHZ,2019-07-04T16:00:00.000000Z,16,100.0,478.99737025740563
CI.WOR..HHZ,2019-07-04T17:00:00.000000Z,17,100.0,182581.5617381987
CI.WOR..HHZ,2019-07-04T18:00:00.000000Z,18,100.0,9189.60624987149
CI.WOR..HHZ,2019-07-04T19:00:00.000000Z,19,100.0,5278.488518677713
CI.WOR..HHZ,2019-07-04T20:00:00.000000Z,20,100.0,1981.711307806279
CI.WOR..HHZ,2019-07-04T21:00:00.000000Z,21,100.0,1190.5944500157157
CI.WOR..HHZ,2019-07-04T22:00:00.000000Z,22,100.0,3339.7063284819587
CI.WOR..HHZ,2019-07-04T23:00:00.000000Z,23,100.0,1975.1304906729385
CI.WOR..HHZ,2019-07-05T00:00:00.000000Z,24,100.0,2932.2033718467646
CI.WOR..HHZ,2019-07-05T01:00:00.000000Z,25,100.0,408.56972099775265
CI.WOR..HHZ,2019-07-05T02:00:00.000000Z,26,100.0,2281.4456674214425
CI.WOR..HHZ,2019-07-05T03:00:00.000000Z,27,100.0,754.6273967369312
CI.WOR..HHZ,2019-07-05T04:00:00.000000Z,28,100.0,939.4159286479254
CI.WOR..HHZ,2019-07-05T05:00:00.000000Z,29,100.0,637.3774138344022
CI.WOR..HHZ,2019-07-05T06:00:00.000000Z,30,100.0,1714.147333053138
CI.WOR..HHZ,2019-07-05T07:00:00.000000Z,31,100.0,876.132355000569
CI.WOR..HHZ,2019-07-05T08:00:00.000000Z,32,100.0,1133.1225757556024
CI.WOR..HHZ,2019-07-05T09:00:00.000000Z,33,100.0,439.1531141591506
CI.WOR..HHZ,2019-07-05T10:00:00.000000Z,34,100.0,680.3033216010731
CI.WOR..HHZ,2019-07-05T11:00:00.000000Z,35,100.0,26614.966336738496
CI.WOR..HHZ,2019-07-05T12:00:00.000000Z,36,100.0,2530.3257099575103
CI.WOR..HHZ,2019-07-05T13:00:00.000000Z,37,100.0,745.2754384960964
CI.WOR..HHZ,2019-07-05T14:00:00.000000Z,38,100.0,1335.0858377053455
CI.WOR..HHZ,2019-07-05T15:00:00.000000Z,39,100.0,732.9168809547905
CI.WOR..HHZ,2019-07-05T16:00:00.000000Z,40,100.0,407.08157339728047
CI.WOR..HHZ,2019-07-05T17:00:00.000000Z,41,100.0,2005.7642057089147
CI.WOR..HHZ,2019-07-05T18:00:00.000000Z,42,100.0,747.5903342599389
CI.WOR..HHZ,2019-07-05T19:00:00.000000Z,43,100.0,370.1387607738758
CI.WOR..HHZ,2019-07-05T20:00:00.000000Z,44,100.0,414.8910582998152
CI.WOR..HHZ,2019-07-05T21:00:00.000000Z,45,100.0,840.4314959823154
CI.WOR..HHZ,2019-07-05T22:00:00.000000Z,46,100.0,950.2394531513783
CI.WOR..HHZ,2019-07-05T23:00:00.000000Z,47,100.0,370.52377819326193
CI.WOR..HHZ,2019-07-06T00:00:00.000000Z,48,100.0,1310.610282774243
CI.WOR..HHZ,2019-07-06T01:00:00.000000Z,49,100.0,429.9678644093093
CI.WOR..HHZ,2019-07-06T02:00:00.000000Z,50,100.0,363.50809530779276
CI.WOR..HHZ,2019-07-06T03:00:00.000000Z,51,100.0,450011.89000555786
CI.WOR..HHZ,2019-07-06T04:00:00.000000Z,52,100.0,41645.42522496457
CI.WOR..HHZ,2019-07-06T05:00:00.000000Z,53,100.0,7208.650211742636
CI.WOR..HHZ,2019-07-06T06:00:00.000000Z,54,100.0,7828.651395266834
CI.WOR..HHZ,2019-07-06T07:00:00.000000Z,55,100.0,3837.946818610358
CI.WOR..HHZ,2019-07-06T08:00:00.000000Z,56,100.0,5487.399260266026
CI.WOR..HHZ,2019-07-06T09:00:00.000000Z,57,100.0,13624.905296446666
CI.WOR..HHZ,2019-07-06T10:00:00.000000Z,58,100.0,2714.0109499107925
CI.WOR..HHZ,2019-07-06T11:00:00.000000Z,59,100.0,2667.15060390069
CI.WOR..HHZ,2019-07-06T12:00:00.000000Z,60,100.0,1968.5864824238686
CI.WOR..HHZ,2019-07-06T13:00:00.000000Z,61,100.0,4587.025600004178
CI.WOR..HHZ,2019-07-06T14:00:00.000000Z,62,100.0,1017.140363198051
CI.WOR..HHZ,2019-07-06T15:00:00.000000Z,63,100.0,1638.6577198520338
CI.WOR..HHZ,2019-07-06T16:00:00.000000Z,64,100.0,2432.2240045840676
CI.WOR..HHZ,2019-07-06T17:00:00.000000Z,65,100.0,3417.426611814884
CI.WOR..HHZ,2019-07-06T18:00:00.000000Z,66,100.0,1864.8389220806246
CI.WOR..HHZ,2019-07-06T19:00:00.000000Z,67,100.0,1540.3137899682988
CI.WOR..HHZ,2019-07-06T20:00:00.000000Z,68,100.0,980.7315829531861
CI.WOR..HHZ,2019-07-06T21:00:00.000000Z,69,100.0,940.7004632821836
CI.WOR..HHZ,2019-07-06T22:00:00.000000Z,70,100.0,728.9918459695443
CI.WOR..HHZ,2019-07-06T23:00:00.000000Z,71,100.0,6485.185009491409
CI.WRC2..HHE,2019-07-04T00:00:00.000000Z,0,99.99976944261127,145.04266413126453
CI.WRC2..HHE,2019-07-04T01:00:00.000000Z,1,100.0,133.43422631265634
CI.WRC2..HHE,2019-07-04T02:00:00.000000Z,2,100.0,94.80769148620317
CI.WRC2..HHE,2019-07-04T03:00:00.000000Z,3,100.0,91.921728516963
CI.WRC2..HHE,2019-07-04T04:00:00.000000Z,4,100.0,4444.671812046053
CI.WRC2..HHE,2019-07-04T05:00:00.000000Z,5,100.0,777.8659122865033
CI.WRC2..HHE,2019-07-04T06:00:00.000000Z,6,100.0,155.86444904055176
CI.WRC2..HHE,2019-07-04T07:00:00.000000Z,7,100.0,90.63714798159201
CI.WRC2..HHE,2019-07-04T08:00:00.000000Z,8,100.0,79.96042062612283
CI.WRC2..HHE,2019-07-04T09:00:00.000000Z,9,100.0,78.66303733144868
CI.WRC2..HHE,2019-07-04T10:00:00.000000Z,10,100.0,77.7554754997605
CI.WRC2..HHE,2019-07-04T11:00:00.000000Z,11,100.0,77.37660523388105
CI.WRC2..HHE,2019-07-04T12:00:00.000000Z,12,100.0,73.84379866761883
CI.WRC2..HHE,2019-07-04T13:00:00.000000Z,13,100.0,80.81120138317256
CI.WRC2..HHE,2019-07-04T14:00:00.000000Z,14,100.0,77.16093844412057
CI.WRC2..HHE,2019-07-04T15:00:00.000000Z,15,100.0,77.31067673765675
CI.WRC2..HHE,2019-07-04T16:00:00.000000Z,16,100.0,100.04216404279514
CI.WRC2..HHE,2019-07-04T17:00:00.000000Z,17,100.0,615429.8043512118
CI.WRC2..HHE,2019-07-04T18:00:00.000000Z,18,100.0,112107.00525673934
CI.WRC2..HHE,2019-07-04T19:00:00.000000Z,19,100.0,69661.38262029359
CI.WRC2..HHE,2019-07-04T20:00:00.000000Z,20,100.0,25373.363181984096
CI.WRC2..HHE,2019-07-04T21:00:00.000000Z,21,100.0,5467.372913631698
CI.WRC2..HHE,2019-07-04T22:00:00.000000Z,22,100.0,50978.38875080705
CI.WRC2..HHE,2019-07-04T23:00:00.000000Z,23,100.0,16668.900428093326
CI.WRC2..HHE,2019-07-05T00:00:00.000000Z,24,100.0,48971.076287090786
CI.WRC2..HHE,2019-07-05T01:00:00.000000Z,25,100.0,2475.915479766723
CI.WRC2..HHE,2019-07-05T02:00:00.000000Z,26,100.0,12521.542114206337
CI.WRC2..HHE,2019-07-05T03:00:00.000000Z,27,100.0,4291.935632273617
CI.WRC2..HHE,2019-07-05T04:00:00.000000Z,28,100.0,10378.864176720064
CI.WRC2..HHE,2019-07-05T05:00:00.000000Z,29,100.0,5037.445824904358
CI.WRC2..HHE,2019-07-05T06:00:00.000000Z,30,100.0,8315.292383037096
CI.WRC2..HHE,2019-07-05T07:00:00.000000Z,31,100.0,11934.434299930852
CI.WRC2..HHE,2019-07-05T08:00:00.000000Z,32,100.0,7710.728110237373
CI.WRC2..HHE,2019-07-05T09:00:00.000000Z,33,100.0,6860.35387052428
CI.WRC2..HHE,2019-07-05T10:00:00.000000Z,34,100.0,4480.604360776642
CI.WRC2..HHE,2019-07-05T11:00:00.000000Z,35,100.0,341178.78979100706
CI.WRC2..HHE,2019-07-05T12:00:00.000000Z,36,100.0,31739.38563519365
CI.WRC2..HHE,2019-07-05T13:00:00.000000Z,37,100.0,2414.1708941716693
CI.WRC2..HHE,2019-07-05T14:00:00.000000Z,38,100.0,12679.529748708042
CI.WRC2..HHE,2019-07-05T15:00:00.000000Z,39,100.0,2237.9654013818053
CI.WRC2..HHE,2019-07-05T16:00:00.000000Z,40,100.0,1100.5710801370283
CI.WRC2..HHE,2019-07-05T17:00:00.000000Z,41,100.0,12070.538697346754
CI.WRC2..HHE,2019-07-05T18:00:00.000000Z,42,100.0,6177.138966165026
CI.WRC2..HHE,2019-07-05T19:00:00.000000Z,43,100.0,1369.9588012364122
CI.WRC2..HHE,2019-07-05T20:00:00.000000Z,44,100.0,1298.3246167166697
CI.WRC2..HHE,2019-07-05T21:00:00.000000Z,45,100.0,2193.8597925531794
CI.WRC2..HHE,2019-07-05T22:00:00.000000Z,46,100.0,3325.2898895511116
CI.WRC2..HHE,2019-07-05T23:00:00.000000Z,47,100.0,1406.3750559317082
CI.WRC2..HHE,2019-07-06T00:00:00.000000Z,48,100.0,16782.064128415885
CI.WRC2..HHE,2019-07-06T01:00:00.000000Z,49,100.0,1158.289987601462
CI.WRC2..HHE,2019-07-06T02:00:00.000000Z,50,100.0,1604.9189738735058
CI.WRC2..HHE,2019-07-06T03:00:00.000000Z,51,100.0,1069155.261297498
CI.WRC2..HHE,2019-07-06T04:00:00.000000Z,52,99.99194444338517,456157.9105460628
CI.WRC2..HHE,2019-07-06T05:00:00.000000Z,53,100.0,265798.4243903204
CI.WRC2..HHE,2019-07-06T06:00:00.000000Z,54,100.0,139636.78124573626
CI.WRC2..HHE,2019-07-06T07:00:00.000000Z,55,99.98888889286253,68847.75034320174
CI.WRC2..HHE,2019-07-06T08:00:00.000000Z,56,100.0,93280.48299537199
CI.WRC2..HHE,2019-07-06T09:00:00.000000Z,57,100.0,330242.90436406306
CI.WRC2..HHE,2019-07-06T10:00:00.000000Z,58,99.98527777380433,64171.177316518966
CI.WRC2..HHE,2019-07-06T11:00:00.000000Z,59,100.0,122802.22452915907
CI.WRC2..HHE,2019-07-06T12:00:00.000000Z,60,100.0,36446.364683603446
CI.WRC2..HHE,2019-07-06T13:00:00.000000Z,61,100.0,248475.3491269866
CI.WRC2..HHE,2019-07-06T14:00:00.000000Z,62,100.0,19106.961692214714
CI.WRC2..HHE,2019-07-06T15:00:00.000000Z,63,100.0,47936.89939203564
CI.WRC2..HHE,2019-07-06T16:00:00.000000Z,64,100.0,21561.731907658177
CI.WRC2..HHE,2019-07-06T17:00:00.000000Z,65,100.0,77792.31588036935
CI.WRC2..HHE,2019-07-06T18:00:00.000000Z,66,100.0,66591.39436324051
CI.WRC2..HHE,2019-07-06T19:00:00.000000Z,67,100.0,22703.055225167045
CI.WRC2..HHE,2019-07-06T20:00:00.000000Z,68,100.0,12907.934700446787
CI.WRC2..HHE,2019-07-06T21:00:00.000000Z,69,100.0,22417.889444981407
CI.WRC2..HHE,2019-07-06T22:00:00.000000Z,70,99.99944444444473,11305.953651152317
CI.WRC2..HHE,2019-07-06T23:00:00.000000Z,71,100.0,147730.6179638423
CI.WRC2..HHN,2019-07-04T00:00:00.000000Z,0,99.99976944261127,137.31002759704717
CI.WRC2..HHN,2019-07-04T01:00:00.000000Z,1,100.0,124.30368245623293
CI.WRC2..HHN,2019-07-04T02:00:00.000000Z,2,100.0,94.46795398756262
CI.WRC2..HHN,2019-07-04T03:00:00.000000Z,3,100.0,86.37867902651882
CI.WRC2..HHN,2019-07-04T04:00:00.000000Z,4,100.0,3974.1353455641856
CI.WRC2..HHN,2019-07-04T05:00:00.000000Z,5,100.0,716.3331110976651
CI.WRC2..HHN,2019-07-04T06:00:00.000000Z,6,100.0,157.44289018905783
CI.WRC2..HHN,2019-07-04T07:00:00.000000Z,7,100.0,93.58648860278922
CI.WRC2..HHN,2019-07-04T08:00:00.000000Z,8,100.0,82.27242454598918
CI.WRC2..HHN,2019-07-04T09:00:00.000000Z,9,100.0,79.06081370982248
CI.WRC2..HHN,2019-07-04T10:00:00.000000Z,10,100.0,81.30957054514575
CI.WRC2..HHN,2019-07-04T11:00:00.000000Z,11,100.0,79.48480810457572
CI.WRC2..HHN,2019-07-04T12:00:00.000000Z,12,100.0,76.7919364115149
CI.WRC2..HHN,2019-07-04T13:00:00.000000Z,13,100.0,78.65259333175194
CI.WRC2..HHN,2019-07-04T14:00:00.000000Z,14,100.0,79.75796990117308
CI.WRC2..HHN,2019-07-04T15:00:00.000000Z,15,100.0,85.37406601241497
CI.WRC2..HHN,2019-07-04T16:00:00.000000Z,16,100.0,104.33758647827189
CI.WRC2..HHN,2019-07-04T17:00:00.000000Z,17,100.0,505607.29704129
CI.WRC2..HHN,2019-07-04T18:00:00.000000Z,18,100.0,60899.26798123133
CI.WRC2..HHN,2019-07-04T19:00:00.000000Z,19,100.0,49242.17882148316
CI.WRC2..HHN,2019-07-04T20:00:00.000000Z,20,100.0,17501.952692041446
CI.WRC2..HHN,2019-07-04T21:00:00.000000Z,21,100.0,3375.463082408234
CI.WRC2..HHN,2019-07-04T22:00:00.000000Z,22,100.0,22342.992726422995
CI.WRC2..HHN,2019-07-04T23:00:00.000000Z,23,100.0,8638.613271347307
CI.WRC2..HHN,2019-07-05T00:00:00.000000Z,24,100.0,27469.79195410151
CI.WRC2..HHN,2019-07-05T01:00:00.000000Z,25,100.0,1410.0552671833914
CI.WRC2..HHN,2019-07-05T02:00:00.000000Z,26,100.0,6797.817630738956
CI.WRC2..HHN,2019-07-05T03:00:00.000000Z,27,100.0,2344.0587993536947
CI.WRC2..HHN,2019-07-05T04:00:00.000000Z,28,100.0,5043.194341889619
CI.WRC2..HHN,2019-07-05T05:00:00.000000Z,29,100.0,3313.886486192343
CI.WRC2..HHN,2019-07-05T06:00:00.000000Z,30,100.0,4604.004251541131
CI.WRC2..HHN,2019-07-05T07:00:00.000000Z,31,100.0,6329.3349295932785
CI.WRC2..HHN,2019-07-05T08:00:00.000000Z,32,100.0,3876.1348402903222
CI.WRC2..HHN,2019-07-05T09:00:00.000000Z,33,100.0,3401.38683852986
CI.WRC2..HHN,2019-07-05T10:00:00.000000Z,34,100.0,2851.387891437285
CI.WRC2..HHN,2019-07-05T11:00:00.000000Z,35,100.0,186156.24957818317
CI.WRC2..HHN,2019-07-05T12:00:00.000000Z,36,100.0,18697.22948308753
CI.WRC2..HHN,2019-07-05T13:00:00.000000Z,37,100.0,1543.9127360435205
CI.WRC2..HHN,2019-07-05T14:00:00.000000Z,38,100.0,7171.297452440046
CI.WRC2..HHN,2019-07-05T15:00:00.000000Z,39,100.0,1241.0930002035839
CI.WRC2..HHN,2019-07-05T16:00:00.000000Z,40,100.0,726.3001042117323
CI.WRC2..HHN,2019-07-05T17:00:00.000000Z,41,100.0,5223.889962861198
CI.WRC2..HHN,2019-07-05T18:00:00.000000Z,42,100.0,3474.1316895354435
CI.WRC2..HHN,2019-07-05T19:00:00.000000Z,43,100.0,881.500929360742
CI.WRC2..HHN,2019-07-05T20:00:00.000000Z,44,100.0,855.6032696909056
CI.WRC2..HHN,2019-07-05T21:00:00.000000Z,45,100.0,1648.6258051213006
CI.WRC2..HHN,2019-07-05T22:00:00.000000Z,46,100.0,2056.857821205926
CI.WRC2..HHN,2019-07-05T23:00:00.000000Z,47,100.0,871.074434009561
CI.WRC2..HHN,2019-07-06T00:00:00.000000Z,48,100.0,8597.365734478277
CI.WRC2..HHN,2019-07-06T01:00:00.000000Z,49,100.0,837.9814319115319
CI.WRC2..HHN,2019-07-06T02:00:00.000000Z,50,100.0,1030.1101547937697
CI.WRC2..HHN,2019-07-06T03:00:00.000000Z,51,100.0,971848.1753643575
CI.WRC2..HHN,2019-07-06T04:00:00.000000Z,52,99.99499999894033,442107.2863116874
CI.WRC2..HHN,2019-07-06T05:00:00.000000Z,53,100.0,130798.76548396896
CI.WRC2..HHN,2019-07-06T06:00:00.000000Z,54,100.0,94030.8263647076
CI.WRC2..HHN,2019-07-06T07:00:00.000000Z,55,100.0,51668.243044409995
CI.WRC2..HHN,2019-07-06T08:00:00.000000Z,56,100.0,51088.17555008601
CI.WRC2..HHN,2019-07-06T09:00:00.000000Z,57,100.0,409440.9689440267
CI.WRC2..HHN,2019-07-06T10:00:00.000000Z,58,100.0,35969.92023018757
CI.WRC2..HHN,2019-07-06T11:00:00.000000Z,59,100.0,73301.08850654529
CI.WRC2..HHN,2019-07-06T12:00:00.000000Z,60,100.0,24492.582543530072
CI.WRC2..HHN,2019-07-06T13:00:00.000000Z,61,100.0,209370.02142760472
CI.WRC2..HHN,2019-07-06T14:00:00.000000Z,62,100.0,11609.130680772163
CI.WRC2..HHN,2019-07-06T15:00:00.000000Z,63,100.0,26052.989135370357
CI.WRC2..HHN,2019-07-06T16:00:00.000000Z,64,100.0,13449.52019288662
CI.WRC2..HHN,2019-07-06T17:00:00.000000Z,65,100.0,36567.65883349475
CI.WRC2..HHN,2019-07-06T18:00:00.000000Z,66,100.0,35256.66292981806
CI.WRC2..HHN,2019-07-06T19:00:00.000000Z,67,100.0,15923.423703753599
CI.WRC2..HHN,2019-07-06T20:00:00.000000Z,68,99.9852777817513,8527.674385936241
CI.WRC2..HHN,2019-07-06T21:00:00.000000Z,69,100.0,15260.586411317749
CI.WRC2..HHN,2019-07-06T22:00:00.000000Z,70,99.99861110713715,6991.440301114567
CI.WRC2..HHN,2019-07-06T23:00:00.000000Z,71,100.0,104495.00754015213
CI.WRC2..HHZ,2019-07-04T00:00:00.000000Z,0,99.99976944261127,79.39987217487554
CI.WRC2..HHZ,2019-07-04T01:00:00.000000Z,1,100.0,77.17995169122752
CI.WRC2..HHZ,2019-07-04T02:00:00.000000Z,2,100.0,78.84659145228107
CI.WRC2..HHZ,2019-07-04T03:00:00.000000Z,3,100.0,76.86802400341021
CI.WRC2..HHZ,2019-07-04T04:00:00.000000Z,4,100.0,5861.447106607389
CI.WRC2..HHZ,2019-07-04T05:00:00.000000Z,5,100.0,747.0173403658084
CI.WRC2..HHZ,2019-07-04T06:00:00.000000Z,6,100.0,163.58026939615465
CI.WRC2..HHZ,2019-07-04T07:00:00.000000Z,7,100.0,95.06401730711649
CI.WRC2..HHZ,2019-07-04T08:00:00.000000Z,8,100.0,85.07644969937128
CI.WRC2..HHZ,2019-07-04T09:00:00.000000Z,9,100.0,79.80758836831646
CI.WRC2..HHZ,2019-07-04T10:00:00.000000Z,10,100.0,79.79745787403436
CI.WRC2..HHZ,2019-07-04T11:00:00.000000Z,11,100.0,83.94181191268848
CI.WRC2..HHZ,2019-07-04T12:00:00.000000Z,12,100.0,79.60349981343833
CI.WRC2..HHZ,2019-07-04T13:00:00.000000Z,13,100.0,83.17396281478743
CI.WRC2..HHZ,2019-07-04T14:00:00.000000Z,14,100.0,78.11065459163189
CI.WRC2..HHZ,2019-07-04T15:00:00.000000Z,15,100.0,76.35188040765696
CI.WRC2..HHZ,2019-07-04T16:00:00.000000Z,16,100.0,86.8002398078343
CI.WRC2..HHZ,2019-07-04T17:00:00.000000Z,17,100.0,443619.78610031266
CI.WRC2..HHZ,2019-07-04T18:00:00.000000Z,18,100.0,45719.62804168873
CI.WRC2..HHZ,2019-07-04T19:00:00.000000Z,19,100.0,27598.75261884099
CI.WRC2..HHZ,2019-07-04T20:00:00.000000Z,20,100.0,12869.51414853377
CI.WRC2..HHZ,2019-07-04T21:00:00.000000Z,21,100.0,2750.8984742789507
CI.WRC2..HHZ,2019-07-04T22:00:00.000000Z,22,100.0,18242.51857469707
CI.WRC2..HHZ,2019-07-04T23:00:00.000000Z,23,100.0,7068.347804587471
CI.WRC2..HHZ,2019-07-05T00:00:00.000000Z,24,100.0,19144.408574584035
CI.WRC2..HHZ,2019-07-05T01:00:00.000000Z,25,100.0,1196.8974323190782
CI.WRC2..HHZ,2019-07-05T02:00:00.000000Z,26,100.0,5514.83805813836
CI.WRC2..HHZ,2019-07-05T03:00:00.000000Z,27,100.0,2005.699344427924
CI.WRC2..HHZ,2019-07-05T04:00:00.000000Z,28,100.0,4181.306414903448
CI.WRC2..HHZ,2019-07-05T05:00:00.000000Z,29,100.0,2506.1220075473007
CI.WRC2..HHZ,2019-07-05T06:00:00.000000Z,30,100.0,3607.0906591168728
CI.WRC2..HHZ,2019-07-05T07:00:00.000000Z,31,100.0,5238.916164979374
CI.WRC2..HHZ,2019-07-05T08:00:00.000000Z,32,100.0,3349.456913190048
CI.WRC2..HHZ,2019-07-05T09:00:00.000000Z,33,100.0,2775.3607632838293
CI.WRC2..HHZ,2019-07-05T10:00:00.000000Z,34,100.0,2283.483791494249
CI.WRC2..HHZ,2019-07-05T11:00:00.000000Z,35,100.0,126534.63862977561
CI.WRC2..HHZ,2019-07-05T12:00:00.000000Z,36,100.0,14122.024018301276
CI.WRC2..HHZ,2019-07-05T13:00:00.000000Z,37,100.0,1459.6913941765847
CI.WRC2..HHZ,2019-07-05T14:00:00.000000Z,38,100.0,5583.24267847278
CI.WRC2..HHZ,2019-07-05T15:00:00.000000Z,39,100.0,1022.7682464150804
CI.WRC2..HHZ,2019-07-05T16:00:00.000000Z,40,100.0,626.0504322170387
CI.WRC2..HHZ,2019-07-05T17:00:00.000000Z,41,100.0,4890.317665744482
CI.WRC2..HHZ,2019-07-05T18:00:00.000000Z,42,100.0,3084.5692531774525
CI.WRC2..HHZ,2019-07-05T19:00:00.000000Z,43,100.0,689.125152451806
CI.WRC2..HHZ,2019-07-05T20:00:00.000000Z,44,100.0,836.7775781073979
CI.WRC2..HHZ,2019-07-05T21:00:00.000000Z,45,100.0,1267.6669687477652
CI.WRC2..HHZ,2019-07-05T22:00:00.000000Z,46,100.0,1678.825003036311
CI.WRC2..HHZ,2019-07-05T23:00:00.000000Z,47,100.0,722.8112285109619
CI.WRC2..HHZ,2019-07-06T00:00:00.000000Z,48,100.0,6943.504298664838
CI.WRC2..HHZ,2019-07-06T01:00:00.000000Z,49,100.0,778.8072066454349
CI.WRC2..HHZ,2019-07-06T02:00:00.000000Z,50,100.0,817.6083858679941
CI.WRC2..HHZ,2019-07-06T03:00:00.000000Z,51,100.0,776079.061182594
CI.WRC2..HHZ,2019-07-06T04:00:00.000000Z,52,100.0,260382.6567870727
CI.WRC2..HHZ,2019-07-06T05:00:00.000000Z,53,99.22027778334046,85054.2453717062
CI.WRC2..HHZ,2019-07-06T06:00:00.000000Z,54,100.0,53939.12025492054
CI.WRC2..HHZ,2019-07-06T07:00:00.000000Z,55,100.0,31419.120894172273
CI.WRC2..HHZ,2019-07-06T08:00:00.000000Z,56,100.0,36516.21777200294
CI.WRC2..HHZ,2019-07-06T09:00:00.000000Z,57,99.99611110819711,143674.74240839595
CI.WRC2..HHZ,2019-07-06T10:00:00.000000Z,58,100.0,25793.010666171893
CI.WRC2..HHZ,2019-07-06T11:00:00.000000Z,59,100.0,52737.92221505835
CI.WRC2..HHZ,2019-07-06T12:00:00.000000Z,60,100.0,17963.66412267493
CI.WRC2..HHZ,2019-07-06T13:00:00.000000Z,61,100.0,98354.84746717173
CI.WRC2..HHZ,2019-07-06T14:00:00.000000Z,62,100.0,10364.488891651421
CI.WRC2..HHZ,2019-07-06T15:00:00.000000Z,63,100.0,20881.547789347773
CI.WRC2..HHZ,2019-07-06T16:00:00.000000Z,64,100.0,10667.52080665086
CI.WRC2..HHZ,2019-07-06T17:00:00.000000Z,65,100.0,29972.830916436917
CI.WRC2..HHZ,2019-07-06T18:00:00.000000Z,66,100.0,26619.76400505159
CI.WRC2..HHZ,2019-07-06T19:00:00.000000Z,67,100.0,10536.825902763596
CI.WRC2..HHZ,2019-07-06T20:00:00.000000Z,68,99.9944444407358,7212.645743851095
CI.WRC2..HHZ,2019-07-06T21:00:00.000000Z,69,99.99555555555546,12386.628192508588
CI.WRC2..HHZ,2019-07-06T22:00:00.000000Z,70,99.99222222699044,5754.527197292525
CI.WRC2..HHZ,2019-07-06T23:00:00.000000Z,71,100.0,64448.58082810406
CI.WRV2..EHZ,2019-07-04T00:00:00.000000Z,0,100.0,3.9327595129290547
CI.WRV2..EHZ,2019-07-04T01:00:00.000000Z,1,100.0,2.5854785643337057
CI.WRV2..EHZ,2019-07-04T02:00:00.000000Z,2,100.0,2.236397665144263
CI.WRV2..EHZ,2019-07-04T03:00:00.000000Z,3,100.0,2.6787120391358843
CI.WRV2..EHZ,2019-07-04T04:00:00.000000Z,4,100.0,6.399586092706034
CI.WRV2..EHZ,2019-07-04T05:00:00.000000Z,5,100.0,3.868636904623823
CI.WRV2..EHZ,2019-07-04T06:00:00.000000Z,6,100.0,3.7922946034354448
CI.WRV2..EHZ,2019-07-04T07:00:00.000000Z,7,100.0,3.3515352432919903
CI.WRV2..EHZ,2019-07-04T08:00:00.000000Z,8,100.0,3.249870303946205
CI.WRV2..EHZ,2019-07-04T09:00:00.000000Z,9,100.0,3.1777086482333896
CI.WRV2..EHZ,2019-07-04T10:00:00.000000Z,10,100.0,3.0349989015757823
CI.WRV2..EHZ,2019-07-04T11:00:00.000000Z,11,100.0,3.0265312015379293
CI.WRV2..EHZ,2019-07-04T12:00:00.000000Z,12,100.0,2.823206509018022
CI.WRV2..EHZ,2019-07-04T13:00:00.000000Z,13,100.0,2.472370574300876
CI.WRV2..EHZ,2019-07-04T14:00:00.000000Z,14,100.0,2.249395719979688
CI.WRV2..EHZ,2019-07-04T15:00:00.000000Z,15,100.0,2.2698411757114365
CI.WRV2..EHZ,2019-07-04T16:00:00.000000Z,16,100.0,2.696094083783278
CI.WRV2..EHZ,2019-07-04T17:00:00.000000Z,17,100.0,11599.575622590402
CI.WRV2..EHZ,2019-07-04T18:00:00.000000Z,18,100.0,1003.0757962067387
CI.WRV2..EHZ,2019-07-04T19:00:00.000000Z,19,100.0,533.2181292320731
CI.WRV2..EHZ,2019-07-04T20:00:00.000000Z,20,100.0,287.81764173670786
CI.WRV2..EHZ,2019-07-04T21:00:00.000000Z,21,100.0,83.99435426207651
CI.WRV2..EHZ,2019-07-04T22:00:00.000000Z,22,100.0,595.6511297775278
CI.WRV2..EHZ,2019-07-04T23:00:00.000000Z,23,100.0,190.68925266344087
CI.WRV2..EHZ,2019-07-05T00:00:00.000000Z,24,100.0,468.1038488809828
CI.WRV2..EHZ,2019-07-05T01:00:00.000000Z,25,100.0,27.27858704087573
CI.WRV2..EHZ,2019-07-05T02:00:00.000000Z,26,100.0,147.46225387945265
CI.WRV2..EHZ,2019-07-05T03:00:00.000000Z,27,100.0,43.23342145663045
CI.WRV2..EHZ,2019-07-05T04:00:00.000000Z,28,100.0,87.34682241317547
CI.WRV2..EHZ,2019-07-05T05:00:00.000000Z,29,100.0,49.62427957113958
CI.WRV2..EHZ,2019-07-05T06:00:00.000000Z,30,100.0,102.64090038183734
CI.WRV2..EHZ,2019-07-05T07:00:00.000000Z,31,100.0,135.59467685829514
CI.WRV2..EHZ,2019-07-05T08:00:00.000000Z,32,100.0,87.96923748039394
CI.WRV2..EHZ,2019-07-05T09:00:00.000000Z,33,100.0,38.76938974102704
CI.WRV2..EHZ,2019-07-05T10:00:00.000000Z,34,100.0,51.611623986591084
CI.WRV2..EHZ,2019-07-05T11:00:00.000000Z,35,100.0,2566.861619807342
CI.WRV2..EHZ,2019-07-05T12:00:00.000000Z,36,100.0,411.76086679373844
CI.WRV2..EHZ,2019-07-05T13:00:00.000000Z,37,100.0,34.64376120963093
CI.WRV2..EHZ,2019-07-05T14:00:00.000000Z,38,100.0,121.12591184076757
CI.WRV2..EHZ,2019-07-05T15:00:00.000000Z,39,100.0,25.118075938977963
CI.WRV2..EHZ,2019-07-05T16:00:00.000000Z,40,100.0,12.635972152119379
CI.WRV2..EHZ,2019-07-05T17:00:00.000000Z,41,100.0,188.11257437212353
CI.WRV2..EHZ,2019-07-05T18:00:00.000000Z,42,100.0,71.9700738536029
CI.WRV2..EHZ,2019-07-05T19:00:00.000000Z,43,100.0,15.211975116278202
CI.WRV2..EHZ,2019-07-05T20:00:00.000000Z,44,100.0,21.09662028075456
CI.WRV2..EHZ,2019-07-05T21:00:00.000000Z,45,100.0,29.665042267998814
CI.WRV2..EHZ,2019-07-05T22:00:00.000000Z,46,100.0,33.87511870479402
CI.WRV2..EHZ,2019-07-05T23:00:00.000000Z,47,100.0,19.046809170654402
CI.WRV2..EHZ,2019-07-06T00:00:00.000000Z,48,100.0,141.97202971954815
CI.WRV2..EHZ,2019-07-06T01:00:00.000000Z,49,100.0,14.539092831749883
CI.WRV2..EHZ,2019-07-06T02:00:00.000000Z,50,100.0,18.55768006775679
CI.WRV2..EHZ,2019-07-06T03:00:00.000000Z,51,100.0,33702.802976898456
CI.WRV2..EHZ,2019-07-06T04:00:00.000000Z,52,100.0,8423.56079880085
CI.WRV2..EHZ,2019-07-06T05:00:00.000000Z,53,100.0,1377.2149746724047
CI.WRV2..EHZ,2019-07-06T06:00:00.000000Z,54,100.0,2033.4154245571747
CI.WRV2..EHZ,2019-07-06T07:00:00.000000Z,55,100.0,821.2204458833447
CI.WRV2..EHZ,2019-07-06T08:00:00.000000Z,56,100.0,667.94675791072
CI.WRV2..EHZ,2019-07-06T09:00:00.000000Z,57,100.0,4333.902708664352
CI.WRV2..EHZ,2019-07-06T10:00:00.000000Z,58,100.0,487.6032609589697
CI.WRV2..EHZ,2019-07-06T11:00:00.000000Z,59,100.0,789.5412773435771
CI.WRV2..EHZ,2019-07-06T12:00:00.000000Z,60,100.0,311.75932290923777
CI.WRV2..EHZ,2019-07-06T13:00:00.000000Z,61,100.0,1087.4770413887957
CI.WRV2..EHZ,2019-07-06T14:00:00.000000Z,62,100.0,161.7848263573138
CI.WRV2..EHZ,2019-07-06T15:00:00.000000Z,63,100.0,572.0445958063092
CI.WRV2..EHZ,2019-07-06T16:00:00.000000Z,64,100.0,447.68891488539515
CI.WRV2..EHZ,2019-07-06T17:00:00.000000Z,65,100.0,933.4653490238125
CI.WRV2..EHZ,2019-07-06T18:00:00.000000Z,66,100.0,494.5708619117293
CI.WRV2..EHZ,2019-07-06T19:00:00.000000Z,67,100.0,226.47729291760442
CI.WRV2..EHZ,2019-07-06T20:00:00.000000Z,68,100.0,187.14563888487328
CI.WRV2..EHZ,2019-07-06T21:00:00.000000Z,69,100.0,187.9316524724796
CI.WRV2..EHZ,2019-07-06T22:00:00.000000Z,70,100.0,338.81534568915094
CI.WRV2..EHZ,2019-07-06T23:00:00.000000Z,71,100.0,1488.7073585034716
CI.WVP2..EHZ,2019-07-04T00:00:00.000000Z,0,100.0,6.06765995658099
CI.WVP2..EHZ,2019-07-04T01:00:00.000000Z,1,100.0,7.645237875490884
CI.WVP2..EHZ,2019-07-04T02:00:00.000000Z,2,100.0,3.782217308880684
CI.WVP2..EHZ,2019-07-04T03:00:00.000000Z,3,100.0,2.9351327646150067
CI.WVP2..EHZ,2019-07-04T04:00:00.000000Z,4,100.0,7.401284375017408
CI.WVP2..EHZ,2019-07-04T05:00:00.000000Z,5,100.0,2.9540970087330325
CI.WVP2..EHZ,2019-07-04T06:00:00.000000Z,6,100.0,2.4647125085898574
CI.WVP2..EHZ,2019-07-04T07:00:00.000000Z,7,100.0,2.5215571663576415
CI.WVP2..EHZ,2019-07-04T08:00:00.000000Z,8,100.0,2.4421996854621235
CI.WVP2..EHZ,2019-07-04T09:00:00.000000Z,9,100.0,5.051442429753127
CI.WVP2..EHZ,2019-07-04T10:00:00.000000Z,10,100.0,6.293464077104672
CI.WVP2..EHZ,2019-07-04T11:00:00.000000Z,11,100.0,4.795332071429129
CI.WVP2..EHZ,2019-07-04T12:00:00.000000Z,12,100.0,6.367498001627649
CI.WVP2..EHZ,2019-07-04T13:00:00.000000Z,13,100.0,6.401582424435693
CI.WVP2..EHZ,2019-07-04T14:00:00.000000Z,14,100.0,5.560061509551814
CI.WVP2..EHZ,2019-07-04T15:00:00.000000Z,15,100.0,4.987746128534145
CI.WVP2..EHZ,2019-07-04T16:00:00.000000Z,16,100.0,4.513328468320836
CI.WVP2..EHZ,2019-07-04T17:00:00.000000Z,17,100.0,13335.476928279812
CI.WVP2..EHZ,2019-07-04T18:00:00.000000Z,18,100.0,1321.247104792503
CI.WVP2..EHZ,2019-07-04T19:00:00.000000Z,19,100.0,738.6406566461854
CI.WVP2..EHZ,2019-07-04T20:00:00.000000Z,20,100.0,305.59191484147243
CI.WVP2..EHZ,2019-07-04T21:00:00.000000Z,21,100.0,117.01307909706789
CI.WVP2..EHZ,2019-07-04T22:00:00.000000Z,22,100.0,585.4023129224398
CI.WVP2..EHZ,2019-07-04T23:00:00.000000Z,23,100.0,248.34947164762826
CI.WVP2..EHZ,2019-07-05T00:00:00.000000Z,24,100.0,569.379357798026
CI.WVP2..EHZ,2019-07-05T01:00:00.000000Z,25,100.0,44.027173683007355
CI.WVP2..EHZ,2019-07-05T02:00:00.000000Z,26,100.0,204.5112269946066
CI.WVP2..EHZ,2019-07-05T03:00:00.000000Z,27,100.0,70.0205785787464
CI.WVP2..EHZ,2019-07-05T04:00:00.000000Z,28,100.0,119.55727390653792
CI.WVP2..EHZ,2019-07-05T05:00:00.000000Z,29,100.0,82.18014693490281
CI.WVP2..EHZ,2019-07-05T06:00:00.000000Z,30,100.0,120.80964464629538
CI.WVP2..EHZ,2019-07-05T07:00:00.000000Z,31,100.0,173.76457901509505
CI.WVP2..EHZ,2019-07-05T08:00:00.000000Z,32,100.0,122.26545751542693
CI.WVP2..EHZ,2019-07-05T09:00:00.000000Z,33,100.0,57.57470638019297
CI.WVP2..EHZ,2019-07-05T10:00:00.000000Z,34,100.0,71.7274280336226
CI.WVP2..EHZ,2019-07-05T11:00:00.000000Z,35,100.0,2695.1291529184427
CI.WVP2..EHZ,2019-07-05T12:00:00.000000Z,36,100.0,540.6733094644651
CI.WVP2..EHZ,2019-07-05T13:00:00.000000Z,37,100.0,59.405321632734314
CI.WVP2..EHZ,2019-07-05T14:00:00.000000Z,38,100.0,162.61826705913828
CI.WVP2..EHZ,2019-07-05T15:00:00.000000Z,39,100.0,34.89418282480737
CI.WVP2..EHZ,2019-07-05T16:00:00.000000Z,40,100.0,22.672316569428364
CI.WVP2..EHZ,2019-07-05T17:00:00.000000Z,41,100.0,225.31507240246688
CI.WVP2..EHZ,2019-07-05T18:00:00.000000Z,42,100.0,103.5238116241889
CI.WVP2..EHZ,2019-07-05T19:00:00.000000Z,43,100.0,25.675400924616685
CI.WVP2..EHZ,2019-07-05T20:00:00.000000Z,44,100.0,34.75240925578359
CI.WVP2..EHZ,2019-07-05T21:00:00.000000Z,45,100.0,45.39959957098855
CI.WVP2..EHZ,2019-07-05T22:00:00.000000Z,46,100.0,53.9370095192267
CI.WVP2..EHZ,2019-07-05T23:00:00.000000Z,47,100.0,28.964531199891795
CI.WVP2..EHZ,2019-07-06T00:00:00.000000Z,48,100.0,216.8897231557036
CI.WVP2..EHZ,2019-07-06T01:00:00.000000Z,49,100.0,27.95351748673121
CI.WVP2..EHZ,2019-07-06T02:00:00.000000Z,50,100.0,31.431450571584346
CI.WVP2..EHZ,2019-07-06T03:00:00.000000Z,51,100.0,41537.957103019864
CI.WVP2..EHZ,2019-07-06T04:00:00.000000Z,52,100.0,14011.515801214025
CI.WVP2..EHZ,2019-07-06T05:00:00.000000Z,53,100.0,2454.2974783377194
CI.WVP2..EHZ,2019-07-06T06:00:00.000000Z,54,100.0,3408.5146371281057
CI.WVP2..EHZ,2019-07-06T07:00:00.000000Z,55,100.0,1881.180949323212
CI.WVP2..EHZ,2019-07-06T08:00:00.000000Z,56,100.0,1205.9321961687783
CI.WVP2..EHZ,2019-07-06T09:00:00.000000Z,57,100.0,7453.092580990283
CI.WVP2..EHZ,2019-07-06T10:00:00.000000Z,58,100.0,920.3948144731904
CI.WVP2..EHZ,2019-07-06T11:00:00.000000Z,59,100.0,1750.2557222105195
CI.WVP2..EHZ,2019-07-06T12:00:00.000000Z,60,100.0,619.7806854366688
CI.WVP2..EHZ,2019-07-06T13:00:00.000000Z,61,100.0,1775.2440778379384
CI.WVP2..EHZ,2019-07-06T14:00:00.000000Z,62,100.0,328.4467697331519
CI.WVP2..EHZ,2019-07-06T15:00:00.000000Z,63,100.0,707.5581404747088
CI.WVP2..EHZ,2019-07-06T16:00:00.000000Z,64,100.0,500.6809792431319
CI.WVP2..EHZ,2019-07-06T17:00:00.000000Z,65,100.0,1351.5692795202115
CI.WVP2..EHZ,2019-07-06T18:00:00.000000Z,66,100.0,854.1243239665306
CI.WVP2..EHZ,2019-07-06T19:00:00.000000Z,67,100.0,467.85786029725944
CI.WVP2..EHZ,2019-07-06T20:00:00.000000Z,68,100.0,279.38000068919
CI.WVP2..EHZ,2019-07-06T21:00:00.000000Z,69,100.0,396.8218077030041
CI.WVP2..EHZ,2019-07-06T22:00:00.000000Z,70,100.0,248.53412801360778
CI.WVP2..EHZ,2019-07-06T23:00:00.000000Z,71,100.0,1644.2555897714074
NN.GWY..HHE,2019-07-04T00:00:00.000000Z,0,99.99976944261127,189.94045087412593
NN.GWY..HHE,2019-07-04T01:00:00.000000Z,1,100.0,102.43161642741616
NN.GWY..HHE,2019-07-04T02:00:00.000000Z,2,100.0,161.51002632368517
NN.GWY..HHE,2019-07-04T03:00:00.000000Z,3,100.0,289.27731489916897
NN.GWY..HHE,2019-07-04T04:00:00.000000Z,4,100.0,2345.852906796562
NN.GWY..HHE,2019-07-04T05:00:00.000000Z,5,100.0,433.5765122916258
NN.GWY..HHE,2019-07-04T06:00:00.000000Z,6,100.0,195.40839401015347
NN.GWY..HHE,2019-07-04T07:00:00.000000Z,7,100.0,362.43431629224204
NN.GWY..HHE,2019-07-04T08:00:00.000000Z,8,100.0,331.8456975808534
NN.GWY..HHE,2019-07-04T09:00:00.000000Z,9,100.0,366.45245804934353
NN.GWY..HHE,2019-07-04T10:00:00.000000Z,10,100.0,322.19302932472704
NN.GWY..HHE,2019-07-04T11:00:00.000000Z,11,100.0,385.4736844783828
NN.GWY..HHE,2019-07-04T12:00:00.000000Z,12,100.0,455.4034722426754
NN.GWY..HHE,2019-07-04T13:00:00.000000Z,13,100.0,1666.5997361259983
NN.GWY..HHE,2019-07-04T14:00:00.000000Z,14,100.0,167.7258216523472
NN.GWY..HHE,2019-07-04T15:00:00.000000Z,15,100.0,279.2330192800099
NN.GWY..HHE,2019-07-04T16:00:00.000000Z,16,100.0,210.4364630098844
NN.GWY..HHE,2019-07-04T17:00:00.000000Z,17,100.0,104867.68930042445
NN.GWY..HHE,2019-07-04T18:00:00.000000Z,18,100.0,8426.323805832697
NN.GWY..HHE,2019-07-04T19:00:00.000000Z,19,100.0,3671.3435004635035
NN.GWY..HHE,2019-07-04T20:00:00.000000Z,20,100.0,912.7306709548881
NN.GWY..HHE,2019-07-04T21:00:00.000000Z,21,100.0,317.83311362884024
NN.GWY..HHE,2019-07-04T22:00:00.000000Z,22,100.0,2923.0945639464153
NN.GWY..HHE,2019-07-04T23:00:00.000000Z,23,100.0,1354.0658970337981
NN.GWY..HHE,2019-07-05T00:00:00.000000Z,24,100.0,1978.4167786573964
NN.GWY..HHE,2019-07-05T01:00:00.000000Z,25,100.0,211.61174286983314
NN.GWY..HHE,2019-07-05T02:00:00.000000Z,26,100.0,684.1720122219599
NN.GWY..HHE,2019-07-05T03:00:00.000000Z,27,100.0,526.9397358883227
NN.GWY..HHE,2019-07-05T04:00:00.000000Z,28,100.0,713.1364944483801
NN.GWY..HHE,2019-07-05T05:00:00.000000Z,29,100.0,282.3309049340626
NN.GWY..HHE,2019-07-05T06:00:00.000000Z,30,100.0,441.39892142680486
NN.GWY..HHE,2019-07-05T07:00:00.000000Z,31,100.0,838.8810671240564
NN.GWY..HHE,2019-07-05T08:00:00.000000Z,32,100.0,336.1124863121632
NN.GWY..HHE,2019-07-05T09:00:00.000000Z,33,100.0,327.95452253097733
NN.GWY..HHE,2019-07-05T10:00:00.000000Z,34,100.0,414.46013160138085
NN.GWY..HHE,2019-07-05T11:00:00.000000Z,35,100.0,22165.696405029823
NN.GWY..HHE,2019-07-05T12:00:00.000000Z,36,100.0,2100.0528944448306
NN.GWY..HHE,2019-07-05T13:00:00.000000Z,37,100.0,1318.4773830018892
NN.GWY..HHE,2019-07-05T14:00:00.000000Z,38,100.0,802.6631184509221
NN.GWY..HHE,2019-07-05T15:00:00.000000Z,39,100.0,424.7993343759371
NN.GWY..HHE,2019-07-05T16:00:00.000000Z,40,100.0,473.6805734257976
NN.GWY..HHE,2019-07-05T17:00:00.000000Z,41,100.0,882.9501599533062
NN.GWY..HHE,2019-07-05T18:00:00.000000Z,42,100.0,449.0574522170268
NN.GWY..HHE,2019-07-05T19:00:00.000000Z,43,100.0,278.9426653816017
NN.GWY..HHE,2019-07-05T20:00:00.000000Z,44,100.0,262.6882015065392
NN.GWY..HHE,2019-07-05T21:00:00.000000Z,45,100.0,238.9190493821228
NN.GWY..HHE,2019-07-05T22:00:00.000000Z,46,100.0,179.13668266093325
NN.GWY..HHE,2019-07-05T23:00:00.000000Z,47,100.0,172.08771070578166
NN.GWY..HHE,2019-07-06T00:00:00.000000Z,48,100.0,622.9789736729325
NN.GWY..HHE,2019-07-06T01:00:00.000000Z,49,100.0,121.36484813763832
NN.GWY..HHE,2019-07-06T02:00:00.000000Z,50,100.0,213.12676939699057
NN.GWY..HHE,2019-07-06T03:00:00.000000Z,51,100.0,370220.7468374611
NN.GWY..HHE,2019-07-06T04:00:00.000000Z,52,100.0,23010.269428670133
NN.GWY..HHE,2019-07-06T05:00:00.000000Z,53,100.0,3320.9707405246654
NN.GWY..HHE,2019-07-06T06:00:00.000000Z,54,100.0,4475.739727057842
NN.GWY..HHE,2019-07-06T07:00:00.000000Z,55,100.0,1661.6396179199726
NN.GWY..HHE,2019-07-06T08:00:00.000000Z,56,100.0,4832.693483114674
NN.GWY..HHE,2019-07-06T09:00:00.000000Z,57,100.0,7381.392009192165
NN.GWY..HHE,2019-07-06T10:00:00.000000Z,58,100.0,1948.3490995468958
NN.GWY..HHE,2019-07-06T11:00:00.000000Z,59,100.0,1517.8543281722953
NN.GWY..HHE,2019-07-06T12:00:00.000000Z,60,100.0,643.2381258110265
NN.GWY..HHE,2019-07-06T13:00:00.000000Z,61,100.0,2181.187010952217
NN.GWY..HHE,2019-07-06T14:00:00.000000Z,62,100.0,213.35189468249
NN.GWY..HHE,2019-07-06T15:00:00.000000Z,63,100.0,482.3789091321355
NN.GWY..HHE,2019-07-06T16:00:00.000000Z,64,100.0,2809.072237401855
NN.GWY..HHE,2019-07-06T17:00:00.000000Z,65,100.0,1175.3947706903243
NN.GWY..HHE,2019-07-06T18:00:00.000000Z,66,100.0,901.2119122093808
NN.GWY..HHE,2019-07-06T19:00:00.000000Z,67,100.0,340.59223485007715
NN.GWY..HHE,2019-07-06T20:00:00.000000Z,68,100.0,268.48843130028064
NN.GWY..HHE,2019-07-06T21:00:00.000000Z,69,100.0,378.04864873341904
NN.GWY..HHE,2019-07-06T22:00:00.000000Z,70,100.0,229.52918370532623
NN.GWY..HHE,2019-07-06T23:00:00.000000Z,71,100.0,2563.7990582060293
NN.GWY..HHN,2019-07-04T00:00:00.000000Z,0,99.99976944261127,110.40507626965329
NN.GWY..HHN,2019-07-04T01:00:00.000000Z,1,100.0,94.70041502969005
NN.GWY..HHN,2019-07-04T02:00:00.000000Z,2,100.0,118.811870645987
NN.GWY..HHN,2019-07-04T03:00:00.000000Z,3,100.0,139.79364944886808
NN.GWY..HHN,2019-07-04T04:00:00.000000Z,4,100.0,2166.6105161564824
NN.GWY..HHN,2019-07-04T05:00:00.000000Z,5,100.0,418.97105008513
NN.GWY..HHN,2019-07-04T06:00:00.000000Z,6,100.0,110.56057638391744
NN.GWY..HHN,2019-07-04T07:00:00.000000Z,7,100.0,127.49531543582832
NN.GWY..HHN,2019-07-04T08:00:00.000000Z,8,100.0,158.7744655845376
NN.GWY..HHN,2019-07-04T09:00:00.000000Z,9,100.0,175.5873707242226
NN.GWY..HHN,2019-07-04T10:00:00.000000Z,10,100.0,217.65143963437765
NN.GWY..HHN,2019-07-04T11:00:00.000000Z,11,100.0,270.9415184577578
NN.GWY..HHN,2019-07-04T12:00:00.000000Z,12,100.0,486.59755283853303
NN.GWY..HHN,2019-07-04T13:00:00.000000Z,13,100.0,778.0086087797812
NN.GWY..HHN,2019-07-04T14:00:00.000000Z,14,100.0,342.18329177862483
NN.GWY..HHN,2019-07-04T15:00:00.000000Z,15,100.0,391.42075827223687
NN.GWY..HHN,2019-07-04T16:00:00.000000Z,16,100.0,252.88990769126383
NN.GWY..HHN,2019-07-04T17:00:00.000000Z,17,100.0,119912.17369063133
NN.GWY..HHN,2019-07-04T18:00:00.000000Z,18,100.0,7941.9398387419615
NN.GWY..HHN,2019-07-04T19:00:00.000000Z,19,100.0,3727.515843923973
NN.GWY..HHN,2019-07-04T20:00:00.000000Z,20,100.0,771.5247518538151
NN.GWY..HHN,2019-07-04T21:00:00.000000Z,21,100.0,282.0138192353147
NN.GWY..HHN,2019-07-04T22:00:00.000000Z,22,100.0,2959.5073860295875
NN.GWY..HHN,2019-07-04T23:00:00.000000Z,23,100.0,1184.2220450909606
NN.GWY..HHN,2019-07-05T00:00:00.000000Z,24,100.0,1743.75523521438
NN.GWY..HHN,2019-07-05T01:00:00.000000Z,25,100.0,163.5955330457796
NN.GWY..HHN,2019-07-05T02:00:00.000000Z,26,100.0,618.8770955061583
NN.GWY..HHN,2019-07-05T03:00:00.000000Z,27,100.0,294.0216452922916
NN.GWY..HHN,2019-07-05T04:00:00.000000Z,28,100.0,598.0933879661259
NN.GWY..HHN,2019-07-05T05:00:00.000000Z,29,100.0,222.0560166276473
NN.GWY..HHN,2019-07-05T06:00:00.000000Z,30,100.0,372.76144496158656
NN.GWY..HHN,2019-07-05T07:00:00.000000Z,31,100.0,689.9859965930531
NN.GWY..HHN,2019-07-05T08:00:00.000000Z,32,100.0,293.61965282830386
NN.GWY..HHN,2019-07-05T09:00:00.000000Z,33,100.0,229.0822700659059
NN.GWY..HHN,2019-07-05T10:00:00.000000Z,34,100.0,173.3473721628635
NN.GWY..HHN,2019-07-05T11:00:00.000000Z,35,100.0,20427.637172156665
NN.GWY..HHN,2019-07-05T12:00:00.000000Z,36,100.0,1667.7584136967946
NN.GWY..HHN,2019-07-05T13:00:00.000000Z,37,100.0,530.5386152330085
NN.GWY..HHN,2019-07-05T14:00:00.000000Z,38,100.0,841.3492806173393
NN.GWY..HHN,2019-07-05T15:00:00.000000Z,39,100.0,631.3735705767541
NN.GWY..HHN,2019-07-05T16:00:00.000000Z,40,100.0,886.6627303202504
NN.GWY..HHN,2019-07-05T17:00:00.000000Z,41,100.0,897.2586586285369
NN.GWY..HHN,2019-07-05T18:00:00.000000Z,42,100.0,467.5188450679584
NN.GWY..HHN,2019-07-05T19:00:00.000000Z,43,100.0,257.1607516355823
NN.GWY..HHN,2019-07-05T20:00:00.000000Z,44,100.0,169.30620988042722
NN.GWY..HHN,2019-07-05T21:00:00.000000Z,45,100.0,149.70086038925842
NN.GWY..HHN,2019-07-05T22:00:00.000000Z,46,100.0,137.3787582686341
NN.GWY..HHN,2019-07-05T23:00:00.000000Z,47,100.0,122.4489143805713
NN.GWY..HHN,2019-07-06T00:00:00.000000Z,48,100.0,597.577905835455
NN.GWY..HHN,2019-07-06T01:00:00.000000Z,49,100.0,93.22871782888419
NN.GWY..HHN,2019-07-06T02:00:00.000000Z,50,100.0,161.88870485010483
NN.GWY..HHN,2019-07-06T03:00:00.000000Z,51,100.0,478820.5651394492
NN.GWY..HHN,2019-07-06T04:00:00.000000Z,52,100.0,23663.435542867395
NN.GWY..HHN,2019-07-06T05:00:00.000000Z,53,100.0,2869.301308898127
NN.GWY..HHN,2019-07-06T06:00:00.000000Z,54,100.0,4025.6173113516857
NN.GWY..HHN,2019-07-06T07:00:00.000000Z,55,100.0,1459.2311345709652
NN.GWY..HHN,2019-07-06T08:00:00.000000Z,56,100.0,4484.737486055907
NN.GWY..HHN,2019-07-06T09:00:00.000000Z,57,100.0,6936.224895485942
NN.GWY..HHN,2019-07-06T10:00:00.000000Z,58,100.0,1619.8872783651552
NN.GWY..HHN,2019-07-06T11:00:00.000000Z,59,100.0,1354.3291850939622
NN.GWY..HHN,2019-07-06T12:00:00.000000Z,60,100.0,533.6936293462747
NN.GWY..HHN,2019-07-06T13:00:00.000000Z,61,100.0,1726.3156442322
NN.GWY..HHN,2019-07-06T14:00:00.000000Z,62,100.0,226.35286416088377
NN.GWY..HHN,2019-07-06T15:00:00.000000Z,63,100.0,468.2119887378736
NN.GWY..HHN,2019-07-06T16:00:00.000000Z,64,100.0,1902.1057226319392
NN.GWY..HHN,2019-07-06T17:00:00.000000Z,65,100.0,1000.0778570200657
NN.GWY..HHN,2019-07-06T18:00:00.000000Z,66,100.0,822.2746300598297
NN.GWY..HHN,2019-07-06T19:00:00.000000Z,67,100.0,362.24779883099944
NN.GWY..HHN,2019-07-06T20:00:00.000000Z,68,100.0,270.91067138908437
NN.GWY..HHN,2019-07-06T21:00:00.000000Z,69,100.0,347.36733066691966
NN.GWY..HHN,2019-07-06T22:00:00.000000Z,70,100.0,169.93100583063259
NN.GWY..HHN,2019-07-06T23:00:00.000000Z,71,100.0,2176.122759741139
NN.GWY..HHZ,2019-07-04T00:00:00.000000Z,0,99.99976944261127,1135.6920600499475
NN.GWY..HHZ,2019-07-04T01:00:00.000000Z,1,100.0,2175.260924242876
NN.GWY..HHZ,2019-07-04T02:00:00.000000Z,2,100.0,2243.7388260906355
NN.GWY..HHZ,2019-07-04T03:00:00.000000Z,3,100.0,2007.7265033100775
NN.GWY..HHZ,2019-07-04T04:00:00.000000Z,4,100.0,2594.6462580418356
NN.GWY..HHZ,2019-07-04T05:00:00.000000Z,5,100.0,1680.2604482957443
NN.GWY..HHZ,2019-07-04T06:00:00.000000Z,6,100.0,798.2511701353892
NN.GWY..HHZ,2019-07-04T07:00:00.000000Z,7,100.0,6207.438888145429
NN.GWY..HHZ,2019-07-04T08:00:00.000000Z,8,100.0,1106.1188415142947
NN.GWY..HHZ,2019-07-04T09:00:00.000000Z,9,100.0,2065.1211803186334
NN.GWY..HHZ,2019-07-04T10:00:00.000000Z,10,100.0,1339.1688859561655
NN.GWY..HHZ,2019-07-04T11:00:00.000000Z,11,100.0,1104.9833895300048
NN.GWY..HHZ,2019-07-04T12:00:00.000000Z,12,100.0,1080.9019914320572
NN.GWY..HHZ,2019-07-04T13:00:00.000000Z,13,100.0,26125.340261447207
NN.GWY..HHZ,2019-07-04T14:00:00.000000Z,14,100.0,1482.2866987930424
NN.GWY..HHZ,2019-07-04T15:00:00.000000Z,15,100.0,3573.3173158627624
NN.GWY..HHZ,2019-07-04T16:00:00.000000Z,16,100.0,2605.5896904306665
NN.GWY..HHZ,2019-07-04T17:00:00.000000Z,17,100.0,56652.213505093394
NN.GWY..HHZ,2019-07-04T18:00:00.000000Z,18,100.0,4153.3548927128
NN.GWY..HHZ,2019-07-04T19:00:00.000000Z,19,100.0,2237.4298401315245
NN.GWY..HHZ,2019-07-04T20:00:00.000000Z,20,100.0,512.39131406977
NN.GWY..HHZ,2019-07-04T21:00:00.000000Z,21,100.0,383.62031289364484
NN.GWY..HHZ,2019-07-04T22:00:00.000000Z,22,100.0,1693.6114222308759
NN.GWY..HHZ,2019-07-04T23:00:00.000000Z,23,100.0,1025.1956492518843
NN.GWY..HHZ,2019-07-05T00:00:00.000000Z,24,100.0,1448.7966564424714
NN.GWY..HHZ,2019-07-05T01:00:00.000000Z,25,100.0,2381.2446287450857
NN.GWY..HHZ,2019-07-05T02:00:00.000000Z,26,100.0,2404.952729340171
NN.GWY..HHZ,2019-07-05T03:00:00.000000Z,27,100.0,1809.0383124935129
NN.GWY..HHZ,2019-07-05T04:00:00.000000Z,28,100.0,704.8788712731854
NN.GWY..HHZ,2019-07-05T05:00:00.000000Z,29,100.0,1484.0809190409568
NN.GWY..HHZ,2019-07-05T06:00:00.000000Z,30,100.0,1196.2417457623649
NN.GWY..HHZ,2019-07-05T07:00:00.000000Z,31,100.0,1820.174760738404
NN.GWY..HHZ,2019-07-05T08:00:00.000000Z,32,100.0,538.0725280061206
NN.GWY..HHZ,2019-07-05T09:00:00.000000Z,33,100.0,487.4886432989539
NN.GWY..HHZ,2019-07-05T10:00:00.000000Z,34,100.0,4834.729142632005
NN.GWY..HHZ,2019-07-05T11:00:00.000000Z,35,100.0,13338.747008316372
NN.GWY..HHZ,2019-07-05T12:00:00.000000Z,36,100.0,1518.4091973415007
NN.GWY..HHZ,2019-07-05T13:00:00.000000Z,37,100.0,21314.666965591183
NN.GWY..HHZ,2019-07-05T14:00:00.000000Z,38,100.0,1186.6216976026792
NN.GWY..HHZ,2019-07-05T15:00:00.000000Z,39,100.0,3669.808830372975
NN.GWY..HHZ,2019-07-05T16:00:00.000000Z,40,100.0,4665.304903680513
NN.GWY..HHZ,2019-07-05T17:00:00.000000Z,41,100.0,652.030584831159
NN.GWY..HHZ,2019-07-05T18:00:00.000000Z,42,100.0,520.0971809143366
NN.GWY..HHZ,2019-07-05T19:00:00.000000Z,43,100.0,902.3861471649393
NN.GWY..HHZ,2019-07-05T20:00:00.000000Z,44,100.0,1530.3330168910775
NN.GWY..HHZ,2019-07-05T21:00:00.000000Z,45,100.0,344.2194738998736
NN.GWY..HHZ,2019-07-05T22:00:00.000000Z,46,100.0,654.967875923587
NN.GWY..HHZ,2019-07-05T23:00:00.000000Z,47,100.0,565.996337572104
NN.GWY..HHZ,2019-07-06T00:00:00.000000Z,48,100.0,984.9092617959809
NN.GWY..HHZ,2019-07-06T01:00:00.000000Z,49,100.0,2294.5417430530647
NN.GWY..HHZ,2019-07-06T02:00:00.000000Z,50,100.0,2632.493362992175
NN.GWY..HHZ,2019-07-06T03:00:00.000000Z,51,100.0,205821.86909921526
NN.GWY..HHZ,2019-07-06T04:00:00.000000Z,52,100.0,12664.794941537128
NN.GWY..HHZ,2019-07-06T05:00:00.000000Z,53,100.0,2200.878690218157
NN.GWY..HHZ,2019-07-06T06:00:00.000000Z,54,100.0,2952.0648612812474
NN.GWY..HHZ,2019-07-06T07:00:00.000000Z,55,100.0,1547.171006742448
NN.GWY..HHZ,2019-07-06T08:00:00.000000Z,56,100.0,2879.8145973427586
NN.GWY..HHZ,2019-07-06T09:00:00.000000Z,57,100.0,3736.7915117150696
NN.GWY..HHZ,2019-07-06T10:00:00.000000Z,58,100.0,1485.3053176906676
NN.GWY..HHZ,2019-07-06T11:00:00.000000Z,59,100.0,968.2675300185062
NN.GWY..HHZ,2019-07-06T12:00:00.000000Z,60,100.0,996.084459338195
NN.GWY..HHZ,2019-07-06T13:00:00.000000Z,61,100.0,14595.845372375177
NN.GWY..HHZ,2019-07-06T14:00:00.000000Z,62,100.0,1126.251086668968
NN.GWY..HHZ,2019-07-06T15:00:00.000000Z,63,100.0,2483.007538864804
NN.GWY..HHZ,2019-07-06T16:00:00.000000Z,64,100.0,1439.2510350979992
NN.GWY..HHZ,2019-07-06T17:00:00.000000Z,65,100.0,1275.1845815878562
NN.GWY..HHZ,2019-07-06T18:00:00.000000Z,66,100.0,600.9761826874329
NN.GWY..HHZ,2019-07-06T19:00:00.000000Z,67,100.0,205.57536458315442
NN.GWY..HHZ,2019-07-06T20:00:00.000000Z,68,100.0,201.82004124671883
NN.GWY..HHZ,2019-07-06T21:00:00.000000Z,69,100.0,559.7287567034566
NN.GWY..HHZ,2019-07-06T22:00:00.000000Z,70,100.0,604.8921999552153
NN.GWY..HHZ,2019-07-06T23:00:00.000000Z,71,100.0,1717.28555617989
NN.QSM..HHE,2019-07-04T00:00:00.000000Z,0,99.99976944261127,163.98766542563416
NN.QSM..HHE,2019-07-04T01:00:00.000000Z,1,100.0,127.33479789217402
NN.QSM..HHE,2019-07-04T02:00:00.000000Z,2,100.0,165.0830391284971
NN.QSM..HHE,2019-07-04T03:00:00.000000Z,3,100.0,231.43605721375897
NN.QSM..HHE,2019-07-04T04:00:00.000000Z,4,100.0,1859.948564108907
NN.QSM..HHE,2019-07-04T05:00:00.000000Z,5,100.0,462.100846192286
NN.QSM..HHE,2019-07-04T06:00:00.000000Z,6,100.0,254.9117828933681
NN.QSM..HHE,2019-07-04T07:00:00.000000Z,7,100.0,268.2909953950665
NN.QSM..HHE,2019-07-04T08:00:00.000000Z,8,100.0,322.5482756487911
NN.QSM..HHE,2019-07-04T09:00:00.000000Z,9,100.0,526.1833555193696
NN.QSM..HHE,2019-07-04T10:00:00.000000Z,10,100.0,497.3131633260195
NN.QSM..HHE,2019-07-04T11:00:00.000000Z,11,100.0,603.8488420582206
NN.QSM..HHE,2019-07-04T12:00:00.000000Z,12,100.0,560.8929805023214
NN.QSM..HHE,2019-07-04T13:00:00.000000Z,13,100.0,871.2316052531453
NN.QSM..HHE,2019-07-04T14:00:00.000000Z,14,100.0,686.1617242358861
NN.QSM..HHE,2019-07-04T15:00:00.000000Z,15,100.0,368.69749117133347
NN.QSM..HHE,2019-07-04T16:00:00.000000Z,16,100.0,411.86938305483847
NN.QSM..HHE,2019-07-04T17:00:00.000000Z,17,100.0,129653.53754291515
NN.QSM..HHE,2019-07-04T18:00:00.000000Z,18,100.0,8965.399586601816
NN.QSM..HHE,2019-07-04T19:00:00.000000Z,19,100.0,7139.339907697511
NN.QSM..HHE,2019-07-04T20:00:00.000000Z,20,100.0,1216.4297715411788
NN.QSM..HHE,2019-07-04T21:00:00.000000Z,21,100.0,773.3920375237819
NN.QSM..HHE,2019-07-04T22:00:00.000000Z,22,100.0,2821.664979284752
NN.QSM..HHE,2019-07-04T23:00:00.000000Z,23,100.0,2632.7909511067814
NN.QSM..HHE,2019-07-05T00:00:00.000000Z,24,100.0,2437.3975058583565
NN.QSM..HHE,2019-07-05T01:00:00.000000Z,25,100.0,334.9174154240178
NN.QSM..HHE,2019-07-05T02:00:00.000000Z,26,100.0,1165.066252019588
NN.QSM..HHE,2019-07-05T03:00:00.000000Z,27,100.0,634.2056996105495
NN.QSM..HHE,2019-07-05T04:00:00.000000Z,28,100.0,759.5302384860934
NN.QSM..HHE,2019-07-05T05:00:00.000000Z,29,100.0,343.3903894160719
NN.QSM..HHE,2019-07-05T06:00:00.000000Z,30,100.0,800.91990889421
NN.QSM..HHE,2019-07-05T07:00:00.000000Z,31,100.0,1183.4425542526865
NN.QSM..HHE,2019-07-05T08:00:00.000000Z,32,100.0,742.2412717232129
NN.QSM..HHE,2019-07-05T09:00:00.000000Z,33,100.0,575.8287733433157
NN.QSM..HHE,2019-07-05T10:00:00.000000Z,34,100.0,357.8737519324249
NN.QSM..HHE,2019-07-05T11:00:00.000000Z,35,100.0,20761.153412662552
NN.QSM..HHE,2019-07-05T12:00:00.000000Z,36,100.0,1879.1243779936676
NN.QSM..HHE,2019-07-05T13:00:00.000000Z,37,100.0,532.9852057142824
NN.QSM..HHE,2019-07-05T14:00:00.000000Z,38,100.0,882.1711235869269
NN.QSM..HHE,2019-07-05T15:00:00.000000Z,39,100.0,539.029983266653
NN.QSM..HHE,2019-07-05T16:00:00.000000Z,40,100.0,527.0468587702114
NN.QSM..HHE,2019-07-05T17:00:00.000000Z,41,100.0,1365.038270747316
NN.QSM..HHE,2019-07-05T18:00:00.000000Z,42,100.0,341.9707857546317
NN.QSM..HHE,2019-07-05T19:00:00.000000Z,43,100.0,350.38711069012817
NN.QSM..HHE,2019-07-05T20:00:00.000000Z,44,100.0,415.2954801085089
NN.QSM..HHE,2019-07-05T21:00:00.000000Z,45,100.0,545.1280262298943
NN.QSM..HHE,2019-07-05T22:00:00.000000Z,46,100.0,609.685718149515
NN.QSM..HHE,2019-07-05T23:00:00.000000Z,47,100.0,363.44040955656453
NN.QSM..HHE,2019-07-06T00:00:00.000000Z,48,100.0,894.4797094144435
NN.QSM..HHE,2019-07-06T01:00:00.000000Z,49,100.0,229.8041964650921
NN.QSM..HHE,2019-07-06T02:00:00.000000Z,50,100.0,160.99907727749027
NN.QSM..HHE,2019-07-06T03:00:00.000000Z,51,100.0,433849.1979325826
NN.QSM..HHE,2019-07-06T04:00:00.000000Z,52,100.0,23179.09213844227
NN.QSM..HHE,2019-07-06T05:00:00.000000Z,53,100.0,4060.240683344652
NN.QSM..HHE,2019-07-06T06:00:00.000000Z,54,100.0,4761.6970974852575
NN.QSM..HHE,2019-07-06T07:00:00.000000Z,55,100.0,2129.281437884506
NN.QSM..HHE,2019-07-06T08:00:00.000000Z,56,100.0,5365.830850850388
NN.QSM..HHE,2019-07-06T09:00:00.000000Z,57,100.0,7814.7036842531525
NN.QSM..HHE,2019-07-06T10:00:00.000000Z,58,100.0,2085.240959660185
NN.QSM..HHE,2019-07-06T11:00:00.000000Z,59,100.0,1808.2708269086702
NN.QSM..HHE,2019-07-06T12:00:00.000000Z,60,100.0,1070.931286234946
NN.QSM..HHE,2019-07-06T13:00:00.000000Z,61,100.0,2527.930082422786
NN.QSM..HHE,2019-07-06T14:00:00.000000Z,62,100.0,397.8479807032371
NN.QSM..HHE,2019-07-06T15:00:00.000000Z,63,100.0,801.2952598924973
NN.QSM..HHE,2019-07-06T16:00:00.000000Z,64,100.0,3713.6202374265913
NN.QSM..HHE,2019-07-06T17:00:00.000000Z,65,100.0,1579.9639625836191
NN.QSM..HHE,2019-07-06T18:00:00.000000Z,66,100.0,1350.7826579531695
NN.QSM..HHE,2019-07-06T19:00:00.000000Z,67,100.0,611.2335673757974
NN.QSM..HHE,2019-07-06T20:00:00.000000Z,68,100.0,484.6780628203761
NN.QSM..HHE,2019-07-06T21:00:00.000000Z,69,100.0,909.9092846695141
NN.QSM..HHE,2019-07-06T22:00:00.000000Z,70,100.0,592.5260806703919
NN.QSM..HHE,2019-07-06T23:00:00.000000Z,71,100.0,2817.2301234792585
NN.QSM..HHN,2019-07-04T00:00:00.000000Z,0,99.99976944261127,259.5792523098518
NN.QSM..HHN,2019-07-04T01:00:00.000000Z,1,100.0,192.77236402520214
NN.QSM..HHN,2019-07-04T02:00:00.000000Z,2,100.0,325.7239347078006
NN.QSM..HHN,2019-07-04T03:00:00.000000Z,3,100.0,357.45139326545086
NN.QSM..HHN,2019-07-04T04:00:00.000000Z,4,100.0,2032.3544754206546
NN.QSM..HHN,2019-07-04T05:00:00.000000Z,5,100.0,520.0308661058086
NN.QSM..HHN,2019-07-04T06:00:00.000000Z,6,100.0,283.06607675719147
NN.QSM..HHN,2019-07-04T07:00:00.000000Z,7,100.0,217.343472569905
NN.QSM..HHN,2019-07-04T08:00:00.000000Z,8,100.0,219.06339553870663
NN.QSM..HHN,2019-07-04T09:00:00.000000Z,9,100.0,393.3399699902952
NN.QSM..HHN,2019-07-04T10:00:00.000000Z,10,100.0,315.89498478602377
NN.QSM..HHN,2019-07-04T11:00:00.000000Z,11,100.0,342.12660587849274
NN.QSM..HHN,2019-07-04T12:00:00.000000Z,12,100.0,363.2311067145334
NN.QSM..HHN,2019-07-04T13:00:00.000000Z,13,100.0,493.1253273111589
NN.QSM..HHN,2019-07-04T14:00:00.000000Z,14,100.0,843.5718143711625
NN.QSM..HHN,2019-07-04T15:00:00.000000Z,15,100.0,467.1862654541369
NN.QSM..HHN,2019-07-04T16:00:00.000000Z,16,100.0,1038.4446854305954
NN.QSM..HHN,2019-07-04T17:00:00.000000Z,17,100.0,183504.17536165786
NN.QSM..HHN,2019-07-04T18:00:00.000000Z,18,100.0,9168.104882647973
NN.QSM..HHN,2019-07-04T19:00:00.000000Z,19,100.0,7804.433127754343
NN.QSM..HHN,2019-07-04T20:00:00.000000Z,20,100.0,1474.8054655533874
NN.QSM..HHN,2019-07-04T21:00:00.000000Z,21,100.0,905.6493984247035
NN.QSM..HHN,2019-07-04T22:00:00.000000Z,22,100.0,3130.6692859091336
NN.QSM..HHN,2019-07-04T23:00:00.000000Z,23,100.0,2560.0156653229474
NN.QSM..HHN,2019-07-05T00:00:00.000000Z,24,100.0,2369.433941793251
NN.QSM..HHN,2019-07-05T01:00:00.000000Z,25,100.0,298.54419550011374
NN.QSM..HHN,2019-07-05T02:00:00.000000Z,26,100.0,1087.58896152074
NN.QSM..HHN,2019-07-05T03:00:00.000000Z,27,100.0,554.6747296220715
NN.QSM..HHN,2019-07-05T04:00:00.000000Z,28,100.0,804.8460064819639
NN.QSM..HHN,2019-07-05T05:00:00.000000Z,29,100.0,329.8693289181179
NN.QSM..HHN,2019-07-05T06:00:00.000000Z,30,100.0,776.5416060614633
NN.QSM..HHN,2019-07-05T07:00:00.000000Z,31,100.0,1084.0967941914903
NN.QSM..HHN,2019-07-05T08:00:00.000000Z,32,100.0,747.8163962440066
NN.QSM..HHN,2019-07-05T09:00:00.000000Z,33,100.0,496.99247473962646
NN.QSM..HHN,2019-07-05T10:00:00.000000Z,34,100.0,333.55476942846883
NN.QSM..HHN,2019-07-05T11:00:00.000000Z,35,100.0,20263.107560889817
NN.QSM..HHN,2019-07-05T12:00:00.000000Z,36,100.0,1848.0357855447896
NN.QSM..HHN,2019-07-05T13:00:00.000000Z,37,100.0,398.4587414897891
NN.QSM..HHN,2019-07-05T14:00:00.000000Z,38,100.0,988.7235374863207
NN.QSM..HHN,2019-07-05T15:00:00.000000Z,39,100.0,1085.388936964951
NN.QSM..HHN,2019-07-05T16:00:00.000000Z,40,100.0,988.0021001901514
NN.QSM..HHN,2019-07-05T17:00:00.000000Z,41,100.0,1599.320925410801
NN.QSM..HHN,2019-07-05T18:00:00.000000Z,42,100.0,683.2370427899809
NN.QSM..HHN,2019-07-05T19:00:00.000000Z,43,100.0,855.0273764713528
NN.QSM..HHN,2019-07-05T20:00:00.000000Z,44,100.0,606.340711685108
NN.QSM..HHN,2019-07-05T21:00:00.000000Z,45,100.0,572.5735871197047
NN.QSM..HHN,2019-07-05T22:00:00.000000Z,46,100.0,616.5110270303137
NN.QSM..HHN,2019-07-05T23:00:00.000000Z,47,100.0,364.48284832130935
NN.QSM..HHN,2019-07-06T00:00:00.000000Z,48,100.0,830.8838364725136
NN.QSM..HHN,2019-07-06T01:00:00.000000Z,49,100.0,163.5122062298911
NN.QSM..HHN,2019-07-06T02:00:00.000000Z,50,100.0,224.35268145106934
NN.QSM..HHN,2019-07-06T03:00:00.000000Z,51,100.0,512727.7326536085
NN.QSM..HHN,2019-07-06T04:00:00.000000Z,52,100.0,32359.078992083636
NN.QSM..HHN,2019-07-06T05:00:00.000000Z,53,100.0,4019.3918356155023
NN.QSM..HHN,2019-07-06T06:00:00.000000Z,54,100.0,5460.063228668526
NN.QSM..HHN,2019-07-06T07:00:00.000000Z,55,100.0,2110.1352921512826
NN.QSM..HHN,2019-07-06T08:00:00.000000Z,56,100.0,5838.184847786898
NN.QSM..HHN,2019-07-06T09:00:00.000000Z,57,100.0,9482.48900512973
NN.QSM..HHN,2019-07-06T10:00:00.000000Z,58,100.0,2356.3261321476502
NN.QSM..HHN,2019-07-06T11:00:00.000000Z,59,100.0,1697.8613735622864
NN.QSM..HHN,2019-07-06T12:00:00.000000Z,60,100.0,1024.548185150551
NN.QSM..HHN,2019-07-06T13:00:00.000000Z,61,100.0,2504.5557520827015
NN.QSM..HHN,2019-07-06T14:00:00.000000Z,62,100.0,429.3546658353372
NN.QSM..HHN,2019-07-06T15:00:00.000000Z,63,100.0,927.7405904353258
NN.QSM..HHN,2019-07-06T16:00:00.000000Z,64,100.0,4958.877139415862
NN.QSM..HHN,2019-07-06T17:00:00.000000Z,65,100.0,1787.4644108854723
NN.QSM..HHN,2019-07-06T18:00:00.000000Z,66,100.0,1321.256533350445
NN.QSM..HHN,2019-07-06T19:00:00.000000Z,67,100.0,825.0999434953225
NN.QSM..HHN,2019-07-06T20:00:00.000000Z,68,100.0,728.1407215593819
NN.QSM..HHN,2019-07-06T21:00:00.000000Z,69,100.0,843.5688913579762
NN.QSM..HHN,2019-07-06T22:00:00.000000Z,70,100.0,639.7875516222857
NN.QSM..HHN,2019-07-06T23:00:00.000000Z,71,100.0,2974.5614872266574
NN.QSM..HHZ,2019-07-04T00:00:00.000000Z,0,99.99976944261127,994.7353720317838
NN.QSM..HHZ,2019-07-04T01:00:00.000000Z,1,100.0,969.5824885919925
NN.QSM..HHZ,2019-07-04T02:00:00.000000Z,2,100.0,1464.2924606570912
NN.QSM..HHZ,2019-07-04T03:00:00.000000Z,3,100.0,2134.308342442295
NN.QSM..HHZ,2019-07-04T04:00:00.000000Z,4,100.0,2873.3379845464433
NN.QSM..HHZ,2019-07-04T05:00:00.000000Z,5,100.0,928.2531693249638
NN.QSM..HHZ,2019-07-04T06:00:00.000000Z,6,100.0,409.1571416106926
NN.QSM..HHZ,2019-07-04T07:00:00.000000Z,7,100.0,419.1005376956331
NN.QSM..HHZ,2019-07-04T08:00:00.000000Z,8,100.0,426.63584832694244
NN.QSM..HHZ,2019-07-04T09:00:00.000000Z,9,100.0,3715.047602676716
NN.QSM..HHZ,2019-07-04T10:00:00.000000Z,10,100.0,825.9722592737978
NN.QSM..HHZ,2019-07-04T11:00:00.000000Z,11,100.0,890.8069793369788
NN.QSM..HHZ,2019-07-04T12:00:00.000000Z,12,100.0,941.1880849860758
NN.QSM..HHZ,2019-07-04T13:00:00.000000Z,13,100.0,3027.258949913784
NN.QSM..HHZ,2019-07-04T14:00:00.000000Z,14,100.0,6257.84016451674
NN.QSM..HHZ,2019-07-04T15:00:00.000000Z,15,100.0,3311.022788627115
NN.QSM..HHZ,2019-07-04T16:00:00.000000Z,16,100.0,1533.6790155193532
NN.QSM..HHZ,2019-07-04T17:00:00.000000Z,17,100.0,91603.49024608821
NN.QSM..HHZ,2019-07-04T18:00:00.000000Z,18,100.0,6697.335562924527
NN.QSM..HHZ,2019-07-04T19:00:00.000000Z,19,100.0,5237.565822901411
NN.QSM..HHZ,2019-07-04T20:00:00.000000Z,20,100.0,813.1356938189087
NN.QSM..HHZ,2019-07-04T21:00:00.000000Z,21,100.0,799.7930117272967
NN.QSM..HHZ,2019-07-04T22:00:00.000000Z,22,100.0,2438.653457451283
NN.QSM..HHZ,2019-07-04T23:00:00.000000Z,23,100.0,1824.989569945174
NN.QSM..HHZ,2019-07-05T00:00:00.000000Z,24,100.0,1931.970787437145
NN.QSM..HHZ,2019-07-05T01:00:00.000000Z,25,100.0,749.2753912969465
NN.QSM..HHZ,2019-07-05T02:00:00.000000Z,26,100.0,1308.4628606159908
NN.QSM..HHZ,2019-07-05T03:00:00.000000Z,27,100.0,523.6052570016625
NN.QSM..HHZ,2019-07-05T04:00:00.000000Z,28,100.0,936.3143731282908
NN.QSM..HHZ,2019-07-05T05:00:00.000000Z,29,100.0,1101.324893229614
NN.QSM..HHZ,2019-07-05T06:00:00.000000Z,30,100.0,824.8237613139793
NN.QSM..HHZ,2019-07-05T07:00:00.000000Z,31,100.0,1156.5866254090765
NN.QSM..HHZ,2019-07-05T08:00:00.000000Z,32,100.0,741.5701318262577
NN.QSM..HHZ,2019-07-05T09:00:00.000000Z,33,100.0,1340.8533001506783
NN.QSM..HHZ,2019-07-05T10:00:00.000000Z,34,100.0,1284.6070796052632
NN.QSM..HHZ,2019-07-05T11:00:00.000000Z,35,100.0,19231.57838241781
NN.QSM..HHZ,2019-07-05T12:00:00.000000Z,36,100.0,2672.9495222150695
NN.QSM..HHZ,2019-07-05T13:00:00.000000Z,37,100.0,3771.1265577777203
NN.QSM..HHZ,2019-07-05T14:00:00.000000Z,38,100.0,4902.614452860777
NN.QSM..HHZ,2019-07-05T15:00:00.000000Z,39,100.0,3037.8915365290736
NN.QSM..HHZ,2019-07-05T16:00:00.000000Z,40,100.0,559.2386255836832
NN.QSM..HHZ,2019-07-05T17:00:00.000000Z,41,100.0,1384.7592994489296
NN.QSM..HHZ,2019-07-05T18:00:00.000000Z,42,100.0,402.81648578800787
NN.QSM..HHZ,2019-07-05T19:00:00.000000Z,43,100.0,909.4627224689312
NN.QSM..HHZ,2019-07-05T20:00:00.000000Z,44,100.0,344.45170923579303
NN.QSM..HHZ,2019-07-05T21:00:00.000000Z,45,100.0,379.6755219828385
NN.QSM..HHZ,2019-07-05T22:00:00.000000Z,46,100.0,545.3330585565424
NN.QSM..HHZ,2019-07-05T23:00:00.000000Z,47,100.0,617.2274933793195
NN.QSM..HHZ,2019-07-06T00:00:00.000000Z,48,100.0,1068.2237537845876
NN.QSM..HHZ,2019-07-06T01:00:00.000000Z,49,100.0,1068.4270416497945
NN.QSM..HHZ,2019-07-06T02:00:00.000000Z,50,100.0,1136.5401024076975
NN.QSM..HHZ,2019-07-06T03:00:00.000000Z,51,100.0,289411.1218154681
NN.QSM..HHZ,2019-07-06T04:00:00.000000Z,52,100.0,20653.253396964326
NN.QSM..HHZ,2019-07-06T05:00:00.000000Z,53,100.0,3464.80580054638
NN.QSM..HHZ,2019-07-06T06:00:00.000000Z,54,100.0,3890.2015515712064
NN.QSM..HHZ,2019-07-06T07:00:00.000000Z,55,100.0,1824.5473503215067
NN.QSM..HHZ,2019-07-06T08:00:00.000000Z,56,100.0,4234.09713826173
NN.QSM..HHZ,2019-07-06T09:00:00.000000Z,57,100.0,6869.373152997426
NN.QSM..HHZ,2019-07-06T10:00:00.000000Z,58,100.0,1912.4978109282154
NN.QSM..HHZ,2019-07-06T11:00:00.000000Z,59,100.0,1483.2400774350392
NN.QSM..HHZ,2019-07-06T12:00:00.000000Z,60,100.0,1182.8477549667405
NN.QSM..HHZ,2019-07-06T13:00:00.000000Z,61,100.0,2713.8982682112196
NN.QSM..HHZ,2019-07-06T14:00:00.000000Z,62,100.0,3796.0838409275048
NN.QSM..HHZ,2019-07-06T15:00:00.000000Z,63,100.0,2518.962491872057
NN.QSM..HHZ,2019-07-06T16:00:00.000000Z,64,100.0,3377.460532654687
NN.QSM..HHZ,2019-07-06T17:00:00.000000Z,65,100.0,1379.4626337100126
NN.QSM..HHZ,2019-07-06T18:00:00.000000Z,66,100.0,992.1326419434822
NN.QSM..HHZ,2019-07-06T19:00:00.000000Z,67,100.0,601.9943643914136
NN.QSM..HHZ,2019-07-06T20:00:00.000000Z,68,100.0,350.3712277874509
NN.QSM..HHZ,2019-07-06T21:00:00.000000Z,69,100.0,863.7365183133686
NN.QSM..HHZ,2019-07-06T22:00:00.000000Z,70,100.0,367.79500302976794
NN.QSM..HHZ,2019-07-06T23:00:00.000000Z,71,100.0,2704.2462508315716
PB.B916..EH1,2019-07-04T00:00:00.000000Z,0,99.99976944261127,6.121725641767739
PB.B916..EH1,2019-07-04T01:00:00.000000Z,1,100.0,5.648624034761922
PB.B916..EH1,2019-07-04T02:00:00.000000Z,2,100.0,4.248947245025505
PB.B916..EH1,2019-07-04T03:00:00.000000Z,3,100.0,14.360863886451241
PB.B916..EH1,2019-07-04T04:00:00.000000Z,4,100.0,14.136787853287785
PB.B916..EH1,2019-07-04T05:00:00.000000Z,5,100.0,5.480944490763542
PB.B916..EH1,2019-07-04T06:00:00.000000Z,6,100.0,4.1880170362922655
PB.B916..EH1,2019-07-04T07:00:00.000000Z,7,100.0,3.2411178061448807
PB.B916..EH1,2019-07-04T08:00:00.000000Z,8,100.0,3.475946728883827
PB.B916..EH1,2019-07-04T09:00:00.000000Z,9,100.0,3.33432797493758
PB.B916..EH1,2019-07-04T10:00:00.000000Z,10,100.0,4.100000979538702
PB.B916..EH1,2019-07-04T11:00:00.000000Z,11,100.0,6.660736756324319
PB.B916..EH1,2019-07-04T12:00:00.000000Z,12,100.0,3.3410192510869816
PB.B916..EH1,2019-07-04T13:00:00.000000Z,13,100.0,3.0427005137946646
PB.B916..EH1,2019-07-04T14:00:00.000000Z,14,100.0,3.5787263453517584
PB.B916..EH1,2019-07-04T15:00:00.000000Z,15,100.0,3.7104723601988177
PB.B916..EH1,2019-07-04T16:00:00.000000Z,16,100.0,6.519079085323493
PB.B916..EH1,2019-07-04T17:00:00.000000Z,17,100.0,37916.27211797818
PB.B916..EH1,2019-07-04T18:00:00.000000Z,18,100.0,4376.935046475086
PB.B916..EH1,2019-07-04T19:00:00.000000Z,19,100.0,2397.9075541613433
PB.B916..EH1,2019-07-04T20:00:00.000000Z,20,100.0,690.9619843614097
PB.B916..EH1,2019-07-04T21:00:00.000000Z,21,100.0,206.62701186867474
PB.B916..EH1,2019-07-04T22:00:00.000000Z,22,100.0,1725.514737133005
PB.B916..EH1,2019-07-04T23:00:00.000000Z,23,100.0,577.312209892611
PB.B916..EH1,2019-07-05T00:00:00.000000Z,24,100.0,1654.4160781604405
PB.B916..EH1,2019-07-05T01:00:00.000000Z,25,100.0,97.47962455748961
PB.B916..EH1,2019-07-05T02:00:00.000000Z,26,100.0,480.35175293588907
PB.B916..EH1,2019-07-05T03:00:00.000000Z,27,100.0,192.24985421468912
PB.B916..EH1,2019-07-05T04:00:00.000000Z,28,100.0,359.2485132464171
PB.B916..EH1,2019-07-05T05:00:00.000000Z,29,100.0,295.39458047725344
PB.B916..EH1,2019-07-05T06:00:00.000000Z,30,100.0,385.77120103314826
PB.B916..EH1,2019-07-05T07:00:00.000000Z,31,100.0,339.1305258591665
PB.B916..EH1,2019-07-05T08:00:00.000000Z,32,100.0,241.2767948518694
PB.B916..EH1,2019-07-05T09:00:00.000000Z,33,100.0,260.558071618939
PB.B916..EH1,2019-07-05T10:00:00.000000Z,34,100.0,174.91712309619632
PB.B916..EH1,2019-07-05T11:00:00.000000Z,35,100.0,9739.515141595062
PB.B916..EH1,2019-07-05T12:00:00.000000Z,36,100.0,1479.6784046902367
PB.B916..EH1,2019-07-05T13:00:00.000000Z,37,100.0,78.83960498128756
PB.B916..EH1,2019-07-05T14:00:00.000000Z,38,100.0,407.1745256878092
PB.B916..EH1,2019-07-05T15:00:00.000000Z,39,100.0,94.45056191863651
PB.B916..EH1,2019-07-05T16:00:00.000000Z,40,100.0,50.271775344631656
PB.B916..EH1,2019-07-05T17:00:00.000000Z,41,100.0,490.49685473479525
PB.B916..EH1,2019-07-05T18:00:00.000000Z,42,100.0,274.9744562478799
PB.B916..EH1,2019-07-05T19:00:00.000000Z,43,100.0,49.78106870961894
PB.B916..EH1,2019-07-05T20:00:00.000000Z,44,100.0,44.21486913159516
PB.B916..EH1,2019-07-05T21:00:00.000000Z,45,100.0,77.06653118161788
PB.B916..EH1,2019-07-05T22:00:00.000000Z,46,100.0,145.77160171215894
PB.B916..EH1,2019-07-05T23:00:00.000000Z,47,100.0,53.76018505698689
PB.B916..EH1,2019-07-06T00:00:00.000000Z,48,100.0,659.9208991490049
PB.B916..EH1,2019-07-06T01:00:00.000000Z,49,100.0,35.55940461447855
PB.B916..EH1,2019-07-06T02:00:00.000000Z,50,100.0,82.7495119807655
PB.B916..EH1,2019-07-06T03:00:00.000000Z,51,100.0,109472.38982363728
PB.B916..EH1,2019-07-06T04:00:00.000000Z,52,100.0,28059.147514268738
PB.B916..EH1,2019-07-06T05:00:00.000000Z,53,100.0,3001.0328740816076
PB.B916..EH1,2019-07-06T06:00:00.000000Z,54,100.0,4363.9678073343675
PB.B916..EH1,2019-07-06T07:00:00.000000Z,55,100.0,1480.5918322690122
PB.B916..EH1,2019-07-06T08:00:00.000000Z,56,100.0,2921.3078481238385
PB.B916..EH1,2019-07-06T09:00:00.000000Z,57,100.0,8767.479340118383
PB.B916..EH1,2019-07-06T10:00:00.000000Z,58,100.0,1011.9912162503728
PB.B916..EH1,2019-07-06T11:00:00.000000Z,59,100.0,1985.9498925163107
PB.B916..EH1,2019-07-06T12:00:00.000000Z,60,100.0,778.7092468852114
PB.B916..EH1,2019-07-06T13:00:00.000000Z,61,100.0,2359.87086279673
PB.B916..EH1,2019-07-06T14:00:00.000000Z,62,100.0,478.1764674061564
PB.B916..EH1,2019-07-06T15:00:00.000000Z,63,100.0,2389.800196755899
PB.B916..EH1,2019-07-06T16:00:00.000000Z,64,100.0,915.4797839092802
PB.B916..EH1,2019-07-06T17:00:00.000000Z,65,100.0,2214.068410825887
PB.B916..EH1,2019-07-06T18:00:00.000000Z,66,100.0,1112.547668865562
PB.B916..EH1,2019-07-06T19:00:00.000000Z,67,100.0,626.8970175271282
PB.B916..EH1,2019-07-06T20:00:00.000000Z,68,100.0,393.8411442848123
PB.B916..EH1,2019-07-06T21:00:00.000000Z,69,100.0,364.75389646445024
PB.B916..EH1,2019-07-06T22:00:00.000000Z,70,100.0,239.61398152287836
PB.B916..EH1,2019-07-06T23:00:00.000000Z,71,100.0,2723.1997439749193
PB.B916..EH2,2019-07-04T00:00:00.000000Z,0,99.99976944261127,13.026978902268805
PB.B916..EH2,2019-07-04T01:00:00.000000Z,1,100.0,8.856120298030815
PB.B916..EH2,2019-07-04T02:00:00.000000Z,2,100.0,6.472118601112489
PB.B916..EH2,2019-07-04T03:00:00.000000Z,3,100.0,35.15313797676755
PB.B916..EH2,2019-07-04T04:00:00.000000Z,4,100.0,32.85458162464116
PB.B916..EH2,2019-07-04T05:00:00.000000Z,5,100.0,19.975815354136884
PB.B916..EH2,2019-07-04T06:00:00.000000Z,6,100.0,13.141017905818194
PB.B916..EH2,2019-07-04T07:00:00.000000Z,7,100.0,10.754434147912274
PB.B916..EH2,2019-07-04T08:00:00.000000Z,8,100.0,8.65035442212079
PB.B916..EH2,2019-07-04T09:00:00.000000Z,9,100.0,5.671515967529835
PB.B916..EH2,2019-07-04T10:00:00.000000Z,10,100.0,4.419281221552523
PB.B916..EH2,2019-07-04T11:00:00.000000Z,11,100.0,7.963492217203006
PB.B916..EH2,2019-07-04T12:00:00.000000Z,12,100.0,4.0369143132080465
PB.B916..EH2,2019-07-04T13:00:00.000000Z,13,100.0,3.206303046568002
PB.B916..EH2,2019-07-04T14:00:00.000000Z,14,100.0,20.524717383460526
PB.B916..EH2,2019-07-04T15:00:00.000000Z,15,100.0,26.378454675308724
PB.B916..EH2,2019-07-04T16:00:00.000000Z,16,100.0,27.84475521850369
PB.B916..EH2,2019-07-04T17:00:00.000000Z,17,100.0,39125.79827074687
PB.B916..EH2,2019-07-04T18:00:00.000000Z,18,100.0,4245.631024865675
PB.B916..EH2,2019-07-04T19:00:00.000000Z,19,100.0,2742.046446235608
PB.B916..EH2,2019-07-04T20:00:00.000000Z,20,100.0,758.6200962032863
PB.B916..EH2,2019-07-04T21:00:00.000000Z,21,100.0,210.41867172426456
PB.B916..EH2,2019-07-04T22:00:00.000000Z,22,100.0,1371.9986749416764
PB.B916..EH2,2019-07-04T23:00:00.000000Z,23,100.0,632.7745851715872
PB.B916..EH2,2019-07-05T00:00:00.000000Z,24,100.0,2119.9468916132137
PB.B916..EH2,2019-07-05T01:00:00.000000Z,25,100.0,110.57945808596808
PB.B916..EH2,2019-07-05T02:00:00.000000Z,26,100.0,477.81626818826584
PB.B916..EH2,2019-07-05T03:00:00.000000Z,27,100.0,196.70196645704064
PB.B916..EH2,2019-07-05T04:00:00.000000Z,28,100.0,478.47473866925174
PB.B916..EH2,2019-07-05T05:00:00.000000Z,29,100.0,257.82303476466694
PB.B916..EH2,2019-07-05T06:00:00.000000Z,30,100.0,445.26262300175364
PB.B916..EH2,2019-07-05T07:00:00.000000Z,31,100.0,305.95482773858515
PB.B916..EH2,2019-07-05T08:00:00.000000Z,32,100.0,231.9664366319418
PB.B916..EH2,2019-07-05T09:00:00.000000Z,33,100.0,201.93426831250636
PB.B916..EH2,2019-07-05T10:00:00.000000Z,34,100.0,137.0994717729803
PB.B916..EH2,2019-07-05T11:00:00.000000Z,35,100.0,8754.799040691447
PB.B916..EH2,2019-07-05T12:00:00.000000Z,36,100.0,1068.2317702905764
PB.B916..EH2,2019-07-05T13:00:00.000000Z,37,100.0,74.59247693078473
PB.B916..EH2,2019-07-05T14:00:00.000000Z,38,100.0,442.58478653169965
PB.B916..EH2,2019-07-05T15:00:00.000000Z,39,100.0,130.85430935799542
PB.B916..EH2,2019-07-05T16:00:00.000000Z,40,100.0,52.85730352541069
PB.B916..EH2,2019-07-05T17:00:00.000000Z,41,100.0,568.288108623079
PB.B916..EH2,2019-07-05T18:00:00.000000Z,42,100.0,237.52884870637536
PB.B916..EH2,2019-07-05T19:00:00.000000Z,43,100.0,49.91054731520939
PB.B916..EH2,2019-07-05T20:00:00.000000Z,44,100.0,40.122552681481785
PB.B916..EH2,2019-07-05T21:00:00.000000Z,45,100.0,75.6538593110686
PB.B916..EH2,2019-07-05T22:00:00.000000Z,46,100.0,109.85136165553737
PB.B916..EH2,2019-07-05T23:00:00.000000Z,47,100.0,56.534433571931594
PB.B916..EH2,2019-07-06T00:00:00.000000Z,48,100.0,535.6886820089661
PB.B916..EH2,2019-07-06T01:00:00.000000Z,49,100.0,31.45125922026472
PB.B916..EH2,2019-07-06T02:00:00.000000Z,50,100.0,70.91991068784863
PB.B916..EH2,2019-07-06T03:00:00.000000Z,51,100.0,118393.15948781691
PB.B916..EH2,2019-07-06T04:00:00.000000Z,52,100.0,34253.68145019734
PB.B916..EH2,2019-07-06T05:00:00.000000Z,53,100.0,2924.521700872363
PB.B916..EH2,2019-07-06T06:00:00.000000Z,54,100.0,3817.1693022254385
PB.B916..EH2,2019-07-06T07:00:00.000000Z,55,100.0,1262.955476165967
PB.B916..EH2,2019-07-06T08:00:00.000000Z,56,100.0,2837.9331221105786
PB.B916..EH2,2019-07-06T09:00:00.000000Z,57,100.0,7219.559490008316
PB.B916..EH2,2019-07-06T10:00:00.000000Z,58,100.0,961.0001907656293
PB.B916..EH2,2019-07-06T11:00:00.000000Z,59,100.0,1617.1742953920136
PB.B916..EH2,2019-07-06T12:00:00.000000Z,60,100.0,783.0835018395808
PB.B916..EH2,2019-07-06T13:00:00.000000Z,61,100.0,1727.1179227555565
PB.B916..EH2,2019-07-06T14:00:00.000000Z,62,100.0,379.08764276064863
PB.B916..EH2,2019-07-06T15:00:00.000000Z,63,100.0,1513.7407838554468
PB.B916..EH2,2019-07-06T16:00:00.000000Z,64,100.0,787.6435278007009
PB.B916..EH2,2019-07-06T17:00:00.000000Z,65,100.0,1664.929075811336
PB.B916..EH2,2019-07-06T18:00:00.000000Z,66,100.0,804.2680666655763
PB.B916..EH2,2019-07-06T19:00:00.000000Z,67,100.0,561.5660966385041
PB.B916..EH2,2019-07-06T20:00:00.000000Z,68,100.0,384.30795641805133
PB.B916..EH2,2019-07-06T21:00:00.000000Z,69,100.0,332.2983056107714
PB.B916..EH2,2019-07-06T22:00:00.000000Z,70,100.0,206.63962850132097
PB.B916..EH2,2019-07-06T23:00:00.000000Z,71,100.0,2755.765222865807
PB.B916..EHZ,2019-07-04T00:00:00.000000Z,0,99.99976944261127,7.91738042302852
PB.B916..EHZ,2019-07-04T01:00:00.000000Z,1,100.0,5.0948263226851624
PB.B916..EHZ,2019-07-04T02:00:00.000000Z,2,100.0,4.667110156002736
PB.B916..EHZ,2019-07-04T03:00:00.000000Z,3,100.0,22.47824668154225
PB.B916..EHZ,2019-07-04T04:00:00.000000Z,4,100.0,21.932447164086227
PB.B916..EHZ,2019-07-04T05:00:00.000000Z,5,100.0,10.092691824009753
PB.B916..EHZ,2019-07-04T06:00:00.000000Z,6,100.0,7.8557515077240545
PB.B916..EHZ,2019-07-04T07:00:00.000000Z,7,100.0,6.412562101349967
PB.B916..EHZ,2019-07-04T08:00:00.000000Z,8,100.0,5.142744075975925
PB.B916..EHZ,2019-07-04T09:00:00.000000Z,9,100.0,4.2181727974403564
PB.B916..EHZ,2019-07-04T10:00:00.000000Z,10,100.0,3.4903086977432913
PB.B916..EHZ,2019-07-04T11:00:00.000000Z,11,100.0,5.651397377179023
PB.B916..EHZ,2019-07-04T12:00:00.000000Z,12,100.0,3.125630298745507
PB.B916..EHZ,2019-07-04T13:00:00.000000Z,13,100.0,3.088630773827077
PB.B916..EHZ,2019-07-04T14:00:00.000000Z,14,100.0,11.992085076848268
PB.B916..EHZ,2019-07-04T15:00:00.000000Z,15,100.0,14.114198694449241
PB.B916..EHZ,2019-07-04T16:00:00.000000Z,16,100.0,15.156623708935017
PB.B916..EHZ,2019-07-04T17:00:00.000000Z,17,100.0,51954.00278372099
PB.B916..EHZ,2019-07-04T18:00:00.000000Z,18,100.0,4729.27152406735
PB.B916..EHZ,2019-07-04T19:00:00.000000Z,19,100.0,3048.7209083876396
PB.B916..EHZ,2019-07-04T20:00:00.000000Z,20,100.0,889.099152856879
PB.B916..EHZ,2019-07-04T21:00:00.000000Z,21,100.0,221.71384410884662
PB.B916..EHZ,2019-07-04T22:00:00.000000Z,22,100.0,1969.2003058471505
PB.B916..EHZ,2019-07-04T23:00:00.000000Z,23,100.0,653.9334131926455
PB.B916..EHZ,2019-07-05T00:00:00.000000Z,24,100.0,2114.953600621772
PB.B916..EHZ,2019-07-05T01:00:00.000000Z,25,100.0,107.4215013496519
PB.B916..EHZ,2019-07-05T02:00:00.000000Z,26,100.0,559.5925470053486
PB.B916..EHZ,2019-07-05T03:00:00.000000Z,27,100.0,214.38922978795844
PB.B916..EHZ,2019-07-05T04:00:00.000000Z,28,100.0,426.15473668053824
PB.B916..EHZ,2019-07-05T05:00:00.000000Z,29,100.0,315.1180961882584
PB.B916..EHZ,2019-07-05T06:00:00.000000Z,30,100.0,469.3831224673807
PB.B916..EHZ,2019-07-05T07:00:00.000000Z,31,100.0,368.43618716318656
PB.B916..EHZ,2019-07-05T08:00:00.000000Z,32,100.0,238.1935072553538
PB.B916..EHZ,2019-07-05T09:00:00.000000Z,33,100.0,376.83019524710176
PB.B916..EHZ,2019-07-05T10:00:00.000000Z,34,100.0,182.8421708663771
PB.B916..EHZ,2019-07-05T11:00:00.000000Z,35,100.0,12342.58731303475
PB.B916..EHZ,2019-07-05T12:00:00.000000Z,36,100.0,1466.5479204381302
PB.B916..EHZ,2019-07-05T13:00:00.000000Z,37,100.0,71.98796230356646
PB.B916..EHZ,2019-07-05T14:00:00.000000Z,38,100.0,497.5226922571262
PB.B916..EHZ,2019-07-05T15:00:00.000000Z,39,100.0,107.62734037070152
PB.B916..EHZ,2019-07-05T16:00:00.000000Z,40,100.0,47.19346702329941
PB.B916..EHZ,2019-07-05T17:00:00.000000Z,41,100.0,599.3377359940563
PB.B916..EHZ,2019-07-05T18:00:00.000000Z,42,100.0,247.53993529437943
PB.B916..EHZ,2019-07-05T19:00:00.000000Z,43,100.0,42.89689250011461
PB.B916..EHZ,2019-07-05T20:00:00.000000Z,44,100.0,41.30325036472745
PB.B916..EHZ,2019-07-05T21:00:00.000000Z,45,100.0,74.63161108493541
PB.B916..EHZ,2019-07-05T22:00:00.000000Z,46,100.0,125.92481529811964
PB.B916..EHZ,2019-07-05T23:00:00.000000Z,47,100.0,53.6272511572897
PB.B916..EHZ,2019-07-06T00:00:00.000000Z,48,100.0,679.28259411921
PB.B916..EHZ,2019-07-06T01:00:00.000000Z,49,100.0,35.5588902519311
PB.B916..EHZ,2019-07-06T02:00:00.000000Z,50,100.0,73.8272865143808
PB.B916..EHZ,2019-07-06T03:00:00.000000Z,51,100.0,140500.0755295981
PB.B916..EHZ,2019-07-06T04:00:00.000000Z,52,100.0,35350.488598046795
PB.B916..EHZ,2019-07-06T05:00:00.000000Z,53,100.0,3509.4970203608686
PB.B916..EHZ,2019-07-06T06:00:00.000000Z,54,100.0,4842.775106789449
PB.B916..EHZ,2019-07-06T07:00:00.000000Z,55,100.0,1832.992609667146
PB.B916..EHZ,2019-07-06T08:00:00.000000Z,56,100.0,4230.003317228691
PB.B916..EHZ,2019-07-06T09:00:00.000000Z,57,100.0,10943.517370902779
PB.B916..EHZ,2019-07-06T10:00:00.000000Z,58,100.0,1095.0722006171513
PB.B916..EHZ,2019-07-06T11:00:00.000000Z,59,100.0,2556.9754018495832
PB.B916..EHZ,2019-07-06T12:00:00.000000Z,60,100.0,847.0991247422263
PB.B916..EHZ,2019-07-06T13:00:00.000000Z,61,100.0,2491.4883765989553
PB.B916..EHZ,2019-07-06T14:00:00.000000Z,62,100.0,391.11265545454427
PB.B916..EHZ,2019-07-06T15:00:00.000000Z,63,100.0,1696.0955168406638
PB.B916..EHZ,2019-07-06T16:00:00.000000Z,64,100.0,1051.4785143245588
PB.B916..EHZ,2019-07-06T17:00:00.000000Z,65,100.0,2774.2199105239106
PB.B916..EHZ,2019-07-06T18:00:00.000000Z,66,100.0,1385.7728582303541
PB.B916..EHZ,2019-07-06T19:00:00.000000Z,67,100.0,604.8672854569008
PB.B916..EHZ,2019-07-06T20:00:00.000000Z,68,100.0,402.54093235388626
PB.B916..EHZ,2019-07-06T21:00:00.000000Z,69,100.0,336.9771075852459
PB.B916..EHZ,2019-07-06T22:00:00.000000Z,70,100.0,234.40880073855382
PB.B916..EHZ,2019-07-06T23:00:00.000000Z,71,100.0,3650.3109330135912
PB.B917..EH1,2019-07-04T00:00:00.000000Z,0,99.99976944261127,4.644879217810759
PB.B917..EH1,2019-07-04T01:00:00.000000Z,1,100.0,7.7850181091137864
PB.B917..EH1,2019-07-04T02:00:00.000000Z,2,100.0,7.53452024141837
PB.B917..EH1,2019-07-04T03:00:00.000000Z,3,100.0,14.456160978267276
PB.B917..EH1,2019-07-04T04:00:00.000000Z,4,100.0,20.51079604162388
PB.B917..EH1,2019-07-04T05:00:00.000000Z,5,100.0,11.784660025076281
PB.B917..EH1,2019-07-04T06:00:00.000000Z,6,100.0,8.692370377811931
PB.B917..EH1,2019-07-04T07:00:00.000000Z,7,100.0,5.885765953122273
PB.B917..EH1,2019-07-04T08:00:00.000000Z,8,100.0,5.052849768895789
PB.B917..EH1,2019-07-04T09:00:00.000000Z,9,100.0,3.528708941980819
PB.B917..EH1,2019-07-04T10:00:00.000000Z,10,100.0,4.20713377223725
PB.B917..EH1,2019-07-04T11:00:00.000000Z,11,100.0,4.2618733808952145
PB.B917..EH1,2019-07-04T12:00:00.000000Z,12,100.0,3.771244894467189
PB.B917..EH1,2019-07-04T13:00:00.000000Z,13,100.0,3.4341926702787897
PB.B917..EH1,2019-07-04T14:00:00.000000Z,14,100.0,10.60392349253451
PB.B917..EH1,2019-07-04T15:00:00.000000Z,15,100.0,17.56515696491638
PB.B917..EH1,2019-07-04T16:00:00.000000Z,16,100.0,22.055600040903904
PB.B917..EH1,2019-07-04T17:00:00.000000Z,17,100.0,119688.94583011925
PB.B917..EH1,2019-07-04T18:00:00.000000Z,18,100.0,11275.4008630665
PB.B917..EH1,2019-07-04T19:00:00.000000Z,19,100.0,7324.505202020116
PB.B917..EH1,2019-07-04T20:00:00.000000Z,20,100.0,2984.047424547949
PB.B917..EH1,2019-07-04T21:00:00.000000Z,21,100.0,1150.2163952954836
PB.B917..EH1,2019-07-04T22:00:00.000000Z,22,100.0,3908.7235289264
PB.B917..EH1,2019-07-04T23:00:00.000000Z,23,100.0,1606.7113947497342
PB.B917..EH1,2019-07-05T00:00:00.000000Z,24,100.0,2710.922692509524
PB.B917..EH1,2019-07-05T01:00:00.000000Z,25,100.0,369.1546165329593
PB.B917..EH1,2019-07-05T02:00:00.000000Z,26,100.0,1256.6151896451886
PB.B917..EH1,2019-07-05T03:00:00.000000Z,27,100.0,674.6003641297893
PB.B917..EH1,2019-07-05T04:00:00.000000Z,28,100.0,941.1187162890755
PB.B917..EH1,2019-07-05T05:00:00.000000Z,29,100.0,404.4858244757518
PB.B917..EH1,2019-07-05T06:00:00.000000Z,30,100.0,1207.0176117649823
PB.B917..EH1,2019-07-05T07:00:00.000000Z,31,100.0,2414.4212171942477
PB.B917..EH1,2019-07-05T08:00:00.000000Z,32,100.0,800.1723673209914
PB.B917..EH1,2019-07-05T09:00:00.000000Z,33,100.0,348.784926156028
PB.B917..EH1,2019-07-05T10:00:00.000000Z,34,100.0,686.4292582877229
PB.B917..EH1,2019-07-05T11:00:00.000000Z,35,100.0,14572.003184925796
PB.B917..EH1,2019-07-05T12:00:00.000000Z,36,100.0,3285.720668858042
PB.B917..EH1,2019-07-05T13:00:00.000000Z,37,100.0,213.27219205009837
PB.B917..EH1,2019-07-05T14:00:00.000000Z,38,100.0,1283.7588567653968
PB.B917..EH1,2019-07-05T15:00:00.000000Z,39,100.0,371.30662394608845
PB.B917..EH1,2019-07-05T16:00:00.000000Z,40,100.0,98.1053310176533
PB.B917..EH1,2019-07-05T17:00:00.000000Z,41,100.0,1391.3425842208787
PB.B917..EH1,2019-07-05T18:00:00.000000Z,42,100.0,224.64175702551552
PB.B917..EH1,2019-07-05T19:00:00.000000Z,43,100.0,96.05821971142346
PB.B917..EH1,2019-07-05T20:00:00.000000Z,44,100.0,205.92505147795657
PB.B917..EH1,2019-07-05T21:00:00.000000Z,45,100.0,250.8684003448761
PB.B917..EH1,2019-07-05T22:00:00.000000Z,46,100.0,263.76267158881876
PB.B917..EH1,2019-07-05T23:00:00.000000Z,47,100.0,139.28801473799956
PB.B917..EH1,2019-07-06T00:00:00.000000Z,48,100.0,1156.8859931589066
PB.B917..EH1,2019-07-06T01:00:00.000000Z,49,100.0,117.00301414202107
PB.B917..EH1,2019-07-06T02:00:00.000000Z,50,100.0,153.86205723703898
PB.B917..EH1,2019-07-06T03:00:00.000000Z,51,100.0,264156.8139716516
PB.B917..EH1,2019-07-06T04:00:00.000000Z,52,100.0,24173.931536588912
PB.B917..EH1,2019-07-06T05:00:00.000000Z,53,100.0,4987.59838303401
PB.B917..EH1,2019-07-06T06:00:00.000000Z,54,100.0,12085.714454231666
PB.B917..EH1,2019-07-06T07:00:00.000000Z,55,100.0,4629.20745362951
PB.B917..EH1,2019-07-06T08:00:00.000000Z,56,100.0,8255.661045402045
PB.B917..EH1,2019-07-06T09:00:00.000000Z,57,100.0,13101.540229758664
PB.B917..EH1,2019-07-06T10:00:00.000000Z,58,100.0,8960.077494392603
PB.B917..EH1,2019-07-06T11:00:00.000000Z,59,100.0,2022.6106856545491
PB.B917..EH1,2019-07-06T12:00:00.000000Z,60,100.0,1293.501869122659
PB.B917..EH1,2019-07-06T13:00:00.000000Z,61,100.0,2559.8369670693337
PB.B917..EH1,2019-07-06T14:00:00.000000Z,62,100.0,597.3118622404439
PB.B917..EH1,2019-07-06T15:00:00.000000Z,63,100.0,923.7310366574637
PB.B917..EH1,2019-07-06T16:00:00.000000Z,64,100.0,2945.7646004765925
PB.B917..EH1,2019-07-06T17:00:00.000000Z,65,100.0,1314.2057382245957
PB.B917..EH1,2019-07-06T18:00:00.000000Z,66,100.0,3690.1208967075045
PB.B917..EH1,2019-07-06T19:00:00.000000Z,67,100.0,815.9291577155627
PB.B917..EH1,2019-07-06T20:00:00.000000Z,68,100.0,958.909468831611
PB.B917..EH1,2019-07-06T21:00:00.000000Z,69,100.0,925.8880971999157
PB.B917..EH1,2019-07-06T22:00:00.000000Z,70,100.0,805.5036806136337
PB.B917..EH1,2019-07-06T23:00:00.000000Z,71,100.0,3293.1500525416573
PB.B917..EH2,2019-07-04T00:00:00.000000Z,0,99.99976944261127,6.483607486311076
PB.B917..EH2,2019-07-04T01:00:00.000000Z,1,100.0,9.31469486461812
PB.B917..EH2,2019-07-04T02:00:00.000000Z,2,100.0,11.363389096413139
PB.B917..EH2,2019-07-04T03:00:00.000000Z,3,100.0,24.158239749935362
PB.B917..EH2,2019-07-04T04:00:00.000000Z,4,100.0,28.944986759636816
PB.B917..EH2,2019-07-04T05:00:00.000000Z,5,100.0,19.3765713219406
PB.B917..EH2,2019-07-04T06:00:00.000000Z,6,100.0,13.21108575685322
PB.B917..EH2,2019-07-04T07:00:00.000000Z,7,100.0,9.116132825963948
PB.B917..EH2,2019-07-04T08:00:00.000000Z,8,100.0,6.6691945058540565
PB.B917..EH2,2019-07-04T09:00:00.000000Z,9,100.0,5.919948808545776
PB.B917..EH2,2019-07-04T10:00:00.000000Z,10,100.0,5.692672822676679
PB.B917..EH2,2019-07-04T11:00:00.000000Z,11,100.0,4.6885555700346
PB.B917..EH2,2019-07-04T12:00:00.000000Z,12,100.0,5.044839778901215
PB.B917..EH2,2019-07-04T13:00:00.000000Z,13,100.0,4.491493402202574
PB.B917..EH2,2019-07-04T14:00:00.000000Z,14,100.0,14.994551098049897
PB.B917..EH2,2019-07-04T15:00:00.000000Z,15,100.0,25.82905473662886
PB.B917..EH2,2019-07-04T16:00:00.000000Z,16,100.0,31.589066585889736
PB.B917..EH2,2019-07-04T17:00:00.000000Z,17,100.0,130094.6787051134
PB.B917..EH2,2019-07-04T18:00:00.000000Z,18,100.0,12355.72181332756
PB.B917..EH2,2019-07-04T19:00:00.000000Z,19,100.0,6474.173532845907
PB.B917..EH2,2019-07-04T20:00:00.000000Z,20,100.0,2620.0410879362275
PB.B917..EH2,2019-07-04T21:00:00.000000Z,21,100.0,999.0514278702336
PB.B917..EH2,2019-07-04T22:00:00.000000Z,22,100.0,3925.833301604081
PB.B917..EH2,2019-07-04T23:00:00.000000Z,23,100.0,1914.906861598954
PB.B917..EH2,2019-07-05T00:00:00.000000Z,24,100.0,2553.4636855682365
PB.B917..EH2,2019-07-05T01:00:00.000000Z,25,100.0,391.30728601221176
PB.B917..EH2,2019-07-05T02:00:00.000000Z,26,100.0,1383.184683274812
PB.B917..EH2,2019-07-05T03:00:00.000000Z,27,100.0,716.9070149819132
PB.B917..EH2,2019-07-05T04:00:00.000000Z,28,100.0,944.1285364214523
PB.B917..EH2,2019-07-05T05:00:00.000000Z,29,100.0,451.4399042525064
PB.B917..EH2,2019-07-05T06:00:00.000000Z,30,100.0,1439.5639860175067
PB.B917..EH2,2019-07-05T07:00:00.000000Z,31,100.0,2542.058973634301
PB.B917..EH2,2019-07-05T08:00:00.000000Z,32,100.0,693.175492695753
PB.B917..EH2,2019-07-05T09:00:00.000000Z,33,100.0,390.3273508684793
PB.B917..EH2,2019-07-05T10:00:00.000000Z,34,100.0,843.9547296559364
PB.B917..EH2,2019-07-05T11:00:00.000000Z,35,100.0,14219.606937459903
PB.B917..EH2,2019-07-05T12:00:00.000000Z,36,100.0,2792.610523852519
PB.B917..EH2,2019-07-05T13:00:00.000000Z,37,100.0,231.81863370775423
PB.B917..EH2,2019-07-05T14:00:00.000000Z,38,100.0,1425.2559098250676
PB.B917..EH2,2019-07-05T15:00:00.000000Z,39,100.0,337.4277350671287
PB.B917..EH2,2019-07-05T16:00:00.000000Z,40,100.0,113.60947926260809
PB.B917..EH2,2019-07-05T17:00:00.000000Z,41,100.0,1815.219082247181
PB.B917..EH2,2019-07-05T18:00:00.000000Z,42,100.0,223.2915673028926
PB.B917..EH2,2019-07-05T19:00:00.000000Z,43,100.0,110.48221014335185
PB.B917..EH2,2019-07-05T20:00:00.000000Z,44,100.0,196.799897668841
PB.B917..EH2,2019-07-05T21:00:00.000000Z,45,100.0,230.2844315792001
PB.B917..EH2,2019-07-05T22:00:00.000000Z,46,100.0,231.84696832995482
PB.B917..EH2,2019-07-05T23:00:00.000000Z,47,100.0,134.82932985615784
PB.B917..EH2,2019-07-06T00:00:00.000000Z,48,100.0,898.5682546606234
PB.B917..EH2,2019-07-06T01:00:00.000000Z,49,100.0,112.80036086561101
PB.B917..EH2,2019-07-06T02:00:00.000000Z,50,100.0,169.80943371895398
PB.B917..EH2,2019-07-06T03:00:00.000000Z,51,100.0,262733.65271230164
PB.B917..EH2,2019-07-06T04:00:00.000000Z,52,100.0,27373.603723490553
PB.B917..EH2,2019-07-06T05:00:00.000000Z,53,100.0,5460.322169626548
PB.B917..EH2,2019-07-06T06:00:00.000000Z,54,100.0,10707.272879460315
PB.B917..EH2,2019-07-06T07:00:00.000000Z,55,100.0,4118.1423538558065
PB.B917..EH2,2019-07-06T08:00:00.000000Z,56,100.0,9300.293289204945
PB.B917..EH2,2019-07-06T09:00:00.000000Z,57,100.0,13726.19040307044
PB.B917..EH2,2019-07-06T10:00:00.000000Z,58,100.0,10446.322988692471
PB.B917..EH2,2019-07-06T11:00:00.000000Z,59,100.0,2545.297970689596
PB.B917..EH2,2019-07-06T12:00:00.000000Z,60,100.0,1194.8394722969397
PB.B917..EH2,2019-07-06T13:00:00.000000Z,61,100.0,2638.4441647614813
PB.B917..EH2,2019-07-06T14:00:00.000000Z,62,100.0,553.696637384273
PB.B917..EH2,2019-07-06T15:00:00.000000Z,63,100.0,1029.0432627122254
PB.B917..EH2,2019-07-06T16:00:00.000000Z,64,100.0,4146.050331534828
PB.B917..EH2,2019-07-06T17:00:00.000000Z,65,100.0,1553.5257683529574
PB.B917..EH2,2019-07-06T18:00:00.000000Z,66,100.0,4705.781320438203
PB.B917..EH2,2019-07-06T19:00:00.000000Z,67,100.0,811.3910054674866
PB.B917..EH2,2019-07-06T20:00:00.000000Z,68,100.0,992.6547491213204
PB.B917..EH2,2019-07-06T21:00:00.000000Z,69,100.0,973.9767362813193
PB.B917..EH2,2019-07-06T22:00:00.000000Z,70,100.0,820.4366827417023
PB.B917..EH2,2019-07-06T23:00:00.000000Z,71,100.0,3544.001944457917
PB.B917..EHZ,2019-07-04T00:00:00.000000Z,0,99.99976944261127,4.535389447446715
PB.B917..EHZ,2019-07-04T01:00:00.000000Z,1,100.0,5.965636259503867
PB.B917..EHZ,2019-07-04T02:00:00.000000Z,2,100.0,5.400537873142402
PB.B917..EHZ,2019-07-04T03:00:00.000000Z,3,100.0,10.497943451956576
PB.B917..EHZ,2019-07-04T04:00:00.000000Z,4,100.0,21.574672548049147
PB.B917..EHZ,2019-07-04T05:00:00.000000Z,5,100.0,9.725708085157967
PB.B917..EHZ,2019-07-04T06:00:00.000000Z,6,100.0,6.498072111510369
PB.B917..EHZ,2019-07-04T07:00:00.000000Z,7,100.0,4.750648333394611
PB.B917..EHZ,2019-07-04T08:00:00.000000Z,8,100.0,4.1800545706128505
PB.B917..EHZ,2019-07-04T09:00:00.000000Z,9,100.0,3.9407689422843344
PB.B917..EHZ,2019-07-04T10:00:00.000000Z,10,100.0,3.8446597760414662
PB.B917..EHZ,2019-07-04T11:00:00.000000Z,11,100.0,3.928596131421395
PB.B917..EHZ,2019-07-04T12:00:00.000000Z,12,100.0,4.0101203877658005
PB.B917..EHZ,2019-07-04T13:00:00.000000Z,13,100.0,3.923088293391685
PB.B917..EHZ,2019-07-04T14:00:00.000000Z,14,100.0,5.882040026875902
PB.B917..EHZ,2019-07-04T15:00:00.000000Z,15,100.0,12.104464246071153
PB.B917..EHZ,2019-07-04T16:00:00.000000Z,16,100.0,16.501302039925115
PB.B917..EHZ,2019-07-04T17:00:00.000000Z,17,100.0,90809.58032750367
PB.B917..EHZ,2019-07-04T18:00:00.000000Z,18,100.0,8821.056538562847
PB.B917..EHZ,2019-07-04T19:00:00.000000Z,19,100.0,5136.053949218423
PB.B917..EHZ,2019-07-04T20:00:00.000000Z,20,100.0,1827.4509708252376
PB.B917..EHZ,2019-07-04T21:00:00.000000Z,21,100.0,710.2447828483715
PB.B917..EHZ,2019-07-04T22:00:00.000000Z,22,100.0,3032.7460325170814
PB.B917..EHZ,2019-07-04T23:00:00.000000Z,23,100.0,1575.53299344418
PB.B917..EHZ,2019-07-05T00:00:00.000000Z,24,100.0,2079.433327174835
PB.B917..EHZ,2019-07-05T01:00:00.000000Z,25,100.0,271.02191171870635
PB.B917..EHZ,2019-07-05T02:00:00.000000Z,26,100.0,1176.170692515505
PB.B917..EHZ,2019-07-05T03:00:00.000000Z,27,100.0,481.970729837049
PB.B917..EHZ,2019-07-05T04:00:00.000000Z,28,100.0,660.5101814503379
PB.B917..EHZ,2019-07-05T05:00:00.000000Z,29,100.0,347.8235843179166
PB.B917..EHZ,2019-07-05T06:00:00.000000Z,30,100.0,983.1934167659946
PB.B917..EHZ,2019-07-05T07:00:00.000000Z,31,100.0,1453.906224701933
PB.B917..EHZ,2019-07-05T08:00:00.000000Z,32,100.0,540.1964806986381
PB.B917..EHZ,2019-07-05T09:00:00.000000Z,33,100.0,326.4577382473337
PB.B917..EHZ,2019-07-05T10:00:00.000000Z,34,100.0,591.8179552380627
PB.B917..EHZ,2019-07-05T11:00:00.000000Z,35,100.0,10378.109865195787
PB.B917..EHZ,2019-07-05T12:00:00.000000Z,36,100.0,2505.221640600456
PB.B917..EHZ,2019-07-05T13:00:00.000000Z,37,100.0,158.01412128966092
PB.B917..EHZ,2019-07-05T14:00:00.000000Z,38,100.0,1119.876690771502
PB.B917..EHZ,2019-07-05T15:00:00.000000Z,39,100.0,191.08657528238908
PB.B917..EHZ,2019-07-05T16:00:00.000000Z,40,100.0,71.98668318561867
PB.B917..EHZ,2019-07-05T17:00:00.000000Z,41,100.0,1461.5440672230072
PB.B917..EHZ,2019-07-05T18:00:00.000000Z,42,100.0,184.16116032445225
PB.B917..EHZ,2019-07-05T19:00:00.000000Z,43,100.0,78.63746167122464
PB.B917..EHZ,2019-07-05T20:00:00.000000Z,44,100.0,147.82512678704
PB.B917..EHZ,2019-07-05T21:00:00.000000Z,45,100.0,161.2958373035854
PB.B917..EHZ,2019-07-05T22:00:00.000000Z,46,100.0,174.65725235372236
PB.B917..EHZ,2019-07-05T23:00:00.000000Z,47,100.0,100.94779336431748
PB.B917..EHZ,2019-07-06T00:00:00.000000Z,48,100.0,707.6089064391693
PB.B917..EHZ,2019-07-06T01:00:00.000000Z,49,100.0,87.60780097456995
PB.B917..EHZ,2019-07-06T02:00:00.000000Z,50,100.0,123.74199251871687
PB.B917..EHZ,2019-07-06T03:00:00.000000Z,51,100.0,192347.60214434235
PB.B917..EHZ,2019-07-06T04:00:00.000000Z,52,100.0,20758.889856987116
PB.B917..EHZ,2019-07-06T05:00:00.000000Z,53,100.0,4115.48664944557
PB.B917..EHZ,2019-07-06T06:00:00.000000Z,54,100.0,7355.553484676629
PB.B917..EHZ,2019-07-06T07:00:00.000000Z,55,100.0,2943.601563989579
PB.B917..EHZ,2019-07-06T08:00:00.000000Z,56,100.0,9136.527392373595
PB.B917..EHZ,2019-07-06T09:00:00.000000Z,57,100.0,10259.584594264195
PB.B917..EHZ,2019-07-06T10:00:00.000000Z,58,100.0,7134.731435166029
PB.B917..EHZ,2019-07-06T11:00:00.000000Z,59,100.0,1917.8078288798436
PB.B917..EHZ,2019-07-06T12:00:00.000000Z,60,100.0,879.2108689262627
PB.B917..EHZ,2019-07-06T13:00:00.000000Z,61,100.0,2319.0160980357045
PB.B917..EHZ,2019-07-06T14:00:00.000000Z,62,100.0,436.1069697814497
PB.B917..EHZ,2019-07-06T15:00:00.000000Z,63,100.0,726.8882797654446
PB.B917..EHZ,2019-07-06T16:00:00.000000Z,64,100.0,2848.094496361066
PB.B917..EHZ,2019-07-06T17:00:00.000000Z,65,100.0,1134.1851307254658
PB.B917..EHZ,2019-07-06T18:00:00.000000Z,66,100.0,3565.088784540158
PB.B917..EHZ,2019-07-06T19:00:00.000000Z,67,100.0,560.3424599061456
PB.B917..EHZ,2019-07-06T20:00:00.000000Z,68,100.0,759.0539346980773
PB.B917..EHZ,2019-07-06T21:00:00.000000Z,69,100.0,681.1248661801083
PB.B917..EHZ,2019-07-06T22:00:00.000000Z,70,100.0,621.1637928620953
PB.B917..EHZ,2019-07-06T23:00:00.000000Z,71,100.0,2878.299729537371
PB.B918..EH1,2019-07-04T00:00:00.000000Z,0,99.99976944261127,6.023696442312587
PB.B918..EH1,2019-07-04T01:00:00.000000Z,1,100.0,6.018470287125318
PB.B918..EH1,2019-07-04T02:00:00.000000Z,2,100.0,13.830760749452487
PB.B918..EH1,2019-07-04T03:00:00.000000Z,3,100.0,19.755911387152935
PB.B918..EH1,2019-07-04T04:00:00.000000Z,4,100.0,20.15838266300786
PB.B918..EH1,2019-07-04T05:00:00.000000Z,5,100.0,10.01895216715638
PB.B918..EH1,2019-07-04T06:00:00.000000Z,6,100.0,6.8241769192056925
PB.B918..EH1,2019-07-04T07:00:00.000000Z,7,100.0,5.240577858174207
PB.B918..EH1,2019-07-04T08:00:00.000000Z,8,100.0,4.7282978788177115
PB.B918..EH1,2019-07-04T09:00:00.000000Z,9,100.0,4.1182518269048805
PB.B918..EH1,2019-07-04T10:00:00.000000Z,10,100.0,3.9480405547363002
PB.B918..EH1,2019-07-04T11:00:00.000000Z,11,100.0,4.548245010471569
PB.B918..EH1,2019-07-04T12:00:00.000000Z,12,100.0,3.7041674506142597
PB.B918..EH1,2019-07-04T13:00:00.000000Z,13,100.0,3.294100270000613
PB.B918..EH1,2019-07-04T14:00:00.000000Z,14,100.0,7.958766756073699
PB.B918..EH1,2019-07-04T15:00:00.000000Z,15,100.0,15.437193090516214
PB.B918..EH1,2019-07-04T16:00:00.000000Z,16,100.0,16.370673363135253
PB.B918..EH1,2019-07-04T17:00:00.000000Z,17,100.0,113508.70455151361
PB.B918..EH1,2019-07-04T18:00:00.000000Z,18,100.0,11792.20795332408
PB.B918..EH1,2019-07-04T19:00:00.000000Z,19,100.0,7716.344776665798
PB.B918..EH1,2019-07-04T20:00:00.000000Z,20,100.0,2916.014115344641
PB.B918..EH1,2019-07-04T21:00:00.000000Z,21,100.0,638.0554727914335
PB.B918..EH1,2019-07-04T22:00:00.000000Z,22,100.0,5263.760549305527
PB.B918..EH1,2019-07-04T23:00:00.000000Z,23,100.0,1695.3651641746924
PB.B918..EH1,2019-07-05T00:00:00.000000Z,24,100.0,6737.541423777439
PB.B918..EH1,2019-07-05T01:00:00.000000Z,25,100.0,294.9152584806886
PB.B918..EH1,2019-07-05T02:00:00.000000Z,26,100.0,1983.826082851485
PB.B918..EH1,2019-07-05T03:00:00.000000Z,27,100.0,528.1647784266236
PB.B918..EH1,2019-07-05T04:00:00.000000Z,28,100.0,897.6358976249483
PB.B918..EH1,2019-07-05T05:00:00.000000Z,29,100.0,773.1407730058129
PB.B918..EH1,2019-07-05T06:00:00.000000Z,30,100.0,902.9701352750404
PB.B918..EH1,2019-07-05T07:00:00.000000Z,31,100.0,1301.0345910577882
PB.B918..EH1,2019-07-05T08:00:00.000000Z,32,100.0,893.3033704195282
PB.B918..EH1,2019-07-05T09:00:00.000000Z,33,100.0,859.8552160335289
PB.B918..EH1,2019-07-05T10:00:00.000000Z,34,100.0,544.9201921412786
PB.B918..EH1,2019-07-05T11:00:00.000000Z,35,100.0,30091.468671783823
PB.B918..EH1,2019-07-05T12:00:00.000000Z,36,100.0,3106.508903309389
PB.B918..EH1,2019-07-05T13:00:00.000000Z,37,100.0,363.35163936170085
PB.B918..EH1,2019-07-05T14:00:00.000000Z,38,100.0,1333.4135122986022
PB.B918..EH1,2019-07-05T15:00:00.000000Z,39,100.0,294.6437357581299
PB.B918..EH1,2019-07-05T16:00:00.000000Z,40,100.0,162.0175853277454
PB.B918..EH1,2019-07-05T17:00:00.000000Z,41,100.0,1293.8115428864
PB.B918..EH1,2019-07-05T18:00:00.000000Z,42,100.0,886.1120950973528
PB.B918..EH1,2019-07-05T19:00:00.000000Z,43,100.0,173.34709391872218
PB.B918..EH1,2019-07-05T20:00:00.000000Z,44,100.0,174.08440532699115
PB.B918..EH1,2019-07-05T21:00:00.000000Z,45,100.0,288.34485911862254
PB.B918..EH1,2019-07-05T22:00:00.000000Z,46,100.0,510.8481795426926
PB.B918..EH1,2019-07-05T23:00:00.000000Z,47,100.0,194.053699303278
PB.B918..EH1,2019-07-06T00:00:00.000000Z,48,100.0,1907.9771378384603
PB.B918..EH1,2019-07-06T01:00:00.000000Z,49,100.0,151.1005029121158
PB.B918..EH1,2019-07-06T02:00:00.000000Z,50,100.0,225.2706312160277
PB.B918..EH1,2019-07-06T03:00:00.000000Z,51,100.0,333636.7456766222
PB.B918..EH1,2019-07-06T04:00:00.000000Z,52,100.0,137959.30666888235
PB.B918..EH1,2019-07-06T05:00:00.000000Z,53,100.0,23513.224799474203
PB.B918..EH1,2019-07-06T06:00:00.000000Z,54,100.0,25777.67982231117
PB.B918..EH1,2019-07-06T07:00:00.000000Z,55,100.0,12445.011938080912
PB.B918..EH1,2019-07-06T08:00:00.000000Z,56,100.0,8032.139653411758
PB.B918..EH1,2019-07-06T09:00:00.000000Z,57,100.0,104933.16955578716
PB.B918..EH1,2019-07-06T10:00:00.000000Z,58,100.0,6258.156411127477
PB.B918..EH1,2019-07-06T11:00:00.000000Z,59,100.0,9557.00884770751
PB.B918..EH1,2019-07-06T12:00:00.000000Z,60,100.0,4870.822383535316
PB.B918..EH1,2019-07-06T13:00:00.000000Z,61,100.0,16349.8732747583
PB.B918..EH1,2019-07-06T14:00:00.000000Z,62,100.0,1415.1772696947428
PB.B918..EH1,2019-07-06T15:00:00.000000Z,63,100.0,6948.883282868386
PB.B918..EH1,2019-07-06T16:00:00.000000Z,64,100.0,4051.4022429131924
PB.B918..EH1,2019-07-06T17:00:00.000000Z,65,100.0,8916.242540005802
PB.B918..EH1,2019-07-06T18:00:00.000000Z,66,100.0,5737.562165068254
PB.B918..EH1,2019-07-06T19:00:00.000000Z,67,100.0,3985.444180807955
PB.B918..EH1,2019-07-06T20:00:00.000000Z,68,100.0,1736.8157714930837
PB.B918..EH1,2019-07-06T21:00:00.000000Z,69,100.0,3966.3163555196215
PB.B918..EH1,2019-07-06T22:00:00.000000Z,70,100.0,798.5641008849228
PB.B918..EH1,2019-07-06T23:00:00.000000Z,71,100.0,19757.277457446085
PB.B918..EH2,2019-07-04T00:00:00.000000Z,0,99.99976944261127,6.369267473897226
PB.B918..EH2,2019-07-04T01:00:00.000000Z,1,100.0,6.9444917737401965
PB.B918..EH2,2019-07-04T02:00:00.000000Z,2,100.0,17.433903654761878
PB.B918..EH2,2019-07-04T03:00:00.000000Z,3,100.0,24.644518823056693
PB.B918..EH2,2019-07-04T04:00:00.000000Z,4,100.0,25.378326299636633
PB.B918..EH2,2019-07-04T05:00:00.000000Z,5,100.0,11.811517580530303
PB.B918..EH2,2019-07-04T06:00:00.000000Z,6,100.0,8.738524894051091
PB.B918..EH2,2019-07-04T07:00:00.000000Z,7,100.0,6.015682007787607
PB.B918..EH2,2019-07-04T08:00:00.000000Z,8,100.0,5.406247205240128
PB.B918..EH2,2019-07-04T09:00:00.000000Z,9,100.0,5.415204879643134
PB.B918..EH2,2019-07-04T10:00:00.000000Z,10,100.0,4.146148647639834
PB.B918..EH2,2019-07-04T11:00:00.000000Z,11,100.0,4.831403724243685
PB.B918..EH2,2019-07-04T12:00:00.000000Z,12,100.0,3.558016176314865
PB.B918..EH2,2019-07-04T13:00:00.000000Z,13,100.0,3.5204612650173512
PB.B918..EH2,2019-07-04T14:00:00.000000Z,14,100.0,8.921350023419249
PB.B918..EH2,2019-07-04T15:00:00.000000Z,15,100.0,17.74213999441999
PB.B918..EH2,2019-07-04T16:00:00.000000Z,16,100.0,20.263981051079522
PB.B918..EH2,2019-07-04T17:00:00.000000Z,17,100.0,125395.72292736878
PB.B918..EH2,2019-07-04T18:00:00.000000Z,18,100.0,11282.891210311147
PB.B918..EH2,2019-07-04T19:00:00.000000Z,19,100.0,6379.210788697775
PB.B918..EH2,2019-07-04T20:00:00.000000Z,20,100.0,2456.495634766269
PB.B918..EH2,2019-07-04T21:00:00.000000Z,21,100.0,621.6944502621161
PB.B918..EH2,2019-07-04T22:00:00.000000Z,22,100.0,6227.537734873405
PB.B918..EH2,2019-07-04T23:00:00.000000Z,23,100.0,1825.736994964148
PB.B918..EH2,2019-07-05T00:00:00.000000Z,24,100.0,5733.629632651974
PB.B918..EH2,2019-07-05T01:00:00.000000Z,25,100.0,284.8465164993148
PB.B918..EH2,2019-07-05T02:00:00.000000Z,26,100.0,1577.6617779042854
PB.B918..EH2,2019-07-05T03:00:00.000000Z,27,100.0,538.688021133932
PB.B918..EH2,2019-07-05T04:00:00.000000Z,28,100.0,1053.9560959623193
PB.B918..EH2,2019-07-05T05:00:00.000000Z,29,100.0,659.8115064300274
PB.B918..EH2,2019-07-05T06:00:00.000000Z,30,100.0,1047.7889863075172
PB.B918..EH2,2019-07-05T07:00:00.000000Z,31,100.0,1184.6504232810817
PB.B918..EH2,2019-07-05T08:00:00.000000Z,32,100.0,784.852496595338
PB.B918..EH2,2019-07-05T09:00:00.000000Z,33,100.0,859.396140298975
PB.B918..EH2,2019-07-05T10:00:00.000000Z,34,100.0,537.4285647760798
PB.B918..EH2,2019-07-05T11:00:00.000000Z,35,100.0,40020.05505233412
PB.B918..EH2,2019-07-05T12:00:00.000000Z,36,100.0,3323.0981503627863
PB.B918..EH2,2019-07-05T13:00:00.000000Z,37,100.0,311.9344752892023
PB.B918..EH2,2019-07-05T14:00:00.000000Z,38,100.0,1459.3138695553482
PB.B918..EH2,2019-07-05T15:00:00.000000Z,39,100.0,269.60675557592094
PB.B918..EH2,2019-07-05T16:00:00.000000Z,40,100.0,147.67464633021996
PB.B918..EH2,2019-07-05T17:00:00.000000Z,41,100.0,1260.0052062654374
PB.B918..EH2,2019-07-05T18:00:00.000000Z,42,100.0,719.8619087464648
PB.B918..EH2,2019-07-05T19:00:00.000000Z,43,100.0,175.34008351553084
PB.B918..EH2,2019-07-05T20:00:00.000000Z,44,100.0,152.46407251685432
PB.B918..EH2,2019-07-05T21:00:00.000000Z,45,100.0,270.0950124316336
PB.B918..EH2,2019-07-05T22:00:00.000000Z,46,100.0,414.22865513781494
PB.B918..EH2,2019-07-05T23:00:00.000000Z,47,100.0,189.2952303157053
PB.B918..EH2,2019-07-06T00:00:00.000000Z,48,100.0,2266.1131561573275
PB.B918..EH2,2019-07-06T01:00:00.000000Z,49,100.0,133.33855260490435
PB.B918..EH2,2019-07-06T02:00:00.000000Z,50,100.0,220.40077579516577
PB.B918..EH2,2019-07-06T03:00:00.000000Z,51,100.0,334358.8995457098
PB.B918..EH2,2019-07-06T04:00:00.000000Z,52,100.0,107626.79729491274
PB.B918..EH2,2019-07-06T05:00:00.000000Z,53,100.0,19538.02978320323
PB.B918..EH2,2019-07-06T06:00:00.000000Z,54,100.0,16984.081818755807
PB.B918..EH2,2019-07-06T07:00:00.000000Z,55,100.0,9966.69723863645
PB.B918..EH2,2019-07-06T08:00:00.000000Z,56,100.0,7468.573562969124
PB.B918..EH2,2019-07-06T09:00:00.000000Z,57,100.0,68217.80638449772
PB.B918..EH2,2019-07-06T10:00:00.000000Z,58,100.0,5248.670857845979
PB.B918..EH2,2019-07-06T11:00:00.000000Z,59,100.0,7211.027306289808
PB.B918..EH2,2019-07-06T12:00:00.000000Z,60,100.0,4368.9043571995835
PB.B918..EH2,2019-07-06T13:00:00.000000Z,61,100.0,10773.95222141888
PB.B918..EH2,2019-07-06T14:00:00.000000Z,62,100.0,1309.9267611824557
PB.B918..EH2,2019-07-06T15:00:00.000000Z,63,100.0,6076.910225356
PB.B918..EH2,2019-07-06T16:00:00.000000Z,64,100.0,3288.592383750363
PB.B918..EH2,2019-07-06T17:00:00.000000Z,65,100.0,6861.993235773795
PB.B918..EH2,2019-07-06T18:00:00.000000Z,66,100.0,4498.706141263291
PB.B918..EH2,2019-07-06T19:00:00.000000Z,67,100.0,3030.5402083687413
PB.B918..EH2,2019-07-06T20:00:00.000000Z,68,100.0,1467.271458290784
PB.B918..EH2,2019-07-06T21:00:00.000000Z,69,100.0,3330.5129170609944
PB.B918..EH2,2019-07-06T22:00:00.000000Z,70,100.0,785.682146171945
PB.B918..EH2,2019-07-06T23:00:00.000000Z,71,100.0,20290.987630703858
PB.B918..EHZ,2019-07-04T00:00:00.000000Z,0,99.99976944261127,6.246469201899859
PB.B918..EHZ,2019-07-04T01:00:00.000000Z,1,100.0,6.513563533627045
PB.B918..EHZ,2019-07-04T02:00:00.000000Z,2,100.0,14.558263767873116
PB.B918..EHZ,2019-07-04T03:00:00.000000Z,3,100.0,22.51447680127295
PB.B918..EHZ,2019-07-04T04:00:00.000000Z,4,100.0,18.793925329087198
PB.B918..EHZ,2019-07-04T05:00:00.000000Z,5,100.0,9.815004751824029
PB.B918..EHZ,2019-07-04T06:00:00.000000Z,6,100.0,6.37072441803124
PB.B918..EHZ,2019-07-04T07:00:00.000000Z,7,100.0,5.564976985052581
PB.B918..EHZ,2019-07-04T08:00:00.000000Z,8,100.0,4.542491474644145
PB.B918..EHZ,2019-07-04T09:00:00.000000Z,9,100.0,4.7489135128429005
PB.B918..EHZ,2019-07-04T10:00:00.000000Z,10,100.0,3.688501991690718
PB.B918..EHZ,2019-07-04T11:00:00.000000Z,11,100.0,4.986233207875976
PB.B918..EHZ,2019-07-04T12:00:00.000000Z,12,100.0,3.6690998416199263
PB.B918..EHZ,2019-07-04T13:00:00.000000Z,13,100.0,3.249835279224922
PB.B918..EHZ,2019-07-04T14:00:00.000000Z,14,100.0,9.251937042425725
PB.B918..EHZ,2019-07-04T15:00:00.000000Z,15,100.0,19.95522089497875
PB.B918..EHZ,2019-07-04T16:00:00.000000Z,16,100.0,21.434318402445655
PB.B918..EHZ,2019-07-04T17:00:00.000000Z,17,100.0,91469.19694868888
PB.B918..EHZ,2019-07-04T18:00:00.000000Z,18,100.0,11304.796050855988
PB.B918..EHZ,2019-07-04T19:00:00.000000Z,19,100.0,8935.11022219653
PB.B918..EHZ,2019-07-04T20:00:00.000000Z,20,100.0,2612.2031841463286
PB.B918..EHZ,2019-07-04T21:00:00.000000Z,21,100.0,602.6809997626231
PB.B918..EHZ,2019-07-04T22:00:00.000000Z,22,100.0,5123.548028300772
PB.B918..EHZ,2019-07-04T23:00:00.000000Z,23,100.0,1703.3502155314377
PB.B918..EHZ,2019-07-05T00:00:00.000000Z,24,100.0,5828.929842322201
PB.B918..EHZ,2019-07-05T01:00:00.000000Z,25,100.0,271.85626234737794
PB.B918..EHZ,2019-07-05T02:00:00.000000Z,26,100.0,1643.8578958989656
PB.B918..EHZ,2019-07-05T03:00:00.000000Z,27,100.0,483.67360032814486
PB.B918..EHZ,2019-07-05T04:00:00.000000Z,28,100.0,952.9853960129678
PB.B918..EHZ,2019-07-05T05:00:00.000000Z,29,100.0,863.6054323559
PB.B918..EHZ,2019-07-05T06:00:00.000000Z,30,100.0,809.7485318298199
PB.B918..EHZ,2019-07-05T07:00:00.000000Z,31,100.0,1295.612060553293
PB.B918..EHZ,2019-07-05T08:00:00.000000Z,32,100.0,761.6774396354466
PB.B918..EHZ,2019-07-05T09:00:00.000000Z,33,100.0,855.9258550701663
PB.B918..EHZ,2019-07-05T10:00:00.000000Z,34,100.0,527.9852700909624
PB.B918..EHZ,2019-07-05T11:00:00.000000Z,35,100.0,34147.80674712286
PB.B918..EHZ,2019-07-05T12:00:00.000000Z,36,100.0,2933.1652639798904
PB.B918..EHZ,2019-07-05T13:00:00.000000Z,37,100.0,318.03981335800466
PB.B918..EHZ,2019-07-05T14:00:00.000000Z,38,100.0,1356.8160631755818
PB.B918..EHZ,2019-07-05T15:00:00.000000Z,39,100.0,258.01295122082604
PB.B918..EHZ,2019-07-05T16:00:00.000000Z,40,100.0,150.75076439998284
PB.B918..EHZ,2019-07-05T17:00:00.000000Z,41,100.0,1220.6379903221198
PB.B918..EHZ,2019-07-05T18:00:00.000000Z,42,100.0,664.5711775135402
PB.B918..EHZ,2019-07-05T19:00:00.000000Z,43,100.0,153.6420817447772
PB.B918..EHZ,2019-07-05T20:00:00.000000Z,44,100.0,153.25216570696185
PB.B918..EHZ,2019-07-05T21:00:00.000000Z,45,100.0,277.7009516374278
PB.B918..EHZ,2019-07-05T22:00:00.000000Z,46,100.0,472.41105264626464
PB.B918..EHZ,2019-07-05T23:00:00.000000Z,47,100.0,191.82839372837608
PB.B918..EHZ,2019-07-06T00:00:00.000000Z,48,100.0,1751.24974304276
PB.B918..EHZ,2019-07-06T01:00:00.000000Z,49,100.0,133.14831517917523
PB.B918..EHZ,2019-07-06T02:00:00.000000Z,50,100.0,209.8856500629738
PB.B918..EHZ,2019-07-06T03:00:00.000000Z,51,100.0,265463.6124898549
PB.B918..EHZ,2019-07-06T04:00:00.000000Z,52,100.0,76847.56154813843
PB.B918..EHZ,2019-07-06T05:00:00.000000Z,53,100.0,14113.71078897511
PB.B918..EHZ,2019-07-06T06:00:00.000000Z,54,100.0,14550.109263735889
PB.B918..EHZ,2019-07-06T07:00:00.000000Z,55,100.0,6965.501443303655
PB.B918..EHZ,2019-07-06T08:00:00.000000Z,56,100.0,6059.44185916721
PB.B918..EHZ,2019-07-06T09:00:00.000000Z,57,100.0,49115.76927915426
PB.B918..EHZ,2019-07-06T10:00:00.000000Z,58,100.0,4050.796412703376
PB.B918..EHZ,2019-07-06T11:00:00.000000Z,59,100.0,6223.359085660652
PB.B918..EHZ,2019-07-06T12:00:00.000000Z,60,100.0,3511.464234456417
PB.B918..EHZ,2019-07-06T13:00:00.000000Z,61,100.0,9657.99941437174
PB.B918..EHZ,2019-07-06T14:00:00.000000Z,62,100.0,1149.922364850163
PB.B918..EHZ,2019-07-06T15:00:00.000000Z,63,100.0,4547.432972364531
PB.B918..EHZ,2019-07-06T16:00:00.000000Z,64,100.0,2474.541923178964
PB.B918..EHZ,2019-07-06T17:00:00.000000Z,65,100.0,7428.427357748086
PB.B918..EHZ,2019-07-06T18:00:00.000000Z,66,100.0,3994.4430783573503
PB.B918..EHZ,2019-07-06T19:00:00.000000Z,67,100.0,2565.055975326216
PB.B918..EHZ,2019-07-06T20:00:00.000000Z,68,100.0,1251.7318912852536
PB.B918..EHZ,2019-07-06T21:00:00.000000Z,69,100.0,2565.13247115851
PB.B918..EHZ,2019-07-06T22:00:00.000000Z,70,100.0,666.6332770840776
PB.B918..EHZ,2019-07-06T23:00:00.000000Z,71,100.0,14003.362150738685
PB.B921..EH1,2019-07-04T00:00:00.000000Z,0,99.99976944261127,3.790247417568388
PB.B921..EH1,2019-07-04T01:00:00.000000Z,1,100.0,6.075824355385961
PB.B921..EH1,2019-07-04T02:00:00.000000Z,2,100.0,15.45126034952153
PB.B921..EH1,2019-07-04T03:00:00.000000Z,3,100.0,24.85131781576118
PB.B921..EH1,2019-07-04T04:00:00.000000Z,4,100.0,19.723432937234804
PB.B921..EH1,2019-07-04T05:00:00.000000Z,5,100.0,10.142864753167203
PB.B921..EH1,2019-07-04T06:00:00.000000Z,6,100.0,4.541878951202583
PB.B921..EH1,2019-07-04T07:00:00.000000Z,7,100.0,3.980454962432586
PB.B921..EH1,2019-07-04T08:00:00.000000Z,8,100.0,4.732602932357616
PB.B921..EH1,2019-07-04T09:00:00.000000Z,9,100.0,3.9021244936784902
PB.B921..EH1,2019-07-04T10:00:00.000000Z,10,100.0,4.368453796181631
PB.B921..EH1,2019-07-04T11:00:00.000000Z,11,100.0,3.7771999629345756
PB.B921..EH1,2019-07-04T12:00:00.000000Z,12,100.0,4.008568629105837
PB.B921..EH1,2019-07-04T13:00:00.000000Z,13,100.0,3.9714440459969804
PB.B921..EH1,2019-07-04T14:00:00.000000Z,14,100.0,7.68656101758161
PB.B921..EH1,2019-07-04T15:00:00.000000Z,15,100.0,16.63031612567843
PB.B921..EH1,2019-07-04T16:00:00.000000Z,16,100.0,27.448779217661585
PB.B921..EH1,2019-07-04T17:00:00.000000Z,17,100.0,353259.93717064435
PB.B921..EH1,2019-07-04T18:00:00.000000Z,18,100.0,41928.0650013503
PB.B921..EH1,2019-07-04T19:00:00.000000Z,19,100.0,21957.131414809035
PB.B921..EH1,2019-07-04T20:00:00.000000Z,20,100.0,8844.859081880344
PB.B921..EH1,2019-07-04T21:00:00.000000Z,21,100.0,4423.330863253691
PB.B921..EH1,2019-07-04T22:00:00.000000Z,22,100.0,9090.70347075942
PB.B921..EH1,2019-07-04T23:00:00.000000Z,23,100.0,12096.773554138179
PB.B921..EH1,2019-07-05T00:00:00.000000Z,24,100.0,5955.871255259899
PB.B921..EH1,2019-07-05T01:00:00.000000Z,25,100.0,1910.1244647041171
PB.B921..EH1,2019-07-05T02:00:00.000000Z,26,100.0,10716.723572900864
PB.B921..EH1,2019-07-05T03:00:00.000000Z,27,100.0,4161.201299576202
PB.B921..EH1,2019-07-05T04:00:00.000000Z,28,100.0,2061.6126017690844
PB.B921..EH1,2019-07-05T05:00:00.000000Z,29,100.0,1248.951800818729
PB.B921..EH1,2019-07-05T06:00:00.000000Z,30,100.0,10571.968114198973
PB.B921..EH1,2019-07-05T07:00:00.000000Z,31,100.0,4590.790453880483
PB.B921..EH1,2019-07-05T08:00:00.000000Z,32,100.0,2476.3087402262972
PB.B921..EH1,2019-07-05T09:00:00.000000Z,33,100.0,1839.4390527485627
PB.B921..EH1,2019-07-05T10:00:00.000000Z,34,100.0,5875.201429833707
PB.B921..EH1,2019-07-05T11:00:00.000000Z,35,100.0,33207.01779009338
PB.B921..EH1,2019-07-05T12:00:00.000000Z,36,100.0,4443.769356674283
PB.B921..EH1,2019-07-05T13:00:00.000000Z,37,100.0,696.3770996894441
PB.B921..EH1,2019-07-05T14:00:00.000000Z,38,100.0,3771.1391625301994
PB.B921..EH1,2019-07-05T15:00:00.000000Z,39,100.0,807.8823785195107
PB.B921..EH1,2019-07-05T16:00:00.000000Z,40,100.0,316.44627733678556
PB.B921..EH1,2019-07-05T17:00:00.000000Z,41,100.0,4289.45066459462
PB.B921..EH1,2019-07-05T18:00:00.000000Z,42,100.0,857.020326865072
PB.B921..EH1,2019-07-05T19:00:00.000000Z,43,100.0,364.9650796133774
PB.B921..EH1,2019-07-05T20:00:00.000000Z,44,100.0,591.3062758202458
PB.B921..EH1,2019-07-05T21:00:00.000000Z,45,100.0,1059.7636895037547
PB.B921..EH1,2019-07-05T22:00:00.000000Z,46,100.0,712.6350180928443
PB.B921..EH1,2019-07-05T23:00:00.000000Z,47,100.0,699.1521131335666
PB.B921..EH1,2019-07-06T00:00:00.000000Z,48,100.0,2670.9468149444724
PB.B921..EH1,2019-07-06T01:00:00.000000Z,49,100.0,343.684424322059
PB.B921..EH1,2019-07-06T02:00:00.000000Z,50,100.0,816.411747582942
PB.B921..EH1,2019-07-06T03:00:00.000000Z,51,100.0,461786.52667933353
PB.B921..EH1,2019-07-06T04:00:00.000000Z,52,100.0,54297.19341969871
PB.B921..EH1,2019-07-06T05:00:00.000000Z,53,100.0,12242.594030157048
PB.B921..EH1,2019-07-06T06:00:00.000000Z,54,100.0,16117.377293821433
PB.B921..EH1,2019-07-06T07:00:00.000000Z,55,100.0,12378.758428405696
PB.B921..EH1,2019-07-06T08:00:00.000000Z,56,100.0,52901.48054017395
PB.B921..EH1,2019-07-06T09:00:00.000000Z,57,100.0,19827.28496969869
PB.B921..EH1,2019-07-06T10:00:00.000000Z,58,100.0,11574.875239514873
PB.B921..EH1,2019-07-06T11:00:00.000000Z,59,100.0,8076.256549387746
PB.B921..EH1,2019-07-06T12:00:00.000000Z,60,100.0,2465.1307168067783
PB.B921..EH1,2019-07-06T13:00:00.000000Z,61,100.0,13087.7519899608
PB.B921..EH1,2019-07-06T14:00:00.000000Z,62,100.0,2426.6953272402016
PB.B921..EH1,2019-07-06T15:00:00.000000Z,63,100.0,2917.6871223143567
PB.B921..EH1,2019-07-06T16:00:00.000000Z,64,100.0,10723.856971278785
PB.B921..EH1,2019-07-06T17:00:00.000000Z,65,100.0,3588.7315356747895
PB.B921..EH1,2019-07-06T18:00:00.000000Z,66,100.0,8313.29478452728
PB.B921..EH1,2019-07-06T19:00:00.000000Z,67,100.0,1716.4177352595161
PB.B921..EH1,2019-07-06T20:00:00.000000Z,68,100.0,3251.94512273705
PB.B921..EH1,2019-07-06T21:00:00.000000Z,69,100.0,1579.6270887653409
PB.B921..EH1,2019-07-06T22:00:00.000000Z,70,100.0,5097.572698296988
PB.B921..EH1,2019-07-06T23:00:00.000000Z,71,100.0,6150.011015186369
PB.B921..EH2,2019-07-04T00:00:00.000000Z,0,99.99976944261127,3.4835393238684
PB.B921..EH2,2019-07-04T01:00:00.000000Z,1,100.0,6.043538595182132
PB.B921..EH2,2019-07-04T02:00:00.000000Z,2,100.0,16.941128765844127
PB.B921..EH2,2019-07-04T03:00:00.000000Z,3,100.0,26.974801929783325
PB.B921..EH2,2019-07-04T04:00:00.000000Z,4,100.0,18.04018368190877
PB.B921..EH2,2019-07-04T05:00:00.000000Z,5,100.0,9.789387522376625
PB.B921..EH2,2019-07-04T06:00:00.000000Z,6,100.0,4.773812531423609
PB.B921..EH2,2019-07-04T07:00:00.000000Z,7,100.0,3.400437834917287
PB.B921..EH2,2019-07-04T08:00:00.000000Z,8,100.0,4.30108635828778
PB.B921..EH2,2019-07-04T09:00:00.000000Z,9,100.0,4.100482218420068
PB.B921..EH2,2019-07-04T10:00:00.000000Z,10,100.0,3.1309354865468415
PB.B921..EH2,2019-07-04T11:00:00.000000Z,11,100.0,3.585779260649468
PB.B921..EH2,2019-07-04T12:00:00.000000Z,12,100.0,4.0618401751872515
PB.B921..EH2,2019-07-04T13:00:00.000000Z,13,100.0,4.51210744502898
PB.B921..EH2,2019-07-04T14:00:00.000000Z,14,100.0,7.345739859374086
PB.B921..EH2,2019-07-04T15:00:00.000000Z,15,100.0,16.852874861541117
PB.B921..EH2,2019-07-04T16:00:00.000000Z,16,100.0,28.833691121938575
PB.B921..EH2,2019-07-04T17:00:00.000000Z,17,100.0,355914.4787008843
PB.B921..EH2,2019-07-04T18:00:00.000000Z,18,100.0,74612.99634798702
PB.B921..EH2,2019-07-04T19:00:00.000000Z,19,100.0,27911.04670200363
PB.B921..EH2,2019-07-04T20:00:00.000000Z,20,100.0,10628.196771772347
PB.B921..EH2,2019-07-04T21:00:00.000000Z,21,100.0,5075.9864235535615
PB.B921..EH2,2019-07-04T22:00:00.000000Z,22,100.0,13858.541052991428
PB.B921..EH2,2019-07-04T23:00:00.000000Z,23,100.0,17888.06511393424
PB.B921..EH2,2019-07-05T00:00:00.000000Z,24,100.0,6889.328454016566
PB.B921..EH2,2019-07-05T01:00:00.000000Z,25,100.0,2431.1130608692984
PB.B921..EH2,2019-07-05T02:00:00.000000Z,26,100.0,8940.915015401484
PB.B921..EH2,2019-07-05T03:00:00.000000Z,27,100.0,5625.052481660353
PB.B921..EH2,2019-07-05T04:00:00.000000Z,28,100.0,2505.5844657398957
PB.B921..EH2,2019-07-05T05:00:00.000000Z,29,100.0,1525.532720939908
PB.B921..EH2,2019-07-05T06:00:00.000000Z,30,100.0,8713.672227840327
PB.B921..EH2,2019-07-05T07:00:00.000000Z,31,100.0,5224.592459751166
PB.B921..EH2,2019-07-05T08:00:00.000000Z,32,100.0,2555.6112479542653
PB.B921..EH2,2019-07-05T09:00:00.000000Z,33,100.0,2685.251065618961
PB.B921..EH2,2019-07-05T10:00:00.000000Z,34,100.0,11927.024342202012
PB.B921..EH2,2019-07-05T11:00:00.000000Z,35,100.0,41067.933304676124
PB.B921..EH2,2019-07-05T12:00:00.000000Z,36,100.0,5625.092254046748
PB.B921..EH2,2019-07-05T13:00:00.000000Z,37,100.0,741.3476409627724
PB.B921..EH2,2019-07-05T14:00:00.000000Z,38,100.0,5794.024367549499
PB.B921..EH2,2019-07-05T15:00:00.000000Z,39,100.0,1013.082641591121
PB.B921..EH2,2019-07-05T16:00:00.000000Z,40,100.0,363.5072250756934
PB.B921..EH2,2019-07-05T17:00:00.000000Z,41,100.0,4456.643625206686
PB.B921..EH2,2019-07-05T18:00:00.000000Z,42,100.0,870.5567308063864
PB.B921..EH2,2019-07-05T19:00:00.000000Z,43,100.0,414.08073327299945
PB.B921..EH2,2019-07-05T20:00:00.000000Z,44,100.0,578.5177218062311
PB.B921..EH2,2019-07-05T21:00:00.000000Z,45,100.0,803.614628856937
PB.B921..EH2,2019-07-05T22:00:00.000000Z,46,100.0,678.6712143870466
PB.B921..EH2,2019-07-05T23:00:00.000000Z,47,100.0,685.7919501984492
PB.B921..EH2,2019-07-06T00:00:00.000000Z,48,100.0,3051.955864407952
PB.B921..EH2,2019-07-06T01:00:00.000000Z,49,100.0,334.41196455829146
PB.B921..EH2,2019-07-06T02:00:00.000000Z,50,100.0,963.7808121618073
PB.B921..EH2,2019-07-06T03:00:00.000000Z,51,100.0,459838.38191227004
PB.B921..EH2,2019-07-06T04:00:00.000000Z,52,100.0,61992.55046488577
PB.B921..EH2,2019-07-06T05:00:00.000000Z,53,100.0,13419.984995548557
PB.B921..EH2,2019-07-06T06:00:00.000000Z,54,100.0,16592.994725781246
PB.B921..EH2,2019-07-06T07:00:00.000000Z,55,100.0,13831.119754389041
PB.B921..EH2,2019-07-06T08:00:00.000000Z,56,100.0,46617.389175246295
PB.B921..EH2,2019-07-06T09:00:00.000000Z,57,100.0,23057.40541985278
PB.B921..EH2,2019-07-06T10:00:00.000000Z,58,100.0,15567.249701989047
PB.B921..EH2,2019-07-06T11:00:00.000000Z,59,100.0,7884.978157810498
PB.B921..EH2,2019-07-06T12:00:00.000000Z,60,100.0,2515.741560453398
PB.B921..EH2,2019-07-06T13:00:00.000000Z,61,100.0,11088.171369025638
PB.B921..EH2,2019-07-06T14:00:00.000000Z,62,100.0,2285.259763455162
PB.B921..EH2,2019-07-06T15:00:00.000000Z,63,100.0,2968.0087145061125
PB.B921..EH2,2019-07-06T16:00:00.000000Z,64,100.0,11528.425881676725
PB.B921..EH2,2019-07-06T17:00:00.000000Z,65,100.0,3595.057282634002
PB.B921..EH2,2019-07-06T18:00:00.000000Z,66,100.0,7520.411494676928
PB.B921..EH2,2019-07-06T19:00:00.000000Z,67,100.0,1910.0979871404868
PB.B921..EH2,2019-07-06T20:00:00.000000Z,68,100.0,3096.0961324533705
PB.B921..EH2,2019-07-06T21:00:00.000000Z,69,100.0,1653.6868965927847
PB.B921..EH2,2019-07-06T22:00:00.000000Z,70,100.0,5387.468729535397
PB.B921..EH2,2019-07-06T23:00:00.000000Z,71,100.0,8113.468979157086
PB.B921..EHZ,2019-07-04T00:00:00.000000Z,0,99.99976944261127,3.5964150971645212
PB.B921..EHZ,2019-07-04T01:00:00.000000Z,1,100.0,3.801477875672503
PB.B921..EHZ,2019-07-04T02:00:00.000000Z,2,100.0,7.601487458207441
PB.B921..EHZ,2019-07-04T03:00:00.000000Z,3,100.0,12.214168147858716
PB.B921..EHZ,2019-07-04T04:00:00.000000Z,4,100.0,13.164106332104556
PB.B921..EHZ,2019-07-04T05:00:00.000000Z,5,100.0,5.526113170714827
PB.B921..EHZ,2019-07-04T06:00:00.000000Z,6,100.0,3.589653589358894
PB.B921..EHZ,2019-07-04T07:00:00.000000Z,7,100.0,3.138139262852355
PB.B921..EHZ,2019-07-04T08:00:00.000000Z,8,100.0,3.5994265599517536
PB.B921..EHZ,2019-07-04T09:00:00.000000Z,9,100.0,3.18713448971401
PB.B921..EHZ,2019-07-04T10:00:00.000000Z,10,100.0,3.3205786525498944
PB.B921..EHZ,2019-07-04T11:00:00.000000Z,11,100.0,3.1189380231998425
PB.B921..EHZ,2019-07-04T12:00:00.000000Z,12,100.0,3.184975328866216
PB.B921..EHZ,2019-07-04T13:00:00.000000Z,13,100.0,3.126909890440116
PB.B921..EHZ,2019-07-04T14:00:00.000000Z,14,100.0,3.273884065166729
PB.B921..EHZ,2019-07-04T15:00:00.000000Z,15,100.0,4.852914573394708
PB.B921..EHZ,2019-07-04T16:00:00.000000Z,16,100.0,23.55218995279551
PB.B921..EHZ,2019-07-04T17:00:00.000000Z,17,100.0,264290.1938180239
PB.B921..EHZ,2019-07-04T18:00:00.000000Z,18,100.0,56133.534212100574
PB.B921..EHZ,2019-07-04T19:00:00.000000Z,19,100.0,20326.33591634285
PB.B921..EHZ,2019-07-04T20:00:00.000000Z,20,100.0,6553.130047956755
PB.B921..EHZ,2019-07-04T21:00:00.000000Z,21,100.0,3987.887858658743
PB.B921..EHZ,2019-07-04T22:00:00.000000Z,22,100.0,9952.619274561475
PB.B921..EHZ,2019-07-04T23:00:00.000000Z,23,100.0,16744.22441807483
PB.B921..EHZ,2019-07-05T00:00:00.000000Z,24,100.0,5404.890180420513
PB.B921..EHZ,2019-07-05T01:00:00.000000Z,25,100.0,1572.6752217530402
PB.B921..EHZ,2019-07-05T02:00:00.000000Z,26,100.0,7604.200726753328
PB.B921..EHZ,2019-07-05T03:00:00.000000Z,27,100.0,3961.7082174204643
PB.B921..EHZ,2019-07-05T04:00:00.000000Z,28,100.0,2009.2874754910665
PB.B921..EHZ,2019-07-05T05:00:00.000000Z,29,100.0,1296.590728052696
PB.B921..EHZ,2019-07-05T06:00:00.000000Z,30,100.0,7625.751780696024
PB.B921..EHZ,2019-07-05T07:00:00.000000Z,31,100.0,3990.73243562429
PB.B921..EHZ,2019-07-05T08:00:00.000000Z,32,100.0,2349.6177036782933
PB.B921..EHZ,2019-07-05T09:00:00.000000Z,33,100.0,1904.598385899443
PB.B921..EHZ,2019-07-05T10:00:00.000000Z,34,100.0,10148.156006509342
PB.B921..EHZ,2019-07-05T11:00:00.000000Z,35,100.0,27042.9442920489
PB.B921..EHZ,2019-07-05T12:00:00.000000Z,36,100.0,3849.7482550863065
PB.B921..EHZ,2019-07-05T13:00:00.000000Z,37,100.0,682.5039867627504
PB.B921..EHZ,2019-07-05T14:00:00.000000Z,38,100.0,3677.877363243108
PB.B921..EHZ,2019-07-05T15:00:00.000000Z,39,100.0,855.2815147725079
PB.B921..EHZ,2019-07-05T16:00:00.000000Z,40,100.0,302.855863608171
PB.B921..EHZ,2019-07-05T17:00:00.000000Z,41,100.0,3911.09786261305
PB.B921..EHZ,2019-07-05T18:00:00.000000Z,42,100.0,769.5767411170143
PB.B921..EHZ,2019-07-05T19:00:00.000000Z,43,100.0,333.1372944744887
PB.B921..EHZ,2019-07-05T20:00:00.000000Z,44,100.0,520.7696822655633
PB.B921..EHZ,2019-07-05T21:00:00.000000Z,45,100.0,793.0037259440472
PB.B921..EHZ,2019-07-05T22:00:00.000000Z,46,100.0,586.3821611707249
PB.B921..EHZ,2019-07-05T23:00:00.000000Z,47,100.0,573.6485509765479
PB.B921..EHZ,2019-07-06T00:00:00.000000Z,48,100.0,2098.0220778948133
PB.B921..EHZ,2019-07-06T01:00:00.000000Z,49,100.0,311.6104506580326
PB.B921..EHZ,2019-07-06T02:00:00.000000Z,50,100.0,826.2255160417286
PB.B921..EHZ,2019-07-06T03:00:00.000000Z,51,100.0,448360.9522873097
PB.B921..EHZ,2019-07-06T04:00:00.000000Z,52,100.0,50718.83889303019
PB.B921..EHZ,2019-07-06T05:00:00.000000Z,53,100.0,12818.271283508362
PB.B921..EHZ,2019-07-06T06:00:00.000000Z,54,100.0,17951.854979148793
PB.B921..EHZ,2019-07-06T07:00:00.000000Z,55,100.0,10372.651275993334
PB.B921..EHZ,2019-07-06T08:00:00.000000Z,56,100.0,30624.107350109265
PB.B921..EHZ,2019-07-06T09:00:00.000000Z,57,100.0,20567.851446514505
PB.B921..EHZ,2019-07-06T10:00:00.000000Z,58,100.0,19402.57495105992
PB.B921..EHZ,2019-07-06T11:00:00.000000Z,59,100.0,8785.211077918122
PB.B921..EHZ,2019-07-06T12:00:00.000000Z,60,100.0,2220.454095200887
PB.B921..EHZ,2019-07-06T13:00:00.000000Z,61,100.0,11579.828222030232
PB.B921..EHZ,2019-07-06T14:00:00.000000Z,62,100.0,2145.8389272745503
PB.B921..EHZ,2019-07-06T15:00:00.000000Z,63,100.0,2755.413170723753
PB.B921..EHZ,2019-07-06T16:00:00.000000Z,64,100.0,9736.688822025213
PB.B921..EHZ,2019-07-06T17:00:00.000000Z,65,100.0,3390.74179608095
PB.B921..EHZ,2019-07-06T18:00:00.000000Z,66,100.0,7604.634398052246
PB.B921..EHZ,2019-07-06T19:00:00.000000Z,67,100.0,1595.5754071715355
PB.B921..EHZ,2019-07-06T20:00:00.000000Z,68,100.0,3064.974936921895
PB.B921..EHZ,2019-07-06T21:00:00.000000Z,69,100.0,1528.6998681799187
PB.B921..EHZ,2019-07-06T22:00:00.000000Z,70,100.0,5252.603594422042
PB.B921..EHZ,2019-07-06T23:00:00.000000Z,71,100.0,6735.9350439156415
