time,latitude,longitude,depth,mag,magType,nst,gap,dmin,rms,net,id,updated,place,type,horizontalError,depthError,magError,magNst,status,locationSource,magSource
2020-03-18T13:09:31.530Z,40.751,-112.0783333,11.9,5.7,mw,54,50,0.04022,0.2,uu,uu60363602,2026-07-31T06:30:29.804Z,"5 km NNE of Magna, Utah",earthquake,0.3,0.39,,0,reviewed,uu,uu
2020-03-18T13:10:08.210Z,40.747,-112.0813333,8.53,3.94,md,11,91,0.03993,0.22,uu,uu60020254,2020-04-16T14:53:00.643Z,"4 km NNE of Magna, Utah",earthquake,0.59,1.23,0.144,3,reviewed,uu,uu
2020-03-18T13:10:16.960Z,40.7475,-112.0801667,6.94,4.01,md,8,91,0.03942,0.15,uu,uu60020264,2020-04-16T14:48:30.616Z,"4 km NNE of Magna, Utah",earthquake,0.59,1.13,0.209,2,reviewed,uu,uu
2020-03-18T13:10:59.440Z,40.7221667,-112.1076667,9.24,4.17,md,22,83,0.04049,0.21,uu,uu60020664,2021-02-19T19:19:47.211Z,"1 km NNW of Magna, Utah",earthquake,0.46,0.84,0.275,4,reviewed,uu,uu
2020-03-18T13:11:12.120Z,40.7503333,-112.0758333,9.72,3.74,md,16,89,0.03831,0.2,uu,uu60020669,2022-06-21T05:57:12.352Z,"5 km NNE of Magna, Utah",earthquake,0.44,0.78,0.169,4,reviewed,uu,uu
2020-03-18T13:11:30.100Z,40.7588333,-112.0836667,5.64,3.2,md,11,128,0.0483,0.13,uu,uu60020674,2020-06-06T20:53:46.040Z,"5 km NNE of Magna, Utah",earthquake,0.41,1.08,0.24,3,reviewed,uu,uu
2020-03-18T13:11:38.930Z,40.7645,-112.1021667,6.94,2.99,md,17,139,0.05785,0.15,uu,uu60020679,2020-06-06T20:53:46.040Z,"6 km N of Magna, Utah",earthquake,0.44,0.93,0.168,3,reviewed,uu,uu
2020-03-18T13:11:57.070Z,40.737,-112.1186667,8.14,3.1,md,16,157,0.05749,0.16,uu,uu60020684,2020-06-06T20:53:47.040Z,"3 km NNW of Magna, Utah",earthquake,0.54,1.01,0.257,3,reviewed,uu,uu
2020-03-18T13:13:27.040Z,40.7725,-112.0893333,1.54,2.24,md,11,128,0.04683,0.23,uu,uu60020689,2020-04-02T16:12:56.190Z,"7 km N of Magna, Utah",earthquake,0.7,4.24,0.109,2,reviewed,uu,uu
2020-03-18T13:14:05.960Z,40.7475,-112.076,9.35,2.76,md,16,89,0.03675,0.09,uu,uu60363607,2020-06-06T20:53:47.040Z,"4 km NNE of Magna, Utah",earthquake,0.3,0.69,0.235,3,reviewed,uu,uu
2020-03-18T13:14:21.540Z,40.7546667,-112.0591667,8.06,3.69,md,20,56,0.03286,0.16,uu,uu60363612,2020-06-06T20:53:47.040Z,"6 km NE of Magna, Utah",earthquake,0.33,0.64,0.332,5,reviewed,uu,uu
2020-03-18T13:15:11.480Z,40.7555,-112.0581667,8.94,3.67,ml,32,47,0.03204,0.16,uu,uu60363617,2020-06-06T20:53:47.040Z,"6 km NE of Magna, Utah",earthquake,0.28,0.44,0.143,6,reviewed,uu,uu
2020-03-18T13:15:55.760Z,40.7496667,-112.0433333,8.26,3.37,ml,27,45,0.02339,0.15,uu,uu60363627,2020-06-06T20:53:47.040Z,"6 km NE of Magna, Utah",earthquake,0.27,0.47,0.181,3,reviewed,uu,uu
2020-03-18T13:16:03.040Z,40.761,-112.0715,5.95,3.11,ml,10,120,0.03708,0.15,uu,uu60020269,2020-06-06T20:53:47.040Z,"6 km NNE of Magna, Utah",earthquake,0.49,1.13,0.081,2,reviewed,uu,uu
2020-03-18T13:16:38.480Z,40.7656667,-112.0761667,9.59,3.35,ml,25,55,0.03853,0.21,uu,uu60363622,2020-06-06T20:53:47.040Z,"6 km NNE of Magna, Utah",earthquake,0.49,0.81,0.102,3,reviewed,uu,uu
2020-03-18T13:18:28.490Z,40.749,-112.0563333,8.06,3.19,ml,30,46,0.02696,0.19,uu,uu60363632,2020-06-06T20:53:47.040Z,"5 km NE of Magna, Utah",earthquake,0.4,0.57,0.215,5,reviewed,uu,uu
2020-03-18T13:20:21.760Z,40.7656667,-112.0665,7.71,2.37,ml,23,83,0.03166,0.16,uu,uu60363637,2020-03-19T21:04:07.480Z,"6 km NNE of Magna, Utah",earthquake,0.44,0.87,0.148,2,reviewed,uu,uu
2020-03-18T13:21:16.200Z,40.762,-112.0773333,8.62,2.23,ml,18,52,0.04067,0.16,uu,uu60363642,2020-06-12T17:51:41.990Z,"6 km NNE of Magna, Utah",earthquake,0.39,1,0.294,2,reviewed,uu,uu
2020-03-18T13:22:02.060Z,40.7546667,-112.0458333,8.55,3.67,ml,46,45,0.02692,0.16,uu,uu60363647,2020-06-06T20:53:47.040Z,"6 km NE of Magna, Utah",earthquake,0.25,0.58,0.138,16,reviewed,uu,uu
2020-03-18T13:23:19.818Z,40.7498,-112.0992,8.76,3.6,ml,,41,0.053,0.59,us,us60008hsi,2022-06-19T01:11:35.011Z,"4 km N of Magna, Utah",earthquake,1.3,7.3,0.041,80,reviewed,us,us
2020-03-18T13:23:19.860Z,40.7523333,-112.094,11.11,3.66,ml,52,54,0.05092,0.16,uu,uu60363652,2020-04-02T16:17:21.455Z,"4 km N of Magna, Utah",earthquake,0.26,0.42,0.199,13,reviewed,uu,uu
2020-03-18T13:26:19.500Z,40.768,-112.0638333,8.91,2.3,ml,28,59,0.02892,0.18,uu,uu60363657,2020-03-30T21:46:10.430Z,"7 km NNE of Magna, Utah",earthquake,0.33,0.75,0.027,2,reviewed,uu,uu
2020-03-18T13:27:20.380Z,40.7516667,-112.0543333,7.53,2.55,ml,24,56,0.0284,0.17,uu,uu60363662,2020-06-06T20:53:47.040Z,"6 km NE of Magna, Utah",earthquake,0.39,0.89,0.262,7,reviewed,uu,uu
2020-03-18T13:29:55.650Z,40.7491667,-112.0563333,9.66,3.09,ml,52,41,0.02709,0.22,uu,uu60363672,2020-06-12T17:35:01.329Z,"5 km NE of Magna, Utah",earthquake,0.35,0.57,0.15,14,reviewed,uu,uu
2020-03-18T13:31:18.160Z,40.7555,-112.0436667,8.48,3.13,ml,28,53,0.0254,0.11,uu,uu60363667,2020-06-06T20:53:47.040Z,"7 km NE of Magna, Utah",earthquake,0.25,0.62,0.15,10,reviewed,uu,uu
2020-03-18T13:32:29.850Z,40.7556667,-112.0511667,9.53,3.86,ml,36,46,0.02837,0.19,uu,uu60363682,2020-06-06T20:53:47.040Z,"6 km NE of Magna, Utah",earthquake,0.31,0.55,0.249,9,reviewed,uu,uu
2020-03-18T13:33:37.010Z,40.7581667,-112.0545,7.84,2.39,ml,15,72,0.02819,0.1,uu,uu60363677,2020-06-06T20:53:47.040Z,"6 km NE of Magna, Utah",earthquake,0.29,0.72,0.268,2,reviewed,uu,uu
2020-03-18T13:35:15.200Z,40.756,-112.065,8.29,2.03,ml,12,85,0.03562,0.16,uu,uu60363687,2020-03-18T22:32:32.740Z,"6 km NNE of Magna, Utah",earthquake,0.46,0.79,0.168,2,reviewed,uu,uu
2020-03-18T13:36:24.340Z,40.7538333,-112.0715,7.29,1.91,ml,13,92,0.03813,0.21,uu,uu60363692,2020-03-27T22:35:59.947Z,"5 km NNE of Magna, Utah",earthquake,0.83,1.05,0.102,2,reviewed,uu,uu
2020-03-18T13:36:38.070Z,40.7496667,-112.0663333,9.57,3.5,ml,37,66,0.03241,0.19,uu,uu60363697,2022-06-16T17:59:45.422Z,"5 km NNE of Magna, Utah",earthquake,0.27,0.47,0.295,18,reviewed,uu,uu
2020-03-18T13:39:09.440Z,40.7778333,-112.08,9.44,2.32,md,16,90,0.03941,0.14,uu,uu60363702,2020-03-30T16:30:45.240Z,"7 km NNE of Magna, Utah",earthquake,0.41,0.85,0.639,8,reviewed,uu,uu
2020-03-18T13:39:50.340Z,40.761,-112.0543333,8.04,1.85,ml,21,53,0.02618,0.11,uu,uu60363707,2020-03-19T15:11:44.780Z,"7 km NE of Magna, Utah",earthquake,0.32,0.47,0.224,3,reviewed,uu,uu
2020-03-18T13:40:18.430Z,40.765,-112.0623333,6.17,1.89,md,14,103,0.043,0.22,uu,uu60020289,2020-03-19T15:27:13.340Z,"7 km NNE of Magna, Utah",earthquake,0.6,1.37,0.254,8,reviewed,uu,uu
2020-03-18T13:40:27.450Z,40.7463333,-112.0608333,9.63,2,md,11,82,0.0271,0.07,uu,uu60020294,2020-03-19T15:32:23.640Z,"5 km NE of Magna, Utah",earthquake,0.37,0.64,0.581,3,reviewed,uu,uu
2020-03-18T13:40:56.480Z,40.7756667,-112.0513333,8.39,1.29,ml,16,110,0.0178,0.14,uu,uu60363712,2020-03-19T16:04:47.890Z,"8 km NNE of Magna, Utah",earthquake,0.46,0.68,0.189,2,reviewed,uu,uu
2020-03-18T13:41:02.560Z,40.741,-112.0411667,7.93,2.04,ml,18,75,0.0146,0.12,uu,uu60020299,2020-03-19T16:14:38.060Z,"6 km NE of Magna, Utah",earthquake,0.31,0.54,0.085,5,reviewed,uu,uu
2020-03-18T13:41:52.690Z,40.748,-112.0423333,8.57,1.63,ml,16,76,0.02159,0.13,uu,uu60363717,2020-03-19T16:38:55.940Z,"6 km NE of Magna, Utah",earthquake,0.38,0.6,0.284,2,reviewed,uu,uu
2020-03-18T13:42:24.990Z,40.7328333,-112.0773333,9.85,2.23,ml,31,45,0.03205,0.16,uu,uu60363727,2020-03-19T16:57:57.520Z,"3 km NE of Magna, Utah",earthquake,0.28,0.47,0.068,6,reviewed,uu,uu
2020-03-18T13:42:35.160Z,40.7473333,-112.049,8.94,2.04,ml,7,78,0.02267,0.06,uu,uu60020304,2020-03-19T17:08:01.810Z,"6 km NE of Magna, Utah",earthquake,0.41,0.67,0.162,3,reviewed,uu,uu
2020-03-18T13:42:48.590Z,40.7636667,-112.0771667,8.95,2.28,ml,15,61,0.03992,0.12,uu,uu60020309,2020-03-19T17:18:42.850Z,"6 km NNE of Magna, Utah",earthquake,0.31,0.71,0.242,3,reviewed,uu,uu
2020-03-18T13:43:26.430Z,40.7663333,-112.0711667,7.1,1.77,ml,15,80,0.03472,0.17,uu,uu60363722,2020-03-19T01:42:34.340Z,"6 km NNE of Magna, Utah",earthquake,0.43,0.7,0.134,2,reviewed,uu,uu
2020-03-18T13:44:01.870Z,40.737,-112.0761667,9.55,2.19,ml,16,93,0.03222,0.17,uu,uu60363732,2020-03-19T18:08:05.980Z,"3 km NE of Magna, Utah",earthquake,0.48,0.8,0.108,2,reviewed,uu,uu
2020-03-18T13:44:51.110Z,40.7658333,-112.0516667,8.17,1.43,md,15,56,0.02164,0.14,uu,uu60363737,2020-03-18T21:26:52.820Z,"7 km NE of Magna, Utah",earthquake,0.37,0.67,0.332,10,reviewed,uu,uu
2020-03-18T13:46:27.220Z,40.7435,-112.0455,6.87,1.43,ml,15,52,0.01808,0.13,uu,uu60363747,2020-03-20T21:09:13.580Z,"6 km NE of Magna, Utah",earthquake,0.44,0.9,0.282,2,reviewed,uu,uu
2020-03-18T13:46:41.190Z,40.7451667,-112.0868333,7.12,0.71,md,10,93,0.04278,0.21,uu,uu60020344,2020-03-24T21:42:05.300Z,"4 km NNE of Magna, Utah",earthquake,0.55,1.14,0.394,3,reviewed,uu,uu
2020-03-18T13:46:53.700Z,40.75,-112.0565,8.65,2.16,ml,20,56,0.02785,0.13,uu,uu60363742,2020-03-30T16:39:33.650Z,"5 km NE of Magna, Utah",earthquake,0.33,0.55,0.09,10,reviewed,uu,uu
2020-03-18T13:47:44.490Z,40.749,-112.0561667,8.93,1.85,ml,17,55,0.02689,0.1,uu,uu60363752,2020-03-24T21:22:55.850Z,"5 km NE of Magna, Utah",earthquake,0.28,0.61,0.164,3,reviewed,uu,uu
2020-03-18T13:48:01.210Z,40.722,-112.0893333,11.02,3.09,ml,36,47,0.03614,0.14,uu,uu60363757,2020-06-06T20:53:47.040Z,"1 km NE of Magna, Utah",earthquake,0.29,0.48,0.164,15,reviewed,uu,uu
2020-03-18T13:49:39.760Z,40.7613333,-112.0701667,8.38,2.06,md,16,81,0.03603,0.14,uu,uu60363762,2020-03-30T16:45:36.310Z,"6 km NNE of Magna, Utah",earthquake,0.35,0.8,0.136,7,reviewed,uu,uu
2020-03-18T13:50:15.210Z,40.7631667,-112.074,9.52,2.08,ml,19,60,0.03788,0.12,uu,uu60363767,2020-03-24T17:30:30.880Z,"6 km NNE of Magna, Utah",earthquake,0.31,0.61,0.079,7,reviewed,uu,uu
2020-03-18T13:50:25.750Z,40.7588333,-112.0801667,9.78,2.06,ml,10,91,0.04394,0.12,uu,uu60020414,2020-03-24T17:36:43.010Z,"5 km NNE of Magna, Utah",earthquake,0.45,0.85,0.111,4,reviewed,uu,uu
2020-03-18T13:52:03.780Z,40.7455,-112.0695,7.79,1.67,ml,15,56,0.03156,0.12,uu,uu60363777,2020-03-27T22:41:17.930Z,"Utah",earthquake,0.33,0.69,0.34,2,reviewed,uu,uu
2020-03-18T13:54:29.860Z,40.74,-112.0666667,10.01,2.18,ml,14,68,0.02678,0.17,uu,uu60363782,2020-03-19T18:56:46.263Z,"4 km NE of Magna, Utah",earthquake,0.41,0.71,0.17,9,reviewed,uu,uu
2020-03-18T13:54:41.520Z,40.7023333,-112.0835,11.63,2.26,ml,11,124,0.01621,0.13,uu,uu60020324,2020-03-27T22:45:26.730Z,"1 km ESE of Magna, Utah",earthquake,0.52,1.06,0.184,2,reviewed,uu,uu
2020-03-18T13:56:32.240Z,40.767,-112.0593333,8.41,1.93,ml,27,52,0.02614,0.15,uu,uu60363787,2020-03-27T22:48:03.270Z,"7 km NNE of Magna, Utah",earthquake,0.29,0.55,0.248,4,reviewed,uu,uu
2020-03-18T13:57:32.660Z,40.7515,-112.0581667,8.96,1.98,ml,18,73,0.0298,0.13,uu,uu60363792,2020-03-27T22:51:10.530Z,"5 km NE of Magna, Utah",earthquake,0.37,0.58,0.091,7,reviewed,uu,uu
2020-03-18T13:59:30.740Z,40.7041667,-112.0971667,9.98,1.64,ml,14,119,0.02088,0.19,uu,uu60363797,2020-03-20T21:30:20.680Z,"0 km SE of Magna, Utah",earthquake,0.64,0.82,0.136,3,reviewed,uu,uu
2020-03-18T14:00:18.940Z,40.7745,-112.0865,9.11,1.22,md,16,99,0.04449,0.14,uu,uu60363802,2020-03-24T17:56:15.330Z,"7 km N of Magna, Utah",earthquake,0.38,0.8,0.409,4,reviewed,uu,uu
2020-03-18T14:00:24.570Z,40.7825,-112.1048333,9.1,1.66,ml,11,102,0.05844,0.23,uu,uu60020419,2020-03-24T18:05:31.960Z,"8 km N of Magna, Utah",earthquake,0.67,1.3,0.145,5,reviewed,uu,uu
2020-03-18T14:01:04.190Z,40.7263333,-112.0958333,10.01,2.45,ml,22,52,0.04129,0.14,uu,uu60363812,2020-06-06T20:53:47.040Z,"1 km NNE of Magna, Utah",earthquake,0.3,0.58,0.155,12,reviewed,uu,uu
2020-03-18T14:01:46.070Z,40.7656667,-112.0636667,9.52,1.82,ml,15,59,0.02969,0.12,uu,uu60363807,2020-03-24T20:48:04.690Z,"7 km NNE of Magna, Utah",earthquake,0.37,0.65,0.215,3,reviewed,uu,uu
2020-03-18T14:02:12.830Z,40.7605,-112.0693333,9.07,4.59,mw,21,58,0.03587,0.19,uu,uu60363822,2020-06-06T20:53:47.040Z,"6 km NNE of Magna, Utah",earthquake,0.39,0.8,,17,reviewed,uu,uu
2020-03-18T14:04:16.940Z,40.7595,-112.071,8.69,2.26,md,17,87,0.03746,0.2,uu,uu60363902,2020-03-30T21:26:30.590Z,"6 km NNE of Magna, Utah",earthquake,0.45,0.97,0.134,4,reviewed,uu,uu
2020-03-18T14:05:04.670Z,40.7548333,-112.067,9.12,3.35,ml,40,50,0.03654,0.13,uu,uu60363827,2020-06-06T20:53:47.040Z,"5 km NNE of Magna, Utah",earthquake,0.21,0.47,0.154,10,reviewed,uu,uu
2020-03-18T14:06:12.190Z,40.7266667,-112.0845,10.7,3.41,ml,40,45,0.03695,0.15,uu,uu60363832,2020-06-06T20:53:47.040Z,"2 km NE of Magna, Utah",earthquake,0.23,0.41,0.114,11,reviewed,uu,uu
2020-03-18T14:07:53.200Z,40.7581667,-112.073,9.71,2.99,ml,32,51,0.1115,0.17,uu,uu60363837,2020-06-06T20:53:47.040Z,"5 km NNE of Magna, Utah",earthquake,0.34,1.02,0.059,12,reviewed,uu,uu
2020-03-18T14:10:52.570Z,40.7693333,-112.0571667,9.27,2.7,ml,38,50,0.02371,0.16,uu,uu60363842,2020-06-06T20:53:48.040Z,"7 km NNE of Magna, Utah",earthquake,0.27,0.58,0.085,12,reviewed,uu,uu
2020-03-18T14:13:10.580Z,40.7611667,-112.0571667,8.58,2.03,ml,27,49,0.02775,0.15,uu,uu60363847,2020-03-30T16:52:36.410Z,"6 km NNE of Magna, Utah",earthquake,0.29,0.54,0.098,9,reviewed,uu,uu
2020-03-18T14:15:04.200Z,40.7548333,-112.064,8.96,1.69,ml,20,57,0.03511,0.11,uu,uu60363852,2020-03-30T16:58:33.912Z,"5 km NNE of Magna, Utah",earthquake,0.3,0.71,0.159,5,reviewed,uu,uu
2020-03-18T14:16:10.250Z,40.7548333,-112.0421667,8.18,1.62,ml,20,53,0.02549,0.16,uu,uu60363857,2020-03-30T17:03:28.620Z,"7 km NE of Magna, Utah",earthquake,0.41,0.74,0.185,3,reviewed,uu,uu
2020-03-18T14:17:01.600Z,40.7585,-112.052,8.96,1.77,ml,28,47,0.02663,0.17,uu,uu60363862,2020-03-30T17:10:10.029Z,"6 km NE of Magna, Utah",earthquake,0.34,0.65,0.138,4,reviewed,uu,uu
2020-03-18T14:18:59.160Z,40.7483333,-112.044,8.77,1.18,ml,12,142,0.02223,0.1,uu,uu60363867,2020-03-30T17:14:35.960Z,"6 km NE of Magna, Utah",earthquake,0.5,0.5,0.2,2,reviewed,uu,uu
2020-03-18T14:19:35.730Z,40.7566667,-112.0378333,8.01,1.65,ml,22,52,0.02256,0.11,uu,uu60363877,2020-03-30T17:21:52.819Z,"Utah",earthquake,0.26,0.5,0.08,5,reviewed,uu,uu
2020-03-18T14:20:00.890Z,40.7366667,-112.0788333,9.86,1.58,ml,15,89,0.03405,0.09,uu,uu60363872,2020-03-30T17:27:47.010Z,"3 km NNE of Magna, Utah",earthquake,0.41,0.69,0.291,3,reviewed,uu,uu
2020-03-18T14:20:47.370Z,40.774,-112.073,9.54,1.67,ml,26,56,0.03433,0.16,uu,uu60363882,2020-03-30T17:34:08.248Z,"7 km NNE of Magna, Utah",earthquake,0.44,0.67,0.072,4,reviewed,uu,uu
2020-03-18T14:21:27.520Z,40.7513333,-112.0396667,8.19,1.7,ml,19,75,0.02453,0.15,uu,uu60363887,2020-03-30T17:39:14.420Z,"Utah",earthquake,0.41,0.74,0.103,5,reviewed,uu,uu
2020-03-18T14:21:54.850Z,40.7546667,-112.081,9.84,2.12,ml,30,52,0.04407,0.18,uu,uu60363892,2020-06-06T20:53:48.040Z,"5 km NNE of Magna, Utah",earthquake,0.36,0.69,0.058,8,reviewed,uu,uu
2020-03-18T14:22:22.360Z,40.7468333,-112.0438333,9.29,2.09,ml,19,76,0.02076,0.13,uu,uu60363897,2020-03-30T17:51:43.670Z,"6 km NE of Magna, Utah",earthquake,0.33,0.75,0.106,8,reviewed,uu,uu
2020-03-18T14:25:55.430Z,40.7681667,-112.0745,10.81,0.78,ml,12,99,0.03658,0.17,uu,uu60363917,2020-04-14T17:45:45.990Z,"6 km NNE of Magna, Utah",earthquake,0.42,0.88,0.309,2,reviewed,uu,uu
2020-03-18T14:26:06.060Z,40.7683333,-112.078,4.32,0.81,md,11,99,0.03911,0.22,uu,uu60021199,2020-04-14T19:08:46.320Z,"6 km NNE of Magna, Utah",earthquake,0.72,1.21,0.438,4,reviewed,uu,uu
2020-03-18T14:26:10.930Z,40.7646667,-112.0811667,4.36,0.67,md,8,125,0.04245,0.13,uu,uu60021204,2020-04-14T19:57:34.400Z,"6 km NNE of Magna, Utah",earthquake,0.52,1.05,0.303,4,reviewed,uu,uu
2020-03-18T14:26:33.520Z,40.758,-112.0443333,7.58,0.98,ml,13,59,0.02348,0.07,uu,uu60363912,2020-03-30T20:21:31.560Z,"7 km NE of Magna, Utah",earthquake,0.36,0.56,0.403,2,reviewed,uu,uu
2020-03-18T14:27:20.050Z,40.753,-112.0398333,7.54,0.9,md,12,75,0.0262,0.2,uu,uu60363932,2020-04-10T17:15:41.120Z,"7 km NE of Magna, Utah",earthquake,0.47,0.94,0.543,5,reviewed,uu,uu
2020-03-18T14:27:46.350Z,40.7661667,-112.0693333,7.86,1.42,md,10,118,0.0467,0.12,uu,uu60021054,2020-04-10T17:19:49.840Z,"6 km NNE of Magna, Utah",earthquake,0.39,1.15,0.228,4,reviewed,uu,uu
2020-03-18T14:27:51.920Z,40.7646667,-112.05,6.4,0.49,md,7,123,0.03918,0.14,uu,uu60021059,2020-04-10T17:24:32.050Z,"7 km NE of Magna, Utah",earthquake,0.51,1.16,0.273,6,reviewed,uu,uu
2020-03-18T14:28:17.700Z,40.7823333,-112.0966667,1.62,1.5,ml,14,113,0.05225,0.13,uu,uu60363922,2020-03-30T20:32:53.860Z,"8 km N of Magna, Utah",earthquake,0.38,2.89,0.17,2,reviewed,uu,uu
2020-03-18T14:28:49.280Z,40.736,-112.105,10.24,1.58,ml,11,110,0.07192,0.21,uu,uu60363927,2020-03-30T21:54:58.640Z,"3 km N of Magna, Utah",earthquake,0.82,1.21,0.049,2,reviewed,uu,uu
2020-03-18T14:31:23.860Z,40.7353333,-112.0775,8.12,1.18,md,9,89,0.08893,0.11,uu,uu60363942,2020-03-31T20:01:58.120Z,"3 km NE of Magna, Utah",earthquake,0.37,1.56,0.16,5,reviewed,uu,uu
2020-03-18T14:33:37.880Z,40.747,-112.0775,8.79,1.16,ml,15,94,0.03744,0.15,uu,uu60363972,2020-04-10T17:02:43.930Z,"4 km NNE of Magna, Utah",earthquake,0.39,0.73,0.202,2,reviewed,uu,uu
2020-03-18T14:33:53.080Z,40.743,-112.0773333,10.05,2.85,ml,31,49,0.03535,0.16,uu,uu60363947,2023-05-22T04:24:25.768Z,"4 km NNE of Magna, Utah",earthquake,0.28,0.63,0.212,18,reviewed,uu,uu
2020-03-18T14:35:22.930Z,40.7243333,-112.067,10.11,0.96,md,11,62,0.0238,0.14,uu,uu60020534,2020-03-31T20:02:31.530Z,"3 km ENE of Magna, Utah",earthquake,0.46,0.81,0.54,2,reviewed,uu,uu
2020-03-18T14:35:28.310Z,40.7386667,-112.1061667,7.03,1.57,ml,17,102,0.05468,0.13,uu,uu60363952,2020-03-31T19:55:15.550Z,"3 km N of Magna, Utah",earthquake,0.49,0.73,0.275,2,reviewed,uu,uu
2020-03-18T14:36:26.560Z,40.7571667,-112.0585,8.73,1.5,ml,18,57,0.03109,0.16,uu,uu60363957,2020-03-31T20:09:14.250Z,"6 km NE of Magna, Utah",earthquake,0.37,0.71,0.299,3,reviewed,uu,uu
2020-03-18T14:36:58.570Z,40.7661667,-112.0913333,8.79,1.18,md,14,90,0.04946,0.17,uu,uu60020544,2020-03-31T20:18:00.160Z,"6 km N of Magna, Utah",earthquake,0.43,1.12,0.234,4,reviewed,uu,uu
2020-03-18T14:38:10.180Z,40.7666667,-112.0526667,8.41,1.59,ml,21,57,0.02182,0.14,uu,uu60363962,2020-03-31T20:23:46.950Z,"7 km NNE of Magna, Utah",earthquake,0.31,0.57,0.143,4,reviewed,uu,uu
2020-03-18T14:38:47.680Z,40.8181667,-112.1015,4.93,0.79,md,7,124,0.07089,0.2,uu,uu60020549,2020-03-31T20:33:14.270Z,"12 km N of Magna, Utah",earthquake,0.78,2.34,0.276,3,reviewed,uu,uu
2020-03-18T14:38:56.390Z,40.7656667,-112.0686667,7.35,1.29,ml,15,59,0.04601,0.11,uu,uu60363967,2020-03-31T20:26:57.290Z,"6 km NNE of Magna, Utah",earthquake,0.35,0.82,0.092,2,reviewed,uu,uu
2020-03-18T14:39:13.270Z,40.7505,-112.103,7.28,1.26,md,4,282,0.06604,0.05,uu,uu60020559,2020-03-31T20:40:05.650Z,"4 km N of Magna, Utah",earthquake,1.49,1.28,0.455,3,reviewed,uu,uu
2020-03-18T14:41:58.700Z,40.7631667,-112.0523333,8.92,2.23,ml,30,53,0.02363,0.13,uu,uu60363977,2020-03-24T20:45:25.450Z,"7 km NE of Magna, Utah",earthquake,0.24,0.48,0.179,13,reviewed,uu,uu
2020-03-18T14:42:59.850Z,40.7648333,-112.0408333,5.83,1.26,ml,16,74,0.03803,0.2,uu,uu60364027,2020-04-10T17:59:12.120Z,"8 km NE of Magna, Utah",earthquake,0.41,1.04,0.334,2,reviewed,uu,uu
2020-03-18T14:43:02.030Z,40.7776667,-112.0473333,9.27,1.41,ml,6,140,0.05141,0.17,uu,uu60021074,2020-04-10T18:07:27.000Z,"8 km NNE of Magna, Utah",earthquake,0.69,1.57,0.421,2,reviewed,uu,uu
2020-03-18T14:43:27.310Z,40.7333333,-112.077,8.22,1.62,ml,20,88,0.04742,0.15,uu,uu60363982,2020-03-31T20:48:53.950Z,"3 km NE of Magna, Utah",earthquake,0.32,0.8,0.131,2,reviewed,uu,uu
2020-03-18T14:44:27.810Z,40.7303333,-112.0865,9.28,1.28,ml,12,87,0.04424,0.13,uu,uu60363987,2020-03-31T20:53:02.640Z,"2 km NNE of Magna, Utah",earthquake,0.38,0.9,0.276,2,reviewed,uu,uu
2020-03-18T14:45:44.070Z,40.727,-112.0841667,10.35,1.53,ml,11,69,0.04085,0.15,uu,uu60363992,2020-03-31T20:59:17.840Z,"2 km NE of Magna, Utah",earthquake,0.48,0.79,0.583,3,reviewed,uu,uu
2020-03-18T14:46:06.010Z,40.7535,-112.061,9.51,1.48,ml,17,70,0.03268,0.07,uu,uu60363997,2020-06-06T20:53:48.040Z,"6 km NE of Magna, Utah",earthquake,0.25,0.46,0.277,2,reviewed,uu,uu
2020-03-18T14:46:17.650Z,40.7638333,-112.0588333,8.9,2.66,ml,40,50,0.0273,0.18,uu,uu60364002,2020-06-06T20:53:48.040Z,"7 km NNE of Magna, Utah",earthquake,0.29,0.46,0.209,16,reviewed,uu,uu
2020-03-18T14:47:33.460Z,40.7613333,-112.0803333,10.05,1.77,ml,17,57,0.04302,0.11,uu,uu60364007,2020-03-31T21:05:38.070Z,"6 km NNE of Magna, Utah",earthquake,0.31,0.69,0.211,2,reviewed,uu,uu
2020-03-18T14:50:55.940Z,40.7551667,-112.0646667,9.35,1.12,ml,13,75,0.03568,0.11,uu,uu60364012,2020-03-31T21:11:49.530Z,"5 km NNE of Magna, Utah",earthquake,0.4,0.69,0.254,2,reviewed,uu,uu
2020-03-18T14:51:47.580Z,40.7428333,-112.0578333,8.2,1.31,md,12,107,0.02302,0.11,uu,uu60364017,2020-03-31T21:09:13.080Z,"5 km NE of Magna, Utah",earthquake,0.32,0.82,0.643,6,reviewed,uu,uu
2020-03-18T14:52:40.340Z,40.7505,-112.054,8.4,2.53,ml,27,54,0.02726,0.17,uu,uu60364022,2020-06-06T20:53:48.040Z,"Utah",earthquake,0.3,0.66,0.202,16,reviewed,uu,uu
2020-03-18T14:56:57.630Z,40.7661667,-112.0536667,8.24,0.61,md,7,86,0.02273,0.17,uu,uu60364052,2020-04-10T19:54:30.740Z,"8 km NNE of Magna, UT",earthquake,0.84,1.16,0.25,3,reviewed,uu,uu
2020-03-18T14:57:41.430Z,40.7551667,-112.0468333,8.32,3.56,ml,32,46,0.02688,0.17,uu,uu60364032,2020-06-06T20:53:48.040Z,"6 km NE of Magna, Utah",earthquake,0.32,0.78,0.206,14,reviewed,uu,uu
2020-03-18T14:58:28.750Z,40.7748333,-112.0795,9.68,1.82,md,10,121,0.03916,0.13,uu,uu60021079,2020-04-10T20:34:18.690Z,"7 km NNE of Magna, Utah",earthquake,0.36,0.82,0.037,3,reviewed,uu,uu
2020-03-18T14:58:37.990Z,40.7553333,-112.0533333,7.52,2.02,md,10,109,0.02967,0.11,uu,uu60021084,2020-04-10T20:31:42.170Z,"6 km NE of Magna, Utah",earthquake,0.37,0.71,0.275,3,reviewed,uu,uu
2020-03-18T14:58:46.430Z,40.7631667,-112.0818333,9.27,1.68,md,10,126,0.04342,0.14,uu,uu60021089,2020-04-10T20:30:37.930Z,"6 km NNE of Magna, Utah",earthquake,0.44,0.9,0.413,3,reviewed,uu,uu
2020-03-18T15:00:16.690Z,40.7471667,-112.048,7.92,1.68,ml,17,52,0.0222,0.1,uu,uu60364037,2020-03-19T21:41:22.670Z,"6 km NE of Magna, Utah",earthquake,0.27,0.58,0.142,2,reviewed,uu,uu
2020-03-18T15:00:26.750Z,40.7501667,-112.04,8.53,2.01,ml,14,75,0.0234,0.18,uu,uu60020329,2020-03-19T21:48:59.610Z,"6 km NE of Magna, Utah",earthquake,0.44,0.85,0.187,2,reviewed,uu,uu
2020-03-18T15:00:45.730Z,40.7605,-112.0395,7.85,2.54,ml,21,55,0.01951,0.13,uu,uu60364042,2020-06-06T20:53:48.040Z,"7 km NE of Magna, Utah",earthquake,0.26,0.59,0.224,4,reviewed,uu,uu
2020-03-18T15:01:47.850Z,40.7605,-112.0598333,8.64,2.27,md,10,112,0.03814,0.21,uu,uu60020394,2020-03-24T14:31:08.900Z,"6 km NNE of Magna, Utah",earthquake,0.57,1.48,0.514,3,reviewed,uu,uu
2020-03-18T15:02:28.870Z,40.7415,-112.0593333,8.51,2.04,ml,22,52,0.023,0.07,uu,uu60364047,2020-03-19T22:02:37.090Z,"5 km NE of Magna, Utah",earthquake,0.27,0.47,0.119,10,reviewed,uu,uu
2020-03-18T15:06:53.180Z,40.7528333,-112.0563333,6.65,0.69,ml,9,98,0.06974,0.13,uu,uu60364057,2020-04-30T14:31:22.690Z,"6 km NE of Magna, Utah",earthquake,0.4,1.41,0.324,2,reviewed,uu,uu
2020-03-18T15:08:09.530Z,40.7698333,-112.0345,5.14,1.08,md,10,78,0.1157,0.1,uu,uu60020439,2020-03-25T14:28:58.490Z,"8 km NE of Magna, Utah",earthquake,0.34,2.14,0.343,7,reviewed,uu,uu
2020-03-18T15:08:36.400Z,40.752,-112.0576667,7.76,1.13,ml,15,63,0.03,0.18,uu,uu60364067,2020-03-25T14:36:15.540Z,"6 km NE of Magna, Utah",earthquake,0.41,0.91,0.303,2,reviewed,uu,uu
2020-03-18T15:09:42.930Z,40.7371667,-112.064,10.06,2.16,ml,30,54,0.02368,0.14,uu,uu60364072,2020-03-24T21:43:43.100Z,"4 km NE of Magna, Utah",earthquake,0.28,0.54,0.102,12,reviewed,uu,uu
2020-03-18T15:10:49.310Z,40.7475,-112.0386667,9.06,2.35,ml,28,43,0.02064,0.11,uu,uu60364077,2020-06-06T20:53:48.040Z,"6 km NE of Magna, Utah",earthquake,0.2,0.45,0.113,12,reviewed,uu,uu
2020-03-18T15:12:26.050Z,40.753,-112.0481667,7.07,1.52,ml,14,107,0.02765,0.11,uu,uu60364082,2020-04-02T19:33:54.060Z,"6 km NE of Magna, Utah",earthquake,0.26,0.86,0.285,2,reviewed,uu,uu
2020-03-18T15:12:29.170Z,40.7483333,-112.0448333,9.12,1.83,ml,13,105,0.02242,0.14,uu,uu60020719,2020-04-02T19:30:46.710Z,"6 km NE of Magna, Utah",earthquake,0.4,0.69,0.112,8,reviewed,uu,uu
2020-03-18T15:12:53.980Z,40.7491667,-112.0473333,8.68,1.42,ml,13,107,0.02384,0.15,uu,uu60020724,2020-04-02T19:39:34.950Z,"6 km NE of Magna, Utah",earthquake,0.4,0.73,0.252,2,reviewed,uu,uu
2020-03-18T15:15:06.840Z,40.7578333,-112.0655,7.92,1.53,ml,18,57,0.03483,0.13,uu,uu60364087,2020-03-31T22:01:47.430Z,"6 km NNE of Magna, Utah",earthquake,0.3,0.6,0.254,3,reviewed,uu,uu
2020-03-18T15:16:05.200Z,40.7805,-112.066,9.25,1.24,ml,15,111,0.02889,0.17,uu,uu60364092,2020-04-23T16:15:53.120Z,"8 km NNE of Magna, Utah",earthquake,0.56,0.92,0.165,2,reviewed,uu,uu
2020-03-18T15:17:44.620Z,40.7516667,-112.039,6.85,1.08,ml,15,52,0.02481,0.13,uu,uu60364097,2020-04-08T19:51:40.780Z,"7 km NE of Magna, Utah",earthquake,0.33,0.72,0.181,2,reviewed,uu,uu
2020-03-18T15:18:16.070Z,40.7766667,-112.0615,6.76,0.55,md,12,109,0.05334,0.19,uu,uu60021929,2020-04-30T15:55:33.300Z,"8 km NNE of Magna, Utah",earthquake,0.53,1.64,0.282,6,reviewed,uu,uu
2020-03-18T15:18:24.640Z,40.7381667,-112.0648333,8.18,1.31,ml,14,90,0.02469,0.13,uu,uu60364112,2020-04-30T16:09:57.570Z,"4 km NE of Magna, Utah",earthquake,0.29,0.69,0.286,2,reviewed,uu,uu
2020-03-18T15:18:48.440Z,40.766,-112.0515,4.51,1,md,8,133,0.04078,0.12,uu,uu60021934,2020-04-30T16:15:38.760Z,"7 km NE of Magna, Utah",earthquake,0.42,1.32,0.42,3,reviewed,uu,uu
2020-03-18T15:18:55.170Z,40.736,-112.0213333,9.16,0.97,md,7,119,0.01428,0.25,uu,uu60021939,2020-04-30T16:19:39.350Z,"5 km NNW of West Valley City, Utah",earthquake,1.29,1.53,0.281,3,reviewed,uu,uu
2020-03-18T15:19:19.260Z,40.7366667,-112.1073333,7.74,0.52,md,5,148,0.0537,0.04,uu,uu60021944,2020-04-30T16:24:30.040Z,"3 km N of Magna, Utah",earthquake,0.42,0.93,0.324,3,reviewed,uu,uu
2020-03-18T15:19:30.900Z,40.777,-112.0613333,9.45,1.3,ml,16,58,0.02526,0.08,uu,uu60364102,2020-03-19T22:11:25.630Z,"8 km NNE of Magna, Utah",earthquake,0.33,0.51,0.116,3,reviewed,uu,uu
2020-03-18T15:19:50.150Z,40.7448333,-112.0391667,8.21,1.99,ml,20,51,0.01804,0.13,uu,uu60364107,2020-03-31T20:36:38.786Z,"6 km NE of Magna, Utah",earthquake,0.28,0.54,0.063,9,reviewed,uu,uu
2020-03-18T15:21:16.940Z,40.7255,-112.0961667,9.33,1.22,md,11,84,0.04054,0.13,uu,uu60021949,2020-04-30T17:39:02.550Z,"1 km NNE of Magna, Utah",earthquake,0.44,1.27,0.221,4,reviewed,uu,uu
2020-03-18T15:21:31.740Z,40.7443333,-112.0446667,8.38,0.83,ml,11,79,0.03591,0.13,uu,uu60021959,2020-04-30T17:43:13.070Z,"6 km NE of Magna, Utah",earthquake,0.45,1.12,0.124,2,reviewed,uu,uu
2020-03-18T15:22:41.900Z,40.7716667,-112.0643333,7.94,1.13,md,15,103,0.02824,0.13,uu,uu60022069,2020-05-01T18:51:42.600Z,"7 km NNE of Magna, Utah",earthquake,0.39,0.64,0.254,7,reviewed,uu,uu
2020-03-18T15:23:45.230Z,40.7826667,-112.082,9.06,2.36,ml,25,57,0.0412,0.19,uu,uu60364117,2020-11-17T15:32:12.560Z,"8 km NNE of Magna, UT",earthquake,0.38,0.73,0.192,8,reviewed,uu,uu
2020-03-18T15:24:13.360Z,40.726,-112.0936667,9.11,1.19,md,14,62,0.04062,0.21,uu,uu60364132,2020-05-01T18:20:22.910Z,"1 km NNE of Magna, Utah",earthquake,0.47,1,0.159,6,reviewed,uu,uu
2020-03-18T15:24:25.950Z,40.7638333,-112.0558333,7.91,2.38,ml,29,56,0.02538,0.2,uu,uu60364122,2020-06-06T20:53:48.040Z,"7 km NNE of Magna, Utah",earthquake,0.34,0.73,0.145,11,reviewed,uu,uu
2020-03-18T15:25:55.090Z,40.7608333,-112.063,8.17,1.6,ml,18,58,0.03157,0.15,uu,uu60364127,2020-03-25T16:21:58.553Z,"6 km NNE of Magna, Utah",earthquake,0.29,0.8,0.161,4,reviewed,uu,uu
2020-03-18T15:27:52.450Z,40.7445,-112.048,7.51,1.24,ml,15,78,0.0198,0.12,uu,uu60364142,2020-06-12T17:52:15.490Z,"5 km NE of Magna, Utah",earthquake,0.27,0.58,0.13,2,reviewed,uu,uu
2020-03-18T15:28:16.460Z,40.7615,-112.0538333,6.79,1.23,ml,18,58,0.03711,0.17,uu,uu60364137,2020-03-25T16:06:01.960Z,"7 km NE of Magna, Utah",earthquake,0.37,1.22,0.37,2,reviewed,uu,uu
2020-03-18T15:28:54.380Z,40.7628333,-112.059,7.69,1.82,ml,22,54,0.02793,0.11,uu,uu60364147,2020-03-31T20:36:55.759Z,"6 km NNE of Magna, Utah",earthquake,0.27,0.55,0.148,7,reviewed,uu,uu
2020-03-18T15:29:38.370Z,40.7323333,-112.077,9.22,1.74,ml,26,45,0.03171,0.17,uu,uu60364152,2020-03-20T22:26:38.400Z,"3 km NE of Magna, Utah",earthquake,0.34,0.64,0.1,5,reviewed,uu,uu
2020-03-18T15:30:18.960Z,40.7821667,-112.0635,9.31,2.03,ml,28,54,0.0272,0.1,uu,uu60364157,2020-03-19T22:22:50.890Z,"8 km NNE of Magna, Utah",earthquake,0.23,0.43,0.106,10,reviewed,uu,uu
2020-03-18T15:32:18.380Z,40.7423333,-112.065,8.67,1.67,ml,29,52,0.02694,0.14,uu,uu60364162,2020-04-02T20:58:21.430Z,"Utah",earthquake,0.25,0.56,0.068,6,reviewed,uu,uu
2020-03-18T15:34:02.400Z,40.7683333,-112.0581667,5.9,0.86,md,11,105,0.08434,0.1,uu,uu60364167,2020-05-05T15:41:24.880Z,"7 km NNE of Magna, Utah",earthquake,0.35,1.62,0.152,5,reviewed,uu,uu
2020-03-18T15:37:50.100Z,40.7775,-112.074,9.99,1.59,ml,23,55,0.03486,0.12,uu,uu60364177,2020-04-02T21:06:05.610Z,"7 km NNE of Magna, Utah",earthquake,0.27,0.51,0.152,4,reviewed,uu,uu
2020-03-18T15:39:24.640Z,40.754,-112.0578333,8.53,2.62,ml,47,48,0.03176,0.17,uu,uu60364182,2020-06-06T20:53:48.040Z,"6 km NE of Magna, Utah",earthquake,0.24,0.43,0.259,14,reviewed,uu,uu
2020-03-18T15:43:36.830Z,40.7543333,-112.0533333,9.15,1.48,ml,31,52,0.0304,0.14,uu,uu60364187,2020-04-08T19:58:26.170Z,"6 km NE of Magna, Utah",earthquake,0.24,0.43,0.382,3,reviewed,uu,uu
2020-03-18T15:44:08.360Z,40.7568333,-112.0585,7.55,1.53,ml,19,56,0.03131,0.17,uu,uu60364192,2020-04-02T21:13:52.610Z,"6 km NE of Magna, Utah",earthquake,0.33,0.76,0.198,2,reviewed,uu,uu
2020-03-18T15:45:12.830Z,40.7715,-112.0775,10.18,1.59,ml,18,56,0.03807,0.11,uu,uu60364197,2020-04-02T21:20:35.210Z,"Utah",earthquake,0.36,0.55,0.113,3,reviewed,uu,uu
2020-03-18T15:46:44.480Z,40.751,-112.055,8.8,1.57,ml,11,81,0.02808,0.12,uu,uu60364202,2020-03-18T22:43:55.850Z,"6 km NE of Magna, Utah",earthquake,0.46,0.87,0.189,2,reviewed,uu,uu
2020-03-18T15:46:50.320Z,40.761,-112.0766667,7.37,1.61,md,10,104,0.04061,0.14,uu,uu60020399,2020-03-24T14:55:59.460Z,"6 km NNE of Magna, Utah",earthquake,0.66,1.06,0.502,3,reviewed,uu,uu
2020-03-18T15:46:55.910Z,40.7556667,-112.0493333,8.5,2.61,ml,15,57,0.02753,0.15,uu,uu60364207,2020-06-06T20:53:48.040Z,"6 km NE of Magna, Utah",earthquake,0.41,0.86,0.116,14,reviewed,uu,uu
2020-03-18T15:47:40.600Z,40.7533333,-112.0398333,7.94,2.61,ml,27,44,0.0262,0.11,uu,uu60364212,2020-06-06T20:53:48.040Z,"7 km NE of Magna, Utah",earthquake,0.22,0.5,0.144,10,reviewed,uu,uu
2020-03-18T15:49:31.230Z,40.7671667,-112.0818333,9.69,2.02,ml,27,55,0.04222,0.11,uu,uu60364217,2020-03-19T22:35:46.560Z,"6 km NNE of Magna, Utah",earthquake,0.23,0.47,0.139,9,reviewed,uu,uu
2020-03-18T15:50:28.120Z,40.798,-112.082,9.34,1.25,ml,14,117,0.04554,0.1,uu,uu60364222,2020-04-02T21:30:22.450Z,"Utah",earthquake,0.4,0.61,0.204,3,reviewed,uu,uu
2020-03-18T15:50:37.980Z,40.7466667,-112.0428333,7.81,1.87,ml,17,52,0.02039,0.17,uu,uu60364227,2020-03-24T21:10:29.400Z,"6 km NE of Magna, Utah",earthquake,0.4,0.85,0.112,7,reviewed,uu,uu
2020-03-18T15:51:43.860Z,40.7321667,-112.0773333,10.24,1.6,ml,19,56,0.03193,0.18,uu,uu60364232,2020-04-02T21:36:37.160Z,"3 km NE of Magna, Utah",earthquake,0.41,0.89,0.211,2,reviewed,uu,uu
2020-03-18T15:53:40.430Z,40.7683333,-112.0565,7.97,1.46,ml,19,81,0.02363,0.11,uu,uu60364237,2020-04-02T21:41:19.410Z,"7 km NNE of Magna, Utah",earthquake,0.35,0.5,0.376,4,reviewed,uu,uu
2020-03-18T15:54:12.760Z,40.7585,-112.0593333,8.15,1.59,ml,20,58,0.03621,0.12,uu,uu60364242,2020-04-02T21:46:01.650Z,"6 km NNE of Magna, Utah",earthquake,0.26,0.72,0.36,3,reviewed,uu,uu
2020-03-18T15:56:48.410Z,40.7443333,-112.0798333,9.74,0.51,md,5,105,0.09677,0.08,uu,uu60364247,2020-05-05T16:26:17.300Z,"4 km NNE of Magna, Utah",earthquake,0.45,2.13,0.131,2,reviewed,uu,uu
2020-03-18T15:58:29.220Z,40.7501667,-112.0346667,9.31,2.48,ml,19,51,0.02321,0.12,uu,uu60364257,2020-06-06T20:53:49.040Z,"7 km NNW of West Valley City, Utah",earthquake,0.32,0.65,0.096,12,reviewed,uu,uu
2020-03-18T15:59:22.430Z,40.7743333,-112.0778333,9.39,1.46,ml,13,89,0.03795,0.15,uu,uu60364252,2020-04-02T21:49:08.930Z,"7 km NNE of Magna, Utah",earthquake,0.4,0.88,0.087,2,reviewed,uu,uu
2020-03-18T16:01:42.810Z,40.7386667,-112.0631667,8.1,0.96,ml,13,91,0.0547,0.14,uu,uu60364262,2020-04-02T21:52:49.840Z,"4 km NE of Magna, Utah",earthquake,0.34,1.13,0.199,2,reviewed,uu,uu
2020-03-18T16:02:40.240Z,40.7573333,-112.0541667,8.26,2.03,ml,29,47,0.0286,0.17,uu,uu60364267,2020-03-31T21:05:29.867Z,"6 km NE of Magna, Utah",earthquake,0.29,0.73,0.168,12,reviewed,uu,uu
2020-03-18T16:06:17.060Z,40.7403333,-112.0725,6.69,0.95,ml,16,92,0.05479,0.21,uu,uu60364272,2020-04-08T20:03:05.850Z,"4 km NE of Magna, Utah",earthquake,0.45,1.52,0.153,2,reviewed,uu,uu
2020-03-18T16:08:27.620Z,40.7416667,-112.0616667,7.91,1.24,ml,17,55,0.0245,0.13,uu,uu60364277,2020-04-06T16:38:08.210Z,"4 km NE of Magna, Utah",earthquake,0.34,0.89,0.304,2,reviewed,uu,uu
2020-03-18T16:10:07.870Z,40.7455,-112.0501667,7.72,1.07,ml,18,94,0.02148,0.1,uu,uu60364282,2020-04-06T16:51:55.680Z,"5 km NE of Magna, Utah",earthquake,0.28,0.71,0.24,2,reviewed,uu,uu
2020-03-18T16:10:20.650Z,40.7663333,-112.0803333,8.6,1.08,ml,10,119,0.08017,0.13,uu,uu60020759,2020-04-06T16:55:05.860Z,"6 km NNE of Magna, Utah",earthquake,0.44,1.1,0.203,2,reviewed,uu,uu
2020-03-18T16:12:28.220Z,40.7628333,-112.0935,10.48,1.6,ml,32,56,0.05193,0.19,uu,uu60364297,2020-04-06T16:48:43.387Z,"6 km N of Magna, Utah",earthquake,0.28,0.58,0.12,8,reviewed,uu,uu
2020-03-18T16:13:07.550Z,40.7278333,-112.087,8.73,1.4,ml,12,86,0.04177,0.16,uu,uu60364287,2020-03-24T18:15:53.110Z,"2 km NNE of Magna, Utah",earthquake,0.41,1.31,0.129,4,reviewed,uu,uu
2020-03-18T16:14:46.490Z,40.7408333,-112.0748333,9.65,1.53,ml,17,78,0.03269,0.11,uu,uu60364302,2020-03-24T18:16:57.270Z,"4 km NNE of Magna, Utah",earthquake,0.31,0.61,0.135,4,reviewed,uu,uu
2020-03-18T16:15:33.490Z,40.7611667,-112.0665,9.29,1.58,ml,20,58,0.03367,0.13,uu,uu60364307,2020-04-08T20:09:48.450Z,"6 km NNE of Magna, Utah",earthquake,0.26,0.63,0.121,4,reviewed,uu,uu
2020-03-18T16:17:58.800Z,40.7476667,-112.038,8.47,1.23,ml,23,43,0.02076,0.11,uu,uu60364312,2020-04-08T20:15:29.560Z,"6 km NE of Magna, Utah",earthquake,0.24,0.43,0.173,2,reviewed,uu,uu
2020-03-18T16:19:47.600Z,40.7455,-112.0661667,9.66,0.73,md,10,85,0.02955,0.11,uu,uu60020444,2020-03-25T16:33:06.100Z,"5 km NE of Magna, Utah",earthquake,0.49,0.99,0.218,5,reviewed,uu,uu
2020-03-18T16:19:54.540Z,40.7491667,-112.053,8.44,1.63,ml,22,51,0.02573,0.14,uu,uu60364317,2020-03-25T16:28:32.858Z,"6 km NE of Magna, Utah",earthquake,0.32,0.59,0.184,3,reviewed,uu,uu
2020-03-18T16:20:17.200Z,40.7478333,-112.0503333,8.38,0.79,md,10,92,0.03455,0.13,uu,uu60020449,2020-03-25T16:37:45.730Z,"6 km NE of Magna, Utah",earthquake,0.41,1.09,0.112,3,reviewed,uu,uu
2020-03-18T16:21:21.600Z,40.7306667,-112.0748333,9.65,1.8,ml,30,44,0.02984,0.14,uu,uu60364322,2020-03-25T17:04:49.365Z,"3 km NE of Magna, Utah",earthquake,0.23,0.55,0.121,8,reviewed,uu,uu
2020-03-18T16:21:31.970Z,40.7341667,-112.112,6.14,1.61,md,8,137,0.05272,0.05,uu,uu60020454,2020-03-25T17:09:49.810Z,"Utah",earthquake,0.43,1.09,0.231,3,reviewed,uu,uu
2020-03-18T16:22:03.120Z,40.7646667,-112.0615,7.84,1.33,ml,15,82,0.02865,0.13,uu,uu60364327,2020-03-25T17:26:19.890Z,"7 km NNE of Magna, UT",earthquake,0.35,0.8,0.253,3,reviewed,uu,uu
2020-03-18T16:23:36.480Z,40.7536667,-112.0653333,5.95,1.17,ml,18,57,0.03483,0.13,uu,uu60364342,2020-05-05T17:17:01.720Z,"5 km NNE of Magna, Utah",earthquake,0.27,0.78,0.2,2,reviewed,uu,uu
2020-03-18T16:24:37.550Z,40.7695,-112.0645,7.71,1.7,ml,23,83,0.02892,0.14,uu,uu60364332,2020-03-25T17:35:08.290Z,"7 km NNE of Magna, Utah",earthquake,0.29,0.5,0.146,4,reviewed,uu,uu
2020-03-18T16:24:58.570Z,40.749,-112.0451667,8.57,0.99,ml,11,77,0.02313,0.09,uu,uu60022254,2020-05-05T17:15:57.360Z,"6 km NE of Magna, Utah",earthquake,0.39,0.51,0.334,2,reviewed,uu,uu
2020-03-18T16:25:26.710Z,40.7396667,-112.0573333,8.78,1.48,ml,23,55,0.02067,0.15,uu,uu60364337,2020-03-25T17:41:20.260Z,"5 km NE of Magna, Utah",earthquake,0.29,0.65,0.28,2,reviewed,uu,uu
2020-03-18T16:26:25.120Z,40.7631667,-112.0695,6.63,0.92,md,9,106,0.03476,0.12,uu,uu60022259,2020-05-05T17:14:19.790Z,"6 km NNE of Magna, Utah",earthquake,0.46,1.23,0.124,4,reviewed,uu,uu
2020-03-18T16:27:51.180Z,40.7546667,-112.0366667,7.94,1.96,ml,30,44,0.0242,0.14,uu,uu60364347,2020-03-31T23:04:05.290Z,"7 km NE of Magna, Utah",earthquake,0.26,0.51,0.12,10,reviewed,uu,uu
2020-03-18T16:29:13.870Z,40.7648333,-112.0578333,8.37,1.33,ml,15,78,0.02613,0.11,uu,uu60364352,2020-03-25T18:05:42.750Z,"Utah",earthquake,0.3,0.62,0.28,3,reviewed,uu,uu
2020-03-18T16:29:27.300Z,40.7435,-112.0486667,8.62,1.4,md,10,78,0.01918,0.12,uu,uu60020459,2020-03-25T18:05:09.190Z,"5 km NE of Magna, Utah",earthquake,0.4,0.68,0.458,3,reviewed,uu,uu
2020-03-18T16:32:22.070Z,40.7448333,-112.0796667,9.12,1.14,ml,15,106,0.05873,0.15,uu,uu60364357,2020-03-25T18:12:27.990Z,"4 km NNE of Magna, Utah",earthquake,0.37,1.19,0.195,2,reviewed,uu,uu
2020-03-18T16:34:47.670Z,40.748,-112.0428333,8.45,1.39,ml,19,52,0.02168,0.09,uu,uu60364367,2020-03-25T18:18:12.290Z,"6 km NE of Magna, Utah",earthquake,0.23,0.42,0.158,4,reviewed,uu,uu
2020-03-18T16:36:40.340Z,40.7586667,-112.0456667,8.19,2.06,ml,30,46,0.02347,0.16,uu,uu60364372,2020-03-25T18:34:16.987Z,"7 km NE of Magna, Utah",earthquake,0.27,0.56,0.104,11,reviewed,uu,uu
2020-03-18T16:37:34.220Z,40.758,-112.0533333,7.55,1.29,ml,17,58,0.02769,0.1,uu,uu60364377,2020-03-25T18:39:57.720Z,"6 km NE of Magna, Utah",earthquake,0.27,0.64,0.344,2,reviewed,uu,uu
2020-03-18T16:40:02.220Z,40.757,-112.0605,9.52,0.59,md,9,117,0.07291,0.19,uu,uu60364387,2020-05-05T20:50:22.810Z,"6 km NNE of Magna, Utah",earthquake,0.56,1.93,0.28,3,reviewed,uu,uu
2020-03-18T16:40:22.010Z,40.7553333,-112.0573333,8.4,2.34,md,11,81,0.03171,0.08,uu,uu60022309,2020-05-05T20:48:16.980Z,"6 km NE of Magna, Utah",earthquake,0.26,0.79,0.345,4,reviewed,uu,uu
2020-03-18T16:41:08.600Z,40.7385,-112.0551667,8.27,0.94,md,9,102,0.0445,0.1,uu,uu60022314,2020-05-05T20:47:12.520Z,"5 km NE of Magna, Utah",earthquake,0.42,0.83,0.046,4,reviewed,uu,uu
2020-03-18T16:41:18.170Z,40.7485,-112.0705,8.73,0.86,md,6,109,0.06309,0.09,uu,uu60022319,2020-05-05T20:46:08.490Z,"5 km NNE of Magna, Utah",earthquake,0.42,1.73,0.3,3,reviewed,uu,uu
2020-03-18T16:41:44.650Z,40.7545,-112.0455,8.35,0.84,ml,19,56,0.02694,0.17,uu,uu60020889,2020-04-08T21:56:22.380Z,"6 km NE of Magna, Utah",earthquake,0.34,0.78,0.3,2,reviewed,uu,uu
2020-03-18T16:41:56.120Z,40.7493333,-112.0408333,7.14,1.68,ml,27,45,0.02268,0.17,uu,uu60364382,2020-04-08T21:52:13.540Z,"6 km NE of Magna, Utah",earthquake,0.28,0.51,0.117,7,reviewed,uu,uu
2020-03-18T16:42:49.300Z,40.7545,-112.054,9.11,0.99,ml,15,80,0.03063,0.08,uu,uu60364397,2020-03-25T18:53:22.990Z,"6 km NE of Magna, Utah",earthquake,0.29,0.57,0.33,2,reviewed,uu,uu
2020-03-18T16:43:03.460Z,40.7591667,-112.051,9.25,1.99,ml,26,55,0.02562,0.15,uu,uu60364392,2020-03-25T19:04:12.130Z,"7 km NE of Magna, Utah",earthquake,0.3,0.67,0.095,11,reviewed,uu,uu
2020-03-18T16:45:40.050Z,40.7591667,-112.05,7.4,1.16,ml,18,58,0.02511,0.22,uu,uu60364402,2020-04-08T21:24:24.140Z,"7 km NE of Magna, Utah",earthquake,0.45,0.85,0.245,2,reviewed,uu,uu
2020-03-18T16:45:46.160Z,40.7501667,-112.0403333,8.36,1.31,ml,10,75,0.02932,0.15,uu,uu60020884,2020-04-08T21:32:10.970Z,"6 km NE of Magna, Utah",earthquake,0.35,0.82,0.232,2,reviewed,uu,uu
2020-03-18T16:46:15.640Z,40.7558333,-112.054,8.92,1.81,ml,19,57,0.02962,0.14,uu,uu60364407,2020-04-07T22:31:56.960Z,"6 km NE of Magna, Utah",earthquake,0.27,0.65,0.233,6,reviewed,uu,uu
2020-03-18T16:47:47.920Z,40.7555,-112.0636667,8.37,2.5,ml,29,49,0.03514,0.12,uu,uu60364417,2020-06-06T20:53:49.040Z,"6 km NNE of Magna, Utah",earthquake,0.24,0.54,0.195,15,reviewed,uu,uu
2020-03-18T16:48:18.110Z,40.7591667,-112.0651667,8.61,1.89,md,9,98,0.03386,0.13,uu,uu60020409,2020-03-24T15:30:12.100Z,"6 km NNE of Magna, Utah",earthquake,0.4,0.83,0.358,3,reviewed,uu,uu
2020-03-18T16:48:37.060Z,40.754,-112.058,8.78,1.9,ml,23,57,0.03182,0.15,uu,uu60364412,2020-04-08T22:24:38.200Z,"6 km NE of Magna, Utah",earthquake,0.29,0.62,0.219,4,reviewed,uu,uu
2020-03-18T16:49:02.030Z,40.7528333,-112.0431667,8.4,0.99,md,9,104,0.02762,0.11,uu,uu60020894,2020-04-08T22:28:16.200Z,"6 km NE of Magna, Utah",earthquake,0.41,0.83,0.358,3,reviewed,uu,uu
2020-03-18T16:49:48.280Z,40.7721667,-112.0573333,8.28,1.75,md,10,119,0.02295,0.16,uu,uu60020879,2020-04-08T21:05:43.380Z,"7 km NNE of Magna, Utah",earthquake,0.45,0.76,0.052,4,reviewed,uu,uu
2020-03-18T16:50:14.980Z,40.7601667,-112.06,7.97,1.62,ml,22,54,0.03007,0.16,uu,uu60364422,2020-04-08T20:58:22.060Z,"6 km NNE of Magna, Utah",earthquake,0.28,0.7,0.161,6,reviewed,uu,uu
2020-03-18T16:50:38.470Z,40.7441667,-112.0303333,6.3,2.17,ml,22,50,0.01771,0.19,uu,uu60364427,2020-03-20T16:32:35.520Z,"6 km NNW of West Valley City, Utah",earthquake,0.4,1.11,0.172,12,reviewed,uu,uu
2020-03-18T16:51:51.750Z,40.755,-112.0403333,7.44,2.03,ml,35,45,0.02478,0.23,uu,uu60364432,2020-03-31T20:59:40.180Z,"7 km NE of Magna, Utah",earthquake,0.34,0.69,0.118,11,reviewed,uu,uu
2020-03-18T16:54:44.670Z,40.7793333,-112.0795,8.95,0.67,md,8,129,0.03906,0.16,uu,uu60020929,2020-04-09T15:58:35.130Z,"8 km NNE of Magna, Utah",earthquake,0.69,1.93,0.312,3,reviewed,uu,uu
2020-03-18T16:54:57.710Z,40.7591667,-112.0621667,8.62,1.75,ml,22,49,0.03199,0.19,uu,uu60364437,2020-03-31T22:13:37.900Z,"6 km NNE of Magna, Utah",earthquake,0.34,0.77,0.122,6,reviewed,uu,uu
2020-03-18T16:55:07.180Z,40.7521667,-112.0583333,8.5,1.8,ml,13,83,0.03042,0.16,uu,uu60020924,2020-04-09T15:45:40.560Z,"6 km NE of Magna, Utah",earthquake,0.51,0.81,0.282,2,reviewed,uu,uu
2020-03-18T16:55:57.200Z,40.7478333,-112.0658333,7.61,1.15,md,7,102,0.04159,0.27,uu,uu60020914,2020-04-09T15:03:21.690Z,"5 km NE of Magna, Utah",earthquake,0.95,2.56,0.194,3,reviewed,uu,uu
2020-03-18T16:56:22.180Z,40.747,-112.0418333,7.38,1.66,ml,26,44,0.02053,0.14,uu,uu60364447,2020-04-09T14:48:44.200Z,"6 km NE of Magna, Utah",earthquake,0.24,0.62,0.131,8,reviewed,uu,uu
2020-03-18T16:56:37.100Z,40.785,-112.0353333,6.93,1.22,md,8,142,0.008892,0.29,uu,uu60020939,2020-04-09T16:07:59.740Z,"10 km NNE of Magna, Utah",earthquake,1.15,2.34,0.32,3,reviewed,uu,uu
2020-03-18T16:58:10.600Z,40.752,-112.0391667,7.43,1.19,ml,11,79,0.02515,0.15,uu,uu60364452,2020-03-27T16:59:33.920Z,"7 km NE of Magna, Utah",earthquake,0.58,0.88,0.152,2,reviewed,uu,uu
2020-03-18T16:59:02.510Z,40.7561667,-112.0566667,7.49,2.08,ml,25,53,0.03077,0.17,uu,uu60364457,2020-03-27T18:01:53.916Z,"6 km NE of Magna, Utah",earthquake,0.31,0.78,0.174,13,reviewed,uu,uu
2020-03-18T17:00:02.860Z,40.7515,-112.0603333,7.67,1.8,ml,20,56,0.03077,0.15,uu,uu60364462,2020-03-20T15:53:47.520Z,"5 km NE of Magna, Utah",earthquake,0.35,0.73,0.102,7,reviewed,uu,uu
2020-03-18T17:02:22.940Z,40.7508333,-112.038,7.47,1.35,ml,17,73,0.02816,0.2,uu,uu60364472,2020-05-05T21:16:37.230Z,"7 km NE of Magna, Utah",earthquake,0.41,0.9,0.306,3,reviewed,uu,uu
2020-03-18T17:04:06.780Z,40.7511667,-112.0428333,7.48,1.67,ml,27,52,0.02476,0.15,uu,uu60364477,2020-04-09T16:17:52.300Z,"6 km NE of Magna, Utah",earthquake,0.25,0.61,0.361,3,reviewed,uu,uu
2020-03-18T17:08:17.750Z,40.721,-112.1075,9.75,2.33,ml,33,48,0.0394,0.16,uu,uu60364482,2020-06-06T20:53:49.040Z,"1 km NNW of Magna, Utah",earthquake,0.28,0.63,0.052,15,reviewed,uu,uu
2020-03-18T17:11:23.650Z,40.7486667,-112.072,8.74,1.18,ml,14,94,0.03499,0.16,uu,uu60364487,2020-04-08T16:59:05.100Z,"5 km NNE of Magna, Utah",earthquake,0.38,1.07,0.289,2,reviewed,uu,uu
2020-03-18T17:11:39.760Z,40.7705,-112.0523333,8.55,1.12,md,19,60,0.01987,0.12,uu,uu60364492,2020-04-08T20:43:27.080Z,"7 km NNE of Magna, Utah",earthquake,0.3,0.57,0.28,5,reviewed,uu,uu
2020-03-18T17:12:28.810Z,40.7831667,-112.0701667,9.28,0.75,md,13,100,0.03236,0.17,uu,uu60364497,2020-04-08T15:34:44.270Z,"8 km NNE of Magna, Utah",earthquake,0.6,0.96,0.521,8,reviewed,uu,uu
2020-03-18T17:12:38.820Z,40.7476667,-112.072,10.18,1.4,ml,10,91,0.04506,0.14,uu,uu60020819,2020-04-08T15:39:54.600Z,"4 km NNE of Magna, Utah",earthquake,0.47,0.94,0.127,2,reviewed,uu,uu
2020-03-18T17:13:35.930Z,40.7551667,-112.0556667,8.52,1.39,ml,17,57,0.03096,0.08,uu,uu60364502,2020-03-18T22:27:53.320Z,"6 km NE of Magna, Utah",earthquake,0.26,0.54,0.377,2,reviewed,uu,uu
2020-03-18T17:13:48.820Z,40.7605,-112.054,8.03,2.58,ml,24,58,0.02632,0.14,uu,uu60364507,2020-06-06T20:53:49.040Z,"6 km NE of Magna, Utah",earthquake,0.26,0.56,0.155,17,reviewed,uu,uu
2020-03-18T17:16:49.590Z,40.751,-112.0421667,8.31,3.06,ml,33,45,0.0245,0.14,uu,uu60364512,2020-06-06T20:53:49.040Z,"6 km NE of Magna, Utah",earthquake,0.25,0.56,0.259,12,reviewed,uu,uu
2020-03-18T17:17:10.930Z,40.7515,-112.0391667,8.72,3.12,ml,17,75,0.02465,0.11,uu,uu60020384,2020-06-06T20:53:49.040Z,"7 km NE of Magna, Utah",earthquake,0.35,0.64,0.252,13,reviewed,uu,uu
2020-03-18T17:18:24.820Z,40.763,-112.07,9.48,2.49,ml,14,59,0.03517,0.12,uu,uu60020389,2020-06-06T20:53:49.040Z,"Utah",earthquake,0.39,0.62,0.152,7,reviewed,uu,uu
2020-03-18T17:20:42.040Z,40.7581667,-112.0451667,7.67,1.94,ml,35,46,0.02368,0.2,uu,uu60364517,2020-04-01T15:37:59.676Z,"7 km NE of Magna, Utah",earthquake,0.31,0.76,0.106,11,reviewed,uu,uu
2020-03-18T17:21:36.260Z,40.7463333,-112.0573333,8.79,1.56,ml,25,57,0.02531,0.21,uu,uu60364522,2020-04-08T15:50:18.170Z,"5 km NE of Magna, Utah",earthquake,0.38,0.83,0.382,3,reviewed,uu,uu
2020-03-18T17:23:07.390Z,40.7568333,-112.0578333,8.2,0.86,ml,14,72,0.03094,0.14,uu,uu60364527,2020-04-23T17:09:19.750Z,"6 km NE of Magna, Utah",earthquake,0.35,0.92,0.214,2,reviewed,uu,uu
2020-03-18T17:23:40.320Z,40.7473333,-112.0683333,8.62,0.97,md,10,109,0.03198,0.12,uu,uu60364537,2020-05-05T21:38:14.560Z,"5 km NNE of Magna, Utah",earthquake,0.39,0.91,0.05,3,reviewed,uu,uu
2020-03-18T17:24:19.690Z,40.7486667,-112.044,8.3,1.17,ml,20,52,0.02255,0.19,uu,uu60364532,2020-04-23T19:14:38.770Z,"6 km NE of Magna, Utah",earthquake,0.39,0.63,0.185,2,reviewed,uu,uu
2020-03-18T17:24:56.030Z,40.747,-112.0605,8.55,1.42,ml,25,55,0.02741,0.19,uu,uu60364542,2020-04-23T19:21:52.130Z,"5 km NE of Magna, Utah",earthquake,0.37,0.61,0.269,3,reviewed,uu,uu
2020-03-18T17:26:02.550Z,40.7525,-112.0586667,7.36,1.21,ml,21,56,0.03084,0.14,uu,uu60364547,2020-04-09T19:22:52.230Z,"6 km NE of Magna, Utah",earthquake,0.3,0.55,0.312,3,reviewed,uu,uu
2020-03-18T17:27:23.230Z,40.752,-112.0426667,8.43,1.65,ml,29,52,0.02555,0.18,uu,uu60364552,2020-04-08T16:04:40.993Z,"6 km NE of Magna, Utah",earthquake,0.28,0.51,0.083,6,reviewed,uu,uu
2020-03-18T17:29:32.450Z,40.7626667,-112.0503333,8.91,1.2,ml,10,78,0.0228,0.15,uu,uu60364557,2020-04-23T19:38:47.290Z,"7 km NE of Magna, Utah",earthquake,0.49,0.92,0.487,2,reviewed,uu,uu
2020-03-18T17:29:40.610Z,40.7603333,-112.0605,7.97,1.56,ml,15,82,0.03028,0.1,uu,uu60364562,2020-04-23T19:38:24.720Z,"6 km NNE of Magna, Utah",earthquake,0.3,0.47,0.164,4,reviewed,uu,uu
2020-03-18T17:34:05.160Z,40.7576667,-112.0585,6.42,0.6,ml,13,74,0.03075,0.16,uu,uu60364567,2020-05-05T21:53:40.260Z,"6 km NE of Magna, Utah",earthquake,0.45,1.13,0.262,2,reviewed,uu,uu
2020-03-18T17:35:09.970Z,40.7678333,-112.0658333,7.25,1.31,ml,18,57,0.0304,0.17,uu,uu60364572,2020-05-05T21:59:52.180Z,"Utah",earthquake,0.39,1.04,0.409,2,reviewed,uu,uu
2020-03-18T17:36:57.100Z,40.761,-112.0623333,3.98,0.44,md,11,82,0.03106,0.15,uu,uu60364587,2020-05-06T16:29:00.520Z,"6 km NNE of Magna, Utah",earthquake,0.39,2.33,0.114,5,reviewed,uu,uu
2020-03-18T17:37:06.820Z,40.7463333,-112.0341667,7.96,2.4,ml,27,43,0.01941,0.09,uu,uu60364577,2020-06-06T20:53:49.040Z,"6 km NNW of West Valley City, Utah",earthquake,0.19,0.41,0.182,11,reviewed,uu,uu
2020-03-18T17:37:24.940Z,40.745,-112.0893333,8.32,1.07,md,7,94,0.05701,0.09,uu,uu60022354,2020-05-06T17:04:55.430Z,"4 km NNE of Magna, Utah",earthquake,0.38,1.26,0.197,3,reviewed,uu,uu
2020-03-18T17:37:38.740Z,40.7751667,-112.0483333,8.9,0.89,md,10,130,0.01562,0.13,uu,uu60022349,2020-05-06T16:41:27.050Z,"8 km NNE of Magna, Utah",earthquake,0.48,0.71,0.385,4,reviewed,uu,uu
2020-03-18T17:40:32.390Z,40.7413333,-112.0748333,9.11,1.64,ml,21,53,0.0329,0.14,uu,uu60364582,2020-04-07T17:34:47.130Z,"4 km NNE of Magna, Utah",earthquake,0.25,0.51,0.057,5,reviewed,uu,uu
2020-03-18T17:43:29.260Z,40.7558333,-112.051,8.72,2.33,ml,16,57,0.02816,0.09,uu,uu60364592,2020-06-06T20:53:49.040Z,"6 km NE of Magna, Utah",earthquake,0.26,0.66,0.139,10,reviewed,uu,uu
2020-03-18T17:45:09.900Z,40.7491667,-112.0771667,8.99,1.27,md,14,75,0.03843,0.12,uu,uu60364597,2020-04-07T17:23:24.920Z,"4 km NNE of Magna, Utah",earthquake,0.32,0.85,0.136,5,reviewed,uu,uu
2020-03-18T17:46:43.160Z,40.7558333,-112.0305,7.05,1.27,ml,16,58,0.02914,0.11,uu,uu60364602,2020-04-23T20:03:45.860Z,"7 km NNW of West Valley City, Utah",earthquake,0.28,0.75,0.238,3,reviewed,uu,uu
2020-03-18T17:47:10.770Z,40.7561667,-112.0561667,8.06,1.28,ml,18,57,0.03301,0.14,uu,uu60364607,2020-04-09T19:28:05.290Z,"Utah",earthquake,0.32,0.95,0.259,2,reviewed,uu,uu
2020-03-18T17:49:01.910Z,40.745,-112.0613333,7.15,0.94,ml,20,61,0.02644,0.13,uu,uu60364612,2020-04-23T20:14:39.830Z,"5 km NE of Magna, Utah",earthquake,0.31,0.56,0.33,3,reviewed,uu,uu
2020-03-18T17:50:09.080Z,40.7676667,-112.078,9.74,1.31,ml,20,68,0.03928,0.15,uu,uu60364622,2020-04-23T20:19:52.800Z,"6 km NNE of Magna, Utah",earthquake,0.29,0.74,0.067,3,reviewed,uu,uu
2020-03-18T17:50:58.180Z,40.757,-112.0453333,7.61,2.02,ml,25,46,0.03087,0.11,uu,uu60364627,2020-03-20T18:19:06.077Z,"7 km NE of Magna, Utah",earthquake,0.22,0.61,0.12,11,reviewed,uu,uu
2020-03-18T17:54:29.400Z,40.752,-112.0668333,9.2,0.61,ml,10,72,0.03925,0.08,uu,uu60364637,2020-04-23T21:03:49.370Z,"5 km NNE of Magna, Utah",earthquake,0.35,0.62,0.324,2,reviewed,uu,uu
2020-03-18T17:55:16.570Z,40.7218333,-112.0951667,8.88,0.89,md,8,92,0.0368,0.09,uu,uu60021649,2020-04-23T21:23:54.760Z,"1 km NNE of Magna, Utah",earthquake,0.54,1.29,0.039,3,reviewed,uu,uu
2020-03-18T17:56:29.320Z,40.7731667,-112.0333333,9.23,1.59,ml,23,54,0.006254,0.11,uu,uu60364632,2020-04-07T17:16:11.580Z,"9 km NE of Magna, Utah",earthquake,0.25,0.56,0.314,3,reviewed,uu,uu
2020-03-18T17:57:37.330Z,40.7566667,-112.0506667,10.15,2.06,ml,40,47,0.02735,0.19,uu,uu60364642,2020-06-06T20:53:50.040Z,"6 km NE of Magna, Utah",earthquake,0.26,0.55,0.129,11,reviewed,uu,uu
2020-03-18T18:01:00.110Z,40.758,-112.0605,7.71,0.95,ml,12,75,0.03622,0.12,uu,uu60364652,2020-04-23T21:36:18.500Z,"6 km NNE of Magna, Utah",earthquake,0.39,0.92,0.382,2,reviewed,uu,uu
2020-03-18T18:02:22.350Z,40.7495,-112.0505,8.27,1.03,ml,16,56,0.02512,0.11,uu,uu60364647,2020-04-23T18:01:05.990Z,"6 km NE of Magna, Utah",earthquake,0.27,0.71,0.103,3,reviewed,uu,uu
2020-03-18T18:04:13.830Z,40.746,-112.0413333,8.89,1.85,ml,30,44,0.01948,0.14,uu,uu60364657,2020-04-01T15:50:25.720Z,"6 km NE of Magna, Utah",earthquake,0.23,0.5,0.175,11,reviewed,uu,uu
2020-03-18T18:10:05.670Z,40.781,-112.0801667,8.05,0.46,md,15,109,0.03965,0.12,uu,uu60022719,2020-05-07T18:53:43.380Z,"8 km NNE of Magna, Utah",earthquake,0.32,0.81,0.35,8,reviewed,uu,uu
2020-03-18T18:10:32.990Z,40.7458333,-112.0471667,7.68,0.58,md,18,50,0.02072,0.13,uu,uu60364667,2020-05-07T17:41:42.230Z,"6 km NE of Magna, Utah",earthquake,0.34,0.7,0.479,11,reviewed,uu,uu
2020-03-18T18:10:57.180Z,40.7541667,-112.0495,3.44,0.14,md,15,57,0.02883,0.09,uu,uu60022629,2020-05-07T18:25:25.930Z,"6 km NE of Magna, Utah",earthquake,0.3,0.84,0.194,9,reviewed,uu,uu
2020-03-18T18:11:08.880Z,40.7885,-112.0728333,10.8,1.96,ml,32,56,0.03555,0.18,uu,uu60364662,2020-03-31T22:32:07.776Z,"9 km NNE of Magna, Utah",earthquake,0.3,0.78,0.198,6,reviewed,uu,uu
2020-03-18T18:11:49.990Z,40.7443333,-112.0658333,5.54,0.22,md,14,93,0.09423,0.1,uu,uu60022759,2020-05-07T19:21:15.530Z,"4 km NE of Magna, Utah",earthquake,0.24,1.17,0.293,8,reviewed,uu,uu
2020-03-18T18:12:12.170Z,40.7523333,-112.0528333,8.8,1,md,16,56,0.03179,0.12,uu,uu60022594,2020-05-07T18:06:55.180Z,"Utah",earthquake,0.29,0.59,0.417,12,reviewed,uu,uu
2020-03-18T18:12:40.700Z,40.7586667,-112.0346667,5.98,0.42,md,16,58,0.0317,0.16,uu,uu60022689,2020-05-07T18:35:43.910Z,"7 km NE of Magna, Utah",earthquake,0.35,1,0.212,7,reviewed,uu,uu
2020-03-18T18:12:47.310Z,40.7616667,-112.0716667,8.86,0.65,md,16,57,0.03689,0.11,uu,uu60022589,2020-05-07T17:56:06.570Z,"6 km NNE of Magna, Utah",earthquake,0.3,0.64,0.364,10,reviewed,uu,uu
2020-03-18T18:13:43.090Z,40.7671667,-112.0765,8.7,1.99,ml,34,54,0.03832,0.15,uu,uu60364672,2020-03-20T16:17:11.639Z,"6 km NNE of Magna, Utah",earthquake,0.26,0.56,0.124,11,reviewed,uu,uu
2020-03-18T18:16:08.370Z,40.7691667,-112.0675,8.58,1.2,ml,18,60,0.0312,0.12,uu,uu60364677,2020-06-12T17:33:40.360Z,"7 km NNE of Magna, Utah",earthquake,0.29,0.71,0.154,2,reviewed,uu,uu
2020-03-18T18:17:11.230Z,40.7561667,-112.0408333,6.88,0.61,md,10,71,0.02386,0.16,uu,uu60364682,2020-05-05T22:46:37.390Z,"7 km NE of Magna, Utah",earthquake,0.51,1.26,0.193,4,reviewed,uu,uu
2020-03-18T18:19:22.210Z,40.7328333,-112.0783333,10.96,1.46,ml,18,56,0.03279,0.12,uu,uu60364687,2020-05-07T20:11:08.210Z,"3 km NE of Magna, Utah",earthquake,0.29,0.77,0.128,3,reviewed,uu,uu
2020-03-18T18:19:40.200Z,40.7561667,-112.0943333,10.09,1.37,md,11,102,0.05315,0.17,uu,uu60021774,2020-04-27T22:04:13.210Z,"5 km N of Magna, Utah",earthquake,0.61,0.98,0.172,6,reviewed,uu,uu
2020-03-18T18:20:44.020Z,40.7501667,-112.1346667,-1.28,1.07,md,9,96,0.07495,0.25,uu,uu60364702,2020-05-07T20:20:24.710Z,"5 km NNW of Magna, Utah",earthquake,0.67,2.35,0.204,6,reviewed,uu,uu
2020-03-18T18:21:45.110Z,40.7521667,-112.0458333,7.46,1.3,md,12,54,0.02911,0.09,uu,uu60020864,2020-04-08T20:35:35.680Z,"6 km NE of Magna, Utah",earthquake,0.33,0.64,0.207,5,reviewed,uu,uu
2020-03-18T18:22:01.590Z,40.7731667,-112.0946667,8.71,1.06,ml,13,104,0.05078,0.13,uu,uu60364692,2020-04-08T20:37:40.800Z,"7 km N of Magna, Utah",earthquake,0.33,0.78,0.187,2,reviewed,uu,uu
2020-03-18T18:22:08.210Z,40.7195,-112.0685,11.37,1.33,md,11,82,0.03521,0.17,uu,uu60020869,2020-04-08T20:38:45.030Z,"3 km ENE of Magna, Utah",earthquake,0.52,0.92,0.594,7,reviewed,uu,uu
2020-03-18T18:22:32.330Z,40.7513333,-112.0428333,7.29,1.03,md,11,52,0.02889,0.19,uu,uu60020874,2020-04-08T20:39:18.380Z,"6 km NE of Magna, Utah",earthquake,0.48,1.04,0.293,5,reviewed,uu,uu
2020-03-18T18:24:57.230Z,40.747,-112.0393333,6.68,1.22,ml,23,51,0.0202,0.15,uu,uu60364707,2020-04-27T22:38:53.270Z,"6 km NE of Magna, Utah",earthquake,0.28,0.63,0.314,2,reviewed,uu,uu
2020-03-18T18:25:55.220Z,40.744,-112.0658333,8.56,0.4,md,5,124,0.05934,0.05,uu,uu60364717,2020-05-05T22:55:23.090Z,"4 km NE of Magna, Utah",earthquake,0.39,1.29,0.111,2,reviewed,uu,uu
2020-03-18T18:26:08.300Z,40.7516667,-112.0643333,7.47,0.47,md,6,112,0.03282,0.11,uu,uu60022329,2020-05-05T22:58:02.250Z,"5 km NNE of Magna, Utah",earthquake,0.55,1.42,0.136,3,reviewed,uu,uu
2020-03-18T18:26:49.660Z,40.7531667,-112.0333333,7.72,0.98,ml,14,77,0.02512,0.13,uu,uu60364712,2020-04-07T17:06:52.340Z,"7 km NNW of West Valley City, Utah",earthquake,0.38,0.6,0.375,2,reviewed,uu,uu
2020-03-18T18:27:06.100Z,40.762,-112.07,9.68,1.78,ml,29,51,0.03561,0.13,uu,uu60364722,2020-04-07T16:58:29.100Z,"6 km NNE of Magna, Utah",earthquake,0.23,0.43,0.032,5,reviewed,uu,uu
2020-03-18T18:30:24.700Z,40.7335,-112.0786667,6.33,1.2,md,8,89,0.03317,0.07,uu,uu60364727,2020-03-24T21:52:22.400Z,"3 km NE of Magna, Utah",earthquake,0.45,1.06,0.602,3,reviewed,uu,uu
2020-03-18T18:30:44.680Z,40.7465,-112.048,10.23,3.03,ml,40,44,0.02159,0.17,uu,uu60364732,2020-06-06T20:53:50.040Z,"6 km NE of Magna, Utah",earthquake,0.29,0.46,0.204,14,reviewed,uu,uu
2020-03-18T18:35:03.340Z,40.7416667,-112.0675,9.82,0.85,ml,11,92,0.05679,0.12,uu,uu60364737,2020-03-25T19:06:48.630Z,"4 km NE of Magna, Utah",earthquake,0.33,1.12,0.309,2,reviewed,uu,uu
2020-03-18T18:38:22.180Z,40.7428333,-112.0921667,5.48,0.66,md,14,91,0.05706,0.17,uu,uu60364747,2020-05-06T18:38:34.200Z,"3 km NNE of Magna, Utah",earthquake,0.4,1.59,0.23,7,reviewed,uu,uu
2020-03-18T18:38:47.800Z,40.7578333,-112.076,10.1,1.28,ml,23,54,0.04159,0.14,uu,uu60364742,2020-04-07T16:42:58.130Z,"Utah",earthquake,0.28,0.61,0.241,2,reviewed,uu,uu
2020-03-18T18:43:54.950Z,40.7515,-112.0475,7.04,0.88,md,11,73,0.0303,0.1,uu,uu60364752,2020-05-07T19:07:14.210Z,"6 km NE of Magna, Utah",earthquake,0.4,1.01,0.047,5,reviewed,uu,uu
2020-03-18T18:44:26.370Z,40.7486667,-112.0433333,7.34,1.05,md,11,71,0.03151,0.08,uu,uu60022764,2020-05-07T19:06:40.910Z,"6 km NE of Magna, Utah",earthquake,0.28,0.88,0.201,5,reviewed,uu,uu
2020-03-18T18:45:40.690Z,40.7715,-112.0836667,8.58,0.5,md,9,105,0.0427,0.11,uu,uu60022774,2020-05-07T20:28:39.730Z,"7 km NNE of Magna, Utah",earthquake,0.42,1.19,0.278,3,reviewed,uu,uu
2020-03-18T18:46:14.020Z,40.7816667,-112.0828333,7.31,0.86,md,6,130,0.04172,0.1,uu,uu60364757,2020-05-07T20:29:13.270Z,"8 km N of Magna, Utah",earthquake,0.39,1.17,0.142,3,reviewed,uu,uu
2020-03-18T18:47:05.170Z,40.7806667,-112.0766667,8.55,0.36,md,7,109,0.03698,0.11,uu,uu60022769,2020-05-07T20:30:17.550Z,"8 km NNE of Magna, Utah",earthquake,0.46,1.05,0.254,3,reviewed,uu,uu
2020-03-18T18:47:12.360Z,40.7568333,-112.0833333,10.07,0.99,md,7,112,0.07065,0.09,uu,uu60022779,2020-05-07T20:36:03.980Z,"5 km NNE of Magna, Utah",earthquake,0.47,1.88,0.213,3,reviewed,uu,uu
2020-03-18T18:47:27.090Z,40.7493333,-112.0748333,9.5,0.76,md,6,123,0.101,0.13,uu,uu60022784,2020-05-07T20:35:30.600Z,"5 km NNE of Magna, Utah",earthquake,0.47,2.63,0.174,3,reviewed,uu,uu
2020-03-18T18:49:49.830Z,40.7506667,-112.0641667,7.34,0.72,md,9,112,0.06612,0.11,uu,uu60364762,2020-04-30T17:46:51.060Z,"5 km NE of Magna, Utah",earthquake,0.4,1.37,0.181,3,reviewed,uu,uu
2020-03-18T18:50:59.380Z,40.7408333,-112.061,8.25,1.12,ml,13,62,0.0236,0.1,uu,uu60364767,2020-03-23T20:57:28.370Z,"4 km NE of Magna, Utah",earthquake,0.31,0.58,0.35,2,reviewed,uu,uu
2020-03-18T18:52:43.500Z,40.7746667,-112.0701667,10.37,1.33,ml,15,107,0.03212,0.07,uu,uu60364772,2020-03-25T18:13:32.110Z,"7 km NNE of Magna, Utah",earthquake,0.33,0.61,0.106,3,reviewed,uu,uu
2020-03-18T18:53:22.220Z,40.7633333,-112.0336667,6.74,1.19,ml,13,69,0.1166,0.09,uu,uu60364777,2020-04-27T19:27:33.990Z,"8 km NE of Magna, Utah",earthquake,0.31,1.56,0.211,3,reviewed,uu,uu
2020-03-18T18:54:22.180Z,40.7641667,-112.0713333,9.9,2.3,ml,29,60,0.03562,0.13,uu,uu60364782,2022-08-08T18:46:35.546Z,"6 km NNE of Magna, Utah",earthquake,0.24,0.56,0.21,13,reviewed,uu,uu
2020-03-18T18:59:56.600Z,40.7543333,-112.052,8.35,0.9,md,12,71,0.02981,0.12,uu,uu60364797,2020-05-07T18:57:52.220Z,"6 km NE of Magna, Utah",earthquake,0.4,1.04,0.323,6,reviewed,uu,uu
2020-03-18T19:00:37.490Z,40.7461667,-112.0361667,8.2,1.1,ml,13,57,0.0192,0.12,uu,uu60364787,2020-03-25T18:07:48.410Z,"6 km NNW of West Valley City, Utah",earthquake,0.42,0.74,0.074,4,reviewed,uu,uu
2020-03-18T19:01:47.800Z,40.7615,-112.061,6.11,1.03,md,13,82,0.02993,0.13,uu,uu60364807,2020-05-07T19:01:30.220Z,"6 km NNE of Magna, Utah",earthquake,0.35,0.9,0.178,6,reviewed,uu,uu
2020-03-18T19:02:48.210Z,40.7561667,-112.053,8.03,0.97,ml,12,66,0.02887,0.09,uu,uu60364802,2020-03-25T18:26:26.880Z,"6 km NE of Magna, Utah",earthquake,0.29,0.63,0.269,3,reviewed,uu,uu
2020-03-18T19:03:39.070Z,40.76,-112.0573333,7.36,0.93,ml,11,76,0.02857,0.15,uu,uu60364812,2020-03-25T18:31:06.600Z,"6 km NNE of Magna, Utah",earthquake,0.41,1.04,0.266,3,reviewed,uu,uu
2020-03-18T19:06:05.340Z,40.7446667,-112.0656667,7.51,0.94,ml,15,65,0.02873,0.11,uu,uu60364817,2020-03-20T22:23:31.060Z,"4 km NE of Magna, Utah",earthquake,0.3,0.64,0.389,2,reviewed,uu,uu
2020-03-18T19:07:30.250Z,40.7606667,-112.066,8.99,3.41,ml,35,50,0.03359,0.18,uu,uu60364822,2020-06-06T20:53:50.040Z,"6 km NNE of Magna, Utah",earthquake,0.29,0.67,0.118,23,reviewed,uu,uu
2020-03-18T19:08:22.290Z,40.7643333,-112.045,8.64,1.43,md,9,104,0.01874,0.18,uu,uu60364852,2020-05-07T19:07:47.670Z,"7 km NE of Magna, Utah",earthquake,0.61,0.98,0.192,3,reviewed,uu,uu
2020-03-18T19:08:38.890Z,40.7645,-112.0831667,6.54,1.58,md,10,126,0.04394,0.16,uu,uu60022599,2020-05-07T19:12:27.210Z,"6 km NNE of Magna, Utah",earthquake,0.48,1.16,0.198,3,reviewed,uu,uu
2020-03-18T19:08:47.190Z,40.7635,-112.0746667,6.82,1.53,md,11,121,0.03822,0.17,uu,uu60022604,2020-05-07T19:16:05.140Z,"6 km NNE of Magna, Utah",earthquake,0.5,0.94,0.234,3,reviewed,uu,uu
2020-03-18T19:09:05.070Z,40.7615,-112.063,8.15,1.22,md,7,115,0.03121,0.11,uu,uu60022609,2020-05-07T19:32:04.490Z,"6 km NNE of Magna, Utah",earthquake,0.4,0.97,0.33,3,reviewed,uu,uu
2020-03-18T19:09:14.980Z,40.766,-112.065,7.68,1.47,md,9,115,0.03048,0.11,uu,uu60022614,2020-05-07T19:45:27.270Z,"7 km NNE of Magna, Utah",earthquake,0.39,1,0.472,3,reviewed,uu,uu
2020-03-18T19:09:39.270Z,40.7726667,-112.0641667,1.05,0.38,md,4,215,0.08769,0.14,uu,uu60022619,2020-05-07T20:33:24.820Z,"7 km NNE of Magna, Utah",earthquake,1.52,8.66,0.164,3,reviewed,uu,uu
2020-03-18T19:10:05.340Z,40.7601667,-112.044,5.77,0.55,md,7,121,0.03375,0.1,uu,uu60022624,2020-05-07T20:41:14.280Z,"7 km NE of Magna, Utah",earthquake,0.42,1.32,0.376,3,reviewed,uu,uu
2020-03-18T19:10:14.090Z,40.7686667,-112.0646667,7.72,1.46,md,10,114,0.02929,0.14,uu,uu60022634,2020-05-07T20:44:52.270Z,"7 km NNE of Magna, Utah",earthquake,0.47,1.05,0.391,4,reviewed,uu,uu
2020-03-18T19:11:36.610Z,40.7511667,-112.0498333,8.5,1.79,ml,26,46,0.02641,0.12,uu,uu60364827,2020-04-15T07:43:41.890Z,"6 km NE of Magna, Utah",earthquake,0.29,0.57,0.184,3,reviewed,uu,uu
2020-03-18T19:12:23.610Z,40.751,-112.059,10.65,4.57,mw,39,47,0.02976,0.21,uu,uu60364832,2023-04-25T22:31:43.666Z,"5 km NE of Magna, Utah",earthquake,0.32,0.53,,12,reviewed,uu,uu
2020-03-18T19:13:25.000Z,40.7531667,-112.0765,8.03,2.58,md,8,123,0.04048,0.16,uu,uu60022669,2020-06-12T17:52:48.890Z,"5 km NNE of Magna, Utah",earthquake,0.64,1.14,0.232,2,reviewed,uu,uu
2020-03-18T19:14:43.770Z,40.7518333,-112.0778333,7.34,1.79,md,9,124,0.04042,0.15,uu,uu60022694,2020-05-07T21:18:27.980Z,"5 km NNE of Magna, Utah",earthquake,0.57,1.04,0.462,2,reviewed,uu,uu
2020-03-18T19:15:08.770Z,40.7593333,-112.0545,8.57,1.74,md,14,85,0.02738,0.14,uu,uu60022704,2020-05-07T21:24:09.020Z,"6 km NE of Magna, Utah",earthquake,0.37,0.73,0.301,4,reviewed,uu,uu
2020-03-18T19:15:26.280Z,40.77,-112.0413333,6.89,1.8,md,10,88,0.01284,0.16,uu,uu60022709,2020-05-07T21:27:16.200Z,"8 km NE of Magna, Utah",earthquake,0.48,0.71,0.298,3,reviewed,uu,uu
2020-03-18T19:15:39.090Z,40.7506667,-112.0573333,8.88,2.63,ml,39,47,0.02876,0.16,uu,uu60364837,2020-06-06T20:53:50.040Z,"5 km NE of Magna, Utah",earthquake,0.27,0.46,0.206,3,reviewed,uu,uu
2020-03-18T19:16:11.600Z,40.7505,-112.0596667,9.44,1.44,md,6,113,0.02967,0.09,uu,uu60022714,2020-05-07T21:30:54.270Z,"5 km NE of Magna, Utah",earthquake,0.67,0.96,0.249,4,reviewed,uu,uu
2020-03-18T19:16:31.650Z,40.7621667,-112.0675,5.94,0.67,md,4,116,0.03385,0.1,uu,uu60022724,2020-05-07T21:34:32.260Z,"6 km NNE of Magna, Utah",earthquake,0.86,1.57,0.171,2,reviewed,uu,uu
2020-03-18T19:16:43.530Z,40.7513333,-112.0638333,8.89,1.24,md,14,88,0.03232,0.2,uu,uu60022729,2020-05-07T21:39:42.570Z,"5 km NE of Magna, Utah",earthquake,0.57,0.99,0.505,5,reviewed,uu,uu
2020-03-18T19:16:55.610Z,40.7488333,-112.0436667,8.04,0.88,md,6,104,0.02265,0.07,uu,uu60022734,2020-05-07T21:43:23.390Z,"6 km NE of Magna, Utah",earthquake,0.51,0.62,0.308,4,reviewed,uu,uu
2020-03-18T19:17:13.970Z,40.7463333,-112.0456667,8.85,0.93,md,6,105,0.02074,0.1,uu,uu60022739,2020-05-07T21:47:32.130Z,"6 km NE of Magna, Utah",earthquake,0.45,0.64,0.298,3,reviewed,uu,uu
2020-03-18T19:17:36.010Z,40.7396667,-112.0575,8.83,1.43,md,10,82,0.02077,0.13,uu,uu60364842,2020-04-07T16:24:27.620Z,"5 km NE of Magna, Utah",earthquake,0.43,0.98,0.117,5,reviewed,uu,uu
2020-03-18T19:17:36.050Z,40.7388333,-112.0558333,8.52,1.44,md,8,84,0.01926,0.14,uu,uu60022744,2020-05-07T21:50:08.650Z,"5 km NE of Magna, Utah",earthquake,0.54,0.89,0.109,5,reviewed,uu,uu
2020-03-18T19:18:30.910Z,40.7443333,-112.036,8.06,0.93,md,10,101,0.01737,0.13,uu,uu60022754,2020-05-07T22:09:09.790Z,"6 km NNW of West Valley City, Utah",earthquake,0.37,0.6,0.35,5,reviewed,uu,uu
2020-03-18T19:18:52.460Z,40.7525,-112.0571667,6.6,1.64,ml,11,112,0.03022,0.14,uu,uu60020314,2020-03-19T17:32:39.840Z,"6 km NE of Magna, Utah",earthquake,0.41,0.82,0.191,2,reviewed,uu,uu
2020-03-18T19:20:21.320Z,40.752,-112.0516667,5.13,2.05,ml,20,56,0.02775,0.15,uu,uu60364857,2020-03-31T20:20:31.555Z,"6 km NE of Magna, Utah",earthquake,0.34,0.55,0.156,6,reviewed,uu,uu
2020-03-18T19:20:37.290Z,40.7513333,-112.0516667,8.81,2.61,ml,16,56,0.02715,0.11,uu,uu60020274,2020-06-06T20:53:50.040Z,"6 km NE of Magna, Utah",earthquake,0.3,0.56,0.082,11,reviewed,uu,uu
2020-03-18T19:22:40.020Z,40.7616667,-112.0521667,9.12,2.34,ml,40,48,0.0245,0.19,uu,uu60364862,2020-06-06T20:53:50.040Z,"7 km NE of Magna, Utah",earthquake,0.27,0.69,0.111,12,reviewed,uu,uu
2020-03-18T19:23:53.460Z,40.7663333,-112.0871667,10.75,1.56,ml,13,98,0.04635,0.14,uu,uu60364867,2020-04-08T16:16:15.600Z,"6 km N of Magna, Utah",earthquake,0.44,0.8,0.186,2,reviewed,uu,uu
2020-03-18T19:26:56.620Z,40.7565,-112.0526667,8.56,0.87,md,15,67,0.02845,0.1,uu,uu60364882,2020-04-08T15:57:00.730Z,"6 km NE of Magna, Utah",earthquake,0.3,0.68,0.355,4,reviewed,uu,uu
2020-03-18T19:27:20.570Z,40.7418333,-112.0431667,8.75,0.91,ml,15,51,0.01587,0.11,uu,uu60020834,2020-04-08T16:06:56.530Z,"6 km NE of Magna, Utah",earthquake,0.31,0.57,0.196,2,reviewed,uu,uu
2020-03-18T19:27:41.940Z,40.7598333,-112.048,9.44,1.15,ml,19,57,0.02362,0.14,uu,uu60364877,2020-04-08T15:20:14.920Z,"7 km NE of Magna, Utah",earthquake,0.35,0.86,0.294,2,reviewed,uu,uu
2020-03-18T19:30:26.080Z,40.7555,-112.0553333,9.46,1.88,ml,40,47,0.03055,0.2,uu,uu60364887,2020-11-17T15:33:47.480Z,"6 km NE of Magna, UT",earthquake,0.28,0.6,0.144,11,reviewed,uu,uu
2020-03-18T19:31:32.050Z,40.7396667,-112.0908333,9.88,1.57,ml,22,95,0.04365,0.19,uu,uu60364892,2020-04-03T19:52:48.000Z,"3 km NNE of Magna, Utah",earthquake,0.42,0.99,0.328,2,reviewed,uu,uu
2020-03-18T19:33:38.290Z,40.7568333,-112.0326667,7.22,1.18,md,17,62,0.02143,0.13,uu,uu60364932,2020-04-03T20:15:27.660Z,"7 km NNW of West Valley City, Utah",earthquake,0.41,0.73,0.33,9,reviewed,uu,uu
2020-03-18T19:34:36.640Z,40.761,-112.0633333,7.14,0.94,md,12,83,0.03169,0.13,uu,uu60364897,2020-04-03T20:07:12.630Z,"6 km NNE of Magna, Utah",earthquake,0.36,0.98,0.193,3,reviewed,uu,uu
2020-03-18T19:35:37.470Z,40.7615,-112.049,9.76,2.83,ml,41,56,0.02288,0.18,uu,uu60364902,2020-06-06T20:53:51.040Z,"7 km NE of Magna, Utah",earthquake,0.29,0.58,0.25,19,reviewed,uu,uu
2020-03-18T19:36:30.020Z,40.7448333,-112.054,9.04,1.81,ml,16,59,0.02256,0.11,uu,uu60020809,2020-04-08T15:09:25.410Z,"5 km NE of Magna, Utah",earthquake,0.33,0.55,0.226,2,reviewed,uu,uu
2020-03-18T19:37:21.350Z,40.7485,-112.0798333,9.38,1.43,md,11,91,0.03974,0.14,uu,uu60020814,2020-04-08T15:07:50.430Z,"4 km NNE of Magna, Utah",earthquake,0.44,0.87,0.607,3,reviewed,uu,uu
2020-03-18T19:37:26.610Z,40.7598333,-112.0576667,9.67,2.3,ml,31,48,0.02887,0.21,uu,uu60364907,2020-03-31T21:55:36.884Z,"6 km NNE of Magna, Utah",earthquake,0.35,0.81,0.093,11,reviewed,uu,uu
2020-03-18T19:40:12.150Z,40.7555,-112.0535,7.63,1.95,ml,38,47,0.02962,0.17,uu,uu60364912,2020-11-17T15:35:53.180Z,"7 km NE of Magna, UT",earthquake,0.23,0.6,0.115,11,reviewed,uu,uu
2020-03-18T19:42:37.490Z,40.7585,-112.0551667,7.77,1.39,ml,20,49,0.02832,0.17,uu,uu60364917,2020-04-01T22:56:13.990Z,"6 km NE of Magna, Utah",earthquake,0.3,0.69,0.321,3,reviewed,uu,uu
2020-03-18T19:44:11.920Z,40.758,-112.0555,7.73,1.74,ml,27,52,0.02885,0.19,uu,uu60364922,2020-04-03T19:46:33.620Z,"6 km NE of Magna, Utah",earthquake,0.31,0.84,0.333,3,reviewed,uu,uu
2020-03-18T19:46:13.150Z,40.7573333,-112.0535,7.71,1.57,ml,20,58,0.02826,0.17,uu,uu60364927,2020-04-03T19:50:11.660Z,"6 km NE of Magna, Utah",earthquake,0.32,0.84,0.191,3,reviewed,uu,uu
2020-03-18T19:47:23.580Z,40.7515,-112.069,6.94,0.67,md,9,99,0.04082,0.23,uu,uu60364937,2020-05-04T21:30:03.590Z,"5 km NNE of Magna, Utah",earthquake,0.67,1.92,0.071,4,reviewed,uu,uu
2020-03-18T19:47:59.760Z,40.7483333,-112.0368333,8.59,1.03,md,15,51,0.02137,0.1,uu,uu60022174,2020-05-04T21:37:30.790Z,"6 km NNW of West Valley City, Utah",earthquake,0.27,0.66,0.157,5,reviewed,uu,uu
2020-03-18T19:49:21.080Z,40.791,-112.0653333,10.44,0.88,md,11,116,0.03111,0.14,uu,uu60364942,2020-05-06T16:25:53.360Z,"9 km NNE of Magna, Utah",earthquake,0.43,1.05,0.272,6,reviewed,uu,uu
2020-03-18T19:50:53.540Z,40.7513333,-112.0445,9.07,1.07,md,14,70,0.02941,0.14,uu,uu60364947,2020-05-06T16:39:51.910Z,"6 km NE of Magna, Utah",earthquake,0.36,0.82,0.235,5,reviewed,uu,uu
2020-03-18T19:51:15.070Z,40.7903333,-112.061,9.33,0.8,md,9,117,0.02786,0.17,uu,uu60022344,2020-05-06T16:37:46.250Z,"9 km NNE of Magna, Utah",earthquake,0.69,1.54,0.174,3,reviewed,uu,uu
2020-03-18T19:51:49.840Z,40.7351667,-112.0835,9.23,0.79,md,7,99,0.04901,0.08,uu,uu60022339,2020-05-06T16:41:49.530Z,"3 km NNE of Magna, Utah",earthquake,0.41,1.23,0.266,3,reviewed,uu,uu
2020-03-18T19:52:00.460Z,40.7615,-112.0426667,9.44,2.05,ml,22,104,0.01985,0.15,uu,uu60364952,2020-03-20T18:17:27.226Z,"7 km NE of Magna, Utah",earthquake,0.45,0.33,0.142,10,reviewed,uu,uu
2020-03-18T19:55:51.190Z,40.7466667,-112.0435,9.83,2.18,ml,28,44,0.02053,0.15,uu,uu60364957,2020-03-25T20:05:52.280Z,"6 km NE of Magna, Utah",earthquake,0.26,0.54,0.118,11,reviewed,uu,uu
2020-03-18T19:58:00.130Z,40.7536667,-112.0676667,5.24,0.93,ml,8,86,0.036,0.06,uu,uu60364962,2020-03-23T20:47:04.470Z,"5 km NNE of Magna, Utah",earthquake,0.51,0.95,0.141,2,reviewed,uu,uu
2020-03-18T19:58:36.610Z,40.7561667,-112.0566667,9.91,2.21,ml,38,47,0.03077,0.2,uu,uu60364967,2020-06-06T20:53:51.040Z,"6 km NE of Magna, Utah",earthquake,0.33,0.45,0.054,13,reviewed,uu,uu
2020-03-18T20:01:34.260Z,40.7533333,-112.0538333,3.46,1.08,ml,18,53,0.1127,0.15,uu,uu60364972,2020-04-27T19:33:17.630Z,"6 km NE of Magna, Utah",earthquake,0.33,2.69,0.402,2,reviewed,uu,uu
2020-03-18T20:04:33.320Z,40.7626667,-112.0513333,8,0.86,md,19,58,0.02337,0.14,uu,uu60364977,2020-04-27T22:47:10.850Z,"7 km NE of Magna, Utah",earthquake,0.27,0.53,0.347,7,reviewed,uu,uu
2020-03-18T20:05:02.520Z,40.7698333,-112.0776667,9.86,1.84,ml,27,54,0.03852,0.18,uu,uu60364987,2020-03-25T20:34:14.783Z,"7 km NNE of Magna, Utah",earthquake,0.34,0.72,0.071,8,reviewed,uu,uu
2020-03-18T20:06:01.040Z,40.7421667,-112.0495,8.83,0.56,md,9,78,0.01839,0.09,uu,uu60364992,2020-05-06T16:58:02.230Z,"5 km NE of Magna, Utah",earthquake,0.49,0.73,0.252,3,reviewed,uu,uu
2020-03-18T20:09:04.980Z,40.7325,-112.0801667,9.3,1.15,md,16,61,0.04641,0.13,uu,uu60364997,2020-04-27T19:40:02.990Z,"3 km NE of Magna, Utah",earthquake,0.32,0.58,0.095,6,reviewed,uu,uu
2020-03-18T20:09:28.720Z,40.7405,-112.0931667,8.98,1.01,md,9,96,0.05485,0.12,uu,uu60021739,2020-04-27T19:44:14.300Z,"3 km NNE of Magna, Utah",earthquake,0.36,1.4,0.136,3,reviewed,uu,uu
2020-03-18T20:11:09.640Z,40.7478333,-112.0421667,7.22,0.78,md,9,95,0.0214,0.12,uu,uu60365002,2020-04-28T20:39:56.800Z,"6 km NE of Magna, Utah",earthquake,0.37,0.96,0.214,5,reviewed,uu,uu
2020-03-18T20:12:29.690Z,40.738,-112.0365,6.5,0.51,md,10,106,0.06289,0.16,uu,uu60365007,2020-05-06T17:04:22.170Z,"5 km NNW of West Valley City, Utah",earthquake,0.42,1.72,0.086,4,reviewed,uu,uu
2020-03-18T20:13:22.030Z,40.7341667,-112.1003333,6.37,0.51,md,7,96,0.08299,0.12,uu,uu60365012,2020-04-28T20:43:34.740Z,"2 km N of Magna, Utah",earthquake,0.65,2.08,0.25,4,reviewed,uu,uu
2020-03-18T20:14:42.640Z,40.7523333,-112.0475,8.18,1.19,ml,27,52,0.02685,0.15,uu,uu60365017,2020-04-27T22:39:26.740Z,"6 km NE of Magna, Utah",earthquake,0.25,0.58,0.207,2,reviewed,uu,uu
2020-03-18T20:14:52.750Z,40.738,-112.061,9.89,1.46,md,16,82,0.02205,0.1,uu,uu60021779,2020-04-27T22:36:16.810Z,"4 km NE of Magna, Utah",earthquake,0.34,0.5,0.225,8,reviewed,uu,uu
2020-03-18T20:15:37.140Z,40.768,-112.0633333,3.6,0.38,md,9,104,0.08321,0.12,uu,uu60021784,2020-04-27T22:34:41.930Z,"7 km NNE of Magna, Utah",earthquake,0.33,2.01,0.243,6,reviewed,uu,uu
2020-03-18T20:17:39.160Z,40.7586667,-112.062,5.8,1.33,ml,22,54,0.115,0.16,uu,uu60365022,2020-04-27T20:07:54.900Z,"6 km NNE of Magna, Utah",earthquake,0.28,1.2,0.215,4,reviewed,uu,uu
2020-03-18T20:19:47.360Z,40.7638333,-112.0301667,6.56,1.22,ml,18,68,0.01424,0.17,uu,uu60365027,2020-06-12T17:34:02.630Z,"8 km NNW of West Valley City, Utah",earthquake,0.35,0.78,0.22,2,reviewed,uu,uu
2020-03-18T20:20:14.460Z,40.7455,-112.0338333,8.26,1.77,ml,23,42,0.0186,0.11,uu,uu60365032,2020-03-20T22:46:19.039Z,"6 km NNW of West Valley City, Utah",earthquake,0.27,0.47,0.081,8,reviewed,uu,uu
2020-03-18T20:22:20.050Z,40.744,-112.037,7.78,1.48,ml,18,55,0.01705,0.16,uu,uu60365037,2020-03-23T21:00:04.920Z,"6 km NNW of West Valley City, Utah",earthquake,0.33,0.76,0.164,5,reviewed,uu,uu
2020-03-18T20:24:03.890Z,40.7563333,-112.0598333,8.39,1.45,ml,19,56,0.03239,0.14,uu,uu60365042,2020-04-02T18:49:06.470Z,"6 km NE of Magna, Utah",earthquake,0.28,0.58,0.265,3,reviewed,uu,uu
2020-03-18T20:24:13.090Z,40.732,-112.1033333,8.76,1.48,md,7,145,0.0483,0.14,uu,uu60020714,2020-06-12T17:53:53.110Z,"2 km N of Magna, Utah",earthquake,0.89,1.06,0.247,5,reviewed,uu,uu
2020-03-18T20:26:40.470Z,40.7541667,-112.0785,10.26,1.09,md,10,90,0.04228,0.08,uu,uu60365047,2020-04-28T20:46:11.420Z,"5 km NNE of Magna, Utah",earthquake,0.35,0.97,0.632,3,reviewed,uu,uu
2020-03-18T20:28:02.430Z,40.7493333,-112.0461667,8.55,1.67,ml,36,45,0.02369,0.22,uu,uu60365052,2020-03-23T22:44:53.600Z,"6 km NE of Magna, Utah",earthquake,0.33,0.82,0.077,9,reviewed,uu,uu
2020-03-18T20:30:01.620Z,40.7591667,-112.0645,7.46,0.74,md,11,89,0.03344,0.13,uu,uu60365057,2020-04-28T20:51:21.590Z,"6 km NNE of Magna, Utah",earthquake,0.37,0.92,0.142,4,reviewed,uu,uu
2020-03-18T20:30:56.420Z,40.7533333,-112.0411667,6.91,1.42,md,13,98,0.02666,0.15,uu,uu60365062,2020-05-06T19:19:48.990Z,"7 km NE of Magna, Utah",earthquake,0.37,1.09,0.083,5,reviewed,uu,uu
2020-03-18T20:31:07.510Z,40.751,-112.0578333,8.21,0.63,md,8,113,0.06766,0.09,uu,uu60022404,2020-05-06T19:18:42.310Z,"5 km NE of Magna, Utah",earthquake,0.38,1.06,0.208,3,reviewed,uu,uu
2020-03-18T20:32:27.710Z,40.7466667,-112.0581667,7.38,1.33,ml,19,60,0.02598,0.12,uu,uu60365067,2020-03-24T20:49:11.690Z,"5 km NE of Magna, Utah",earthquake,0.29,0.7,0.137,4,reviewed,uu,uu
2020-03-18T20:35:57.350Z,40.7631667,-112.0711667,9.67,1.02,md,9,107,0.03591,0.08,uu,uu60021759,2020-04-27T21:23:21.300Z,"6 km NNE of Magna, Utah",earthquake,0.43,0.7,0.113,4,reviewed,uu,uu
2020-03-18T20:36:14.530Z,40.7468333,-112.0391667,8.22,1.14,ml,19,51,0.02002,0.18,uu,uu60365072,2020-04-27T21:20:11.420Z,"6 km NE of Magna, Utah",earthquake,0.34,0.74,0.132,2,reviewed,uu,uu
2020-03-18T20:38:33.170Z,40.7513333,-112.0505,6.84,0.38,md,9,96,0.06977,0.16,uu,uu60022414,2020-05-06T19:32:48.980Z,"6 km NE of Magna, Utah",earthquake,0.47,2.09,0.177,3,reviewed,uu,uu
2020-03-18T20:38:47.610Z,40.7523333,-112.0575,7.13,1.05,md,11,98,0.03021,0.11,uu,uu60365077,2020-05-06T19:33:24.870Z,"6 km NE of Magna, Utah",earthquake,0.34,1.5,0.139,5,reviewed,uu,uu
2020-03-18T20:40:46.440Z,40.7528333,-111.9756667,9.98,0.43,md,5,133,0.02846,0.12,uu,uu60021769,2020-04-27T22:12:33.650Z,"7 km NNE of West Valley City, Utah",earthquake,0.72,2.27,0.196,4,reviewed,uu,uu
2020-03-18T20:41:12.580Z,40.7576667,-112.08,9.02,1.06,md,16,53,0.04545,0.15,uu,uu60365082,2020-04-27T22:06:49.920Z,"5 km NNE of Magna, Utah",earthquake,0.36,0.85,0.03,5,reviewed,uu,uu
2020-03-18T20:41:28.240Z,40.7518333,-112.0678333,5.53,0.2,md,5,121,0.107,0.09,uu,uu60021764,2020-04-27T22:10:27.960Z,"5 km NNE of Magna, Utah",earthquake,0.37,1.92,0.342,3,reviewed,uu,uu
2020-03-18T20:42:52.970Z,40.7393333,-112.0511667,8.71,1.5,ml,19,49,0.01697,0.12,uu,uu60365087,2020-03-23T22:10:56.281Z,"5 km NE of Magna, Utah",earthquake,0.3,0.6,0.186,4,reviewed,uu,uu
2020-03-18T20:45:34.900Z,40.737,-112.0428333,9.81,1.06,ml,13,105,0.01135,0.13,uu,uu60365092,2020-03-23T22:09:18.910Z,"5 km ENE of Magna, Utah",earthquake,0.4,1.1,0.283,2,reviewed,uu,uu
2020-03-18T20:46:38.360Z,40.7561667,-112.0476667,8.8,0.95,md,15,57,0.02639,0.1,uu,uu60365097,2020-04-28T21:11:55.090Z,"6 km NE of Magna, Utah",earthquake,0.26,0.58,0.232,6,reviewed,uu,uu
2020-03-18T20:49:06.710Z,40.733,-112.0953333,8.59,0.71,md,7,96,0.08263,0.1,uu,uu60365102,2020-04-28T21:17:36.140Z,"Utah",earthquake,0.46,1.66,0.038,4,reviewed,uu,uu
2020-03-18T20:49:53.390Z,40.7593333,-112.0823333,7.42,0.42,md,6,112,0.1106,0.13,uu,uu60365107,2020-04-28T21:26:22.010Z,"5 km NNE of Magna, Utah",earthquake,0.45,2.67,0.382,3,reviewed,uu,uu
2020-03-18T20:50:23.180Z,40.7461667,-112.0573333,7.24,0.57,md,8,82,0.02518,0.09,uu,uu60021824,2020-04-28T21:29:59.930Z,"5 km NE of Magna, Utah",earthquake,0.34,0.96,0.457,3,reviewed,uu,uu
2020-03-18T20:50:44.150Z,40.7601667,-112.0528333,7.27,0.65,md,12,73,0.02589,0.11,uu,uu60021829,2020-04-28T21:33:07.500Z,"7 km NE of Magna, Utah",earthquake,0.33,0.91,0.299,6,reviewed,uu,uu
2020-03-18T20:54:03.680Z,40.7701667,-112.0458333,5.73,0.92,md,8,107,0.117,0.11,uu,uu60365112,2020-05-06T19:23:57.730Z,"Utah",earthquake,0.37,1.97,0.158,4,reviewed,uu,uu
2020-03-18T20:54:29.410Z,40.7578333,-112.0561667,7.33,0.7,md,8,108,0.1058,0.1,uu,uu60022409,2020-05-06T19:26:34.190Z,"6 km NE of Magna, Utah",earthquake,0.34,1.67,0.363,3,reviewed,uu,uu
2020-03-18T20:55:48.660Z,40.771,-112.0788333,8.28,0.7,md,8,121,0.03916,0.18,uu,uu60365117,2020-04-28T21:47:36.520Z,"7 km NNE of Magna, Utah",earthquake,0.49,1.29,0.05,4,reviewed,uu,uu
2020-03-18T21:00:39.360Z,40.7548333,-112.066,7.63,1.04,md,11,98,0.06991,0.14,uu,uu60365132,2020-04-28T21:51:14.530Z,"5 km NNE of Magna, Utah",earthquake,0.47,1.24,0.129,5,reviewed,uu,uu
2020-03-18T21:01:43.660Z,40.7565,-112.0488333,7.82,1.16,ml,14,63,0.02663,0.13,uu,uu60365127,2020-03-23T22:08:14.760Z,"6 km NE of Magna, Utah",earthquake,0.36,1.07,0.201,4,reviewed,uu,uu
2020-03-18T21:04:33.910Z,40.7306667,-112.0711667,7.72,0.91,md,9,108,0.08657,0.12,uu,uu60365137,2020-04-28T22:20:38.720Z,"3 km NE of Magna, Utah",earthquake,0.38,1.49,0.083,5,reviewed,uu,uu
2020-03-18T21:09:16.980Z,40.7431667,-112.0633333,5.95,0.85,md,9,107,0.02641,0.17,uu,uu60365142,2020-04-28T22:23:15.140Z,"4 km NE of Magna, Utah",earthquake,0.51,1.63,0.046,4,reviewed,uu,uu
2020-03-18T21:10:54.120Z,40.7428333,-112.0386667,5.45,1.07,ml,13,54,0.03604,0.2,uu,uu60365147,2020-03-23T21:58:24.570Z,"6 km NE of Magna, Utah",earthquake,0.45,1.23,0.151,2,reviewed,uu,uu
2020-03-18T21:11:10.740Z,40.7486667,-112.0485,11.12,2.88,ml,45,45,0.02372,0.22,uu,uu60365152,2020-06-06T20:53:51.040Z,"6 km NE of Magna, Utah",earthquake,0.35,0.59,0.154,11,reviewed,uu,uu
2020-03-18T21:16:41.900Z,40.727,-112.0608333,8.97,1.33,ml,13,89,0.01896,0.13,uu,uu60365157,2020-03-23T21:57:00.370Z,"3 km ENE of Magna, Utah",earthquake,0.42,0.77,0.204,4,reviewed,uu,uu
2020-03-18T21:19:26.200Z,40.745,-112.0835,8.37,0.9,ml,13,92,0.04043,0.07,uu,uu60365162,2020-04-28T22:49:57.610Z,"4 km NNE of Magna, Utah",earthquake,0.3,0.73,0.346,2,reviewed,uu,uu
2020-03-18T21:19:44.860Z,40.7883333,-112.0775,8.62,0.78,md,9,136,0.03891,0.09,uu,uu60021834,2020-04-28T22:53:35.600Z,"9 km NNE of Magna, Utah",earthquake,0.4,1.17,0.141,3,reviewed,uu,uu
2020-03-18T21:20:34.300Z,40.7538333,-112.0543333,9.03,0.84,md,14,65,0.0303,0.1,uu,uu60365172,2020-05-06T19:38:35.230Z,"6 km NE of Magna, Utah",earthquake,0.29,0.59,0.097,4,reviewed,uu,uu
2020-03-18T21:21:14.710Z,40.7423333,-112.0493333,6.95,1.21,ml,16,93,0.01846,0.14,uu,uu60365167,2020-03-23T21:56:15.920Z,"5 km NE of Magna, Utah",earthquake,0.35,0.65,0.243,4,reviewed,uu,uu
2020-03-18T21:22:58.530Z,40.742,-112.0486667,9.2,2.81,ml,17,78,0.0179,0.11,uu,uu60365177,2020-06-06T20:53:51.040Z,"5 km NE of Magna, Utah",earthquake,0.3,0.63,0.202,10,reviewed,uu,uu
2020-03-18T21:28:37.580Z,40.7336667,-112.0633333,8.08,0.96,md,12,88,0.04988,0.13,uu,uu60365192,2020-05-06T21:38:55.810Z,"4 km NE of Magna, Utah",earthquake,0.35,1.04,0.022,5,reviewed,uu,uu
2020-03-18T21:29:52.800Z,40.7578333,-112.0505,9.38,1.45,ml,23,53,0.02637,0.12,uu,uu60365187,2020-04-03T22:08:10.480Z,"6 km NE of Magna, Utah",earthquake,0.26,0.59,0.425,3,reviewed,uu,uu
2020-03-18T21:30:18.430Z,40.7431667,-112.0521667,8.46,1.16,md,16,74,0.02039,0.12,uu,uu60020744,2020-04-03T22:13:51.590Z,"5 km NE of Magna, Utah",earthquake,0.31,0.7,0.45,10,reviewed,uu,uu
2020-03-18T21:31:12.830Z,40.7493333,-112.0418333,8.08,1.18,ml,21,46,0.02281,0.16,uu,uu60365197,2020-04-27T21:28:00.790Z,"6 km NE of Magna, Utah",earthquake,0.32,0.68,0.164,2,reviewed,uu,uu
2020-03-18T21:33:38.470Z,40.7478333,-112.0548333,7.92,1.82,ml,35,46,0.02535,0.16,uu,uu60365202,2020-03-23T21:56:06.397Z,"5 km NE of Magna, Utah",earthquake,0.26,0.69,0.168,9,reviewed,uu,uu
2020-03-18T21:38:26.490Z,40.7563333,-112.0466667,4.43,0.6,md,11,99,0.07549,0.12,uu,uu60365212,2020-05-06T21:45:44.840Z,"7 km NE of Magna, Utah",earthquake,0.33,1.61,0.062,4,reviewed,uu,uu
2020-03-18T21:39:00.690Z,40.7318333,-112.0795,9.56,1.34,ml,24,51,0.04577,0.2,uu,uu60365207,2020-04-27T21:34:12.990Z,"3 km NE of Magna, Utah",earthquake,0.35,0.65,0.121,2,reviewed,uu,uu
2020-03-18T21:46:26.470Z,40.7366667,-112.0811667,8.08,0.61,md,10,100,0.05053,0.16,uu,uu60365222,2020-05-06T21:48:32.270Z,"3 km NNE of Magna, Utah",earthquake,0.49,1.29,0.118,5,reviewed,uu,uu
2020-03-18T21:55:07.440Z,40.7598333,-112.0673333,6.46,0.49,md,7,118,0.03489,0.07,uu,uu60365227,2020-05-06T21:51:39.590Z,"6 km NNE of Magna, Utah",earthquake,0.38,1.13,0.175,4,reviewed,uu,uu
2020-03-18T21:58:16.700Z,40.7673333,-112.0821667,7.34,0.79,md,12,98,0.04242,0.16,uu,uu60365232,2020-05-06T22:01:26.780Z,"6 km NNE of Magna, Utah",earthquake,0.41,1.12,0.079,5,reviewed,uu,uu
2020-03-18T22:00:57.700Z,40.7508333,-112.041,7.66,0.99,md,17,52,0.02417,0.13,uu,uu60365237,2020-04-30T20:41:29.460Z,"6 km NE of Magna, Utah",earthquake,0.34,0.71,0.296,8,reviewed,uu,uu
2020-03-18T22:02:14.110Z,40.74,-112.0551667,6.47,0.9,md,12,92,0.01962,0.1,uu,uu60365242,2020-04-30T20:36:52.790Z,"5 km NE of Magna, Utah",earthquake,0.34,0.94,0.149,5,reviewed,uu,uu
2020-03-18T22:03:51.650Z,40.7281667,-112.0951667,7.62,0.84,md,11,86,0.04296,0.17,uu,uu60365247,2020-04-30T20:27:36.400Z,"2 km NNE of Magna, Utah",earthquake,0.51,1.33,0.139,4,reviewed,uu,uu
2020-03-18T22:09:13.950Z,40.7366667,-112.0993333,7.07,0.84,md,10,97,0.04919,0.1,uu,uu60365252,2020-05-06T22:48:40.020Z,"Utah",earthquake,0.39,1.09,0.117,4,reviewed,uu,uu
2020-03-18T22:16:46.650Z,40.7406667,-112.0851667,7.26,1.19,md,12,100,0.05452,0.22,uu,uu60365262,2020-04-30T19:53:40.440Z,"3 km NNE of Magna, Utah",earthquake,0.57,1.58,0.372,7,reviewed,uu,uu
2020-03-18T22:23:53.030Z,40.7458333,-112.0465,7.32,0.91,ml,16,52,0.02052,0.11,uu,uu60365267,2020-04-27T21:41:59.610Z,"6 km NE of Magna, Utah",earthquake,0.31,0.53,0.239,2,reviewed,uu,uu
2020-03-18T22:25:56.710Z,40.749,-112.0313333,7.8,1.21,md,13,72,0.02907,0.1,uu,uu60365272,2020-05-07T14:18:45.730Z,"6 km NNW of West Valley City, Utah",earthquake,0.25,0.9,0.189,5,reviewed,uu,uu
2020-03-18T22:26:38.650Z,40.6933333,-112.1185,10.23,0.2,md,6,94,0.02769,0.09,uu,uu60022474,2020-05-07T14:18:08.330Z,"2 km SW of Magna, Utah",earthquake,0.67,1.5,0.203,3,reviewed,uu,uu
2020-03-18T22:27:15.190Z,40.7593333,-112.0558333,8.03,0.77,md,10,92,0.02813,0.1,uu,uu60365282,2020-05-07T14:24:26.740Z,"6 km NE of Magna, Utah",earthquake,0.46,0.72,0.084,4,reviewed,uu,uu
2020-03-18T22:27:53.340Z,40.7513333,-112.0241667,8.22,1.76,ml,32,42,0.02593,0.16,uu,uu60365277,2020-03-23T21:52:57.927Z,"6 km NNW of West Valley City, Utah",earthquake,0.24,0.68,0.081,9,reviewed,uu,uu
2020-03-18T22:31:11.760Z,40.7838333,-112.064,9.14,0.71,md,9,113,0.02788,0.1,uu,uu60365287,2020-05-07T14:30:07.890Z,"8 km NNE of Magna, Utah",earthquake,0.54,0.99,0.039,5,reviewed,uu,uu
2020-03-18T22:32:29.760Z,40.7266667,-112.08,7.77,1.03,md,9,96,0.04059,0.1,uu,uu60365292,2020-05-07T14:56:55.970Z,"Utah",earthquake,0.45,1.03,0.304,4,reviewed,uu,uu
2020-03-18T22:33:11.590Z,40.7716667,-112.0743333,8.79,0.96,md,16,86,0.03568,0.17,uu,uu60022479,2020-05-07T14:57:29.320Z,"7 km NNE of Magna, Utah",earthquake,0.45,0.96,0.4,9,reviewed,uu,uu
2020-03-18T22:34:02.900Z,40.7578333,-112.073,7.5,0.64,md,10,83,0.03961,0.16,uu,uu60022484,2020-05-07T14:55:51.540Z,"5 km NNE of Magna, Utah",earthquake,0.44,1.99,0.153,4,reviewed,uu,uu
2020-03-18T22:37:27.940Z,40.7451667,-112.0413333,8.56,1.22,ml,26,45,0.01866,0.14,uu,uu60365297,2020-04-07T16:16:07.050Z,"6 km NE of Magna, Utah",earthquake,0.25,0.52,0.167,2,reviewed,uu,uu
2020-03-18T22:39:18.930Z,40.7515,-112.0425,7.17,0.87,md,13,64,0.02504,0.16,uu,uu60365302,2020-05-07T15:00:36.630Z,"Utah",earthquake,0.39,0.94,0.129,6,reviewed,uu,uu
2020-03-18T22:40:56.650Z,40.746,-112.0581667,9.5,0.65,md,9,109,0.02547,0.08,uu,uu60365307,2020-05-07T15:03:14.080Z,"5 km NE of Magna, Utah",earthquake,0.42,1.04,0.223,4,reviewed,uu,uu
2020-03-18T22:43:20.540Z,40.775,-112.103,8.82,0.89,ml,18,68,0.05696,0.19,uu,uu60365312,2020-03-24T21:55:01.630Z,"7 km N of Magna, Utah",earthquake,0.43,0.93,0.085,2,reviewed,uu,uu
2020-03-18T22:43:45.370Z,40.7496667,-112.0308333,7.04,1.83,ml,25,43,0.02302,0.14,uu,uu60365317,2020-03-23T13:56:15.587Z,"6 km NNW of West Valley City, Utah",earthquake,0.25,0.66,0.111,10,reviewed,uu,uu
2020-03-18T22:46:29.100Z,40.7491667,-112.0795,8.21,2.1,ml,33,50,0.03989,0.18,uu,uu60365327,2020-03-23T13:51:08.465Z,"4 km NNE of Magna, Utah",earthquake,0.3,0.86,0.112,11,reviewed,uu,uu
2020-03-18T22:47:42.040Z,40.7776667,-112.1003333,8.26,0.94,md,19,60,0.05486,0.14,uu,uu60365332,2020-04-27T21:43:03.680Z,"7 km N of Magna, Utah",earthquake,0.31,0.6,0.328,9,reviewed,uu,uu
2020-03-18T22:51:13.700Z,40.7413333,-112.049,6.98,1.03,md,15,52,0.01749,0.16,uu,uu60365342,2020-05-07T15:08:54.150Z,"5 km NE of Magna, Utah",earthquake,0.41,0.66,0.071,6,reviewed,uu,uu
2020-03-18T22:52:23.730Z,40.7696667,-112.074,9.6,0.97,ml,15,61,0.03584,0.14,uu,uu60365337,2020-04-27T21:08:49.190Z,"7 km NNE of Magna, Utah",earthquake,0.32,0.75,0.297,2,reviewed,uu,uu
2020-03-18T22:53:00.500Z,40.7323333,-112.0756667,9.44,1.24,ml,28,50,0.03071,0.22,uu,uu60365347,2020-04-03T16:39:30.730Z,"3 km NE of Magna, Utah",earthquake,0.38,0.76,0.113,4,reviewed,uu,uu
2020-03-18T22:53:44.990Z,40.771,-112.0741667,9.26,1.53,ml,24,53,0.03568,0.13,uu,uu60365352,2020-06-12T17:54:26.650Z,"7 km NNE of Magna, Utah",earthquake,0.26,0.69,0.058,6,reviewed,uu,uu
2020-03-18T23:00:35.680Z,40.7281667,-112.049,9.46,1.9,ml,29,40,0.01004,0.15,uu,uu60365357,2020-03-23T13:32:27.263Z,"4 km ENE of Magna, Utah",earthquake,0.27,0.65,0.221,10,reviewed,uu,uu
2020-03-18T23:09:56.590Z,40.7515,-112.0473333,9.31,1.27,ml,23,46,0.02602,0.12,uu,uu60365362,2020-04-27T20:53:23.520Z,"6 km NE of Magna, Utah",earthquake,0.26,0.45,0.126,3,reviewed,uu,uu
2020-03-18T23:11:10.440Z,40.7411667,-112.0421667,9.15,0.99,ml,23,42,0.01498,0.14,uu,uu60365367,2020-04-27T20:45:39.370Z,"6 km NE of Magna, Utah",earthquake,0.28,0.61,0.227,2,reviewed,uu,uu
2020-03-18T23:14:20.210Z,40.7615,-112.0625,8.18,1.1,md,11,83,0.03089,0.1,uu,uu60022529,2020-05-07T16:57:24.140Z,"6 km NNE of Magna, Utah",earthquake,0.29,0.63,0.28,4,reviewed,uu,uu
2020-03-18T23:15:13.130Z,40.7705,-112.0871667,9.11,2.25,ml,37,56,0.04548,0.14,uu,uu60365372,2020-06-06T20:53:51.040Z,"6 km N of Magna, Utah",earthquake,0.27,0.74,0.119,13,reviewed,uu,uu
2020-03-18T23:17:41.440Z,40.7355,-112.0876667,8.95,0.93,md,9,98,0.04027,0.14,uu,uu60022549,2020-05-07T17:00:03.430Z,"Utah",earthquake,0.48,1.18,0.124,3,reviewed,uu,uu
2020-03-18T23:17:56.260Z,40.7626667,-112.0618333,7.2,0.83,md,14,85,0.02985,0.17,uu,uu60022539,2020-05-07T17:03:44.100Z,"6 km NNE of Magna, Utah",earthquake,0.4,0.97,0.107,5,reviewed,uu,uu
2020-03-18T23:18:06.120Z,40.7588333,-112.0685,7.33,1.14,md,12,86,0.03617,0.14,uu,uu60365377,2020-05-07T17:06:51.480Z,"6 km NNE of Magna, UT",earthquake,0.33,0.79,0.125,5,reviewed,uu,uu
2020-03-18T23:25:11.250Z,40.7396667,-112.0485,9.48,0.86,md,10,107,0.01592,0.12,uu,uu60365382,2020-05-01T22:39:12.720Z,"5 km NE of Magna, Utah",earthquake,0.57,1.15,0.416,4,reviewed,uu,uu
2020-03-18T23:27:11.070Z,40.7415,-112.0485,8.57,0.93,md,12,63,0.01741,0.08,uu,uu60365387,2020-05-01T22:36:05.570Z,"5 km NE of Magna, Utah",earthquake,0.39,0.76,0.081,5,reviewed,uu,uu
2020-03-18T23:28:30.260Z,40.7466667,-112.047,7.3,1.43,md,12,94,0.02143,0.12,uu,uu60365392,2020-05-01T21:52:27.300Z,"6 km NE of Magna, Utah",earthquake,0.36,0.92,0.366,4,reviewed,uu,uu
2020-03-18T23:33:18.870Z,40.743,-112.045,8.1,0.84,ml,17,68,0.01747,0.13,uu,uu60365397,2020-04-27T20:38:56.810Z,"6 km NE of Magna, Utah",earthquake,0.31,0.55,0.173,2,reviewed,uu,uu
2020-03-18T23:33:49.350Z,40.7568333,-112.0381667,7.29,1.98,ml,30,45,0.02249,0.18,uu,uu60365402,2020-08-05T19:54:42.420Z,"7 km NE of Magna, Utah",earthquake,0.29,0.78,0.163,12,reviewed,uu,uu
2020-03-18T23:39:50.690Z,40.7643333,-112.0691667,5.5,0.79,md,14,91,0.03405,0.16,uu,uu60365407,2020-05-01T21:43:38.940Z,"6 km NNE of Magna, Utah",earthquake,0.4,1.13,0.213,7,reviewed,uu,uu
2020-03-18T23:41:50.010Z,40.7536667,-112.049,5.82,-0.05,md,5,128,0.02903,0.05,uu,uu60365412,2020-05-07T17:02:09.110Z,"6 km NE of Magna, Utah",earthquake,0.46,1.22,0.221,3,reviewed,uu,uu
2020-03-18T23:42:04.050Z,40.7403333,-112.0666667,2.07,-0.39,md,5,118,0.09677,0.04,uu,uu60022554,2020-05-07T17:08:26.440Z,"4 km NE of Magna, Utah",earthquake,0.44,4.92,0.234,3,reviewed,uu,uu
2020-03-18T23:42:18.270Z,40.7678333,-112.0765,7.58,0.58,md,7,121,0.08181,0.09,uu,uu60022564,2020-05-07T17:17:48.360Z,"6 km NNE of Magna, Utah",earthquake,0.35,0.93,0.482,4,reviewed,uu,uu
2020-03-18T23:42:27.160Z,40.7628333,-112.0505,5.43,0.17,md,8,78,0.02278,0.06,uu,uu60022569,2020-05-07T17:21:26.410Z,"7 km NE of Magna, Utah",earthquake,0.34,0.86,0.235,4,reviewed,uu,uu
2020-03-18T23:42:50.000Z,40.7633333,-112.0823333,10.2,0.69,md,9,109,0.04372,0.11,uu,uu60022574,2020-05-07T17:31:18.860Z,"Utah",earthquake,0.49,0.84,0.15,4,reviewed,uu,uu
2020-03-18T23:50:26.740Z,40.7656667,-112.0748333,8.11,0.58,md,8,112,0.03757,0.1,uu,uu60365417,2020-05-07T17:16:44.160Z,"6 km NNE of Magna, Utah",earthquake,0.5,1.19,0.097,4,reviewed,uu,uu
2020-03-18T23:51:10.110Z,40.756,-112.071,8.68,0.47,md,14,79,0.0393,0.09,uu,uu60365422,2020-05-07T17:21:59.790Z,"5 km NNE of Magna, Utah",earthquake,0.26,0.65,0.263,7,reviewed,uu,uu
2020-03-18T23:52:23.830Z,40.7485,-112.0356667,9.53,0.19,md,12,74,0.02153,0.17,uu,uu60365427,2020-05-07T16:58:28.280Z,"6 km NNW of West Valley City, Utah",earthquake,0.49,0.9,0.13,7,reviewed,uu,uu
2020-03-18T23:55:33.520Z,40.766,-112.0368333,5.52,0.68,md,11,105,0.03902,0.09,uu,uu60365432,2020-05-01T21:48:49.320Z,"8 km NE of Magna, Utah",earthquake,0.32,1.13,0.095,6,reviewed,uu,uu
2020-03-18T23:57:55.310Z,40.7443333,-112.042,9.3,0.81,ml,11,94,0.06611,0.14,uu,uu60365437,2020-03-25T22:33:44.500Z,"6 km NE of Magna, Utah",earthquake,0.44,1.48,0.162,2,reviewed,uu,uu
2020-03-18T23:59:09.110Z,40.7541667,-112.0458333,6.27,0.46,ml,12,98,0.02822,0.14,uu,uu60365442,2020-04-03T19:42:24.670Z,"6 km NE of Magna, Utah",earthquake,0.37,0.85,0.319,2,reviewed,uu,uu
2020-03-19T00:03:19.590Z,40.7441667,-112.0455,8.55,1.42,ml,26,43,0.01869,0.15,uu,uu60365447,2020-04-03T16:34:51.090Z,"6 km NE of Magna, Utah",earthquake,0.28,0.54,0.206,5,reviewed,uu,uu
2020-03-19T00:04:51.310Z,40.733,-112.0666667,9.51,1.71,ml,27,50,0.02416,0.12,uu,uu60365452,2020-03-23T14:05:16.874Z,"3 km NE of Magna, Utah",earthquake,0.25,0.49,0.18,5,reviewed,uu,uu
2020-03-19T00:09:15.780Z,40.7421667,-112.0421667,9.18,1.38,ml,24,43,0.01593,0.11,uu,uu60365457,2020-03-23T14:13:14.250Z,"6 km NE of Magna, Utah",earthquake,0.25,0.48,0.171,5,reviewed,uu,uu
2020-03-19T00:13:28.300Z,40.7795,-112.0711667,9.84,1.3,ml,26,57,0.03274,0.2,uu,uu60365462,2020-04-03T16:26:36.060Z,"8 km NNE of Magna, Utah",earthquake,0.37,0.88,0.025,4,reviewed,uu,uu
2020-03-19T00:19:51.410Z,40.7635,-112.0788333,9.28,0.8,md,12,109,0.04116,0.19,uu,uu60365467,2020-05-06T17:55:55.190Z,"6 km NNE of Magna, Utah",earthquake,0.52,0.93,0.126,5,reviewed,uu,uu
2020-03-19T00:21:25.570Z,40.7346667,-112.076,9.63,0.45,md,11,100,0.03145,0.08,uu,uu60021754,2020-04-27T20:23:26.030Z,"Utah",earthquake,0.36,0.64,0.217,3,reviewed,uu,uu
2020-03-19T00:21:53.700Z,40.7435,-112.0445,9.64,0.74,ml,17,55,0.01778,0.13,uu,uu60365472,2020-04-27T20:25:00.920Z,"6 km NE of Magna, Utah",earthquake,0.28,0.64,0.101,2,reviewed,uu,uu
2020-03-19T00:22:09.920Z,40.7528333,-112.042,7.73,0.49,md,11,98,0.02627,0.15,uu,uu60021749,2020-04-27T20:27:06.580Z,"6 km NE of Magna, Utah",earthquake,0.48,0.94,0.419,5,reviewed,uu,uu
2020-03-19T00:25:11.270Z,40.744,-112.0365,9.65,-0.19,md,4,138,0.03308,0.06,uu,uu60021744,2020-04-27T20:12:37.090Z,"6 km NNW of West Valley City, Utah",earthquake,1.03,0.8,0.437,3,reviewed,uu,uu
2020-03-19T00:25:29.010Z,40.7438333,-112.0456667,8.9,0.89,ml,19,51,0.02654,0.1,uu,uu60365477,2020-04-27T20:09:29.930Z,"6 km NE of Magna, Utah",earthquake,0.26,0.54,0.067,2,reviewed,uu,uu
2020-03-19T00:26:25.960Z,40.7295,-112.0466667,11,1.74,ml,28,40,0.008584,0.11,uu,uu60365482,2020-03-23T14:25:37.004Z,"5 km ENE of Magna, Utah",earthquake,0.27,0.37,0.113,8,reviewed,uu,uu
2020-03-19T00:27:06.110Z,40.7398333,-112.0666667,6.22,0.44,md,12,105,0.0267,0.16,uu,uu60365487,2020-05-06T18:22:06.990Z,"4 km NE of Magna, Utah",earthquake,0.61,0.95,0.302,4,reviewed,uu,uu
2020-03-19T00:30:21.820Z,40.7628333,-112.039,7.03,0.51,md,11,57,0.01727,0.11,uu,uu60365492,2020-05-07T15:13:33.720Z,"7 km NE of Magna, Utah",earthquake,0.3,0.81,0.129,5,reviewed,uu,uu
2020-03-19T00:30:47.140Z,40.7546667,-112.0651667,9.49,0.55,md,11,75,0.03552,0.12,uu,uu60022489,2020-05-07T15:19:17.700Z,"5 km NNE of Magna, Utah",earthquake,0.44,0.84,0.446,6,reviewed,uu,uu
2020-03-19T00:33:40.630Z,40.7555,-112.0525,7.57,1.15,md,19,58,0.01964,0.15,uu,uu60365497,2020-04-27T20:04:16.930Z,"6 km NE of Magna, Utah",earthquake,0.33,0.77,0.15,8,reviewed,uu,uu
2020-03-19T00:35:51.460Z,40.7513333,-112.0473333,6.69,0.34,md,11,97,0.02587,0.12,uu,uu60365502,2020-05-07T15:24:58.760Z,"6 km NE of Magna, Utah",earthquake,0.38,0.87,0.129,6,reviewed,uu,uu
2020-03-19T00:36:03.490Z,40.7683333,-112.0631667,6.04,0.16,md,12,96,0.02833,0.16,uu,uu60022494,2020-05-07T15:30:39.830Z,"7 km NNE of Magna, Utah",earthquake,0.42,1.4,0.144,6,reviewed,uu,uu
2020-03-19T00:40:17.060Z,40.7851667,-112.0676667,9.52,1.07,md,17,113,0.03264,0.12,uu,uu60365507,2020-04-27T18:39:36.350Z,"8 km NNE of Magna, Utah",earthquake,0.34,0.64,0.303,12,reviewed,uu,uu
2020-03-19T00:40:35.190Z,40.7875,-112.0636667,8.13,0.63,md,10,115,0.03573,0.09,uu,uu60021729,2020-04-27T18:39:13.850Z,"9 km NNE of Magna, Utah",earthquake,0.43,0.8,0.386,7,reviewed,uu,uu
2020-03-19T00:44:47.270Z,40.7486667,-112.0373333,8.87,1.94,ml,34,44,0.02172,0.14,uu,uu60365512,2020-03-23T14:51:27.335Z,"6 km NE of Magna, Utah",earthquake,0.24,0.45,0.113,10,reviewed,uu,uu
2020-03-19T00:47:54.320Z,40.7606667,-112.0701667,6.12,0.12,md,9,125,0.04258,0.06,uu,uu60022504,2020-05-07T15:57:27.810Z,"6 km NNE of Magna, Utah",earthquake,0.37,0.98,0.222,5,reviewed,uu,uu
2020-03-19T00:48:24.960Z,40.7735,-112.0766667,5.88,-0.03,md,10,125,0.05588,0.17,uu,uu60022499,2020-05-07T15:49:12.850Z,"7 km NNE of Magna, Utah",earthquake,0.5,2.41,0.182,4,reviewed,uu,uu
2020-03-19T00:48:35.450Z,40.7468333,-112.0476667,7.52,0.43,md,10,111,0.02179,0.14,uu,uu60365522,2020-05-07T15:43:01.100Z,"6 km NE of Magna, Utah",earthquake,0.38,0.91,0.097,5,reviewed,uu,uu
2020-03-19T00:48:57.840Z,40.7588333,-112.0545,5.3,0.13,md,10,85,0.02772,0.14,uu,uu60022509,2020-05-07T16:02:38.110Z,"6 km NE of Magna, Utah",earthquake,0.43,1.11,0.295,4,reviewed,uu,uu
2020-03-19T01:03:08.300Z,40.741,-112.0403333,8.58,1.06,ml,24,42,0.01444,0.13,uu,uu60365532,2020-04-24T21:52:11.590Z,"6 km NE of Magna, Utah",earthquake,0.28,0.46,0.216,2,reviewed,uu,uu
2020-03-19T01:11:01.600Z,40.7711667,-112.0808333,6.73,-0.11,md,8,122,0.05584,0.15,uu,uu60022519,2020-05-07T16:35:40.890Z,"Utah",earthquake,0.52,1.48,0.187,4,reviewed,uu,uu
2020-03-19T01:11:16.800Z,40.7503333,-112.029,7.52,0.33,md,11,96,0.02394,0.1,uu,uu60365537,2020-05-07T16:07:17.680Z,"6 km NNW of West Valley City, Utah",earthquake,0.32,0.92,0.273,7,reviewed,uu,uu
2020-03-19T01:12:06.480Z,40.759,-112.085,8.89,0.32,md,12,93,0.0472,0.12,uu,uu60022514,2020-05-07T16:22:15.290Z,"5 km NNE of Magna, Utah",earthquake,0.47,1.11,0.553,4,reviewed,uu,uu
2020-03-19T01:13:37.580Z,40.771,-112.0346667,9.99,0.97,ml,14,64,0.008589,0.06,uu,uu60365542,2020-03-23T15:00:08.130Z,"8 km NE of Magna, Utah",earthquake,0.29,0.5,0.304,3,reviewed,uu,uu
2020-03-19T01:14:44.920Z,40.7701667,-112.0775,9.74,0.67,ml,11,102,0.03832,0.08,uu,uu60365547,2020-04-29T14:52:37.450Z,"7 km NNE of Magna, Utah",earthquake,0.35,1.03,0.14,2,reviewed,uu,uu
2020-03-19T01:18:12.610Z,40.759,-112.0773333,7.53,0.49,md,9,115,0.07296,0.11,uu,uu60365552,2020-04-29T14:56:15.560Z,"5 km NNE of Magna, Utah",earthquake,0.38,1.46,0.234,5,reviewed,uu,uu
2020-03-19T01:20:19.220Z,40.7665,-112.0766667,7.46,0.42,md,10,103,0.05021,0.12,uu,uu60365557,2020-04-29T15:11:10.540Z,"6 km NNE of Magna, Utah",earthquake,0.36,1.32,0.09,5,reviewed,uu,uu
2020-03-19T01:23:02.230Z,40.7681667,-112.0741667,8.39,0.83,md,13,99,0.03634,0.14,uu,uu60365562,2020-04-29T15:15:55.780Z,"6 km NNE of Magna, Utah",earthquake,0.43,1.05,0.177,6,reviewed,uu,uu
2020-03-19T01:23:33.990Z,40.7463333,-112.0326667,7.97,0.88,md,11,94,0.01952,0.11,uu,uu60021869,2020-04-29T15:18:37.420Z,"6 km NNW of West Valley City, Utah",earthquake,0.36,0.84,0.212,6,reviewed,uu,uu
2020-03-19T01:27:09.350Z,40.7476667,-112.0445,6.18,0.47,md,10,95,0.02171,0.16,uu,uu60365567,2020-04-29T15:28:32.510Z,"6 km NE of Magna, Utah",earthquake,0.48,1.56,0.125,5,reviewed,uu,uu
2020-03-19T01:28:57.920Z,40.7445,-112.0331667,9.63,1.5,ml,10,101,0.03538,0.1,uu,uu60365572,2020-03-23T19:16:16.108Z,"6 km NNW of West Valley City, Utah",earthquake,0.39,0.84,0.195,4,reviewed,uu,uu
2020-03-19T01:33:27.120Z,40.7698333,-112.0753333,9.78,1.35,ml,12,105,0.01647,0.12,uu,uu60365577,2020-03-23T19:46:06.280Z,"7 km NNE of Magna, Utah",earthquake,0.43,0.84,0.077,4,reviewed,uu,uu
2020-03-19T01:36:20.970Z,40.7343333,-112.0766667,9.3,0.59,md,10,100,0.03186,0.22,uu,uu60365582,2020-04-29T18:37:19.430Z,"3 km NE of Magna, Utah",earthquake,0.63,1.65,0.123,5,reviewed,uu,uu
2020-03-19T01:38:24.260Z,40.774,-112.0698333,9.58,0.72,md,15,87,0.02146,0.11,uu,uu60365587,2020-04-24T21:47:29.290Z,"7 km NNE of Magna, Utah",earthquake,0.28,0.54,0.137,6,reviewed,uu,uu
2020-03-19T01:38:33.310Z,40.7505,-112.0415,9.46,-0.11,md,5,214,0.02391,0.1,uu,uu60021714,2020-04-24T21:48:02.690Z,"6 km NE of Magna, Utah",earthquake,0.92,0.8,0.226,3,reviewed,uu,uu
2020-03-19T01:40:09.090Z,40.7416667,-112.0441667,7.95,0.85,md,11,54,0.01599,0.13,uu,uu60365602,2020-04-29T18:45:39.710Z,"6 km NE of Magna, Utah",earthquake,0.39,1,0.439,5,reviewed,uu,uu
2020-03-19T01:41:24.360Z,40.741,-112.0518333,7.01,0.63,md,11,92,0.01855,0.11,uu,uu60365607,2020-04-29T19:08:52.230Z,"5 km NE of Magna, Utah",earthquake,0.38,0.91,0.059,5,reviewed,uu,uu
2020-03-19T01:44:31.010Z,40.7421667,-112.0921667,6.26,0.98,md,7,135,0.0155,0.23,uu,uu60021709,2020-04-24T21:40:15.300Z,"3 km NNE of Magna, Utah",earthquake,0.87,1.22,0.072,2,reviewed,uu,uu
2020-03-19T01:46:14.480Z,40.7606667,-112.0508333,0.62,0.85,md,11,101,0.03555,0.23,uu,uu60365622,2020-04-29T19:26:54.300Z,"7 km NE of Magna, Utah",earthquake,0.54,7.55,0.229,5,reviewed,uu,uu
2020-03-19T01:47:11.930Z,40.731,-112.0618333,9.87,0.85,ml,17,85,0.02013,0.09,uu,uu60365617,2020-03-23T15:03:15.430Z,"4 km NE of Magna, Utah",earthquake,0.26,0.55,0.381,2,reviewed,uu,uu
2020-03-19T01:48:40.410Z,40.7373333,-112.0653333,8.63,0.74,md,12,90,0.02467,0.11,uu,uu60365632,2020-04-29T19:40:47.780Z,"4 km NE of Magna, Utah",earthquake,0.34,0.81,0.081,5,reviewed,uu,uu
2020-03-19T01:49:11.230Z,40.768,-112.0636667,8.71,0.79,md,8,114,0.04612,0.12,uu,uu60021889,2020-04-29T19:46:00.760Z,"7 km NNE of Magna, Utah",earthquake,0.42,1.01,0.332,3,reviewed,uu,uu
2020-03-19T01:50:18.290Z,40.7416667,-112.081,10.58,0.23,md,7,91,0.012,0.15,uu,uu60021699,2020-04-24T21:28:22.370Z,"4 km NNE of Magna, Utah",earthquake,0.63,1.2,0.426,3,reviewed,uu,uu
2020-03-19T01:50:40.080Z,40.7475,-112.0401667,8.14,0.94,ml,17,52,0.02079,0.1,uu,uu60365637,2020-04-24T21:25:15.120Z,"6 km NE of Magna, Utah",earthquake,0.28,0.43,0.193,2,reviewed,uu,uu
2020-03-19T01:51:04.570Z,40.7793333,-112.0698333,9.69,0.56,md,12,109,0.02659,0.1,uu,uu60021704,2020-04-24T21:24:10.980Z,"8 km NNE of Magna, Utah",earthquake,0.39,0.55,0.168,6,reviewed,uu,uu
2020-03-19T01:53:48.220Z,40.7246667,-112.0816667,10.33,2.3,ml,23,88,0.03487,0.15,uu,uu60365642,2020-06-06T20:53:51.040Z,"2 km NE of Magna, Utah",earthquake,0.31,0.69,0.128,12,reviewed,uu,uu
2020-03-19T01:54:58.010Z,40.7501667,-112.037,7.98,1.94,ml,32,49,0.02321,0.13,uu,uu60365647,2020-03-23T15:13:26.010Z,"7 km NE of Magna, Utah",earthquake,0.23,0.46,0.049,10,reviewed,uu,uu
2020-03-19T01:58:02.430Z,40.7691667,-112.0253333,4.52,0.08,md,7,139,0.04293,0.14,uu,uu60021694,2020-04-24T21:15:55.900Z,"8 km NNW of West Valley City, Utah",earthquake,0.53,1.9,0.386,3,reviewed,uu,uu
2020-03-19T01:58:15.150Z,40.7623333,-112.0538333,8.65,1.36,ml,30,49,0.02504,0.13,uu,uu60365652,2020-04-24T21:10:45.640Z,"7 km NE of Magna, Utah",earthquake,0.26,0.41,0.26,4,reviewed,uu,uu
2020-03-19T01:59:59.460Z,40.7471667,-112.047,7.59,0.65,md,8,94,0.02189,0.13,uu,uu60021689,2020-04-24T21:05:24.230Z,"6 km NE of Magna, Utah",earthquake,0.5,1.13,0.301,4,reviewed,uu,uu
2020-03-19T02:00:23.620Z,40.7391667,-112.0553333,7.58,1.11,ml,20,91,0.01917,0.18,uu,uu60365657,2020-04-24T20:58:50.040Z,"5 km NE of Magna, Utah",earthquake,0.37,0.71,0.411,2,reviewed,uu,uu
2020-03-19T02:00:39.250Z,40.756,-112.0601667,7.69,0.4,md,7,115,0.03439,0.08,uu,uu60021684,2020-04-24T21:05:01.950Z,"6 km NE of Magna, Utah",earthquake,0.42,0.91,0.076,4,reviewed,uu,uu
2020-03-19T02:01:34.760Z,40.7456667,-112.0831667,12.46,0.66,md,11,105,0.04051,0.21,uu,uu60365667,2020-04-29T20:23:12.120Z,"4 km NNE of Magna, Utah",earthquake,0.68,1.57,0.163,4,reviewed,uu,uu
2020-03-19T02:02:29.230Z,40.7393333,-112.051,8.35,0.91,ml,23,49,0.01688,0.13,uu,uu60365662,2020-04-24T20:51:36.780Z,"5 km NE of Magna, Utah",earthquake,0.3,0.59,0.217,2,reviewed,uu,uu
2020-03-19T02:08:55.900Z,40.74,-112.0371667,9.31,0.55,md,7,107,0.01307,0.07,uu,uu60021914,2020-04-29T20:31:06.970Z,"6 km NNW of West Valley City, Utah",earthquake,0.47,0.72,0.642,4,reviewed,uu,uu
2020-03-19T02:09:05.500Z,40.743,-112.031,7.37,0.53,md,9,92,0.01646,0.11,uu,uu60365672,2020-04-29T20:28:58.360Z,"6 km NNW of West Valley City, Utah",earthquake,0.43,0.88,0.308,4,reviewed,uu,uu
2020-03-19T02:12:13.890Z,40.7326667,-112.0878333,9.8,0.73,md,12,88,0.03989,0.09,uu,uu60365677,2020-04-29T20:47:14.310Z,"2 km NNE of Magna, Utah",earthquake,0.29,0.85,0.124,4,reviewed,uu,uu
2020-03-19T02:12:25.300Z,40.7626667,-112.0788333,8.12,0.67,md,8,117,0.04835,0.09,uu,uu60021924,2020-04-29T20:46:10.030Z,"6 km NNE of Magna, Utah",earthquake,0.36,0.81,0.04,3,reviewed,uu,uu
2020-03-19T02:13:47.720Z,40.7323333,-112.058,10.28,1.26,ml,14,63,0.01765,0.11,uu,uu60365682,2020-03-24T21:46:44.870Z,"4 km NE of Magna, Utah",earthquake,0.36,0.64,0.201,4,reviewed,uu,uu
2020-03-19T02:15:58.080Z,40.751,-112.031,7.39,0.67,ml,10,98,0.02431,0.08,uu,uu60365687,2020-03-23T20:49:10.320Z,"7 km NNW of West Valley City, Utah",earthquake,0.32,0.7,0.185,2,reviewed,uu,uu
2020-03-19T02:16:41.390Z,40.7453333,-112.0461667,8.41,0.89,md,18,52,0.01996,0.13,uu,uu60365692,2020-04-24T18:02:47.180Z,"6 km NE of Magna, Utah",earthquake,0.32,0.51,0.34,8,reviewed,uu,uu
2020-03-19T02:17:43.680Z,40.7793333,-112.0671667,9.1,0.53,md,13,110,0.0297,0.11,uu,uu60365697,2020-04-24T17:57:06.080Z,"8 km NNE of Magna, Utah",earthquake,0.34,0.58,0.208,6,reviewed,uu,uu
2020-03-19T02:22:25.160Z,40.7438333,-112.0448333,8.43,-0.27,md,4,121,0.01819,0.06,uu,uu60022544,2020-05-07T16:46:04.590Z,"6 km NE of Magna, Utah",earthquake,0.61,0.86,0.219,3,reviewed,uu,uu
2020-03-19T02:22:39.590Z,40.7585,-112.0395,6.99,0.5,md,12,100,0.03164,0.15,uu,uu60365702,2020-05-07T16:38:48.480Z,"7 km NE of Magna, Utah",earthquake,0.43,0.92,0.64,3,reviewed,uu,uu
2020-03-19T02:22:43.540Z,40.7356667,-112.0718333,8.03,1.05,ml,11,94,0.02868,0.16,uu,uu60022524,2020-05-07T16:33:04.150Z,"3 km NE of Magna, Utah",earthquake,0.56,0.9,0.287,2,reviewed,uu,uu
2020-03-19T02:23:03.010Z,40.7648333,-112.0585,6.63,0.02,md,6,123,0.04156,0.09,uu,uu60022534,2020-05-07T16:42:57.160Z,"7 km NNE of Magna, Utah",earthquake,0.51,1.19,0.186,4,reviewed,uu,uu
2020-03-19T02:24:41.030Z,40.7471667,-112.0185,8.99,-0.19,md,8,108,0.0942,0.09,uu,uu60365707,2020-05-06T21:45:22.330Z,"6 km NNW of West Valley City, Utah",earthquake,0.38,1.22,0.208,3,reviewed,uu,uu
2020-03-19T02:25:06.730Z,40.7536667,-112.0721667,7.22,0.71,md,12,97,0.03837,0.13,uu,uu60022429,2020-05-06T21:13:14.750Z,"5 km NNE of Magna, Utah",earthquake,0.37,0.78,0.119,5,reviewed,uu,uu
2020-03-19T02:25:47.150Z,40.7528333,-112.0363333,7.36,0.63,md,15,56,0.02586,0.15,uu,uu60022434,2020-05-06T21:15:20.570Z,"7 km NE of Magna, Utah",earthquake,0.38,0.6,0.079,6,reviewed,uu,uu
2020-03-19T02:26:06.890Z,40.7588333,-112.025,7.95,1,md,16,73,0.01929,0.14,uu,uu60022439,2020-05-06T21:17:57.390Z,"8 km NNW of West Valley City, UT",earthquake,0.35,0.71,0.398,9,reviewed,uu,uu
2020-03-19T02:26:32.810Z,40.7648333,-112.0383333,6.36,0.32,md,10,93,0.01528,0.06,uu,uu60022444,2020-05-06T21:23:38.370Z,"8 km NE of Magna, Utah",earthquake,0.32,0.67,0.156,3,reviewed,uu,uu
2020-03-19T02:26:46.380Z,40.7511667,-112.0295,7.53,1.02,md,15,75,0.02467,0.12,uu,uu60022449,2020-06-12T17:31:51.430Z,"7 km NNW of West Valley City, Utah",earthquake,0.3,0.63,0.106,6,reviewed,uu,uu
2020-03-19T02:27:40.760Z,40.7591667,-112.0825,9.23,-0.11,md,7,126,0.04786,0.09,uu,uu60022454,2020-05-06T21:38:33.490Z,"5 km NNE of Magna, Utah",earthquake,0.49,0.95,0.379,3,reviewed,uu,uu
2020-03-19T02:32:55.980Z,40.7343333,-112.0811667,10.5,1.51,ml,22,50,0.0352,0.12,uu,uu60365712,2020-04-03T22:02:38.663Z,"3 km NNE of Magna, Utah",earthquake,0.29,0.59,0.139,4,reviewed,uu,uu
2020-03-19T02:34:19.760Z,40.7478333,-112.066,8.74,2.96,ml,34,52,0.03097,0.15,uu,uu60365717,2020-06-06T20:53:52.040Z,"5 km NE of Magna, Utah",earthquake,0.23,0.53,0.22,19,reviewed,uu,uu
2020-03-19T02:40:29.590Z,40.769,-112.0876667,5.09,0.89,md,10,119,0.05756,0.21,uu,uu60365732,2020-04-29T20:54:58.440Z,"6 km N of Magna, Utah",earthquake,0.72,2.58,0.309,4,reviewed,uu,uu
2020-03-19T02:41:20.780Z,40.7603333,-112.0751667,10,1.56,ml,25,55,0.03987,0.13,uu,uu60365722,2020-03-23T16:35:22.060Z,"6 km NNE of Magna, Utah",earthquake,0.26,0.64,0.106,6,reviewed,uu,uu
2020-03-19T02:42:25.620Z,40.7735,-112.059,8.36,2.09,ml,30,51,0.02389,0.11,uu,uu60365727,2020-06-06T20:53:52.040Z,"8 km NNE of Magna, Utah",earthquake,0.21,0.44,0.113,12,reviewed,uu,uu
2020-03-19T02:48:12.600Z,40.736,-112.0841667,9.99,0.81,md,12,89,0.03779,0.15,uu,uu60365737,2020-05-06T20:14:42.060Z,"3 km NNE of Magna, Utah",earthquake,0.45,1.06,0.169,6,reviewed,uu,uu
2020-03-19T02:49:31.240Z,40.7585,-112.0655,8.46,1.34,ml,24,55,0.03444,0.13,uu,uu60365742,2020-03-23T16:53:29.890Z,"6 km NNE of Magna, Utah",earthquake,0.25,0.57,0.205,3,reviewed,uu,uu
2020-03-19T02:52:34.430Z,40.7711667,-112.0828333,10.14,1.69,ml,30,56,0.04212,0.12,uu,uu60365747,2020-03-23T17:03:21.117Z,"7 km NNE of Magna, Utah",earthquake,0.23,0.38,0.085,5,reviewed,uu,uu
2020-03-19T02:53:09.140Z,40.762,-112.0616667,9.01,1.66,ml,20,58,0.01518,0.08,uu,uu60365752,2020-03-23T17:11:09.790Z,"6 km NNE of Magna, Utah",earthquake,0.22,0.4,0.209,5,reviewed,uu,uu
2020-03-19T02:56:13.110Z,40.7468333,-112.0355,7.81,0.87,md,12,95,0.01987,0.11,uu,uu60365757,2020-04-29T22:10:23.510Z,"6 km NNW of West Valley City, Utah",earthquake,0.33,0.96,0.16,7,reviewed,uu,uu
2020-03-19T03:06:29.770Z,40.746,-112.0715,9.1,0.78,md,20,53,0.009056,0.17,uu,uu60365762,2020-04-23T21:53:21.770Z,"4 km NNE of Magna, Utah",earthquake,0.32,0.67,0.279,9,reviewed,uu,uu
2020-03-19T03:08:10.700Z,40.7546667,-112.0388333,7.45,0.7,md,13,99,0.02778,0.18,uu,uu60365767,2020-04-29T22:15:03.260Z,"7 km NE of Magna, Utah",earthquake,0.42,1.02,0.168,6,reviewed,uu,uu
2020-03-19T03:15:11.690Z,40.7823333,-112.072,8.69,0.46,md,10,111,0.06176,0.08,uu,uu60365772,2020-04-29T22:31:05.010Z,"8 km NNE of Magna, Utah",earthquake,0.38,0.89,0.154,6,reviewed,uu,uu
2020-03-19T03:16:17.780Z,40.759,-112.0701667,8.68,0.45,md,11,83,0.03716,0.1,uu,uu60365777,2020-04-29T22:34:12.220Z,"6 km NNE of Magna, Utah",earthquake,0.32,0.88,0.195,5,reviewed,uu,uu
2020-03-19T03:17:36.450Z,40.7143333,-112.0936667,11.06,0.18,md,10,91,0.02927,0.13,uu,uu60021654,2020-04-23T21:46:39.090Z,"0 km NE of Magna, Utah",earthquake,0.51,0.75,0.49,5,reviewed,uu,uu
2020-03-19T03:18:05.060Z,40.7493333,-112.0335,8.79,1,md,28,36,0.02243,0.14,uu,uu60365782,2020-04-23T21:40:27.210Z,"6 km NNW of West Valley City, Utah",earthquake,0.27,0.48,0.271,18,reviewed,uu,uu
2020-03-19T03:19:51.520Z,40.75,-112.0326667,8.39,1.1,ml,27,49,0.02316,0.13,uu,uu60365787,2020-04-24T17:47:16.270Z,"7 km NNW of West Valley City, Utah",earthquake,0.25,0.48,0.137,2,reviewed,uu,uu
2020-03-19T03:20:18.920Z,40.7516667,-112.0338333,7.79,0.48,md,15,60,0.02474,0.14,uu,uu60021669,2020-04-24T17:48:20.390Z,"7 km NNW of West Valley City, UT",earthquake,0.33,0.64,0.077,5,reviewed,uu,uu
2020-03-19T03:22:25.040Z,40.7551667,-112.0403333,6.64,-0.12,md,13,68,0.02463,0.15,uu,uu60365797,2020-05-06T19:59:16.490Z,"7 km NE of Magna, Utah",earthquake,0.39,0.94,0.459,4,reviewed,uu,uu
2020-03-19T03:22:30.890Z,40.7543333,-112.044,6.18,1.16,md,19,64,0.02655,0.17,uu,uu60022419,2020-05-06T19:52:03.100Z,"6 km NE of Magna, Utah",earthquake,0.37,0.74,0.305,9,reviewed,uu,uu
2020-03-19T03:23:47.760Z,40.7575,-112.0371667,7.62,1.04,ml,17,51,0.02161,0.15,uu,uu60365792,2020-04-23T21:29:35.830Z,"7 km NE of Magna, Utah",earthquake,0.34,0.64,0.192,2,reviewed,uu,uu
2020-03-19T03:25:34.350Z,40.7546667,-112.0341667,6.87,0.28,md,9,102,0.02376,0.17,uu,uu60021664,2020-04-24T17:32:16.120Z,"7 km NNW of West Valley City, Utah",earthquake,0.63,0.93,0.204,3,reviewed,uu,uu
2020-03-19T03:25:45.180Z,40.759,-112.0733333,8.45,0.38,md,15,85,0.006638,0.15,uu,uu60021659,2020-04-24T17:29:39.690Z,"6 km NNE of Magna, Utah",earthquake,0.38,0.54,0.115,3,reviewed,uu,uu
2020-03-19T03:26:03.220Z,40.7451667,-112.0386667,8.05,0.8,md,19,53,0.01832,0.15,uu,uu60365802,2020-04-24T17:09:06.090Z,"6 km NE of Magna, Utah",earthquake,0.3,0.53,0.305,10,reviewed,uu,uu
2020-03-19T03:29:19.880Z,40.7448333,-112.0391667,8.47,1.8,ml,22,44,0.01804,0.12,uu,uu60365812,2020-08-05T19:53:38.330Z,"6 km NE of Magna, Utah",earthquake,0.27,0.56,0.152,9,reviewed,uu,uu
2020-03-19T03:30:18.110Z,40.7483333,-112.0451667,6.42,0.81,md,12,67,0.0225,0.13,uu,uu60365817,2020-04-29T22:48:08.270Z,"6 km NE of Magna, Utah",earthquake,0.32,0.89,0.07,5,reviewed,uu,uu
2020-03-19T03:32:38.580Z,40.7656667,-112.0638333,7.79,0.23,md,15,91,0.0298,0.17,uu,uu60022399,2020-05-06T19:30:42.950Z,"7 km NNE of Magna, Utah",earthquake,0.37,0.81,0.27,5,reviewed,uu,uu
2020-03-19T03:32:49.880Z,40.761,-112.0641667,8.42,1,md,13,83,0.03223,0.19,uu,uu60365827,2020-05-06T19:39:08.690Z,"6 km NNE of Magna, Utah",earthquake,0.42,0.73,0.104,6,reviewed,uu,uu
2020-03-19T03:34:14.310Z,40.7738333,-112.0753333,9.27,1.13,ml,20,80,0.02044,0.13,uu,uu60365822,2020-03-23T17:27:30.680Z,"7 km NNE of Magna, Utah",earthquake,0.29,0.62,0.02,2,reviewed,uu,uu
2020-03-19T03:36:32.960Z,40.7473333,-112.0705,7.71,1.05,md,23,57,0.008496,0.14,uu,uu60365832,2020-04-23T21:06:25.820Z,"4 km NNE of Magna, Utah",earthquake,0.31,0.48,0.085,9,reviewed,uu,uu
2020-03-19T03:37:51.110Z,40.7611667,-112.0606667,8.67,1.35,ml,21,52,0.01538,0.08,uu,uu60365837,2020-04-03T21:53:12.890Z,"6 km NNE of Magna, Utah",earthquake,0.27,0.51,0.425,3,reviewed,uu,uu
2020-03-19T03:42:10.150Z,40.7458333,-112.0806667,2.38,0.13,md,5,153,0.03891,0.11,uu,uu60022389,2020-05-06T19:08:24.100Z,"4 km NNE of Magna, Utah",earthquake,0.54,1.88,0.496,3,reviewed,uu,uu
2020-03-19T03:42:22.910Z,40.716,-112.0786667,10.28,0.47,md,13,81,0.03007,0.13,uu,uu60365842,2020-05-06T19:04:15.350Z,"2 km ENE of Magna, Utah",earthquake,0.43,0.63,0.182,5,reviewed,uu,uu
2020-03-19T03:44:09.120Z,40.7613333,-112.0415,7.7,1.02,ml,22,58,0.01951,0.11,uu,uu60365847,2020-04-23T20:56:02.610Z,"7 km NE of Magna, Utah",earthquake,0.23,0.41,0.39,2,reviewed,uu,uu
2020-03-19T03:44:33.460Z,40.7443333,-112.0415,8.27,0.76,md,15,52,0.01788,0.14,uu,uu60021644,2020-04-23T20:57:37.580Z,"6 km NE of Magna, Utah",earthquake,0.34,0.63,0.19,4,reviewed,uu,uu
2020-03-19T03:52:52.720Z,40.7395,-112.0455,7.91,0.52,md,11,91,0.01451,0.07,uu,uu60365852,2020-05-06T17:29:09.710Z,"5 km NE of Magna, Utah",earthquake,0.32,0.7,0.184,5,reviewed,uu,uu
2020-03-19T03:53:27.350Z,40.7436667,-112.059,7.35,0.04,md,9,93,0.02424,0.1,uu,uu60022374,2020-05-06T17:27:03.930Z,"5 km NE of Magna, Utah",earthquake,0.38,0.81,0.15,6,reviewed,uu,uu
2020-03-19T03:53:35.730Z,40.7676667,-112.121,7.71,-0.05,md,5,113,0.0764,0.06,uu,uu60022379,2020-05-06T17:36:23.040Z,"6 km NNW of Magna, Utah",earthquake,0.61,1.49,0.201,3,reviewed,uu,uu
2020-03-19T03:56:51.050Z,40.744,-112.0655,8.95,1.05,ml,12,107,0.02823,0.13,uu,uu60365857,2020-03-23T17:30:40.730Z,"4 km NE of Magna, Utah",earthquake,0.42,0.75,0.341,3,reviewed,uu,uu
2020-03-19T03:58:29.880Z,40.7448333,-112.04,7.35,0.55,md,15,94,0.01814,0.15,uu,uu60365867,2020-05-06T16:02:41.140Z,"6 km NE of Magna, Utah",earthquake,0.38,0.89,0.046,6,reviewed,uu,uu
2020-03-19T03:58:53.380Z,40.7525,-112.0416667,7.9,1.95,ml,25,44,0.0259,0.17,uu,uu60365862,2020-03-23T17:40:47.836Z,"6 km NE of Magna, Utah",earthquake,0.32,0.57,0.145,8,reviewed,uu,uu
2020-03-19T03:59:34.800Z,40.7616667,-112.0851667,7.22,0.68,md,13,73,0.04631,0.18,uu,uu60022334,2020-05-06T16:12:00.060Z,"5 km NNE of Magna, Utah",earthquake,0.44,1.01,0.332,9,reviewed,uu,uu
2020-03-19T04:01:58.320Z,40.7351667,-112.1101667,8.75,0.72,md,10,103,0.05308,0.16,uu,uu60365872,2020-05-06T16:58:35.570Z,"2 km NNW of Magna, Utah",earthquake,0.57,1.03,0.211,2,reviewed,uu,uu
2020-03-19T04:02:04.660Z,40.7528333,-112.0693333,5.65,0.82,md,8,119,0.03626,0.07,uu,uu60022364,2020-05-06T17:02:13.640Z,"5 km NNE of Magna, Utah",earthquake,0.45,0.72,0.22,3,reviewed,uu,uu
2020-03-19T04:02:50.870Z,40.748,-112.0508333,7.84,0.66,md,6,111,0.0239,0.08,uu,uu60022369,2020-06-12T17:55:30.720Z,"6 km NE of Magna, Utah",earthquake,0.58,0.88,0.19,3,reviewed,uu,uu
2020-03-19T04:06:54.330Z,40.738,-112.0791667,8.25,0.75,md,15,66,0.01549,0.14,uu,uu60365877,2020-04-14T14:53:27.460Z,"3 km NNE of Magna, Utah",earthquake,0.34,1.07,0.312,10,reviewed,uu,uu
2020-03-19T04:10:56.870Z,40.7573333,-112.0295,6.35,0.89,ml,12,76,0.03074,0.11,uu,uu60365882,2020-04-30T21:08:02.630Z,"7 km NNW of West Valley City, Utah",earthquake,0.32,0.8,0.342,2,reviewed,uu,uu
2020-03-19T04:11:41.770Z,40.7718333,-112.0726667,9.26,0.8,md,11,104,0.0344,0.1,uu,uu60365887,2020-04-30T20:59:47.720Z,"7 km NNE of Magna, Utah",earthquake,0.34,0.9,0.152,5,reviewed,uu,uu
2020-03-19T04:13:35.940Z,40.7653333,-112.0658333,9.87,1.69,ml,30,51,0.03133,0.11,uu,uu60365892,2020-03-23T17:49:15.068Z,"6 km NNE of Magna, Utah",earthquake,0.24,0.4,0.175,4,reviewed,uu,uu
2020-03-19T04:17:51.670Z,40.7585,-112.0668333,7.8,0.84,md,9,98,0.03528,0.09,uu,uu60365897,2020-05-06T16:49:44.730Z,"6 km NNE of Magna, Utah",earthquake,0.36,0.72,0.375,4,reviewed,uu,uu
2020-03-19T04:17:56.370Z,40.7746667,-112.1138333,10.94,0.65,md,6,145,0.06519,0.11,uu,uu60022359,2020-05-06T16:53:53.440Z,"7 km N of Magna, Utah",earthquake,0.54,0.8,0.319,4,reviewed,uu,uu
2020-03-19T04:20:14.200Z,40.7481667,-112.085,5.9,0.04,md,9,93,0.04292,0.09,uu,uu60022304,2020-05-05T18:44:59.210Z,"4 km NNE of Magna, Utah",earthquake,0.32,0.81,0.329,4,reviewed,uu,uu
2020-03-19T04:20:32.550Z,40.7538333,-112.064,9.61,1.03,ml,21,54,0.01081,0.11,uu,uu60365902,2020-03-23T18:09:30.300Z,"5 km NNE of Magna, Utah",earthquake,0.26,0.5,0.197,3,reviewed,uu,uu
2020-03-19T04:21:12.510Z,40.7403333,-112.069,8.42,2.05,ml,11,86,0.01489,0.18,uu,uu60365907,2020-06-06T20:53:52.040Z,"4 km NE of Magna, Utah",earthquake,0.75,0.84,0.102,11,reviewed,uu,uu
2020-03-19T04:22:00.660Z,40.7381667,-112.0486667,8.72,0.82,md,14,52,0.01483,0.17,uu,uu60365912,2020-05-05T18:39:17.850Z,"5 km NE of Magna, Utah",earthquake,0.36,0.7,0.141,7,reviewed,uu,uu
2020-03-19T04:25:10.870Z,40.7395,-112.0685,7.16,0.62,md,15,89,0.0158,0.14,uu,uu60365917,2020-04-14T15:03:14.730Z,"4 km NE of Magna, Utah",earthquake,0.36,1.11,0.321,11,reviewed,uu,uu
2020-03-19T04:35:27.970Z,40.74,-112.0373333,8.39,0.6,ml,14,54,0.01308,0.09,uu,uu60365927,2020-04-30T16:19:17.040Z,"6 km NNW of West Valley City, Utah",earthquake,0.27,0.71,0.156,2,reviewed,uu,uu
2020-03-19T04:38:20.640Z,40.7686667,-112.0768333,11.42,0,md,11,117,0.03817,0.12,uu,uu60022269,2020-05-05T17:43:16.200Z,"6 km NNE of Magna, Utah",earthquake,0.38,1,0.105,5,reviewed,uu,uu
2020-03-19T04:38:32.380Z,40.7653333,-112.0743333,7.7,-0.21,md,7,120,0.04821,0.16,uu,uu60022274,2020-05-05T17:52:35.220Z,"6 km NNE of Magna, Utah",earthquake,0.63,1.34,0.179,4,reviewed,uu,uu
2020-03-19T04:38:46.750Z,40.7515,-112.049,6.05,0.82,md,12,83,0.02647,0.07,uu,uu60022279,2020-05-05T19:04:33.800Z,"6 km NE of Magna, Utah",earthquake,0.41,0.63,0.188,7,reviewed,uu,uu
2020-03-19T04:39:17.390Z,40.7506667,-112.041,5.83,0.23,md,11,79,0.02401,0.14,uu,uu60365932,2020-05-05T17:39:07.310Z,"6 km NE of Magna, Utah",earthquake,0.42,0.81,0.148,4,reviewed,uu,uu
2020-03-19T04:40:39.450Z,40.7881667,-112.0658333,5.65,0.89,md,16,61,0.1102,0.16,uu,uu60365937,2020-04-14T15:17:39.640Z,"9 km NNE of Magna, Utah",earthquake,0.37,1.59,0.29,13,reviewed,uu,uu
2020-03-19T04:43:07.920Z,40.761,-112.069,8.28,-0.03,md,7,118,0.04231,0.08,uu,uu60021954,2020-04-30T16:36:22.920Z,"6 km NNE of Magna, Utah",earthquake,0.42,0.8,0.38,4,reviewed,uu,uu
2020-03-19T04:43:24.380Z,40.754,-112.0661667,8.07,0.51,md,12,113,0.03549,0.09,uu,uu60365942,2020-04-30T16:26:36.510Z,"5 km NNE of Magna, Utah",earthquake,0.3,0.79,0.099,6,reviewed,uu,uu
2020-03-19T04:49:20.020Z,40.7616667,-112.0646667,7.33,1.07,ml,26,52,0.03221,0.13,uu,uu60365947,2020-04-23T20:46:46.240Z,"6 km NNE of Magna, Utah",earthquake,0.24,0.53,0.279,2,reviewed,uu,uu
2020-03-19T04:51:25.240Z,40.7475,-112.0626667,6.56,0.64,md,12,80,0.02891,0.12,uu,uu60365952,2020-05-05T16:40:16.080Z,"5 km NE of Magna, Utah",earthquake,0.34,0.91,0.164,5,reviewed,uu,uu
2020-03-19T04:52:38.550Z,40.7461667,-112.0758333,8.97,1.07,md,17,94,0.03592,0.11,uu,uu60365957,2020-04-23T20:35:54.690Z,"4 km NNE of Magna, Utah",earthquake,0.32,0.67,0.108,6,reviewed,uu,uu
2020-03-19T04:53:09.850Z,40.7508333,-112.0431667,7.15,0.13,md,13,67,0.02449,0.13,uu,uu60021639,2020-04-23T20:38:00.390Z,"6 km NE of Magna, Utah",earthquake,0.34,0.65,0.174,5,reviewed,uu,uu
2020-03-19T04:57:42.660Z,40.74,-112.0461667,9,1.16,ml,21,42,0.0152,0.11,uu,uu60365962,2020-04-23T20:27:06.330Z,"5 km NE of Magna, Utah",earthquake,0.27,0.42,0.147,3,reviewed,uu,uu
2020-03-19T04:59:35.920Z,40.7348333,-112.0696667,9.21,1.11,ml,21,57,0.02686,0.13,uu,uu60365967,2020-04-23T20:12:03.420Z,"3 km NE of Magna, Utah",earthquake,0.33,0.56,0.322,2,reviewed,uu,uu
2020-03-19T05:01:56.630Z,40.7778333,-112.0801667,9.67,0.85,md,24,61,0.03954,0.15,uu,uu60365972,2020-04-23T20:02:41.720Z,"7 km NNE of Magna, Utah",earthquake,0.32,0.54,0.189,12,reviewed,uu,uu
2020-03-19T05:02:17.290Z,40.743,-112.0751667,8.53,1.15,md,15,92,0.03389,0.13,uu,uu60021629,2020-04-23T20:04:08.400Z,"4 km NNE of Magna, Utah",earthquake,0.33,0.65,0.174,5,reviewed,uu,uu
2020-03-19T05:04:06.620Z,40.7301667,-112.0618333,9.57,2.21,ml,28,52,0.01998,0.11,uu,uu60365977,2020-06-06T20:53:52.040Z,"4 km NE of Magna, Utah",earthquake,0.24,0.51,0.138,11,reviewed,uu,uu
2020-03-19T05:04:54.050Z,40.738,-112.0765,8.98,1.89,ml,31,47,0.03278,0.18,uu,uu60020279,2020-03-19T13:30:20.200Z,"3 km NNE of Magna, Utah",earthquake,0.34,0.7,0.135,5,reviewed,uu,uu
2020-03-19T05:07:22.940Z,40.7326667,-112.0641667,9.62,0.51,md,11,101,0.02224,0.1,uu,uu60365982,2020-04-30T17:06:40.730Z,"4 km NE of Magna, Utah",earthquake,0.35,0.85,0.119,6,reviewed,uu,uu
2020-03-19T05:23:36.360Z,40.7501667,-112.0383333,9,0.33,md,11,97,0.02327,0.12,uu,uu60022249,2020-05-05T16:33:02.770Z,"7 km NE of Magna, Utah",earthquake,0.38,1.2,0.213,5,reviewed,uu,uu
2020-03-19T05:23:56.850Z,40.7436667,-112.036,8.48,0.7,ml,14,56,0.0167,0.11,uu,uu60365987,2020-05-05T16:28:53.700Z,"6 km NNW of West Valley City, Utah",earthquake,0.3,0.61,0.252,2,reviewed,uu,uu
2020-03-19T05:28:25.720Z,40.7463333,-112.035,7.82,1.24,ml,21,57,0.01938,0.11,uu,uu60365992,2020-04-03T21:43:25.730Z,"6 km NNW of West Valley City, Utah",earthquake,0.25,0.55,0.233,3,reviewed,uu,uu
2020-03-19T05:29:43.320Z,40.7833333,-112.0611667,9.27,1.35,ml,28,54,0.02567,0.14,uu,uu60365997,2020-04-23T19:50:20.200Z,"8 km NNE of Magna, Utah",earthquake,0.28,0.59,0.134,2,reviewed,uu,uu
2020-03-19T05:32:37.180Z,40.7456667,-112.0365,7.57,0.23,md,10,111,0.0187,0.14,uu,uu60366002,2020-05-05T17:15:23.980Z,"6 km NNW of West Valley City, Utah",earthquake,0.43,0.79,0.135,5,reviewed,uu,uu
2020-03-19T05:37:28.540Z,40.7353333,-112.0805,9.81,0.71,md,18,88,0.03493,0.12,uu,uu60366007,2020-04-23T19:41:34.540Z,"3 km NNE of Magna, Utah",earthquake,0.29,0.52,0.125,7,reviewed,uu,uu
2020-03-19T05:39:28.130Z,40.76,-112.0683333,9.73,0.51,md,12,85,0.03546,0.07,uu,uu60366022,2020-05-05T16:49:01.760Z,"6 km NNE of Magna, Utah",earthquake,0.27,0.54,0.412,5,reviewed,uu,uu
2020-03-19T05:39:36.060Z,40.7286667,-112.1088333,7.8,0,md,7,101,0.04672,0.25,uu,uu60022234,2020-05-05T16:52:08.910Z,"2 km NNW of Magna, Utah",earthquake,0.92,1.66,0.557,3,reviewed,uu,uu
2020-03-19T05:40:08.450Z,40.7426667,-112.0371667,8.16,0.64,md,15,92,0.01573,0.09,uu,uu60022239,2020-05-05T16:53:13.040Z,"6 km NNW of West Valley City, Utah",earthquake,0.27,0.6,0.406,10,reviewed,uu,uu
2020-03-19T05:40:21.130Z,40.7526667,-112.0403333,7.56,0.75,md,14,75,0.02591,0.14,uu,uu60022244,2020-05-05T16:54:48.010Z,"7 km NE of Magna, Utah",earthquake,0.38,0.6,0.282,8,reviewed,uu,uu
2020-03-19T05:41:40.410Z,40.7761667,-112.0743333,9.8,1.49,ml,26,54,0.03516,0.14,uu,uu60366017,2020-03-23T18:18:47.320Z,"7 km NNE of Magna, Utah",earthquake,0.29,0.52,0.059,3,reviewed,uu,uu
2020-03-19T05:43:13.770Z,40.7556667,-112.0458333,8.03,0.04,md,7,118,0.02967,0.09,uu,uu60021624,2020-04-23T19:35:14.880Z,"6 km NE of Magna, Utah",earthquake,0.5,0.91,0.157,3,reviewed,uu,uu
2020-03-19T05:43:25.990Z,40.7495,-112.0375,6.9,0.74,md,21,55,0.02256,0.12,uu,uu60366027,2020-04-23T19:36:19.050Z,"7 km NE of Magna, Utah",earthquake,0.27,0.52,0.041,7,reviewed,uu,uu
2020-03-19T05:43:48.250Z,40.748,-112.0283333,6.65,0.53,md,12,95,0.0218,0.17,uu,uu60366032,2020-05-05T16:07:36.650Z,"6 km NNW of West Valley City, Utah",earthquake,0.43,0.87,0.21,6,reviewed,uu,uu
2020-03-19T05:45:23.670Z,40.75,-112.033,7.47,0.74,ml,12,97,0.02313,0.12,uu,uu60366037,2020-05-05T16:12:52.090Z,"7 km NNW of West Valley City, Utah",earthquake,0.37,0.94,0.301,2,reviewed,uu,uu
2020-03-19T05:45:52.970Z,40.7396667,-112.1158333,5.66,-0.28,md,6,154,0.06207,0.08,uu,uu60022229,2020-05-05T16:19:34.750Z,"Utah",earthquake,0.42,1.52,0.474,3,reviewed,uu,uu
2020-03-19T05:48:44.720Z,40.7336667,-112.081,10.6,1.53,ml,22,62,0.03494,0.19,uu,uu60366042,2020-04-03T21:28:26.985Z,"3 km NNE of Magna, Utah",earthquake,0.43,0.72,0.168,3,reviewed,uu,uu
2020-03-19T05:51:22.740Z,40.734,-112.0851667,9.59,0.82,md,12,99,0.03811,0.13,uu,uu60022224,2020-05-05T16:09:42.270Z,"3 km NNE of Magna, Utah",earthquake,0.41,0.64,0.255,7,reviewed,uu,uu
2020-03-19T05:56:02.750Z,40.7673333,-112.0806667,10.74,1.43,ml,25,56,0.04132,0.16,uu,uu60366052,2020-04-03T21:13:04.680Z,"6 km NNE of Magna, Utah",earthquake,0.34,0.65,0.169,3,reviewed,uu,uu
2020-03-19T06:01:46.070Z,40.7486667,-112.0426667,7.24,0.37,md,13,52,0.0223,0.1,uu,uu60021614,2020-04-23T17:58:15.740Z,"6 km NE of Magna, Utah",earthquake,0.26,0.52,0.154,4,reviewed,uu,uu
2020-03-19T06:02:02.350Z,40.7551667,-112.0721667,8.82,1.15,ml,25,51,0.03943,0.15,uu,uu60366062,2020-04-23T17:57:53.220Z,"5 km NNE of Magna, Utah",earthquake,0.27,0.57,0.064,2,reviewed,uu,uu
2020-03-19T06:02:51.030Z,40.7051667,-112.0981667,12.04,0.8,md,14,58,0.02212,0.13,uu,uu60366067,2020-04-23T17:33:36.460Z,"0 km SSE of Magna, Utah",earthquake,0.46,0.62,0.139,7,reviewed,uu,uu
2020-03-19T06:08:59.160Z,40.7711667,-112.0868333,9.29,0.56,md,14,104,0.04512,0.12,uu,uu60366072,2020-04-30T19:54:44.680Z,"7 km N of Magna, Utah",earthquake,0.37,0.88,0.395,7,reviewed,uu,uu
2020-03-19T06:10:30.730Z,40.7708333,-112.0735,10.24,1.81,ml,23,57,0.03521,0.13,uu,uu60366077,2020-03-23T18:27:32.219Z,"7 km NNE of Magna, Utah",earthquake,0.26,0.55,0.083,9,reviewed,uu,uu
2020-03-19T06:20:42.520Z,40.7636667,-112.0788333,9.76,0.62,md,13,90,0.04111,0.12,uu,uu60366082,2020-05-01T15:42:53.440Z,"6 km NNE of Magna, Utah",earthquake,0.38,0.68,0.27,6,reviewed,uu,uu
2020-03-19T06:20:52.470Z,40.7305,-112.1,10.48,0.69,md,10,97,0.04612,0.11,uu,uu60022034,2020-05-11T13:30:56.060Z,"2 km N of Magna, Utah",earthquake,0.4,0.93,0.086,5,reviewed,uu,uu
2020-03-19T06:21:05.950Z,40.7553333,-112.0713333,8.43,0.59,md,9,114,0.03911,0.1,uu,uu60022039,2020-05-01T15:51:29.840Z,"5 km NNE of Magna, Utah",earthquake,0.35,0.71,0.224,3,reviewed,uu,uu
2020-03-19T06:24:12.490Z,40.7498333,-112.0445,7.68,0.84,md,16,53,0.02378,0.11,uu,uu60366087,2020-05-01T16:31:05.370Z,"6 km NE of Magna, Utah",earthquake,0.29,0.7,0.072,6,reviewed,uu,uu
2020-03-19T06:24:49.070Z,40.747,-112.0663333,6.91,0.76,md,12,94,0.03061,0.11,uu,uu60022054,2020-05-01T16:34:12.650Z,"5 km NE of Magna, Utah",earthquake,0.36,0.69,0.152,6,reviewed,uu,uu
2020-03-19T06:27:20.960Z,40.7378333,-112.0733333,8.82,0.71,md,17,90,0.03047,0.11,uu,uu60366092,2020-04-23T17:27:55.380Z,"3 km NE of Magna, Utah",earthquake,0.3,0.63,0.308,10,reviewed,uu,uu
2020-03-19T06:34:16.900Z,40.7686667,-112.0855,10.02,0.46,md,10,100,0.04458,0.12,uu,uu60366097,2020-05-01T17:10:50.650Z,"6 km NNE of Magna, Utah",earthquake,0.39,0.91,0.137,5,reviewed,uu,uu
2020-03-19T06:36:35.420Z,40.7536667,-112.0508333,7.74,0.41,md,12,98,0.02901,0.1,uu,uu60366102,2020-05-01T17:13:57.930Z,"6 km NE of Magna, Utah",earthquake,0.32,0.77,0.13,6,reviewed,uu,uu
2020-03-19T06:38:14.060Z,40.769,-112.073,8.25,-0.36,md,6,129,0.0506,0.07,uu,uu60366107,2020-05-05T15:20:04.700Z,"7 km NNE of Magna, Utah",earthquake,0.55,1.16,0.205,3,reviewed,uu,uu
2020-03-19T06:38:33.260Z,40.7551667,-112.0508333,8.38,0.16,md,12,116,0.03039,0.09,uu,uu60022199,2020-05-05T15:21:39.580Z,"6 km NE of Magna, Utah",earthquake,0.27,0.64,0.441,5,reviewed,uu,uu
2020-03-19T06:38:39.920Z,40.7375,-112.0336667,7.73,0.79,md,11,106,0.01067,0.07,uu,uu60022204,2020-05-05T15:23:06.330Z,"5 km NNW of West Valley City, Utah",earthquake,0.35,0.54,0.239,7,reviewed,uu,uu
2020-03-19T06:39:03.450Z,40.7663333,-112.0691667,8.36,0.35,md,13,103,0.04677,0.13,uu,uu60022209,2020-05-05T15:24:21.360Z,"6 km NNE of Magna, Utah",earthquake,0.35,0.82,0.369,6,reviewed,uu,uu
2020-03-19T06:41:01.510Z,40.767,-112.0693333,9.54,1.67,ml,26,53,0.03319,0.15,uu,uu60366112,2020-03-23T18:35:30.183Z,"6 km NNE of Magna, Utah",earthquake,0.27,0.55,0.191,6,reviewed,uu,uu
2020-03-19T06:51:16.250Z,40.7298333,-112.0455,8.5,0.72,md,21,47,0.007858,0.14,uu,uu60366117,2020-04-23T17:14:30.060Z,"5 km ENE of Magna, Utah",earthquake,0.35,0.53,0.319,12,reviewed,uu,uu
2020-03-19T06:53:01.150Z,40.7336667,-112.064,9.29,0.57,md,12,88,0.0224,0.11,uu,uu60366122,2020-05-01T17:18:09.950Z,"4 km NE of Magna, Utah",earthquake,0.36,0.93,0.093,5,reviewed,uu,uu
2020-03-19T06:54:54.970Z,40.7451667,-112.0763333,8.1,1.4,ml,19,93,0.03572,0.14,uu,uu60366127,2020-03-25T17:31:30.200Z,"4 km NNE of Magna, Utah",earthquake,0.34,0.91,0.187,3,reviewed,uu,uu
2020-03-19T06:58:42.420Z,40.766,-112.0335,7.88,1.08,ml,18,104,0.03905,0.11,uu,uu60366132,2020-03-25T17:43:28.640Z,"8 km NE of Magna, Utah",earthquake,0.29,0.85,0.302,2,reviewed,uu,uu
2020-03-19T07:03:42.390Z,40.757,-112.0728333,6.53,0.54,md,11,99,0.0411,0.07,uu,uu60022219,2020-05-05T15:40:51.380Z,"5 km NNE of Magna, Utah",earthquake,0.35,0.83,0.186,7,reviewed,uu,uu
2020-03-19T07:04:48.060Z,40.7566667,-112.0745,9.19,-0.07,md,9,99,0.04174,0.16,uu,uu60022214,2020-05-05T15:32:05.580Z,"5 km NNE of Magna, Utah",earthquake,0.57,1.22,0.275,6,reviewed,uu,uu
2020-03-19T07:07:48.710Z,40.7771667,-112.0791667,9.34,0.77,md,12,108,0.03879,0.11,uu,uu60022084,2020-05-01T21:34:50.590Z,"7 km NNE of Magna, Utah",earthquake,0.37,0.66,0.077,6,reviewed,uu,uu
2020-03-19T07:08:04.570Z,40.7603333,-112.0721667,5.37,0.63,md,11,87,0.03784,0.09,uu,uu60366142,2020-05-01T21:35:23.930Z,"6 km NNE of Magna, Utah",earthquake,0.3,0.78,0.105,4,reviewed,uu,uu
2020-03-19T07:13:06.500Z,40.763,-112.0636667,7.68,1.31,ml,29,50,0.03089,0.15,uu,uu60366147,2020-06-06T20:53:52.040Z,"6 km NNE of Magna, Utah",earthquake,0.25,0.5,0.1,3,reviewed,uu,uu
2020-03-19T07:13:53.460Z,40.7338333,-112.0618333,9.76,0.56,md,10,101,0.02089,0.14,uu,uu60021604,2020-04-23T16:58:30.720Z,"Utah",earthquake,0.42,0.85,0.105,4,reviewed,uu,uu
2020-03-19T07:15:08.850Z,40.7641667,-112.023,8.07,0.64,md,10,115,0.03845,0.15,uu,uu60366152,2020-05-01T20:46:05.230Z,"8 km NNW of West Valley City, Utah",earthquake,0.42,1.24,0.305,7,reviewed,uu,uu
2020-03-19T07:22:07.690Z,40.7271667,-112.0931667,10.99,1.45,ml,18,85,0.04169,0.11,uu,uu60366157,2020-03-23T18:37:28.500Z,"2 km NNE of Magna, Utah",earthquake,0.35,0.64,0.24,3,reviewed,uu,uu
2020-03-19T07:26:57.700Z,40.7318333,-112.0908333,4.89,0.08,md,8,100,0.04205,0.19,uu,uu60021589,2020-04-22T21:59:47.960Z,"2 km NNE of Magna, Utah",earthquake,0.69,2.32,0.232,4,reviewed,uu,uu
2020-03-19T07:27:21.380Z,40.7618333,-112.0576667,7.14,1.11,ml,25,49,0.02766,0.13,uu,uu60366167,2020-04-22T21:53:02.770Z,"6 km NNE of Magna, Utah",earthquake,0.26,0.56,0.302,2,reviewed,uu,uu
2020-03-19T07:27:56.980Z,40.7603333,-112.0331667,6.38,0.5,md,16,61,0.01806,0.13,uu,uu60366172,2020-04-30T22:15:03.760Z,"Utah",earthquake,0.31,0.8,0.41,8,reviewed,uu,uu
2020-03-19T07:30:51.490Z,40.7958333,-112.0646667,10.14,0.87,md,12,119,0.03299,0.11,uu,uu60366177,2020-04-30T22:18:11.050Z,"10 km NNE of Magna, Utah",earthquake,0.44,0.8,0.33,5,reviewed,uu,uu
2020-03-19T07:32:36.010Z,40.754,-112.0763333,8.15,0.41,md,13,97,0.04093,0.12,uu,uu60366182,2020-04-30T22:30:01.510Z,"5 km NNE of Magna, Utah",earthquake,0.34,1.01,0.354,7,reviewed,uu,uu
2020-03-19T07:34:08.520Z,40.7355,-112.0753333,10.27,1.29,ml,21,69,0.03118,0.18,uu,uu60366187,2020-04-22T21:41:40.580Z,"3 km NE of Magna, Utah",earthquake,0.41,0.8,0.193,2,reviewed,uu,uu
2020-03-19T07:34:16.010Z,40.7603333,-112.0928333,5.94,0.95,md,8,112,0.05463,0.1,uu,uu60021584,2020-04-22T21:45:49.330Z,"5 km N of Magna, Utah",earthquake,0.41,1.1,0.277,6,reviewed,uu,uu
2020-03-19T07:37:47.280Z,40.7391667,-112.0503333,4.27,0.33,md,8,108,0.01642,0.08,uu,uu60022024,2020-04-30T22:40:52.730Z,"5 km NE of Magna, Utah",earthquake,0.39,0.63,0.348,3,reviewed,uu,uu
2020-03-19T07:38:15.300Z,40.7418333,-112.0713333,9.38,0.48,md,9,105,0.03077,0.1,uu,uu60366192,2020-04-30T22:36:44.000Z,"4 km NE of Magna, Utah",earthquake,0.46,0.85,0.266,4,reviewed,uu,uu
2020-03-19T07:40:45.910Z,40.7513333,-112.042,9.13,1.76,ml,33,45,0.0248,0.17,uu,uu60366197,2020-03-23T18:47:08.515Z,"6 km NE of Magna, Utah",earthquake,0.29,0.5,0.118,8,reviewed,uu,uu
2020-03-19T07:59:30.330Z,40.7545,-112.0361667,7.63,1.15,ml,28,44,0.02426,0.14,uu,uu60366202,2020-04-22T21:35:28.740Z,"7 km NE of Magna, Utah",earthquake,0.25,0.48,0.092,3,reviewed,uu,uu
2020-03-19T08:02:06.660Z,40.7581667,-112.0688333,7.61,1.31,ml,25,55,0.03674,0.2,uu,uu60366207,2020-04-22T21:29:16.960Z,"6 km NNE of Magna, Utah",earthquake,0.39,0.82,0.24,2,reviewed,uu,uu
2020-03-19T08:07:10.080Z,40.7608333,-112.0641667,6.77,0.66,md,14,82,0.03232,0.14,uu,uu60366212,2020-04-28T17:25:10.000Z,"6 km NNE of Magna, Utah",earthquake,0.4,0.94,0.27,7,reviewed,uu,uu
2020-03-19T08:09:16.130Z,40.7673333,-112.0845,10.47,0.31,md,10,115,0.04414,0.13,uu,uu60366217,2020-04-28T17:29:49.690Z,"6 km NNE of Magna, Utah",earthquake,0.52,1.16,0.18,4,reviewed,uu,uu
2020-03-19T08:09:25.470Z,40.7606667,-112.0548333,7.99,0.42,md,7,128,0.03663,0.07,uu,uu60021809,2020-04-28T17:31:55.420Z,"6 km NE of Magna, Utah",earthquake,0.4,1.14,0.093,3,reviewed,uu,uu
2020-03-19T08:10:45.430Z,40.769,-112.0775,9.77,0.53,md,10,100,0.03858,0.08,uu,uu60366222,2020-04-28T17:34:31.930Z,"6 km NNE of Magna, Utah",earthquake,0.34,0.79,0.305,4,reviewed,uu,uu
2020-03-19T08:11:46.860Z,40.755,-112.0698333,9.1,0.72,md,13,93,0.03809,0.14,uu,uu60366227,2020-04-28T17:37:08.360Z,"Utah",earthquake,0.41,0.76,0.115,5,reviewed,uu,uu
2020-03-19T08:17:30.050Z,40.7366667,-112.0666667,8.41,0.53,md,13,90,0.02533,0.1,uu,uu60366232,2020-04-28T17:47:56.990Z,"4 km NE of Magna, Utah",earthquake,0.35,0.79,0.147,5,reviewed,uu,uu
2020-03-19T08:20:07.530Z,40.7465,-112.0786667,4.62,0.76,md,10,93,0.0991,0.17,uu,uu60366237,2020-05-01T17:27:28.520Z,"Utah",earthquake,0.41,2.74,0.144,6,reviewed,uu,uu
2020-03-19T08:21:29.510Z,40.7503333,-112.0481667,7.64,0.65,md,24,74,0.02516,0.19,uu,uu60366242,2020-04-22T21:17:44.090Z,"6 km NE of Magna, Utah",earthquake,0.35,0.75,0.306,11,reviewed,uu,uu
2020-03-19T08:21:55.190Z,40.7373333,-112.0831667,9.86,0.67,md,12,96,0.0374,0.21,uu,uu60021579,2020-04-22T21:20:59.360Z,"3 km NNE of Magna, Utah",earthquake,0.52,1.1,0.139,6,reviewed,uu,uu
2020-03-19T08:22:26.890Z,40.7376667,-112.0268333,2.48,-0.32,md,8,108,0.01272,0.1,uu,uu60021574,2020-04-22T21:05:39.960Z,"5 km NNW of West Valley City, Utah",earthquake,0.76,0.59,0.378,3,reviewed,uu,uu
2020-03-19T08:22:52.350Z,40.7733333,-112.0825,10.18,1.12,ml,30,74,0.04158,0.22,uu,uu60366247,2020-04-22T21:05:17.490Z,"7 km NNE of Magna, Utah",earthquake,0.42,0.76,0.06,2,reviewed,uu,uu
2020-03-19T08:29:01.340Z,40.7665,-112.0886667,9.45,0.47,md,7,117,0.0563,0.05,uu,uu60366257,2020-05-01T20:42:27.270Z,"6 km N of Magna, Utah",earthquake,0.41,1.14,0.206,3,reviewed,uu,uu
2020-03-19T08:30:07.180Z,40.7491667,-112.0753333,9.65,0.95,ml,21,74,0.0373,0.14,uu,uu60366252,2020-04-22T20:27:43.230Z,"4 km NNE of Magna, Utah",earthquake,0.28,0.59,0.148,2,reviewed,uu,uu
2020-03-19T08:33:42.840Z,40.7493333,-112.0606667,12.71,0.44,md,8,112,0.02924,0.18,uu,uu60366262,2020-05-01T20:39:50.760Z,"5 km NE of Magna, Utah",earthquake,0.88,1.81,0.03,4,reviewed,uu,uu
2020-03-19T08:38:18.880Z,40.7446667,-112.0475,8.91,0.37,md,11,81,0.01978,0.09,uu,uu60366267,2020-04-28T17:50:33.500Z,"6 km NE of Magna, Utah",earthquake,0.43,1.01,0.272,4,reviewed,uu,uu
2020-03-19T08:41:06.140Z,40.76,-112.0591667,8.38,0.1,md,7,119,0.03746,0.13,uu,uu60021569,2020-04-22T20:21:59.520Z,"6 km NNE of Magna, Utah",earthquake,0.4,1.12,0.144,3,reviewed,uu,uu
2020-03-19T08:41:28.010Z,40.7608333,-112.0768333,10.09,0.73,md,13,81,0.04079,0.11,uu,uu60366272,2020-04-22T20:22:22.070Z,"6 km NNE of Magna, Utah",earthquake,0.3,0.69,0.112,5,reviewed,uu,uu
2020-03-19T08:51:19.340Z,40.755,-112.057,6.29,0.15,md,11,86,0.03178,0.1,uu,uu60021564,2020-04-22T20:12:09.700Z,"6 km NE of Magna, Utah",earthquake,0.29,0.58,0.261,4,reviewed,uu,uu
2020-03-19T08:51:25.900Z,40.7365,-112.0385,8.97,1.23,ml,24,41,0.009746,0.15,uu,uu60366277,2020-04-22T20:07:57.260Z,"5 km NNW of West Valley City, Utah",earthquake,0.41,0.63,0.167,2,reviewed,uu,uu
2020-03-19T08:57:06.300Z,40.76,-112.052,6.72,-0.21,md,8,120,0.03522,0.12,uu,uu60022184,2020-05-05T14:33:44.270Z,"7 km NE of Magna, Utah",earthquake,0.41,1.06,0.138,5,reviewed,uu,uu
2020-03-19T08:57:26.610Z,40.7561667,-112.0721667,5.66,-0.27,md,9,96,0.03995,0.32,uu,uu60022189,2020-05-05T14:47:07.390Z,"5 km NNE of Magna, Utah",earthquake,0.86,2.9,0.139,4,reviewed,uu,uu
2020-03-19T08:57:36.880Z,40.7826667,-112.0718333,11.16,0.3,md,12,134,0.03354,0.11,uu,uu60366282,2020-05-05T14:28:00.460Z,"8 km NNE of Magna, Utah",earthquake,0.4,0.8,0.204,7,reviewed,uu,uu
2020-03-19T08:57:55.030Z,40.7548333,-112.0668333,3.52,-0.41,md,6,117,0.03646,0.09,uu,uu60022194,2020-05-05T14:56:57.420Z,"5 km NNE of Magna, Utah",earthquake,0.39,1.06,0.247,4,reviewed,uu,uu
2020-03-19T09:02:09.160Z,40.7473333,-112.0528333,8.48,0.49,md,10,111,0.0241,0.09,uu,uu60366287,2020-04-30T22:47:35.340Z,"5 km NE of Magna, Utah",earthquake,0.44,0.88,0.231,4,reviewed,uu,uu
2020-03-19T09:12:08.200Z,40.7286667,-112.0735,9.75,1.38,ml,19,56,0.02864,0.13,uu,uu60366292,2020-03-23T19:21:51.760Z,"3 km NE of Magna, Utah",earthquake,0.33,0.59,0.247,3,reviewed,uu,uu
2020-03-19T09:12:29.400Z,40.7383333,-112.0345,9.88,2.29,ml,29,40,0.01142,0.17,uu,uu60366297,2020-06-06T20:53:52.040Z,"5 km NNW of West Valley City, Utah",earthquake,0.35,0.4,0.087,11,reviewed,uu,uu
2020-03-19T09:15:07.910Z,40.7396667,-112.0321667,9.14,0.45,md,10,107,0.01301,0.08,uu,uu60022079,2020-05-01T20:33:05.390Z,"5 km NNW of West Valley City, Utah",earthquake,0.43,0.9,0.3,3,reviewed,uu,uu
2020-03-19T09:15:38.170Z,40.7316667,-112.033,8.02,0.59,md,12,87,0.005195,0.12,uu,uu60366302,2020-05-01T20:35:11.170Z,"5 km NNW of West Valley City, Utah",earthquake,0.43,0.9,0.144,5,reviewed,uu,uu
2020-03-19T09:16:06.570Z,40.7451667,-112.0736667,9.54,-0.02,md,10,123,0.03399,0.13,uu,uu60022159,2020-05-04T21:36:46.230Z,"4 km NNE of Magna, Utah",earthquake,0.47,0.79,0.236,7,reviewed,uu,uu
2020-03-19T09:16:32.280Z,40.7563333,-112.0745,5.22,0.6,md,9,99,0.1094,0.11,uu,uu60022154,2020-05-04T21:37:08.780Z,"5 km NNE of Magna, Utah",earthquake,0.29,1.77,0.252,6,reviewed,uu,uu
2020-03-19T09:16:42.460Z,40.747,-112.0773333,8.61,-0.22,md,8,116,0.03733,0.13,uu,uu60366307,2020-05-04T21:48:11.180Z,"4 km NNE of Magna, Utah",earthquake,0.63,0.9,0.207,5,reviewed,uu,uu
2020-03-19T09:17:18.910Z,40.743,-112.0346667,7.75,0.2,md,9,109,0.01606,0.08,uu,uu60022169,2020-05-04T21:27:26.820Z,"6 km NNW of West Valley City, Utah",earthquake,0.35,0.76,0.107,4,reviewed,uu,uu
2020-03-19T09:23:02.660Z,40.7401667,-112.0318333,8.86,1.55,ml,23,41,0.01356,0.15,uu,uu60366312,2020-03-23T19:33:17.007Z,"5 km NNW of West Valley City, Utah",earthquake,0.34,0.65,0.113,3,reviewed,uu,uu
2020-03-19T09:27:08.370Z,40.7433333,-112.073,8.91,0.57,md,13,106,0.03261,0.12,uu,uu60366317,2020-05-01T20:18:07.580Z,"4 km NNE of Magna, Utah",earthquake,0.4,0.88,0.138,4,reviewed,uu,uu
2020-03-19T09:31:42.760Z,40.7436667,-112.0245,8.68,1.62,ml,25,41,0.01881,0.12,uu,uu60366322,2020-03-23T19:41:51.336Z,"6 km NNW of West Valley City, Utah",earthquake,0.24,0.48,0.214,3,reviewed,uu,uu
2020-03-19T09:35:07.510Z,40.7416667,-112.0223333,7.23,1.29,ml,15,70,0.01795,0.14,uu,uu60366327,2020-03-25T17:41:53.630Z,"5 km NNW of West Valley City, Utah",earthquake,0.37,0.69,0.129,4,reviewed,uu,uu
2020-03-19T09:40:36.460Z,40.7421667,-112.0293333,8.31,1.21,ml,16,63,0.01599,0.09,uu,uu60366332,2020-03-25T17:53:46.830Z,"6 km NNW of West Valley City, Utah",earthquake,0.28,0.56,0.156,3,reviewed,uu,uu
2020-03-19T09:52:37.890Z,40.7531667,-112.0623333,6.93,1.15,ml,16,71,0.03301,0.11,uu,uu60366342,2020-05-01T20:09:52.680Z,"5 km NE of Magna, Utah",earthquake,0.29,0.72,0.367,3,reviewed,uu,uu
2020-03-19T09:53:14.970Z,40.7313333,-112.0728333,9.56,0.64,md,17,87,0.02842,0.13,uu,uu60366337,2020-04-22T19:59:40.600Z,"3 km NE of Magna, Utah",earthquake,0.37,0.63,0.221,11,reviewed,uu,uu
2020-03-19T09:55:23.240Z,40.7546667,-112.039,6.96,0.19,md,8,118,0.02779,0.15,uu,uu60366347,2020-05-01T17:30:05.110Z,"7 km NE of Magna, Utah",earthquake,0.57,1.02,0.233,4,reviewed,uu,uu
2020-03-19T09:56:10.730Z,40.7408333,-112.0373333,9.04,1.3,ml,25,41,0.01391,0.17,uu,uu60366352,2020-04-22T19:55:00.190Z,"6 km NNW of West Valley City, Utah",earthquake,0.32,0.61,0.167,3,reviewed,uu,uu
2020-03-19T09:56:44.670Z,40.7293333,-112.0858333,10.3,1.41,ml,24,87,0.03804,0.18,uu,uu60366357,2020-04-22T17:59:32.120Z,"2 km NNE of Magna, Utah",earthquake,0.35,0.64,0.239,2,reviewed,uu,uu
2020-03-19T10:01:42.970Z,40.7535,-112.0701667,7.67,0.5,md,11,112,0.03718,0.11,uu,uu60366362,2020-05-01T17:23:19.810Z,"5 km NNE of Magna, Utah",earthquake,0.42,1.02,0.223,5,reviewed,uu,uu
2020-03-19T10:04:19.960Z,40.7428333,-112.0315,8.53,0.28,md,10,109,0.01621,0.13,uu,uu60366367,2020-05-01T17:16:03.640Z,"6 km NNW of West Valley City, Utah",earthquake,0.52,0.89,0.24,5,reviewed,uu,uu
2020-03-19T10:06:13.280Z,40.7466667,-112.043,8.7,0.59,md,14,95,0.02043,0.13,uu,uu60366372,2020-04-22T17:38:55.440Z,"6 km NE of Magna, Utah",earthquake,0.51,0.77,0.283,9,reviewed,uu,uu
2020-03-19T10:18:53.020Z,40.7528333,-112.0761667,7.82,0.25,md,10,111,0.06688,0.15,uu,uu60366377,2020-05-01T17:08:44.950Z,"5 km NNE of Magna, Utah",earthquake,0.41,1.86,0.111,5,reviewed,uu,uu
2020-03-19T10:22:48.630Z,40.734,-112.0418333,10.18,1.26,ml,17,102,0.008371,0.14,uu,uu60021554,2020-04-22T17:33:14.410Z,"5 km ENE of Magna, Utah",earthquake,0.41,0.88,0.086,3,reviewed,uu,uu
2020-03-19T10:26:17.210Z,40.751,-112.0433333,7.37,0.23,md,11,104,0.02468,0.11,uu,uu60022064,2020-05-01T17:04:05.050Z,"6 km NE of Magna, Utah",earthquake,0.35,0.72,0.21,4,reviewed,uu,uu
2020-03-19T10:26:36.560Z,40.7373333,-112.0726667,8.74,0.71,md,20,61,0.02982,0.2,uu,uu60366392,2020-06-12T17:56:35.060Z,"3 km NE of Magna, Utah",earthquake,0.4,0.74,0.165,9,reviewed,uu,uu
2020-03-19T10:27:24.330Z,40.76,-112.064,8.08,1.26,ml,24,81,0.03266,0.13,uu,uu60366387,2020-04-21T21:51:05.670Z,"6 km NNE of Magna, Utah",earthquake,0.27,0.53,0.264,3,reviewed,uu,uu
2020-03-19T10:35:48.640Z,40.7576667,-112.0696667,5.39,0.57,md,11,99,0.04001,0.16,uu,uu60366397,2020-05-01T20:01:07.050Z,"6 km NNE of Magna, Utah",earthquake,0.43,1.56,0.17,5,reviewed,uu,uu
2020-03-19T10:43:34.980Z,40.7461667,-112.0316667,8.03,0.74,md,17,89,0.01946,0.08,uu,uu60366402,2020-04-21T21:45:21.580Z,"6 km NNW of West Valley City, Utah",earthquake,0.29,0.51,0.39,12,reviewed,uu,uu
2020-03-19T10:50:23.680Z,40.7391667,-112.0935,1.74,-0.32,md,8,109,0.04546,0.23,uu,uu60022059,2020-05-01T16:37:50.640Z,"3 km NNE of Magna, Utah",earthquake,0.63,2.77,0.372,3,reviewed,uu,uu
2020-03-19T10:50:40.020Z,40.7468333,-112.0285,7.03,0.7,ml,13,95,0.02064,0.17,uu,uu60366407,2020-05-01T16:28:20.440Z,"6 km NNW of West Valley City, Utah",earthquake,0.4,1.03,0.197,2,reviewed,uu,uu
2020-03-19T10:50:56.870Z,40.7418333,-112.0338333,8.4,0.38,md,14,92,0.01495,0.09,uu,uu60022049,2020-05-01T16:27:16.270Z,"6 km NNW of West Valley City, Utah",earthquake,0.35,0.63,0.307,8,reviewed,uu,uu
2020-03-19T10:55:53.960Z,40.7331667,-112.0715,9.26,1.59,ml,21,58,0.02777,0.12,uu,uu60366412,2020-03-23T19:52:40.990Z,"3 km NE of Magna, Utah",earthquake,0.28,0.53,0.264,3,reviewed,uu,uu
2020-03-19T11:07:41.350Z,40.7538333,-112.0645,7.17,1.05,ml,24,81,0.03456,0.17,uu,uu60366417,2020-04-21T21:40:36.740Z,"5 km NNE of Magna, Utah",earthquake,0.37,0.64,0.404,2,reviewed,uu,uu
2020-03-19T11:10:01.210Z,40.7376667,-112.08,9.75,1.27,md,21,57,0.0352,0.11,uu,uu60366422,2020-03-23T19:58:33.110Z,"3 km NNE of Magna, Utah",earthquake,0.27,0.44,0.283,15,reviewed,uu,uu
2020-03-19T11:14:56.880Z,40.7433333,-112.0413333,7.11,0.61,md,14,93,0.01688,0.12,uu,uu60366427,2020-04-21T21:34:52.780Z,"6 km NE of Magna, Utah",earthquake,0.39,0.71,0.09,7,reviewed,uu,uu
2020-03-19T11:23:33.630Z,40.7398333,-112.0368333,8.06,1.2,ml,21,76,0.01289,0.17,uu,uu60366432,2020-04-21T21:31:31.070Z,"6 km NNW of West Valley City, Utah",earthquake,0.34,0.59,0.154,3,reviewed,uu,uu
2020-03-19T11:25:36.080Z,40.7483333,-112.0501667,7.11,0.54,md,12,82,0.02396,0.1,uu,uu60366437,2020-05-01T16:28:54.090Z,"6 km NE of Magna, Utah",earthquake,0.35,0.61,0.374,7,reviewed,uu,uu
2020-03-19T11:26:57.100Z,40.7531667,-112.0353333,7.83,0.51,md,10,78,0.02541,0.12,uu,uu60021984,2020-05-01T16:29:17.780Z,"7 km NNW of West Valley City, Utah",earthquake,0.39,0.79,0.145,5,reviewed,uu,uu
2020-03-19T11:34:40.420Z,40.7463333,-112.0556667,8.3,0.68,md,11,110,0.02452,0.09,uu,uu60366442,2020-04-30T19:21:14.220Z,"5 km NE of Magna, Utah",earthquake,0.28,0.93,0.032,5,reviewed,uu,uu
2020-03-19T11:38:59.860Z,40.7603333,-112.0503333,8.6,0.48,md,13,101,0.03511,0.08,uu,uu60366447,2020-04-30T19:15:33.250Z,"7 km NE of Magna, Utah",earthquake,0.27,0.81,0.341,7,reviewed,uu,uu
2020-03-19T11:40:44.380Z,40.7523333,-112.0798333,9.28,1.1,ml,21,86,0.04193,0.15,uu,uu60366452,2020-04-21T21:25:56.600Z,"5 km NNE of Magna, Utah",earthquake,0.34,0.65,0.212,3,reviewed,uu,uu
2020-03-19T11:46:50.440Z,40.7526667,-112.0583333,7.69,0.41,md,12,97,0.03084,0.11,uu,uu60366457,2020-05-01T15:57:54.440Z,"6 km NE of Magna, Utah",earthquake,0.32,0.86,0.213,6,reviewed,uu,uu
2020-03-19T11:47:14.600Z,40.7335,-112.0878333,10.62,0.38,md,10,88,0.04002,0.13,uu,uu60022044,2020-05-01T16:29:39.700Z,"2 km NNE of Magna, Utah",earthquake,0.47,1.07,0.19,4,reviewed,uu,uu
2020-03-19T11:50:18.130Z,40.7436667,-112.0326667,8.56,1.54,ml,25,50,0.01688,0.13,uu,uu60366462,2020-03-23T20:13:02.670Z,"6 km NNW of West Valley City, Utah",earthquake,0.28,0.6,0.155,2,reviewed,uu,uu
2020-03-19T11:56:52.000Z,40.7416667,-112.0688333,8.4,0.95,md,16,90,0.02904,0.17,uu,uu60366467,2020-04-21T21:21:09.050Z,"4 km NE of Magna, Utah",earthquake,0.41,0.89,0.32,9,reviewed,uu,uu
2020-03-19T11:57:56.010Z,40.7581667,-112.0621667,8.75,0.89,md,12,95,0.03259,0.11,uu,uu60366472,2020-05-01T19:52:52.110Z,"6 km NNE of Magna, Utah",earthquake,0.42,0.9,0.077,7,reviewed,uu,uu
2020-03-19T11:59:38.390Z,40.7465,-112.046,7.85,0.75,ml,11,111,0.02099,0.07,uu,uu60366477,2020-05-01T19:44:03.570Z,"6 km NE of Magna, Utah",earthquake,0.4,0.78,0.166,2,reviewed,uu,uu
2020-03-19T11:59:44.640Z,40.8101667,-112.0673333,9.63,0.88,ml,10,126,0.04382,0.15,uu,uu60022074,2020-05-01T19:49:44.740Z,"11 km NNE of Magna, Utah",earthquake,0.55,1.47,0.027,2,reviewed,uu,uu
2020-03-19T12:09:38.210Z,40.7373333,-112.0388333,8.64,0.46,md,9,105,0.01061,0.12,uu,uu60366482,2020-04-27T18:14:34.050Z,"5 km NNW of West Valley City, Utah",earthquake,0.44,0.8,0.072,5,reviewed,uu,uu
2020-03-19T12:13:52.600Z,40.758,-112.0705,9.98,0.85,md,13,99,0.0379,0.09,uu,uu60366487,2020-04-27T18:08:50.360Z,"6 km NNE of Magna, Utah",earthquake,0.35,0.51,0.089,5,reviewed,uu,uu
2020-03-19T12:30:13.200Z,40.7463333,-112.045,8.65,0.68,md,12,65,0.02057,0.08,uu,uu60366492,2020-04-27T17:39:31.430Z,"6 km NE of Magna, Utah",earthquake,0.39,0.61,0.086,5,reviewed,uu,uu
2020-03-19T12:30:58.850Z,40.7456667,-112.0425,8.93,0.19,md,7,111,0.01936,0.1,uu,uu60021724,2020-04-27T17:47:46.260Z,"6 km NE of Magna, Utah",earthquake,0.41,0.76,0.218,4,reviewed,uu,uu
2020-03-19T12:33:15.710Z,40.7408333,-112.064,8.13,2.28,ml,33,46,0.02547,0.14,uu,uu60366497,2020-06-06T20:53:53.040Z,"4 km NE of Magna, Utah",earthquake,0.23,0.69,0.138,11,reviewed,uu,uu
2020-03-19T12:44:47.700Z,40.7415,-112.0398333,9.18,3.2,ml,40,42,0.01484,0.15,uu,uu60366502,2020-06-06T20:53:53.040Z,"6 km NE of Magna, Utah",earthquake,0.26,0.47,0.147,9,reviewed,uu,uu
2020-03-19T12:45:03.500Z,40.7385,-112.0346667,9.13,3.09,ml,15,56,0.01158,0.11,uu,uu60020349,2020-06-06T20:53:53.040Z,"5 km NNW of West Valley City, Utah",earthquake,0.27,0.46,0.126,3,reviewed,uu,uu
2020-03-19T12:54:40.970Z,40.7406667,-112.0348333,8.81,0.86,ml,14,91,0.01373,0.15,uu,uu60366507,2020-05-01T15:38:44.770Z,"6 km NNW of West Valley City, Utah",earthquake,0.38,0.82,0.093,2,reviewed,uu,uu
2020-03-19T12:54:57.610Z,40.75,-112.0676667,6.49,0.09,md,7,120,0.03337,0.04,uu,uu60022029,2020-05-01T15:51:08.280Z,"5 km NNE of Magna, Utah",earthquake,0.42,1.27,0.126,4,reviewed,uu,uu
2020-03-19T12:57:43.650Z,40.7405,-112.0386667,8.75,0.88,ml,18,92,0.0137,0.15,uu,uu60366512,2020-04-21T21:16:29.390Z,"6 km NNW of West Valley City, Utah",earthquake,0.3,0.62,0.058,2,reviewed,uu,uu
2020-03-19T12:59:29.980Z,40.7396667,-112.0255,8.49,0.4,md,10,107,0.01495,0.13,uu,uu60022019,2020-06-12T18:53:12.160Z,"5 km NNW of West Valley City, Utah",earthquake,0.5,0.87,0.122,5,reviewed,uu,uu
2020-03-19T12:59:48.020Z,40.7568333,-112.047,0.12,-0.3,md,6,128,0.1182,0.23,uu,uu60366517,2020-04-30T21:54:30.000Z,"7 km NE of Magna, Utah",earthquake,0.76,15.82,0.295,4,reviewed,uu,uu
2020-03-19T13:00:48.030Z,40.7418333,-112.0711667,6.39,-0.3,md,8,114,0.03066,0.13,uu,uu60022014,2020-04-30T21:23:28.120Z,"4 km NE of Magna, Utah",earthquake,0.46,1.44,0.174,4,reviewed,uu,uu
2020-03-19T13:01:08.380Z,40.758,-112.0715,6.02,0.06,md,10,99,0.04117,0.14,uu,uu60022004,2020-04-30T21:26:04.790Z,"5 km NNE of Magna, Utah",earthquake,0.52,1.99,0.711,2,reviewed,uu,uu
2020-03-19T13:01:12.170Z,40.7665,-112.044,9.76,0.63,md,8,85,0.01667,0.23,uu,uu60022009,2020-04-30T21:28:41.220Z,"8 km NE of Magna, Utah",earthquake,0.98,1.01,0.209,5,reviewed,uu,uu
2020-03-19T13:01:40.670Z,40.7481667,-112.0423333,7.38,0.46,md,9,95,0.02175,0.18,uu,uu60021999,2020-04-30T21:30:46.920Z,"6 km NE of Magna, Utah",earthquake,0.56,1.54,0.26,4,reviewed,uu,uu
2020-03-19T13:02:04.710Z,40.742,-112.0335,7.88,0.76,md,13,92,0.01514,0.12,uu,uu60366527,2020-04-30T21:32:21.800Z,"6 km NNW of West Valley City, Utah",earthquake,0.35,0.57,0.134,5,reviewed,uu,uu
2020-03-19T13:02:41.150Z,40.7845,-112.0731667,8.89,0.77,ml,16,111,0.03483,0.13,uu,uu60366522,2020-03-25T21:14:03.440Z,"8 km NNE of Magna, Utah",earthquake,0.39,0.71,0.049,2,reviewed,uu,uu
2020-03-19T13:05:57.760Z,40.7415,-112.0918333,7.05,1.3,ml,18,91,0.05571,0.16,uu,uu60366532,2020-03-25T21:33:04.620Z,"3 km NNE of Magna, Utah",earthquake,0.37,1.22,0.111,2,reviewed,uu,uu
2020-03-19T13:07:52.010Z,40.7786667,-112.0743333,9.12,1.52,ml,30,57,0.03512,0.17,uu,uu60366537,2022-08-08T19:33:04.951Z,"8 km NNE of Magna, Utah",earthquake,0.27,0.77,0.1,9,reviewed,uu,uu
2020-03-19T13:12:50.970Z,40.743,-112.0375,7.4,1.19,ml,17,55,0.06666,0.14,uu,uu60366542,2020-03-25T22:20:33.710Z,"6 km NNW of West Valley City, Utah",earthquake,0.33,1.32,0.199,2,reviewed,uu,uu
2020-03-19T13:15:17.040Z,40.742,-112.0416667,6.73,0.1,md,9,73,0.03741,0.14,uu,uu60021979,2020-04-30T19:07:49.030Z,"6 km NE of Magna, Utah",earthquake,0.43,1.6,0.209,5,reviewed,uu,uu
2020-03-19T13:15:42.920Z,40.7455,-112.0353333,8.34,0.7,md,13,57,0.01854,0.1,uu,uu60366547,2020-04-30T19:03:09.440Z,"6 km NNW of West Valley City, Utah",earthquake,0.29,0.6,0.405,8,reviewed,uu,uu
2020-03-19T13:16:42.670Z,40.7463333,-112.0455,7.93,0.32,md,12,95,0.0207,0.09,uu,uu60366552,2020-04-30T18:34:51.470Z,"6 km NE of Magna, Utah",earthquake,0.36,0.73,0.332,6,reviewed,uu,uu
2020-03-19T13:17:04.270Z,40.7545,-112.1025,6.65,0.34,md,9,86,0.05762,0.09,uu,uu60021974,2020-04-30T18:43:06.490Z,"5 km N of Magna, Utah",earthquake,0.36,1.01,0.286,5,reviewed,uu,uu
2020-03-19T13:17:34.030Z,40.7616667,-112.0621667,4.99,0.92,ml,13,101,0.07718,0.19,uu,uu60366557,2020-04-30T18:28:39.650Z,"6 km NNE of Magna, Utah",earthquake,0.41,1.78,0.186,2,reviewed,uu,uu
2020-03-19T13:22:10.320Z,40.7406667,-112.037,9.47,1.22,ml,16,48,0.01373,0.1,uu,uu60366562,2020-03-24T18:29:43.150Z,"6 km NNW of West Valley City, Utah",earthquake,0.25,0.58,0.079,3,reviewed,uu,uu
2020-03-19T13:24:01.050Z,40.7696667,-112.0733333,9.7,1.92,ml,19,59,0.03535,0.11,uu,uu60366567,2020-03-27T21:04:48.853Z,"7 km NNE of Magna, Utah",earthquake,0.28,0.61,0.128,8,reviewed,uu,uu
2020-03-19T13:27:33.990Z,40.7441667,-112.0368333,8.37,0.56,md,13,94,0.01721,0.08,uu,uu60366577,2020-04-30T20:43:46.130Z,"6 km NNW of West Valley City, Utah",earthquake,0.28,0.58,0.455,6,reviewed,uu,uu
2020-03-19T13:32:18.430Z,40.7355,-112.0756667,9.94,0.47,md,8,110,0.04968,0.1,uu,uu60021969,2020-04-30T18:17:50.720Z,"3 km NE of Magna, Utah",earthquake,0.54,1.25,0.201,5,reviewed,uu,uu
2020-03-19T13:33:04.380Z,40.7453333,-112.0393333,5.41,0.48,md,10,111,0.06796,0.12,uu,uu60366582,2020-04-30T18:14:43.490Z,"6 km NE of Magna, Utah",earthquake,0.32,1.49,0.069,5,reviewed,uu,uu
2020-03-19T13:36:34.830Z,40.744,-112.0348333,7.58,0.46,md,11,105,0.01705,0.1,uu,uu60366592,2020-04-30T18:02:22.320Z,"6 km NNW of West Valley City, Utah",earthquake,0.28,1.08,0.108,5,reviewed,uu,uu
2020-03-19T13:36:57.570Z,40.7453333,-112.0293333,8.06,1.12,md,18,75,0.01903,0.19,uu,uu60366587,2020-04-21T21:10:48.410Z,"6 km NNW of West Valley City, Utah",earthquake,0.45,0.9,0.379,9,reviewed,uu,uu
2020-03-19T13:42:00.210Z,40.739,-112.041,8.57,0.27,md,10,106,0.06187,0.06,uu,uu60021989,2020-04-30T20:37:15.300Z,"6 km ENE of Magna, Utah",earthquake,0.33,0.97,0.244,3,reviewed,uu,uu
2020-03-19T13:42:26.700Z,40.7595,-112.0558333,7.25,0.87,md,14,100,0.03588,0.11,uu,uu60366597,2020-04-30T20:37:59.560Z,"6 km NE of Magna, Utah",earthquake,0.34,0.64,0.153,5,reviewed,uu,uu
2020-03-19T13:52:25.950Z,40.7453333,-112.0308333,9.55,2.86,ml,59,37,0.01876,0.2,uu,uu60366602,2020-11-18T22:25:46.915Z,"6 km NNW of West Valley City, Utah",earthquake,0.22,0.51,0.183,14,reviewed,uu,uu
2020-03-19T13:57:50.150Z,40.741,-112.0428333,8.09,0.39,md,9,91,0.015,0.07,uu,uu60366612,2020-04-29T20:40:54.300Z,"6 km NE of Magna, Utah",earthquake,0.45,0.92,0.404,4,reviewed,uu,uu
2020-03-19T13:58:09.500Z,40.7395,-112.0506667,8.28,0.16,md,7,104,0.05883,0.04,uu,uu60021919,2020-04-29T20:42:29.280Z,"5 km NE of Magna, Utah",earthquake,0.43,1.2,0.33,3,reviewed,uu,uu
2020-03-19T13:58:57.810Z,40.7415,-112.0616667,8.38,2.38,ml,21,54,0.0244,0.11,uu,uu60366607,2020-06-06T20:53:53.040Z,"4 km NE of Magna, Utah",earthquake,0.26,0.56,0.173,14,reviewed,uu,uu
2020-03-19T14:05:25.470Z,40.76,-112.1175,9.62,0.1,md,5,151,0.07026,0.1,uu,uu60021909,2020-04-29T20:30:02.760Z,"5 km NNW of Magna, Utah",earthquake,0.55,1.66,0.147,3,reviewed,uu,uu
2020-03-19T14:05:46.750Z,40.7425,-112.0626667,7.68,1.08,md,13,92,0.02561,0.15,uu,uu60366622,2020-04-29T20:23:34.700Z,"4 km NE of Magna, Utah",earthquake,0.4,0.82,0.147,5,reviewed,uu,uu
2020-03-19T14:06:55.750Z,40.7606667,-112.058,7.87,0.92,md,14,87,0.03764,0.15,uu,uu60366617,2020-04-21T21:06:08.810Z,"6 km NNE of Magna, Utah",earthquake,0.36,1.05,0.11,8,reviewed,uu,uu
2020-03-19T14:08:58.220Z,40.7546667,-112.0621667,9.49,0.35,md,11,98,0.07035,0.13,uu,uu60366627,2020-04-29T20:09:15.930Z,"6 km NNE of Magna, Utah",earthquake,0.38,1.19,0.291,7,reviewed,uu,uu
2020-03-19T14:09:07.930Z,40.8003333,-112.0416667,1.12,0.2,md,9,125,0.1184,0.12,uu,uu60021904,2020-04-29T20:18:01.670Z,"11 km NNE of Magna, Utah",earthquake,0.57,8.06,0.216,4,reviewed,uu,uu
2020-03-19T14:09:45.320Z,40.7393333,-112.0293333,8.82,-0.08,md,9,108,0.01333,0.09,uu,uu60021899,2020-04-29T20:02:33.220Z,"5 km NNW of West Valley City, Utah",earthquake,0.4,1.09,0.266,4,reviewed,uu,uu
2020-03-19T14:10:12.720Z,40.7571667,-112.0978333,6.8,0.72,md,8,123,0.05592,0.13,uu,uu60366632,2020-04-29T19:47:35.660Z,"5 km N of Magna, Utah",earthquake,0.77,1.72,0.357,4,reviewed,uu,uu
2020-03-19T14:10:54.420Z,40.7661667,-112.0593333,3.16,0.01,md,7,112,0.04304,0.12,uu,uu60021894,2020-04-29T19:56:21.410Z,"7 km NNE of Magna, Utah",earthquake,0.37,2.77,0.126,3,reviewed,uu,uu
2020-03-19T14:13:21.290Z,40.7565,-112.0626667,7.21,0.34,md,9,99,0.03586,0.1,uu,uu60366637,2020-04-29T19:43:24.290Z,"6 km NNE of Magna, Utah",earthquake,0.44,0.94,0.27,4,reviewed,uu,uu
2020-03-19T14:16:53.590Z,40.765,-112.0725,9.96,1.5,ml,20,59,0.03614,0.09,uu,uu60366642,2020-03-27T21:24:40.513Z,"6 km NNE of Magna, Utah",earthquake,0.24,0.55,0.256,3,reviewed,uu,uu
2020-03-19T14:19:51.920Z,40.7408333,-112.0595,7.83,1.37,ml,18,54,0.02268,0.14,uu,uu60366647,2020-03-27T21:35:42.930Z,"5 km NE of Magna, Utah",earthquake,0.34,0.64,0.377,2,reviewed,uu,uu
2020-03-19T14:30:24.710Z,40.7511667,-112.054,6.92,1.65,ml,20,76,0.02784,0.15,uu,uu60366652,2020-03-27T21:48:10.230Z,"6 km NE of Magna, Utah",earthquake,0.36,0.81,0.136,5,reviewed,uu,uu
2020-03-19T14:32:48.700Z,40.7543333,-112.0488333,7.7,0.71,md,9,99,0.02907,0.08,uu,uu60366657,2020-04-29T19:23:16.370Z,"6 km NE of Magna, Utah",earthquake,0.32,0.84,0.078,4,reviewed,uu,uu
2020-03-19T14:34:23.450Z,40.767,-112.0741667,7.99,0.53,md,10,104,0.04947,0.09,uu,uu60366662,2020-04-29T18:51:54.210Z,"6 km NNE of Magna, Utah",earthquake,0.37,0.95,0.207,5,reviewed,uu,uu
2020-03-19T15:00:32.980Z,40.7531667,-112.0381667,6.43,0.11,md,9,98,0.07527,0.22,uu,uu60021524,2020-04-21T21:03:01.610Z,"7 km NE of Magna, Utah",earthquake,0.54,2.39,0.145,5,reviewed,uu,uu
2020-03-19T15:00:43.100Z,40.7798333,-112.064,9.08,1.09,md,19,83,0.02732,0.11,uu,uu60366667,2020-04-21T20:57:48.360Z,"8 km NNE of Magna, Utah",earthquake,0.33,0.52,0.223,11,reviewed,uu,uu
2020-03-19T15:18:37.000Z,40.7875,-112.0715,9.27,0.62,md,9,114,0.0343,0.15,uu,uu60366672,2020-04-29T18:45:06.360Z,"9 km NNE of Magna, Utah",earthquake,0.72,1.33,0.126,6,reviewed,uu,uu
2020-03-19T15:18:53.710Z,40.7746667,-112.0926667,5.96,-0.23,md,4,212,0.1047,0.05,uu,uu60021884,2020-04-29T18:47:45.440Z,"Utah",earthquake,1.21,2.14,0.192,3,reviewed,uu,uu
2020-03-19T15:32:33.280Z,40.7453333,-112.0586667,8.13,0.81,md,10,94,0.06206,0.16,uu,uu60366677,2020-04-21T20:51:36.510Z,"5 km NE of Magna, Utah",earthquake,0.43,1.43,0.095,5,reviewed,uu,uu
2020-03-19T15:45:29.180Z,40.7748333,-112.0683333,4.65,0.44,md,5,135,0.1173,0.08,uu,uu60021879,2020-04-29T18:40:57.370Z,"7 km NNE of Magna, Utah",earthquake,0.45,1.64,0.128,3,reviewed,uu,uu
2020-03-19T15:45:55.260Z,40.7548333,-112.0553333,7.94,0.65,md,10,98,0.03153,0.14,uu,uu60366687,2020-04-29T18:36:15.320Z,"6 km NE of Magna, Utah",earthquake,0.36,0.96,0.13,5,reviewed,uu,uu
2020-03-19T15:55:02.360Z,40.7633333,-112.0573333,6.19,1.06,ml,18,71,0.07964,0.16,uu,uu60366692,2020-03-26T15:38:34.260Z,"7 km NNE of Magna, Utah",earthquake,0.32,1.42,0.162,3,reviewed,uu,uu
2020-03-19T16:02:38.280Z,40.7448333,-112.0751667,6.53,0.66,md,4,123,0.09842,0.03,uu,uu60366697,2020-04-29T18:31:04.990Z,"4 km NNE of Magna, Utah",earthquake,0.4,2.02,0.183,3,reviewed,uu,uu
2020-03-19T16:12:25.680Z,40.7568333,-112.0493333,9.39,1.74,ml,35,46,0.02659,0.17,uu,uu60366702,2020-04-07T15:24:00.518Z,"Utah",earthquake,0.25,0.43,0.091,7,reviewed,uu,uu
2020-03-19T16:22:25.050Z,40.7625,-112.0835,3.34,-0.02,md,4,233,0.1134,0.05,uu,uu60366707,2020-04-29T18:25:23.870Z,"6 km NNE of Magna, Utah",earthquake,1.09,2.38,0.156,3,reviewed,uu,uu
2020-03-19T16:35:13.050Z,40.7761667,-112.0725,9.82,1.55,ml,22,84,0.03377,0.13,uu,uu60366717,2020-04-02T20:12:21.918Z,"7 km NNE of Magna, Utah",earthquake,0.29,0.73,0.049,3,reviewed,uu,uu
2020-03-19T16:42:32.690Z,40.7395,-112.0836667,4.72,0.5,md,7,99,0.09127,0.08,uu,uu60366722,2020-04-29T18:22:16.620Z,"3 km NNE of Magna, Utah",earthquake,0.59,2.48,0.126,4,reviewed,uu,uu
2020-03-19T16:58:38.870Z,40.7555,-112.0548333,6.96,0.94,ml,18,57,0.03195,0.16,uu,uu60366727,2020-04-01T16:37:59.310Z,"6 km NE of Magna, Utah",earthquake,0.34,0.9,0.322,2,reviewed,uu,uu
2020-03-19T17:11:05.940Z,40.7586667,-112.0343333,8.22,1.93,ml,35,45,0.01989,0.19,uu,uu60366737,2020-04-02T16:42:05.548Z,"7 km NE of Magna, Utah",earthquake,0.27,0.76,0.161,10,reviewed,uu,uu
2020-03-19T17:13:46.720Z,40.7601667,-112.0746667,9.31,0.68,md,15,87,0.0396,0.12,uu,uu60366742,2020-03-26T17:08:55.640Z,"6 km NNE of Magna, Utah",earthquake,0.31,0.86,0.322,8,reviewed,uu,uu
2020-03-19T17:14:04.600Z,40.7241667,-112.0736667,11.1,0.09,md,8,95,0.03872,0.17,uu,uu60020469,2020-04-02T16:42:34.350Z,"2 km NE of Magna, Utah",earthquake,0.77,1.91,0.147,4,reviewed,uu,uu
2020-03-19T17:17:03.520Z,40.7658333,-112.0721667,9.25,0.95,ml,14,94,0.03561,0.13,uu,uu60366747,2020-04-02T16:49:50.360Z,"6 km NNE of Magna, Utah",earthquake,0.37,0.85,0.257,2,reviewed,uu,uu
2020-03-19T17:18:44.330Z,40.7483333,-112.0548333,9.42,1.68,ml,33,46,0.02576,0.19,uu,uu60366752,2020-04-02T16:58:42.080Z,"5 km NE of Magna, Utah",earthquake,0.31,0.71,0.083,8,reviewed,uu,uu
2020-03-19T17:21:25.210Z,40.751,-112.054,8.42,0.68,md,12,97,0.02769,0.1,uu,uu60366762,2020-04-29T18:16:04.820Z,"6 km NE of Magna, Utah",earthquake,0.43,0.71,0.241,6,reviewed,uu,uu
2020-03-19T17:24:39.740Z,40.7486667,-112.0363333,7.6,0.82,ml,12,96,0.0217,0.12,uu,uu60366767,2020-04-29T18:11:56.020Z,"7 km NNW of West Valley City, Utah",earthquake,0.38,0.66,0.218,2,reviewed,uu,uu
2020-03-19T17:26:19.410Z,40.7268333,-112.0821667,9.74,0.84,md,11,95,0.03518,0.11,uu,uu60366772,2020-04-02T17:03:46.330Z,"2 km NE of Magna, Utah",earthquake,0.38,0.88,0.281,4,reviewed,uu,uu
2020-03-19T17:31:32.480Z,40.7778333,-112.073,7.68,0.68,md,9,109,0.0341,0.1,uu,uu60366777,2020-04-29T18:07:47.260Z,"8 km NNE of Magna, Utah",earthquake,0.39,1.24,0.202,6,reviewed,uu,uu
2020-03-19T17:32:42.990Z,40.7856667,-112.0785,11.04,1.06,ml,13,63,0.03903,0.18,uu,uu60366782,2020-04-29T18:03:38.470Z,"8 km NNE of Magna, Utah",earthquake,0.42,0.92,0.09,3,reviewed,uu,uu
2020-03-19T17:37:41.260Z,40.7483333,-112.032,8,0.74,md,13,90,0.02156,0.12,uu,uu60366787,2020-04-29T17:47:41.930Z,"6 km NNW of West Valley City, Utah",earthquake,0.32,0.71,0.119,7,reviewed,uu,uu
2020-03-19T17:43:18.290Z,40.7761667,-112.0736667,8.84,1.1,ml,13,107,0.03465,0.15,uu,uu60366792,2020-03-24T18:30:16.720Z,"7 km NNE of Magna, Utah",earthquake,0.45,0.88,0.101,2,reviewed,uu,uu
2020-03-19T17:53:13.600Z,40.7623333,-112.0303333,5.97,1.45,ml,9,103,0.0356,0.15,uu,uu60366797,2020-03-20T15:02:27.860Z,"8 km NNW of West Valley City, Utah",earthquake,0.57,1.11,0.432,2,reviewed,uu,uu
2020-03-19T17:53:23.880Z,40.751,-112.0468333,6.52,1.48,ml,10,80,0.02543,0.09,uu,uu60020334,2020-03-20T15:11:47.060Z,"6 km NE of Magna, Utah",earthquake,0.38,0.75,0.273,2,reviewed,uu,uu
2020-03-19T17:58:43.920Z,40.7578333,-112.0416667,6.11,1.11,md,12,65,0.02263,0.14,uu,uu60366802,2020-04-22T17:22:20.390Z,"7 km NE of Magna, Utah",earthquake,0.36,0.86,0.307,3,reviewed,uu,uu
2020-03-19T17:58:49.500Z,40.7601667,-112.0431667,6.39,0.82,md,6,104,0.02117,0.08,uu,uu60021559,2020-04-22T17:29:05.590Z,"7 km NE of Magna, Utah",earthquake,0.37,0.75,0.256,3,reviewed,uu,uu
2020-03-19T18:16:39.330Z,40.7278333,-112.0975,11.49,2.75,ml,39,48,0.04305,0.18,uu,uu60366812,2020-06-06T20:53:54.040Z,"2 km N of Magna, Utah",earthquake,0.27,0.44,0.121,17,reviewed,uu,uu
2020-03-19T18:21:19.640Z,40.7385,-112.064,4.6,0.48,md,11,58,0.02429,0.14,uu,uu60366817,2020-04-22T17:42:03.280Z,"4 km NE of Magna, Utah",earthquake,0.35,0.86,0.366,5,reviewed,uu,uu
2020-03-19T18:30:04.300Z,40.7813333,-112.0628333,5.62,0.68,md,8,112,0.1162,0.06,uu,uu60366822,2020-04-21T20:48:59.940Z,"8 km NNE of Magna, Utah",earthquake,0.39,1.47,0.075,4,reviewed,uu,uu
2020-03-19T18:44:19.680Z,40.7635,-112.0745,9.96,0.36,md,9,91,0.0381,0.11,uu,uu60366827,2020-04-29T17:45:05.520Z,"6 km NNE of Magna, Utah",earthquake,0.44,0.85,0.152,4,reviewed,uu,uu
2020-03-19T18:46:26.610Z,40.7581667,-112.0628333,7.17,1.45,ml,27,52,0.03299,0.15,uu,uu60366832,2020-04-02T17:08:59.520Z,"6 km NNE of Magna, Utah",earthquake,0.27,0.75,0.156,8,reviewed,uu,uu
2020-03-19T18:48:12.310Z,40.7526667,-112.0736667,4.65,0.47,md,9,96,0.06689,0.26,uu,uu60366837,2020-04-29T16:54:03.500Z,"5 km NNE of Magna, Utah",earthquake,0.65,3.5,0.099,4,reviewed,uu,uu
2020-03-19T18:56:46.430Z,40.7598333,-112.0595,7.81,1.17,md,17,79,0.02997,0.14,uu,uu60366842,2020-04-21T20:45:52.720Z,"6 km NNE of Magna, Utah",earthquake,0.33,0.68,0.186,10,reviewed,uu,uu
2020-03-19T18:57:53.510Z,40.7658333,-112.0695,8.99,1.27,ml,20,84,0.03371,0.16,uu,uu60366847,2020-04-21T20:42:14.720Z,"6 km NNE of Magna, Utah",earthquake,0.34,0.76,0.205,3,reviewed,uu,uu
2020-03-19T19:02:36.610Z,40.7576667,-112.0513333,8.46,0.57,md,10,100,0.03286,0.17,uu,uu60366852,2020-04-29T16:34:31.620Z,"6 km NE of Magna, Utah",earthquake,0.47,1.29,0.34,6,reviewed,uu,uu
2020-03-19T19:16:04.810Z,40.7746667,-112.0756667,4.41,0.57,md,8,108,0.03628,0.1,uu,uu60021874,2020-04-29T16:31:21.830Z,"7 km NNE of Magna, Utah",earthquake,0.38,1.4,0.199,2,reviewed,uu,uu
2020-03-19T19:16:08.840Z,40.7893333,-112.0661667,9.11,0.94,md,14,96,0.03104,0.18,uu,uu60366857,2020-04-29T16:28:45.320Z,"9 km NNE of Magna, Utah",earthquake,0.53,1.15,0.318,8,reviewed,uu,uu
2020-03-19T19:22:50.430Z,40.7555,-112.0753333,11.06,1.25,ml,18,78,0.04138,0.13,uu,uu60366862,2020-03-24T18:31:20.900Z,"5 km NNE of Magna, Utah",earthquake,0.35,0.64,0.264,3,reviewed,uu,uu
2020-03-19T19:32:08.320Z,40.7446667,-112.0471667,8.45,0.3,md,7,120,0.01967,0.06,uu,uu60366867,2020-04-29T16:20:30.260Z,"6 km NE of Magna, Utah",earthquake,0.33,0.79,0.244,3,reviewed,uu,uu
2020-03-19T19:36:05.520Z,40.7551667,-112.0476667,8.76,0.49,md,10,99,0.02958,0.12,uu,uu60366872,2020-04-29T16:16:21.540Z,"6 km NE of Magna, Utah",earthquake,0.47,1.09,0.145,3,reviewed,uu,uu
2020-03-19T19:40:14.200Z,40.7281667,-112.0863333,9.39,1.55,ml,35,46,0.03836,0.2,uu,uu60366877,2020-04-02T20:09:21.227Z,"2 km NNE of Magna, Utah",earthquake,0.31,0.77,0.093,9,reviewed,uu,uu
2020-03-19T19:44:05.790Z,40.7496667,-112.075,6.01,0.48,md,8,98,0.103,0.16,uu,uu60366882,2020-04-29T16:10:40.580Z,"5 km NNE of Magna, Utah",earthquake,0.48,2.41,0.191,4,reviewed,uu,uu
2020-03-19T19:46:12.370Z,40.7306667,-112.091,8.76,0.88,md,10,95,0.04489,0.1,uu,uu60366887,2020-03-26T18:41:07.710Z,"2 km NNE of Magna, Utah",earthquake,0.54,1.2,0.338,7,reviewed,uu,uu
2020-03-19T19:48:26.500Z,40.7398333,-112.07,9.51,0.75,md,12,91,0.02895,0.1,uu,uu60366892,2020-04-29T15:33:12.100Z,"4 km NE of Magna, Utah",earthquake,0.39,0.71,0.252,5,reviewed,uu,uu
2020-03-19T19:49:51.010Z,40.7451667,-112.0395,7.67,0.48,md,11,75,0.0184,0.13,uu,uu60366897,2020-04-29T15:27:28.360Z,"6 km NE of Magna, Utah",earthquake,0.38,0.7,0.244,4,reviewed,uu,uu
2020-03-19T19:59:13.770Z,40.7495,-112.0303333,7.9,0.6,md,11,96,0.02292,0.1,uu,uu60366902,2020-04-29T15:22:48.740Z,"6 km NNW of West Valley City, Utah",earthquake,0.41,0.69,0.092,5,reviewed,uu,uu
2020-03-19T20:05:52.630Z,40.7265,-112.092,8.67,0.65,md,12,85,0.04088,0.14,uu,uu60366912,2020-04-22T20:07:23.890Z,"2 km NNE of Magna, Utah",earthquake,0.35,1.04,0.18,5,reviewed,uu,uu
2020-03-19T20:15:15.590Z,40.7221667,-112.0911667,10.21,1.09,ml,10,93,0.04229,0.11,uu,uu60366917,2020-03-26T18:51:17.360Z,"Utah",earthquake,0.42,1,0.237,3,reviewed,uu,uu
2020-03-19T20:18:37.820Z,40.7628333,-112.0793333,8.71,0.77,md,9,100,0.04873,0.14,uu,uu60366922,2020-04-22T20:10:03.890Z,"6 km NNE of Magna, Utah",earthquake,0.45,1.16,0.091,3,reviewed,uu,uu
2020-03-19T20:20:17.350Z,40.7503333,-112.0873333,5.83,0.13,md,5,114,0.1009,0.1,uu,uu60021519,2020-04-21T20:36:33.650Z,"4 km NNE of Magna, Utah",earthquake,0.42,1.92,0.224,3,reviewed,uu,uu
2020-03-19T20:20:43.340Z,40.7415,-112.0341667,8.24,0.94,ml,13,89,0.1104,0.09,uu,uu60366927,2020-04-21T20:34:28.000Z,"6 km NNW of West Valley City, Utah",earthquake,0.31,1.29,0.084,2,reviewed,uu,uu
2020-03-19T20:27:48.950Z,40.755,-112.06,3.15,0.7,md,9,98,0.03348,0.07,uu,uu60366942,2020-04-22T20:18:21.540Z,"6 km NE of Magna, Utah",earthquake,0.3,1.37,0.368,5,reviewed,uu,uu
2020-03-19T20:28:07.600Z,40.7561667,-112.0623333,6.62,1.7,ml,22,54,0.03394,0.13,uu,uu60366932,2020-04-03T22:22:01.276Z,"6 km NNE of Magna, Utah",earthquake,0.26,0.62,0.355,6,reviewed,uu,uu
2020-03-19T20:28:34.940Z,40.7541667,-112.057,8.1,0.67,md,10,81,0.03157,0.12,uu,uu60020749,2020-04-03T22:29:20.030Z,"6 km NE of Magna, Utah",earthquake,0.36,0.77,0.158,5,reviewed,uu,uu
2020-03-19T20:29:10.830Z,40.7468333,-112.051,8.66,1.43,ml,19,52,0.02295,0.13,uu,uu60366937,2020-03-24T18:31:54.360Z,"5 km NE of Magna, Utah",earthquake,0.32,0.78,0.384,3,reviewed,uu,uu
2020-03-19T20:37:39.130Z,40.7595,-112.0733333,10.38,1.14,ml,16,82,0.03901,0.14,uu,uu60366947,2020-03-24T18:33:29.490Z,"6 km NNE of Magna, Utah",earthquake,0.33,0.96,0.286,3,reviewed,uu,uu
2020-03-19T20:48:42.850Z,40.7456667,-112.047,7.71,0.84,ml,12,94,0.02052,0.15,uu,uu60366957,2020-04-22T20:43:39.790Z,"6 km NE of Magna, Utah",earthquake,0.36,0.94,0.14,2,reviewed,uu,uu
2020-03-19T20:54:25.140Z,40.7601667,-112.066,3.73,-0.08,md,7,108,0.1152,0.04,uu,uu60366962,2020-04-29T15:16:29.180Z,"6 km NNE of Magna, Utah",earthquake,0.51,2.27,0.225,3,reviewed,uu,uu
2020-03-19T20:54:31.900Z,40.7596667,-112.0743333,6.27,0.56,md,7,107,0.1107,0.08,uu,uu60021864,2020-04-29T15:19:10.770Z,"6 km NNE of Magna, Utah",earthquake,0.45,1.62,0.089,2,reviewed,uu,uu
2020-03-19T21:15:11.860Z,40.7488333,-112.0405,3.97,0.69,md,8,109,0.1138,0.11,uu,uu60366972,2020-04-29T15:13:18.860Z,"6 km NE of Magna, Utah",earthquake,0.51,2.79,0.092,6,reviewed,uu,uu
2020-03-19T21:16:02.720Z,40.7745,-112.0713333,5.8,0.41,md,8,110,0.1159,0.09,uu,uu60366977,2020-04-29T15:11:32.800Z,"7 km NNE of Magna, Utah",earthquake,0.31,1.29,0.203,5,reviewed,uu,uu
2020-03-19T21:24:19.500Z,40.7708333,-112.0163333,4.46,0.62,md,11,109,0.01145,0.09,uu,uu60366982,2020-04-23T18:28:21.910Z,"8 km N of West Valley City, Utah",earthquake,0.3,0.75,0.105,6,reviewed,uu,uu
2020-03-19T21:26:02.430Z,40.7451667,-112.0648333,3.45,0.04,md,6,126,0.04306,0.02,uu,uu60021619,2020-04-23T18:34:33.710Z,"5 km NE of Magna, Utah",earthquake,0.33,1.75,0.184,4,reviewed,uu,uu
2020-03-19T21:28:40.250Z,40.7506667,-112.0565,6.69,-0.11,md,6,172,0.0284,0.05,uu,uu60021814,2020-04-28T17:52:41.800Z,"5 km NE of Magna, Utah",earthquake,0.71,1.31,0.284,2,reviewed,uu,uu
2020-03-19T21:29:04.220Z,40.763,-112.0776667,5.63,0.67,md,7,124,0.07693,0.17,uu,uu60366987,2020-04-28T17:51:06.880Z,"6 km NNE of Magna, Utah",earthquake,0.72,1.91,0.169,3,reviewed,uu,uu
2020-03-19T21:33:44.840Z,40.7628333,-112.0723333,9.45,0.96,ml,10,94,0.03685,0.1,uu,uu60366992,2020-04-23T18:08:19.280Z,"6 km NNE of Magna, Utah",earthquake,0.39,1,0.248,2,reviewed,uu,uu
2020-03-19T21:44:00.240Z,40.7505,-112.069,7.4,0.6,md,14,72,0.03445,0.15,uu,uu60367007,2020-04-28T16:19:21.270Z,"5 km NNE of Magna, Utah",earthquake,0.32,0.7,0.55,3,reviewed,uu,uu
2020-03-19T21:44:05.330Z,40.7578333,-112.0716667,3.26,0.08,md,7,120,0.0722,0.07,uu,uu60021799,2020-04-28T16:48:37.510Z,"5 km NNE of Magna, Utah",earthquake,0.43,2.48,0.403,3,reviewed,uu,uu
2020-03-19T21:44:32.420Z,40.7638333,-112.1018333,7.39,-0.17,md,8,105,0.1092,0.12,uu,uu60021804,2020-04-28T16:53:47.910Z,"6 km N of Magna, Utah",earthquake,0.46,1.41,0.268,5,reviewed,uu,uu
2020-03-19T21:45:02.540Z,40.7606667,-112.071,11.24,1.39,ml,20,59,0.0369,0.12,uu,uu60367002,2020-04-22T17:18:42.510Z,"6 km NNE of Magna, Utah",earthquake,0.28,0.52,0.15,4,reviewed,uu,uu
2020-03-19T21:47:19.070Z,40.7596667,-112.0741667,9.4,0.31,md,10,86,0.03949,0.09,uu,uu60367017,2020-04-23T18:52:02.380Z,"6 km NNE of Magna, Utah",earthquake,0.34,0.97,0.089,5,reviewed,uu,uu
2020-03-19T21:49:17.480Z,40.7616667,-112.072,6.83,0.96,ml,19,71,0.1151,0.11,uu,uu60367022,2020-04-21T20:27:42.760Z,"6 km NNE of Magna, Utah",earthquake,0.25,1.13,0.252,2,reviewed,uu,uu
2020-03-19T21:49:34.530Z,40.7273333,-112.0815,8.69,0.17,md,4,127,0.08038,0.06,uu,uu60021514,2020-04-21T20:31:20.800Z,"2 km NE of Magna, Utah",earthquake,0.65,1.26,0.309,3,reviewed,uu,uu
2020-03-19T21:50:09.240Z,40.767,-112.0718333,9.64,1.45,ml,24,53,0.03498,0.17,uu,uu60367032,2020-04-02T18:39:18.950Z,"6 km NNE of Magna, Utah",earthquake,0.29,0.8,0.111,4,reviewed,uu,uu
2020-03-19T22:16:10.610Z,40.7606667,-112.068,8.82,1.09,ml,14,102,0.0349,0.15,uu,uu60367042,2020-04-23T17:58:38.130Z,"6 km NNE of Magna, Utah",earthquake,0.45,0.95,0.139,3,reviewed,uu,uu
2020-03-19T22:21:28.870Z,40.7578333,-112.0673333,8.05,0.56,md,12,80,0.03597,0.09,uu,uu60367047,2020-04-23T17:50:39.750Z,"6 km NNE of Magna, Utah",earthquake,0.35,0.97,0.219,6,reviewed,uu,uu
2020-03-19T22:29:55.110Z,40.762,-112.0638333,5.92,0.65,md,12,85,0.0315,0.13,uu,uu60367052,2020-04-23T17:45:29.390Z,"6 km NNE of Magna, Utah",earthquake,0.36,1.13,0.198,5,reviewed,uu,uu
2020-03-19T22:33:05.380Z,40.7646667,-112.0786667,6.51,0.96,md,13,99,0.04976,0.12,uu,uu60367057,2020-04-10T22:09:39.940Z,"6 km NNE of Magna, Utah",earthquake,0.33,1.15,0.087,7,reviewed,uu,uu
2020-03-19T22:40:18.640Z,40.7523333,-112.0366667,6.95,0.65,ml,12,97,0.02536,0.12,uu,uu60367062,2020-04-23T17:36:12.880Z,"7 km NE of Magna, Utah",earthquake,0.36,1.21,0.26,2,reviewed,uu,uu
2020-03-19T23:15:33.050Z,40.7383333,-112.0601667,6.83,0.59,md,13,55,0.02168,0.1,uu,uu60367067,2020-06-12T17:57:39.250Z,"4 km NE of Magna, Utah",earthquake,0.36,0.87,0.105,5,reviewed,uu,uu
2020-03-19T23:16:52.270Z,40.7703333,-112.0578333,7.6,0.41,md,8,113,0.04644,0.05,uu,uu60367072,2020-04-22T21:16:09.100Z,"7 km NNE of Magna, Utah",earthquake,0.3,0.99,0.167,6,reviewed,uu,uu
2020-03-19T23:24:10.900Z,40.7555,-112.0908333,6.17,0.02,md,4,158,0.05057,0.01,uu,uu60367077,2020-04-22T21:18:06.630Z,"5 km N of Magna, Utah",earthquake,0.51,1.96,0.127,2,reviewed,uu,uu
2020-03-19T23:40:58.840Z,40.8368333,-112.0691667,10.06,0.2,md,7,138,0.0871,0.09,uu,uu60367082,2020-04-22T21:18:28.930Z,"13 km W of North Salt Lake, Utah",earthquake,0.69,1.22,0.431,5,reviewed,uu,uu
2020-03-19T23:43:15.350Z,40.7275,-112.1001667,10.71,0.45,md,10,85,0.07648,0.14,uu,uu60367087,2020-04-22T21:19:55.200Z,"2 km N of Magna, Utah",earthquake,0.47,1.34,0.334,6,reviewed,uu,uu
2020-03-19T23:52:53.530Z,40.7423333,-112.0371667,7.67,0.22,md,9,109,0.0154,0.15,uu,uu60367092,2020-04-22T21:22:34.250Z,"6 km NNW of West Valley City, Utah",earthquake,0.51,1.19,0.13,5,reviewed,uu,uu
2020-03-20T00:07:41.010Z,40.7423333,-112.081,8.61,0.67,ml,11,92,0.03757,0.11,uu,uu60367102,2020-03-25T16:19:01.970Z,"4 km NNE of Magna, Utah",earthquake,0.33,0.96,0.144,2,reviewed,uu,uu
2020-03-20T00:10:39.200Z,40.7428333,-112.0766667,8,0.94,ml,18,92,0.05689,0.17,uu,uu60367107,2020-03-25T16:23:46.770Z,"4 km NNE of Magna, Utah",earthquake,0.4,1.37,0.223,2,reviewed,uu,uu
2020-03-20T00:12:02.350Z,40.7758333,-112.0501667,7.72,0.76,ml,21,55,0.0169,0.11,uu,uu60367112,2020-03-25T16:38:19.160Z,"8 km NNE of Magna, Utah",earthquake,0.28,0.67,0.276,2,reviewed,uu,uu
2020-03-20T00:20:21.440Z,40.7755,-112.0555,9.13,0.53,md,12,109,0.02096,0.14,uu,uu60367117,2020-04-10T16:10:04.450Z,"8 km NNE of Magna, Utah",earthquake,0.4,0.84,0.111,7,reviewed,uu,uu
2020-03-20T00:21:17.810Z,40.7598333,-112.052,7.75,0.89,md,13,76,0.02567,0.11,uu,uu60367122,2020-04-10T16:23:01.520Z,"7 km NE of Magna, Utah",earthquake,0.34,0.87,0.084,7,reviewed,uu,uu
2020-03-20T00:22:57.760Z,40.7513333,-112.0301667,7.98,1.48,ml,19,43,0.02474,0.15,uu,uu60367127,2020-04-10T16:36:24.050Z,"7 km NNW of West Valley City, Utah",earthquake,0.36,0.58,0.212,5,reviewed,uu,uu
2020-03-20T00:26:11.760Z,40.756,-112.0431667,6.33,0.58,md,11,100,0.02954,0.11,uu,uu60367137,2020-04-16T21:30:37.330Z,"7 km NE of Magna, Utah",earthquake,0.38,1.14,0.297,6,reviewed,uu,uu
2020-03-20T00:28:26.050Z,40.7713333,-112.091,7.85,0.92,ml,11,103,0.04823,0.24,uu,uu60367142,2020-04-10T17:12:00.410Z,"6 km N of Magna, Utah",earthquake,0.83,1.43,0.26,2,reviewed,uu,uu
2020-03-20T00:35:15.800Z,40.7548333,-112.0313333,7.17,1.24,ml,16,67,0.02327,0.08,uu,uu60367147,2020-04-10T17:20:12.400Z,"7 km NNW of West Valley City, Utah",earthquake,0.23,0.53,0.183,4,reviewed,uu,uu
2020-03-20T00:55:22.380Z,40.7543333,-112.0328333,8.35,1.93,ml,37,31,0.02391,0.19,uu,uu60367152,2020-03-31T21:23:04.597Z,"7 km NNW of West Valley City, Utah",earthquake,0.25,0.62,0.146,11,reviewed,uu,uu
2020-03-20T01:00:18.590Z,40.7523333,-112.0518333,8,0.65,md,9,114,0.02811,0.12,uu,uu60367157,2020-04-16T21:37:20.110Z,"6 km NE of Magna, Utah",earthquake,0.42,1.05,0.205,5,reviewed,uu,uu
2020-03-20T01:01:48.690Z,40.7678333,-112.0731667,9.27,1.63,ml,34,53,0.0357,0.17,uu,uu60367162,2020-04-01T16:45:43.520Z,"6 km NNE of Magna, Utah",earthquake,0.25,0.63,0.165,11,reviewed,uu,uu
2020-03-20T01:10:49.560Z,40.762,-112.0745,9.68,1.68,ml,25,55,0.0387,0.12,uu,uu60367167,2020-04-02T18:29:31.610Z,"6 km NNE of Magna, Utah",earthquake,0.24,0.5,0.125,6,reviewed,uu,uu
2020-03-20T01:16:16.450Z,40.7585,-112.0335,6.51,0.97,md,9,121,0.03157,0.07,uu,uu60367172,2020-04-16T21:56:21.250Z,"7 km NNW of West Valley City, Utah",earthquake,0.34,0.86,0.082,5,reviewed,uu,uu
2020-03-20T01:40:04.170Z,40.732,-112.0591667,10.26,0.54,md,11,101,0.0184,0.12,uu,uu60367182,2020-04-10T17:26:37.820Z,"4 km NE of Magna, Utah",earthquake,0.35,0.92,0.098,5,reviewed,uu,uu
2020-03-20T01:42:40.510Z,40.7298333,-112.06,8.85,0.49,md,11,99,0.01856,0.06,uu,uu60367187,2020-04-10T17:36:55.730Z,"4 km ENE of Magna, Utah",earthquake,0.32,0.61,0.02,5,reviewed,uu,uu
2020-03-20T01:42:55.850Z,40.7441667,-112.0536667,8.67,0.01,md,6,110,0.02187,0.04,uu,uu60021064,2020-04-10T17:42:06.240Z,"5 km NE of Magna, Utah",earthquake,0.41,0.66,0.248,3,reviewed,uu,uu
2020-03-20T01:47:53.590Z,40.7346667,-112.0583333,9,0.83,md,11,89,0.01872,0.12,uu,uu60367192,2020-04-16T21:59:28.440Z,"4 km NE of Magna, Utah",earthquake,0.34,0.93,0.086,5,reviewed,uu,uu
2020-03-20T01:58:51.910Z,40.7996667,-112.074,10.76,0.49,md,9,119,0.0782,0.11,uu,uu60367197,2020-04-21T21:48:28.910Z,"10 km NNE of Magna, Utah",earthquake,0.46,1.14,0.05,4,reviewed,uu,uu
2020-03-20T01:59:07.480Z,40.7638333,-112.0753333,5.95,0.08,md,4,121,0.1164,0.06,uu,uu60021544,2020-04-21T21:52:43.270Z,"6 km NNE of Magna, Utah",earthquake,0.4,2.52,0.361,3,reviewed,uu,uu
2020-03-20T02:07:17.320Z,40.7793333,-112.0761667,11.85,1.2,ml,19,81,0.02587,0.1,uu,uu60367202,2020-04-10T17:57:06.510Z,"8 km NNE of Magna, Utah",earthquake,0.29,0.65,0.132,3,reviewed,uu,uu
2020-03-20T02:07:35.540Z,40.7411667,-112.0676667,8.76,0.23,md,10,91,0.01469,0.08,uu,uu60021069,2020-04-10T17:56:33.040Z,"4 km NE of Magna, Utah",earthquake,0.38,0.71,0.173,3,reviewed,uu,uu
2020-03-20T02:12:49.520Z,40.7493333,-112.0825,4.61,0.13,md,7,108,0.04189,0.12,uu,uu60367212,2020-04-21T21:40:03.320Z,"4 km NNE of Magna, Utah",earthquake,0.37,1.16,0.425,3,reviewed,uu,uu
2020-03-20T02:13:06.970Z,40.7608333,-112.0716667,6.51,0.94,md,12,87,0.03727,0.13,uu,uu60021539,2020-04-21T21:43:16.020Z,"6 km NNE of Magna, Utah",earthquake,0.34,0.77,0.344,5,reviewed,uu,uu
2020-03-20T02:14:20.250Z,40.7556667,-112.0605,6.47,0.97,ml,16,72,0.03322,0.13,uu,uu60367217,2020-04-10T20:52:26.200Z,"6 km NE of Magna, Utah",earthquake,0.3,0.73,0.366,3,reviewed,uu,uu
2020-03-20T02:16:30.510Z,40.7538333,-112.0666667,7.64,1.49,ml,32,49,0.03562,0.17,uu,uu60367227,2020-04-02T15:32:16.520Z,"5 km NNE of Magna, Utah",earthquake,0.3,0.7,0.105,10,reviewed,uu,uu
2020-03-20T02:28:21.820Z,40.7603333,-112.0673333,8.9,0.68,md,12,101,0.04103,0.09,uu,uu60367232,2020-04-16T22:03:10.190Z,"6 km NNE of Magna, Utah",earthquake,0.3,0.92,0.22,6,reviewed,uu,uu
2020-03-20T02:30:34.530Z,40.7515,-112.0428333,7.07,0.36,md,9,97,0.02509,0.11,uu,uu60367237,2020-04-21T21:32:47.060Z,"6 km NE of Magna, Utah",earthquake,0.33,0.7,0.567,3,reviewed,uu,uu
2020-03-20T02:51:14.560Z,40.7545,-112.0573333,8.49,1.66,ml,24,53,0.0159,0.13,uu,uu60367242,2020-03-24T18:34:31.906Z,"6 km NE of Magna, Utah",earthquake,0.25,0.53,0.074,8,reviewed,uu,uu
2020-03-20T03:00:55.780Z,40.734,-112.0618333,10.04,1.43,ml,30,44,0.02094,0.15,uu,uu60367247,2020-04-10T21:21:14.510Z,"4 km NE of Magna, Utah",earthquake,0.3,0.44,0.127,6,reviewed,uu,uu
2020-03-20T03:02:31.610Z,40.7416667,-112.0423333,9.38,0.87,ml,17,52,0.0155,0.15,uu,uu60367252,2020-04-10T21:26:55.520Z,"6 km NE of Magna, Utah",earthquake,0.33,0.63,0.108,2,reviewed,uu,uu
2020-03-20T03:05:52.570Z,40.7603333,-112.0705,4.56,0.46,md,14,86,0.03672,0.12,uu,uu60367257,2020-04-16T22:06:16.490Z,"6 km NNE of Magna, Utah",earthquake,0.29,0.77,0.089,6,reviewed,uu,uu
2020-03-20T03:12:45.140Z,40.7395,-112.073,7.57,1.13,ml,21,67,0.01453,0.16,uu,uu60367262,2020-04-10T21:49:34.580Z,"4 km NE of Magna, Utah",earthquake,0.36,0.6,0.248,2,reviewed,uu,uu
2020-03-20T03:14:11.740Z,40.7495,-112.0325,6.5,0.84,md,11,97,0.02267,0.14,uu,uu60367267,2020-04-21T21:28:02.300Z,"6 km NNW of West Valley City, Utah",earthquake,0.38,1.21,0.319,6,reviewed,uu,uu
2020-03-20T03:23:33.500Z,40.7291667,-112.055,9.77,1.57,ml,41,43,0.0147,0.19,uu,uu60367277,2020-04-02T15:26:04.470Z,"4 km ENE of Magna, Utah",earthquake,0.29,0.55,0.139,6,reviewed,uu,uu
2020-03-20T03:36:38.030Z,40.7385,-112.0453333,7.5,0.25,md,10,106,0.01359,0.13,uu,uu60367282,2020-04-16T22:10:25.310Z,"5 km NE of Magna, Utah",earthquake,0.4,1.09,0.191,5,reviewed,uu,uu
2020-03-20T03:38:01.980Z,40.757,-112.0901667,10.32,1.08,ml,18,96,0.009733,0.14,uu,uu60367287,2020-03-24T22:31:16.750Z,"5 km N of Magna, Utah",earthquake,0.33,0.68,0.209,3,reviewed,uu,uu
2020-03-20T04:03:41.920Z,40.7315,-112.0665,8.85,1.4,ml,22,51,0.0237,0.14,uu,uu60367292,2020-03-25T17:13:27.950Z,"3 km NE of Magna, Utah",earthquake,0.33,0.57,0.279,3,reviewed,uu,uu
2020-03-20T04:20:23.450Z,40.7638333,-112.072,9.68,1.76,ml,23,55,0.01136,0.11,uu,uu60367302,2020-03-20T14:56:46.810Z,"6 km NNE of Magna, Utah",earthquake,0.25,0.44,0.319,10,reviewed,uu,uu
2020-03-20T04:20:46.570Z,40.7606667,-112.0688333,9.75,2.3,ml,29,50,0.01011,0.12,uu,uu60367307,2020-06-06T20:53:55.040Z,"6 km NNE of Magna, Utah",earthquake,0.25,0.41,0.136,10,reviewed,uu,uu
2020-03-20T04:24:40.950Z,40.7703333,-112.071,7.11,0.85,ml,12,105,0.119,0.15,uu,uu60367312,2020-04-10T21:43:22.740Z,"7 km NNE of Magna, Utah",earthquake,0.45,1.54,0.072,2,reviewed,uu,uu
2020-03-20T04:26:51.990Z,40.7565,-112.0606667,8.15,0.87,ml,13,74,0.03276,0.13,uu,uu60367317,2020-04-17T16:44:20.840Z,"6 km NNE of Magna, Utah",earthquake,0.34,0.84,0.268,2,reviewed,uu,uu
2020-03-20T04:27:30.210Z,40.7228333,-112.0496667,5.63,0.32,md,10,97,0.01126,0.13,uu,uu60021309,2020-04-17T16:47:22.510Z,"4 km ENE of Magna, Utah",earthquake,0.35,0.83,0.081,5,reviewed,uu,uu
2020-03-20T04:33:39.600Z,40.7513333,-112.0386667,7.65,0.19,md,9,97,0.02445,0.09,uu,uu60367322,2020-04-17T16:31:54.450Z,"7 km NE of Magna, Utah",earthquake,0.43,1.2,0.174,4,reviewed,uu,uu
2020-03-20T04:36:55.530Z,40.738,-112.0276667,9.2,0.48,md,11,90,0.01268,0.1,uu,uu60367327,2020-04-17T16:19:00.080Z,"5 km NNW of West Valley City, Utah",earthquake,0.33,0.91,0.18,5,reviewed,uu,uu
2020-03-20T04:46:31.210Z,40.7656667,-112.0728333,9.43,1.23,ml,17,59,0.01283,0.11,uu,uu60367332,2020-03-26T17:56:23.600Z,"6 km NNE of Magna, Utah",earthquake,0.33,0.69,0.128,4,reviewed,uu,uu
2020-03-20T04:52:22.400Z,40.7448333,-112.0566667,9.31,1.86,ml,43,45,0.01852,0.17,uu,uu60367337,2020-04-02T15:17:17.607Z,"5 km NE of Magna, Utah",earthquake,0.23,0.53,0.123,11,reviewed,uu,uu
2020-03-20T04:58:08.910Z,40.7255,-112.09,10.72,0.79,ml,11,58,0.02936,0.1,uu,uu60367342,2020-03-26T17:41:24.830Z,"2 km NNE of Magna, Utah",earthquake,0.34,0.71,0.234,2,reviewed,uu,uu
2020-03-20T05:02:02.870Z,40.7648333,-112.0753333,10.45,2.13,ml,34,53,0.01154,0.15,uu,uu60367352,2020-03-20T14:41:05.726Z,"6 km NNE of Magna, Utah",earthquake,0.25,0.45,0.198,8,reviewed,uu,uu
2020-03-20T05:03:06.040Z,40.7571667,-112.0743333,10.2,1.53,ml,17,83,0.004711,0.13,uu,uu60367347,2020-03-24T18:18:01.780Z,"5 km NNE of Magna, Utah",earthquake,0.36,0.64,0.017,2,reviewed,uu,uu
2020-03-20T05:14:08.520Z,40.7701667,-112.0861667,8.75,0.56,md,11,103,0.05765,0.13,uu,uu60367357,2020-04-17T16:55:17.580Z,"6 km N of Magna, Utah",earthquake,0.4,1.14,0.121,5,reviewed,uu,uu
2020-03-20T05:19:41.030Z,40.7135,-112.0993333,10.73,0.33,md,9,89,0.05007,0.17,uu,uu60367362,2020-04-17T16:57:54.090Z,"0 km NNE of Magna, Utah",earthquake,0.56,1.36,0.121,5,reviewed,uu,uu
2020-03-20T05:35:04.000Z,40.7445,-112.0576667,9.52,1.71,ml,29,48,0.01801,0.13,uu,uu60367367,2020-04-02T18:15:41.046Z,"5 km NE of Magna, Utah",earthquake,0.25,0.46,0.163,7,reviewed,uu,uu
2020-03-20T05:42:49.010Z,40.7778333,-111.9638333,5.38,0.86,ml,17,56,0.04353,0.1,uu,uu60367372,2020-06-12T17:58:43.370Z,"6 km WNW of Salt Lake City, Utah",earthquake,0.31,0.81,0.089,2,reviewed,uu,uu
2020-03-20T05:48:01.360Z,40.76,-112.0571667,7.78,1.64,ml,22,58,0.01726,0.17,uu,uu60367377,2020-03-24T18:19:37.265Z,"6 km NNE of Magna, Utah",earthquake,0.28,0.58,0.195,4,reviewed,uu,uu
2020-03-20T05:55:01.950Z,40.7408333,-112.0768333,8.22,0.81,md,15,91,0.03407,0.13,uu,uu60367387,2020-04-16T22:15:07.450Z,"4 km NNE of Magna, Utah",earthquake,0.33,0.74,0.238,9,reviewed,uu,uu
2020-03-20T05:56:22.310Z,40.7636667,-112.0795,6.94,0.8,ml,18,93,0.01021,0.19,uu,uu60367382,2020-04-10T20:46:14.350Z,"6 km NNE of Magna, Utah",earthquake,0.42,0.78,0.113,2,reviewed,uu,uu
2020-03-20T06:20:01.620Z,40.7615,-112.065,7.36,0.61,md,9,102,0.03251,0.11,uu,uu60367392,2020-04-14T15:29:09.010Z,"Utah",earthquake,0.44,0.84,0.129,5,reviewed,uu,uu
2020-03-20T06:28:15.570Z,40.7436667,-112.0415,8.51,0.76,md,12,93,0.02957,0.12,uu,uu60367397,2020-04-10T20:40:33.120Z,"6 km NE of Magna, Utah",earthquake,0.48,0.81,0.366,6,reviewed,uu,uu
2020-03-20T06:36:01.820Z,40.7821667,-112.0765,8.94,0.48,md,12,111,0.06321,0.19,uu,uu60367402,2020-04-14T15:50:23.630Z,"8 km NNE of Magna, Utah",earthquake,0.54,1.24,0.186,5,reviewed,uu,uu
2020-03-20T06:46:11.130Z,40.7145,-112.081,10.38,0.16,md,11,81,0.02842,0.1,uu,uu60367407,2020-04-14T15:44:39.990Z,"1 km ENE of Magna, Utah",earthquake,0.35,0.94,0.159,5,reviewed,uu,uu
2020-03-20T07:00:44.590Z,40.719,-112.0516667,9.27,0.98,ml,18,80,0.01439,0.16,uu,uu60367412,2020-04-14T15:51:27.720Z,"4 km ENE of Magna, Utah",earthquake,0.4,0.81,0.326,2,reviewed,uu,uu
2020-03-20T07:08:23.100Z,40.7665,-112.0766667,9.59,0.55,md,13,96,0.03863,0.12,uu,uu60367417,2020-04-14T15:57:11.590Z,"6 km NNE of Magna, Utah",earthquake,0.32,0.75,0.141,6,reviewed,uu,uu
2020-03-20T07:14:33.560Z,40.7431667,-112.0476667,8.46,0.55,md,11,93,0.0254,0.08,uu,uu60367422,2020-04-10T20:16:13.780Z,"5 km NE of Magna, Utah",earthquake,0.38,0.89,0.2,7,reviewed,uu,uu
2020-03-20T07:14:56.290Z,40.7431667,-112.0615,5.16,1.19,ml,20,92,0.01636,0.2,uu,uu60367427,2020-04-10T20:14:08.240Z,"5 km NE of Magna, Utah",earthquake,0.45,1.37,0.364,2,reviewed,uu,uu
2020-03-20T07:18:21.660Z,40.7716667,-112.0766667,10.35,0.19,md,9,123,0.05437,0.14,uu,uu60367432,2020-04-14T16:03:25.870Z,"7 km NNE of Magna, Utah",earthquake,0.57,1.36,0.141,5,reviewed,uu,uu
2020-03-20T07:31:20.700Z,40.7466667,-112.0455,9.38,1.47,ml,42,44,0.02101,0.19,uu,uu60367437,2020-06-06T20:53:56.040Z,"6 km NE of Magna, Utah",earthquake,0.26,0.53,0.111,8,reviewed,uu,uu
2020-03-20T07:33:46.920Z,40.7646667,-112.0741667,9.62,0.42,md,11,102,0.0476,0.13,uu,uu60367442,2020-04-14T16:14:23.260Z,"6 km NNE of Magna, Utah",earthquake,0.39,0.9,0.161,5,reviewed,uu,uu
2020-03-20T07:35:39.330Z,40.7611667,-112.072,8.7,0.41,md,12,100,0.04384,0.11,uu,uu60367447,2020-04-14T16:17:02.210Z,"6 km NNE of Magna, Utah",earthquake,0.31,0.88,0.059,5,reviewed,uu,uu
2020-03-20T07:41:56.210Z,40.7803333,-112.0971667,8.05,1.29,ml,28,58,0.03044,0.18,uu,uu60367452,2020-03-25T17:03:04.640Z,"7 km N of Magna, Utah",earthquake,0.3,0.61,0.157,3,reviewed,uu,uu
2020-03-20T07:45:28.470Z,40.7363333,-112.0541667,7.37,0.91,ml,17,90,0.02505,0.18,uu,uu60367457,2020-04-10T20:08:57.420Z,"5 km NE of Magna, Utah",earthquake,0.44,1.16,0.22,2,reviewed,uu,uu
2020-03-20T07:52:03.080Z,40.7666667,-112.0803333,10.01,0.57,md,13,84,0.04125,0.2,uu,uu60367462,2020-04-14T16:20:40.450Z,"6 km NNE of Magna, Utah",earthquake,0.51,1.33,0.198,6,reviewed,uu,uu
2020-03-20T08:11:06.390Z,40.7596667,-112.0591667,6.98,1.08,ml,19,57,0.01573,0.18,uu,uu60367472,2020-04-10T16:13:42.420Z,"6 km NNE of Magna, Utah",earthquake,0.33,0.89,0.268,3,reviewed,uu,uu
2020-03-20T08:21:08.070Z,40.7558333,-112.0311667,6.41,1.25,ml,19,59,0.03582,0.15,uu,uu60367477,2020-04-10T16:21:26.650Z,"7 km NNW of West Valley City, Utah",earthquake,0.37,1.08,0.367,3,reviewed,uu,uu
2020-03-20T08:44:52.750Z,40.7646667,-112.0795,8.54,0.51,md,13,102,0.05018,0.14,uu,uu60367487,2020-04-14T19:45:13.440Z,"6 km NNE of Magna, Utah",earthquake,0.41,1.1,0.181,6,reviewed,uu,uu
2020-03-20T08:46:08.550Z,40.739,-112.0621667,7.73,0.4,md,11,91,0.01893,0.11,uu,uu60367482,2020-04-10T16:44:39.040Z,"4 km NE of Magna, Utah",earthquake,0.38,0.88,0.251,5,reviewed,uu,uu
2020-03-20T08:54:04.670Z,40.7615,-112.053,7.4,2.21,ml,32,53,0.02076,0.14,uu,uu60367492,2020-06-06T20:53:57.040Z,"7 km NE of Magna, Utah",earthquake,0.26,0.51,0.182,12,reviewed,uu,uu
2020-03-20T08:59:01.840Z,40.7583333,-112.0531667,7.24,0.18,md,8,101,0.03399,0.09,uu,uu60367497,2020-04-16T22:24:54.670Z,"6 km NE of Magna, Utah",earthquake,0.34,0.99,0.476,3,reviewed,uu,uu
2020-03-20T09:01:14.800Z,40.7521667,-112.0548333,7.76,0.56,md,11,97,0.02902,0.12,uu,uu60367502,2020-04-21T21:25:23.170Z,"6 km NE of Magna, Utah",earthquake,0.33,0.95,0.182,5,reviewed,uu,uu
2020-03-20T09:01:40.380Z,40.734,-112.0653333,2.52,0.29,md,7,101,0.02346,0.15,uu,uu60021534,2020-04-21T21:24:49.750Z,"4 km NE of Magna, Utah",earthquake,0.48,1.53,0.805,3,reviewed,uu,uu
2020-03-20T09:06:08.560Z,40.7773333,-112.0781667,12.4,0.44,md,11,89,0.05971,0.15,uu,uu60367507,2020-04-17T21:58:37.790Z,"7 km NNE of Magna, Utah",earthquake,0.48,1.3,0.175,6,reviewed,uu,uu
2020-03-20T09:07:05.140Z,40.7526667,-112.059,9.22,0.52,ml,14,67,0.03112,0.12,uu,uu60367512,2020-04-17T19:57:05.080Z,"6 km NE of Magna, Utah",earthquake,0.33,0.84,0.184,2,reviewed,uu,uu
2020-03-20T09:16:56.060Z,40.7505,-112.0343333,8.5,0.77,md,15,51,0.02356,0.14,uu,uu60367522,2020-04-17T21:20:30.430Z,"7 km NNW of West Valley City, Utah",earthquake,0.33,0.72,0.167,7,reviewed,uu,uu
2020-03-20T09:24:04.940Z,40.7693333,-112.079,10.24,0.54,md,12,101,0.03961,0.12,uu,uu60367527,2020-04-17T21:37:59.000Z,"6 km NNE of Magna, Utah",earthquake,0.4,0.76,0.176,6,reviewed,uu,uu
2020-03-20T09:30:08.740Z,40.7651667,-112.0675,6.58,0.51,md,11,102,0.04511,0.19,uu,uu60367532,2020-04-17T21:51:21.680Z,"6 km NNE of Magna, Utah",earthquake,0.56,1.34,0.16,6,reviewed,uu,uu
2020-03-20T09:50:57.760Z,40.7541667,-112.0316667,8.96,0.31,md,10,99,0.02738,0.1,uu,uu60367537,2020-04-17T19:29:38.690Z,"7 km NNW of West Valley City, Utah",earthquake,0.41,1.04,0.237,5,reviewed,uu,uu
2020-03-20T10:05:00.300Z,40.729,-112.0661667,9.88,0.92,ml,17,84,0.02311,0.14,uu,uu60367542,2020-03-26T17:32:05.680Z,"3 km NE of Magna, Utah",earthquake,0.38,0.63,0.443,2,reviewed,uu,uu
2020-03-20T10:07:31.360Z,40.7653333,-112.0761667,9.37,0.51,md,11,102,0.04906,0.14,uu,uu60367547,2020-04-14T20:14:32.300Z,"Utah",earthquake,0.47,1.02,0.091,5,reviewed,uu,uu
2020-03-20T10:20:33.440Z,40.7526667,-112.0685,9.4,1.33,ml,17,66,0.007427,0.13,uu,uu60367557,2020-03-24T18:20:10.290Z,"5 km NNE of Magna, Utah",earthquake,0.34,0.62,0.189,3,reviewed,uu,uu
2020-03-20T10:35:46.090Z,40.7521667,-112.0603333,8.95,1.12,ml,14,68,0.01365,0.06,uu,uu60367562,2020-03-24T18:21:14.650Z,"5 km NE of Magna, Utah",earthquake,0.29,0.41,0.108,3,reviewed,uu,uu
2020-03-20T10:46:12.480Z,40.7228333,-112.0815,10.66,0.43,md,12,84,0.03491,0.14,uu,uu60367567,2020-04-17T19:19:46.000Z,"Utah",earthquake,0.47,0.88,0.13,6,reviewed,uu,uu
2020-03-20T10:54:53.100Z,40.7603333,-112.0391667,7.41,0.67,md,16,54,0.01955,0.1,uu,uu60367572,2020-04-17T19:04:48.050Z,"7 km NE of Magna, Utah",earthquake,0.3,0.72,0.354,7,reviewed,uu,uu
2020-03-20T10:58:08.240Z,40.7583333,-112.0563333,7.23,2.04,ml,33,41,0.01731,0.16,uu,uu60367577,2020-06-06T20:53:57.040Z,"6 km NE of Magna, Utah",earthquake,0.24,0.53,0.184,12,reviewed,uu,uu
2020-03-20T11:05:07.170Z,40.71,-112.0728333,8.04,0.87,md,13,74,0.04364,0.18,uu,uu60367582,2020-04-10T16:51:52.400Z,"2 km E of Magna, Utah",earthquake,0.57,1.47,0.14,6,reviewed,uu,uu
2020-03-20T11:17:13.430Z,40.7578333,-112.0691667,7.24,1.48,ml,17,81,0.00813,0.12,uu,uu60367587,2020-03-24T18:22:18.790Z,"6 km NNE of Magna, Utah",earthquake,0.38,0.61,0.191,2,reviewed,uu,uu
2020-03-20T11:26:25.010Z,40.7456667,-112.0751667,9.32,0.68,md,11,83,0.03523,0.13,uu,uu60367592,2020-04-14T15:28:04.740Z,"4 km NNE of Magna, Utah",earthquake,0.41,1.22,0.102,5,reviewed,uu,uu
2020-03-20T11:27:43.700Z,40.739,-112.0625,10.5,0.51,md,12,104,0.02354,0.13,uu,uu60367597,2020-04-14T15:40:00.380Z,"4 km NE of Magna, Utah",earthquake,0.36,1.06,0.09,6,reviewed,uu,uu
2020-03-20T11:55:04.150Z,40.7266667,-112.0818333,9.11,0.54,md,11,95,0.03493,0.12,uu,uu60367602,2020-04-14T15:49:50.270Z,"2 km NE of Magna, Utah",earthquake,0.34,0.82,0.16,4,reviewed,uu,uu
2020-03-20T11:58:04.410Z,40.7556667,-112.0616667,8.39,1.4,ml,20,63,0.01276,0.13,uu,uu60367607,2020-03-24T18:24:24.590Z,"6 km NNE of Magna, Utah",earthquake,0.29,0.65,0.271,4,reviewed,uu,uu
2020-03-20T12:10:24.380Z,40.7386667,-112.0585,8.44,1.01,md,13,81,0.0208,0.13,uu,uu60367612,2020-04-14T16:57:20.620Z,"4 km NE of Magna, Utah",earthquake,0.45,0.83,0.117,4,reviewed,uu,uu
2020-03-20T12:44:43.870Z,40.7366667,-112.0753333,10.63,0.66,md,13,102,0.03151,0.09,uu,uu60367622,2020-04-14T15:57:44.890Z,"3 km NE of Magna, Utah",earthquake,0.33,0.77,0.155,6,reviewed,uu,uu
2020-03-20T13:36:00.850Z,40.7456667,-112.055,8.35,0.88,ml,16,94,0.01929,0.14,uu,uu60367632,2020-03-24T18:24:58.040Z,"5 km NE of Magna, Utah",earthquake,0.36,0.66,0.237,2,reviewed,uu,uu
2020-03-20T13:53:39.650Z,40.7491667,-112.0525,8.58,1.45,ml,19,45,0.02001,0.14,uu,uu60367642,2020-03-24T18:26:02.440Z,"6 km NE of Magna, Utah",earthquake,0.3,0.57,0.21,5,reviewed,uu,uu
2020-03-20T13:59:13.660Z,40.7681667,-112.0715,4.8,1.16,ml,11,100,0.1203,0.14,uu,uu60367647,2020-04-10T16:56:31.970Z,"7 km NNE of Magna, Utah",earthquake,0.4,2.64,0.242,3,reviewed,uu,uu
2020-03-20T14:01:08.200Z,40.7476667,-112.0376667,8.34,2.44,ml,33,41,0.02074,0.15,uu,uu60367652,2020-06-06T20:53:57.040Z,"6 km NE of Magna, Utah",earthquake,0.26,0.6,0.211,16,reviewed,uu,uu
2020-03-20T14:12:05.970Z,40.7495,-112.0413333,8.41,0.15,md,8,124,0.02291,0.09,uu,uu60367657,2020-04-14T16:26:21.480Z,"6 km NE of Magna, Utah",earthquake,0.42,0.94,0.164,4,reviewed,uu,uu
2020-03-20T14:12:54.130Z,40.7183333,-112.074,9.39,0.48,md,9,102,0.03296,0.1,uu,uu60021179,2020-04-14T16:33:37.490Z,"2 km ENE of Magna, Utah",earthquake,0.43,0.71,0.114,4,reviewed,uu,uu
2020-03-20T14:14:15.000Z,40.7503333,-112.0343333,7.24,1.4,ml,20,56,0.03349,0.18,uu,uu60367662,2020-04-10T20:04:48.710Z,"7 km NNW of West Valley City, Utah",earthquake,0.34,0.95,0.084,7,reviewed,uu,uu
2020-03-20T15:03:32.520Z,40.7516667,-112.0281667,7.68,1.05,ml,19,97,0.02538,0.11,uu,uu60367672,2020-03-25T16:55:20.030Z,"7 km NNW of West Valley City, Utah",earthquake,0.3,0.62,0.061,3,reviewed,uu,uu
2020-03-20T15:05:38.000Z,40.7478333,-112.0388333,7.19,0.94,ml,13,96,0.03045,0.12,uu,uu60367677,2020-03-27T14:48:35.140Z,"6 km NE of Magna, Utah",earthquake,0.38,0.81,0.226,2,reviewed,uu,uu
2020-03-20T15:12:07.570Z,40.7881667,-112.0735,8.82,0.55,ml,14,105,0.03483,0.15,uu,uu60367682,2020-03-27T15:12:13.110Z,"9 km NNE of Magna, Utah",earthquake,0.48,1.09,0.009,2,reviewed,uu,uu
2020-03-20T15:14:56.310Z,40.7803333,-112.0716667,11.25,0.9,ml,14,110,0.03317,0.11,uu,uu60367687,2020-04-14T16:50:07.310Z,"8 km NNE of Magna, Utah",earthquake,0.34,0.74,0.104,2,reviewed,uu,uu
2020-03-20T15:16:27.350Z,40.7513333,-112.034,7.42,0.78,ml,15,97,0.0244,0.09,uu,uu60367692,2020-04-14T17:16:24.290Z,"7 km NNW of West Valley City, Utah",earthquake,0.28,0.7,0.257,2,reviewed,uu,uu
2020-03-20T15:34:15.640Z,40.7461667,-112.042,4.77,0.4,md,11,94,0.01975,0.14,uu,uu60367697,2020-04-15T22:24:07.500Z,"6 km NE of Magna, Utah",earthquake,0.39,1.06,0.31,4,reviewed,uu,uu
2020-03-20T15:42:07.790Z,40.7446667,-112.0503333,4.1,0.62,md,12,110,0.02083,0.11,uu,uu60367702,2020-04-14T17:25:40.720Z,"5 km NE of Magna, Utah",earthquake,0.27,1.02,0.059,5,reviewed,uu,uu
2020-03-20T15:52:28.970Z,40.7658333,-112.0893333,10.16,0.93,md,14,98,0.01495,0.1,uu,uu60367707,2020-04-10T19:53:57.360Z,"6 km N of Magna, Utah",earthquake,0.38,0.78,0.324,8,reviewed,uu,uu
2020-03-20T15:54:19.450Z,40.7163333,-112.0935,10.63,0.19,md,8,98,0.03116,0.11,uu,uu60367712,2020-04-14T17:09:41.690Z,"1 km NE of Magna, Utah",earthquake,0.59,1.64,0.186,3,reviewed,uu,uu
2020-03-20T15:56:19.890Z,40.7501667,-112.0505,6.05,0.59,md,6,113,0.09755,0.1,uu,uu60367717,2020-04-17T21:54:59.660Z,"6 km NE of Magna, Utah",earthquake,0.54,3.01,0.334,2,reviewed,uu,uu
2020-03-20T16:13:04.570Z,40.7291667,-112.0808333,9.77,1.73,ml,24,46,0.02438,0.16,uu,uu60367722,2020-03-27T18:21:19.346Z,"2 km NE of Magna, Utah",earthquake,0.31,0.66,0.12,11,reviewed,uu,uu
2020-03-20T16:16:15.850Z,40.7295,-112.078,9.39,1.1,ml,13,86,0.03211,0.12,uu,uu60367737,2020-04-14T17:33:24.870Z,"3 km NE of Magna, Utah",earthquake,0.27,0.87,0.147,2,reviewed,uu,uu
2020-03-20T16:17:49.770Z,40.7573333,-112.0731667,9.51,0.69,md,11,99,0.04152,0.14,uu,uu60367742,2020-04-15T22:01:56.670Z,"5 km NNE of Magna, Utah",earthquake,0.46,0.86,0.276,5,reviewed,uu,uu
2020-03-20T16:48:35.050Z,40.7901667,-111.9413333,7.64,0.56,md,8,93,0.02182,0.18,uu,uu60367747,2020-04-15T22:11:13.040Z,"Utah",earthquake,0.75,1.37,0.106,3,reviewed,uu,uu
2020-03-20T17:40:31.850Z,40.7486667,-112.0308333,8.97,1.08,ml,9,112,0.03632,0.11,uu,uu60367757,2020-04-10T19:51:51.720Z,"6 km NNW of West Valley City, Utah",earthquake,0.47,0.8,0.313,3,reviewed,uu,uu
2020-03-20T17:47:48.620Z,40.7406667,-112.0396667,7.15,0.77,md,9,92,0.014,0.16,uu,uu60367762,2020-04-15T22:16:23.430Z,"6 km NE of Magna, Utah",earthquake,0.48,1.36,0.234,5,reviewed,uu,uu
2020-03-20T18:08:03.310Z,40.7845,-112.0963333,7.01,0.72,md,9,93,0.09547,0.16,uu,uu60367767,2020-04-15T22:32:53.220Z,"8 km N of Magna, Utah",earthquake,0.44,1.94,0.14,4,reviewed,uu,uu
2020-03-20T18:30:05.800Z,40.7516667,-112.0761667,10.42,0.72,md,10,118,0.002395,0.12,uu,uu60367772,2020-04-10T19:48:44.440Z,"5 km NNE of Magna, Utah",earthquake,0.43,1.11,0.272,7,reviewed,uu,uu
2020-03-20T18:58:33.690Z,40.7521667,-112.038,7.24,1.3,ml,19,60,0.03058,0.15,uu,uu60367777,2020-04-10T19:39:58.790Z,"7 km NE of Magna, Utah",earthquake,0.34,1.01,0.043,7,reviewed,uu,uu
2020-03-20T19:08:58.030Z,40.7125,-112.0685,10.25,0.76,md,13,90,0.02868,0.1,uu,uu60367782,2020-03-25T16:40:25.090Z,"2 km E of Magna, Utah",earthquake,0.36,0.85,0.267,6,reviewed,uu,uu
2020-03-20T20:02:16.640Z,40.7626667,-112.0761667,9.61,0.93,md,9,101,0.0093,0.19,uu,uu60367787,2020-04-10T19:33:15.960Z,"6 km NNE of Magna, Utah",earthquake,0.79,1.13,0.085,6,reviewed,uu,uu
2020-03-20T20:24:32.250Z,40.765,-112.0825,6.2,0.61,md,6,117,0.116,0.11,uu,uu60367802,2020-04-17T20:58:47.650Z,"6 km NNE of Magna, Utah",earthquake,0.42,2.35,0.205,4,reviewed,uu,uu
2020-03-20T20:40:34.230Z,40.7331667,-112.0865,7.88,0.32,md,9,98,0.08459,0.1,uu,uu60367812,2020-04-14T17:46:50.110Z,"2 km NNE of Magna, Utah",earthquake,0.39,1.66,0.168,4,reviewed,uu,uu
2020-03-20T21:22:35.720Z,40.7421667,-112.0758333,8.61,0.85,md,12,78,0.01145,0.12,uu,uu60367817,2020-04-17T21:00:53.300Z,"4 km NNE of Magna, Utah",earthquake,0.37,0.71,0.246,6,reviewed,uu,uu
2020-03-20T21:25:32.630Z,40.7571667,-112.0381667,9.83,0.29,md,5,130,0.03065,0.08,uu,uu60367822,2020-04-17T21:04:00.520Z,"7 km NE of Magna, Utah",earthquake,0.48,0.86,0.348,2,reviewed,uu,uu
2020-03-20T21:41:55.850Z,40.7531667,-112.0323333,8.03,1.95,ml,28,43,0.02502,0.17,uu,uu60367827,2020-06-06T20:53:59.040Z,"7 km NNW of West Valley City, Utah",earthquake,0.34,0.63,0.075,10,reviewed,uu,uu
2020-03-20T21:51:37.740Z,40.7661667,-112.0915,10.4,-0.15,md,5,123,0.01619,0.1,uu,uu60367837,2020-04-16T22:45:58.780Z,"6 km N of Magna, Utah",earthquake,0.51,1.08,0.571,3,reviewed,uu,uu
2020-03-20T21:56:56.500Z,40.7546667,-112.0436667,9.44,0.35,md,6,117,0.1014,0.1,uu,uu60367842,2020-04-16T22:54:13.690Z,"7 km NE of Magna, Utah",earthquake,0.43,1.85,0.253,3,reviewed,uu,uu
2020-03-20T22:08:00.460Z,40.764,-112.0438333,4.66,0.67,md,8,123,0.0375,0.22,uu,uu60367847,2020-04-17T20:14:33.820Z,"7 km NE of Magna, Utah",earthquake,0.67,2.4,0.359,2,reviewed,uu,uu
2020-03-20T22:15:26.170Z,40.7441667,-112.0745,7.29,0.69,md,8,108,0.05839,0.08,uu,uu60367852,2020-04-17T20:40:14.860Z,"4 km NNE of Magna, Utah",earthquake,0.32,1.4,0.046,4,reviewed,uu,uu
2020-03-20T22:17:24.120Z,40.7395,-112.0698333,8.54,0.36,md,5,126,0.09501,0.05,uu,uu60367857,2020-04-17T20:42:51.260Z,"4 km NE of Magna, Utah",earthquake,0.52,1.95,0.277,3,reviewed,uu,uu
2020-03-20T22:26:58.410Z,40.7875,-112.0735,6.84,0.25,md,7,114,0.106,0.09,uu,uu60367867,2020-04-09T22:46:26.800Z,"9 km NNE of Magna, Utah",earthquake,0.41,1.82,0.3,3,reviewed,uu,uu
2020-03-20T22:27:48.180Z,40.7558333,-112.0625,5.83,0.65,md,9,98,0.07143,0.09,uu,uu60367872,2020-04-09T22:52:10.520Z,"6 km NNE of Magna, Utah",earthquake,0.29,1.72,0.154,6,reviewed,uu,uu
2020-03-20T22:31:54.850Z,40.757,-112.061,8.92,1.3,ml,16,75,0.01354,0.13,uu,uu60367882,2020-04-02T14:40:43.190Z,"6 km NNE of Magna, Utah",earthquake,0.32,0.65,0.269,3,reviewed,uu,uu
2020-03-20T22:32:10.790Z,40.7566667,-112.0608333,8.56,2.25,ml,20,55,0.01358,0.13,uu,uu60367877,2020-03-27T17:41:47.770Z,"6 km NNE of Magna, Utah",earthquake,0.3,0.51,0.147,13,reviewed,uu,uu
2020-03-20T22:36:15.660Z,40.7431667,-112.0348333,9.03,0.66,md,12,93,0.01622,0.08,uu,uu60367892,2020-04-17T21:09:10.860Z,"6 km NNW of West Valley City, Utah",earthquake,0.29,0.66,0.356,2,reviewed,uu,uu
2020-03-20T22:37:23.810Z,40.7548333,-112.0628333,8.32,1.13,ml,19,53,0.01176,0.17,uu,uu60367887,2020-04-10T19:23:54.210Z,"6 km NNE of Magna, Utah",earthquake,0.33,0.79,0.269,3,reviewed,uu,uu
2020-03-20T22:44:02.920Z,40.7515,-112.036,7.93,1.26,ml,17,56,0.03213,0.16,uu,uu60367902,2020-04-10T19:28:03.040Z,"7 km NE of Magna, Utah",earthquake,0.38,0.85,0.071,6,reviewed,uu,uu
2020-03-20T22:48:34.220Z,40.7493333,-112.0586667,8.47,0.37,md,11,92,0.01542,0.11,uu,uu60367907,2020-04-17T22:31:37.590Z,"5 km NE of Magna, Utah",earthquake,0.43,0.72,0.464,5,reviewed,uu,uu
2020-03-20T22:48:44.340Z,40.7548333,-112.0676667,7.65,-0.18,md,6,122,0.008126,0.22,uu,uu60021374,2020-04-17T22:34:44.860Z,"5 km NNE of Magna, Utah",earthquake,0.82,1.2,0.142,3,reviewed,uu,uu
2020-03-20T22:50:36.380Z,40.7598333,-112.0276667,7.75,-0.02,md,9,112,0.03344,0.13,uu,uu60021369,2020-04-17T22:23:53.340Z,"7 km NNW of West Valley City, Utah",earthquake,0.6,0.89,0.352,4,reviewed,uu,uu
2020-03-20T22:55:59.580Z,40.7596667,-112.0808333,10.43,0.48,md,8,107,0.006484,0.13,uu,uu60367917,2020-04-17T21:59:41.950Z,"5 km NNE of Magna, Utah",earthquake,0.45,0.88,0.184,4,reviewed,uu,uu
2020-03-20T23:00:29.480Z,40.7646667,-112.091,9.79,-0.01,md,7,96,0.0148,0.1,uu,uu60021344,2020-04-17T19:32:15.180Z,"6 km N of Magna, Utah",earthquake,0.52,0.86,0.296,3,reviewed,uu,uu
2020-03-20T23:00:38.080Z,40.7578333,-112.0741667,9.58,0.24,md,7,116,0.00532,0.11,uu,uu60021349,2020-04-17T19:34:20.910Z,"5 km NNE of Magna, Utah",earthquake,0.54,0.89,0.115,3,reviewed,uu,uu
2020-03-20T23:00:56.210Z,40.7676667,-112.0806667,10.17,0.92,md,11,89,0.01429,0.16,uu,uu60367922,2020-04-17T19:28:03.660Z,"6 km NNE of Magna, Utah",earthquake,0.47,0.92,0.417,4,reviewed,uu,uu
2020-03-20T23:01:06.450Z,40.7648333,-112.0971667,4.73,0.06,md,4,162,0.01832,0.14,uu,uu60021354,2020-04-17T19:38:29.680Z,"6 km N of Magna, Utah",earthquake,1.01,1.59,0.217,2,reviewed,uu,uu
2020-03-20T23:01:32.510Z,40.7618333,-112.103,5.19,-0.22,md,5,133,0.02059,0.03,uu,uu60021359,2020-04-17T19:42:07.610Z,"5 km N of Magna, Utah",earthquake,0.58,1.17,0.198,3,reviewed,uu,uu
2020-03-20T23:01:47.100Z,40.7665,-112.1375,2.23,-0.45,md,5,124,0.04687,0.22,uu,uu60021364,2020-04-17T19:48:19.370Z,"7 km NNW of Magna, UT",earthquake,0.69,3.36,0.395,2,reviewed,uu,uu
2020-03-20T23:02:45.390Z,40.7665,-112.074,9.83,0.85,md,13,87,0.01339,0.15,uu,uu60367927,2020-04-15T22:43:16.410Z,"6 km NNE of Magna, Utah",earthquake,0.43,0.81,0.29,5,reviewed,uu,uu
2020-03-20T23:04:27.810Z,40.7585,-112.0671667,8.38,0.5,md,12,94,0.009773,0.14,uu,uu60367932,2020-04-15T22:40:40.000Z,"6 km NNE of Magna, Utah",earthquake,0.44,0.95,0.457,5,reviewed,uu,uu
2020-03-20T23:07:57.660Z,40.7371667,-112.0818333,10.12,0.49,md,14,59,0.01654,0.13,uu,uu60367937,2020-04-17T19:16:38.350Z,"3 km NNE of Magna, Utah",earthquake,0.37,0.76,0.184,6,reviewed,uu,uu
2020-03-20T23:08:07.170Z,40.7531667,-112.0785,7.99,0.64,md,8,96,0.0003876,0.08,uu,uu60021339,2020-04-17T19:20:19.450Z,"5 km NNE of Magna, Utah",earthquake,0.45,0.94,0.318,3,reviewed,uu,uu
2020-03-20T23:17:44.720Z,40.7616667,-112.0691667,8.28,1.15,ml,18,72,0.01068,0.17,uu,uu60367942,2020-04-10T19:31:10.260Z,"6 km NNE of Magna, Utah",earthquake,0.44,0.82,0.211,3,reviewed,uu,uu
2020-03-21T00:04:19.500Z,40.7401667,-112.0498333,7.78,0.91,ml,16,47,0.01693,0.14,uu,uu60367952,2020-04-08T15:45:05.140Z,"5 km NE of Magna, Utah",earthquake,0.4,0.76,0.244,2,reviewed,uu,uu
2020-03-21T00:05:28.170Z,40.732,-112.0876667,10.09,0.33,md,10,132,0.02264,0.07,uu,uu60020829,2020-04-08T16:06:23.020Z,"2 km NNE of Magna, Utah",earthquake,0.34,0.61,0.213,5,reviewed,uu,uu
2020-03-21T00:06:04.740Z,40.767,-112.071,8.43,0.28,md,7,114,0.03438,0.09,uu,uu60020839,2020-04-08T16:15:42.200Z,"6 km NNE of Magna, Utah",earthquake,0.42,0.95,0.08,4,reviewed,uu,uu
2020-03-21T00:09:58.200Z,40.7805,-112.0701667,10.81,0.56,md,10,110,0.03185,0.09,uu,uu60367957,2020-04-08T16:22:58.100Z,"8 km NNE of Magna, Utah",earthquake,0.46,0.83,0.141,5,reviewed,uu,uu
2020-03-21T00:10:37.170Z,40.746,-112.0435,8.03,0.32,md,8,110,0.01989,0.07,uu,uu60020844,2020-04-08T16:31:43.800Z,"6 km NE of Magna, Utah",earthquake,0.45,0.86,0.237,5,reviewed,uu,uu
2020-03-21T00:15:38.980Z,40.779,-112.0798333,11.44,1.38,ml,28,56,0.02551,0.15,uu,uu60367962,2020-03-25T16:12:16.530Z,"Utah",earthquake,0.3,0.4,0.055,7,reviewed,uu,uu
2020-03-21T00:21:38.930Z,40.7346667,-112.05,7.61,0.74,ml,12,83,0.01321,0.07,uu,uu60367967,2020-04-08T16:47:09.580Z,"5 km ENE of Magna, Utah",earthquake,0.3,0.49,0.298,2,reviewed,uu,uu
2020-03-21T01:00:59.880Z,40.7421667,-112.0621667,4.68,0.13,md,8,116,0.0251,0.13,uu,uu60367977,2020-04-08T16:56:28.650Z,"4 km NE of Magna, Utah",earthquake,0.53,1.29,0.17,4,reviewed,uu,uu
2020-03-21T01:10:45.240Z,40.7478333,-112.0453333,10.26,2.25,ml,39,56,0.02206,0.16,uu,uu60367992,2020-06-06T20:54:00.040Z,"6 km NE of Magna, Utah",earthquake,0.27,0.43,0.1,11,reviewed,uu,uu
2020-03-21T01:14:01.530Z,40.7511667,-112.0605,9.07,0.52,md,12,92,0.01366,0.1,uu,uu60368002,2020-04-08T17:23:19.080Z,"5 km NE of Magna, Utah",earthquake,0.38,0.67,0.08,5,reviewed,uu,uu
2020-03-21T01:27:51.580Z,40.7456667,-112.0466667,10.57,2.46,ml,54,44,0.02042,0.19,uu,uu60368007,2020-06-06T20:54:00.040Z,"6 km NE of Magna, Utah",earthquake,0.22,0.51,0.201,14,reviewed,uu,uu
2020-03-21T01:31:50.820Z,40.7486667,-112.0431667,8.65,1.41,ml,31,54,0.02239,0.16,uu,uu60368017,2020-03-25T16:03:56.360Z,"6 km NE of Magna, Utah",earthquake,0.29,0.51,0.125,9,reviewed,uu,uu
2020-03-21T01:33:20.590Z,40.7218333,-112.0775,10.51,0.92,ml,15,63,0.03163,0.1,uu,uu60368022,2020-03-27T17:23:48.070Z,"2 km NE of Magna, Utah",earthquake,0.32,0.64,0.206,2,reviewed,uu,uu
2020-03-21T01:39:13.010Z,40.741,-112.0401667,8.62,0.01,md,5,209,0.01441,0.09,uu,uu60368032,2020-04-09T21:36:06.630Z,"6 km NE of Magna, Utah",earthquake,0.92,1.01,0.365,2,reviewed,uu,uu
2020-03-21T01:47:27.500Z,40.7448333,-112.0596667,9.58,0.91,ml,12,64,0.01653,0.11,uu,uu60368042,2020-04-08T18:31:14.090Z,"5 km NE of Magna, Utah",earthquake,0.37,0.67,0.276,2,reviewed,uu,uu
2020-03-21T02:12:37.900Z,40.7451667,-112.0391667,8.45,0.98,ml,14,94,0.03081,0.15,uu,uu60368047,2020-04-08T17:34:11.040Z,"6 km NE of Magna, Utah",earthquake,0.37,0.82,0.118,3,reviewed,uu,uu
2020-03-21T02:14:21.960Z,40.7316667,-112.0915,10.81,0.34,md,16,48,0.02402,0.15,uu,uu60020919,2020-04-09T15:49:49.440Z,"2 km NNE of Magna, Utah",earthquake,0.39,0.76,0.198,6,reviewed,uu,uu
2020-03-21T02:14:40.290Z,40.7366667,-112.043,8.45,0.9,ml,19,49,0.01111,0.12,uu,uu60368052,2020-04-09T15:24:25.870Z,"5 km ENE of Magna, Utah",earthquake,0.32,0.65,0.111,3,reviewed,uu,uu
2020-03-21T02:27:07.300Z,40.7528333,-112.0618333,8.87,0.28,md,8,102,0.01246,0.1,uu,uu60020854,2020-04-08T19:08:50.650Z,"5 km NE of Magna, Utah",earthquake,0.45,0.75,0.073,4,reviewed,uu,uu
2020-03-21T02:27:23.310Z,40.7291667,-112.093,10.78,-0.1,md,10,99,0.02677,0.08,uu,uu60020859,2020-04-08T19:06:14.250Z,"2 km NNE of Magna, Utah",earthquake,0.35,0.67,0.079,5,reviewed,uu,uu
2020-03-21T02:27:56.200Z,40.7443333,-112.0438333,7.54,0.49,ml,12,59,0.01839,0.14,uu,uu60368057,2020-04-08T18:48:42.800Z,"6 km NE of Magna, Utah",earthquake,0.41,0.69,0.177,2,reviewed,uu,uu
2020-03-21T02:32:30.640Z,40.7421667,-112.044,9.45,0.71,md,14,92,0.01641,0.09,uu,uu60368067,2020-04-09T15:59:08.620Z,"6 km NE of Magna, Utah",earthquake,0.28,0.59,0.077,6,reviewed,uu,uu
2020-03-21T02:33:17.120Z,40.7418333,-112.041,9.42,1.17,ml,18,61,0.03058,0.12,uu,uu60368062,2020-04-08T17:51:09.060Z,"6 km NE of Magna, Utah",earthquake,0.32,0.67,0.188,3,reviewed,uu,uu
2020-03-21T02:34:14.770Z,40.7498333,-112.0456667,7.55,0.49,md,12,107,0.02404,0.15,uu,uu60020944,2020-04-09T16:07:26.230Z,"6 km NE of Magna, Utah",earthquake,0.56,0.74,0.061,5,reviewed,uu,uu
2020-03-21T02:37:29.920Z,40.7523333,-112.0578333,9.56,0.73,md,14,64,0.01553,0.08,uu,uu60368072,2020-04-09T16:16:48.090Z,"6 km NE of Magna, Utah",earthquake,0.32,0.48,0.07,5,reviewed,uu,uu
2020-03-21T02:40:01.160Z,40.7503333,-112.042,10.05,1.5,ml,30,43,0.02382,0.19,uu,uu60368077,2020-03-27T17:20:40.820Z,"6 km NE of Magna, Utah",earthquake,0.34,0.52,0.168,5,reviewed,uu,uu
2020-03-21T03:06:31.420Z,40.7301667,-112.085,10.68,0.34,md,11,64,0.02386,0.08,uu,uu60368082,2020-04-09T19:39:55.630Z,"2 km NNE of Magna, Utah",earthquake,0.35,0.78,0.122,5,reviewed,uu,uu
2020-03-21T03:13:46.990Z,40.7751667,-112.0733333,10.46,1.51,ml,24,54,0.02197,0.14,uu,uu60368087,2020-04-03T20:28:04.299Z,"7 km NNE of Magna, Utah",earthquake,0.28,0.53,0.034,4,reviewed,uu,uu
2020-03-21T03:13:56.960Z,40.77,-112.0801667,10.56,1.46,md,13,89,0.01656,0.11,uu,uu60368092,2020-04-08T18:05:02.390Z,"7 km NNE of Magna, Utah",earthquake,0.49,0.54,0.284,7,reviewed,uu,uu
2020-03-21T03:38:24.530Z,40.753,-112.0375,7.74,0.51,md,10,108,0.02605,0.11,uu,uu60368097,2020-04-09T19:45:36.640Z,"7 km NE of Magna, Utah",earthquake,0.37,0.76,0.13,6,reviewed,uu,uu
2020-03-21T03:46:08.640Z,40.7393333,-112.0803333,10.4,0.75,md,13,63,0.01423,0.12,uu,uu60368112,2020-04-09T16:42:09.470Z,"3 km NNE of Magna, Utah",earthquake,0.39,0.84,0.045,5,reviewed,uu,uu
2020-03-21T03:49:34.420Z,40.7305,-112.0728333,10.61,0.56,md,14,84,0.02333,0.12,uu,uu60368117,2020-04-09T16:51:03.130Z,"3 km NE of Magna, Utah",earthquake,0.41,0.76,0.068,5,reviewed,uu,uu
2020-03-21T04:01:35.780Z,40.7356667,-112.0671667,9.78,0.98,ml,12,96,0.01968,0.11,uu,uu60368122,2020-04-09T16:59:28.590Z,"4 km NE of Magna, Utah",earthquake,0.34,0.97,0.271,2,reviewed,uu,uu
2020-03-21T04:25:25.400Z,40.7603333,-112.0751667,10.75,0.56,md,14,89,0.007219,0.1,uu,uu60368127,2020-04-09T19:52:50.070Z,"6 km NNE of Magna, Utah",earthquake,0.3,0.63,0.142,6,reviewed,uu,uu
2020-03-21T04:30:38.730Z,40.7608333,-112.0748333,10.24,0.21,md,10,98,0.007774,0.1,uu,uu60368132,2020-04-09T17:11:26.740Z,"6 km NNE of Magna, Utah",earthquake,0.37,0.67,0.133,5,reviewed,uu,uu
2020-03-21T04:33:27.260Z,40.7528333,-112.0571667,7.91,1.28,ml,23,53,0.016,0.15,uu,uu60368137,2020-03-24T21:51:48.980Z,"6 km NE of Magna, Utah",earthquake,0.28,0.57,0.254,3,reviewed,uu,uu
2020-03-21T04:43:44.600Z,40.727,-112.0698333,9.62,0.42,md,11,85,0.0258,0.08,uu,uu60020959,2020-04-09T17:23:22.490Z,"3 km NE of Magna, Utah",earthquake,0.44,0.72,0.174,3,reviewed,uu,uu
2020-03-21T04:43:51.950Z,40.7305,-112.075,10.54,0.92,ml,11,86,0.0231,0.07,uu,uu60368142,2020-04-09T17:18:43.010Z,"3 km NE of Magna, Utah",earthquake,0.35,0.73,0.298,2,reviewed,uu,uu
2020-03-21T04:51:14.420Z,40.7143333,-112.0761667,9.19,0.75,md,13,89,0.03915,0.11,uu,uu60368152,2020-04-08T21:09:54.840Z,"Utah",earthquake,0.45,0.95,0.385,9,reviewed,uu,uu
2020-03-21T05:08:30.100Z,40.7628333,-112.0706667,8.29,1.1,ml,18,71,0.01096,0.17,uu,uu60368162,2020-04-08T21:07:18.370Z,"6 km NNE of Magna, Utah",earthquake,0.42,0.94,0.187,3,reviewed,uu,uu
2020-03-21T05:29:15.000Z,40.7313333,-112.0665,5.64,0.65,md,8,98,0.04696,0.07,uu,uu60368167,2020-04-09T20:07:50.250Z,"3 km NE of Magna, Utah",earthquake,0.38,1.15,0.2,4,reviewed,uu,uu
2020-03-21T05:35:11.570Z,40.7483333,-112.0346667,7.45,0.33,md,10,107,0.02138,0.08,uu,uu60368172,2020-04-09T17:51:46.240Z,"6 km NNW of West Valley City, Utah",earthquake,0.39,0.72,0.099,5,reviewed,uu,uu
2020-03-21T05:41:47.880Z,40.7593333,-112.0753333,9.92,-0.22,md,8,93,0.006236,0.11,uu,uu60020464,2020-03-26T14:55:39.850Z,"6 km NNE of Magna, Utah",earthquake,0.57,1.34,0.401,4,reviewed,uu,uu
2020-03-21T05:41:53.770Z,40.7261667,-112.0795,9.77,1.24,ml,19,63,0.02731,0.11,uu,uu60368177,2020-03-25T18:51:17.210Z,"2 km NE of Magna, Utah",earthquake,0.3,0.6,0.229,3,reviewed,uu,uu
2020-03-21T05:47:15.560Z,40.7715,-112.054,8.49,1.12,ml,18,99,0.02071,0.12,uu,uu60368182,2020-03-25T18:34:16.770Z,"8 km NNE of Magna, Utah",earthquake,0.37,0.63,0.153,3,reviewed,uu,uu
2020-03-21T06:10:07.840Z,40.7483333,-112.0395,9.58,0.17,md,6,124,0.02986,0.09,uu,uu60368187,2020-04-09T20:11:28.150Z,"6 km NE of Magna, Utah",earthquake,0.53,0.76,0.094,3,reviewed,uu,uu
2020-03-21T06:17:56.260Z,40.746,-112.0435,9.78,1.63,ml,24,46,0.01989,0.11,uu,uu60368192,2020-03-27T17:09:21.170Z,"6 km NE of Magna, Utah",earthquake,0.23,0.41,0.12,7,reviewed,uu,uu
2020-03-21T06:22:23.150Z,40.7456667,-112.0458333,9.88,1.8,ml,47,49,0.02017,0.2,uu,uu60368197,2020-03-26T15:05:58.210Z,"6 km NE of Magna, Utah",earthquake,0.26,0.53,0.151,11,reviewed,uu,uu
2020-03-21T06:50:46.340Z,40.7715,-112.061,8.69,1.58,ml,27,51,0.02224,0.12,uu,uu60368202,2020-06-06T20:54:01.040Z,"7 km NNE of Magna, Utah",earthquake,0.3,0.49,0.065,4,reviewed,uu,uu
2020-03-21T07:02:16.810Z,40.786,-112.0683333,10.78,-0.31,md,8,128,0.02801,0.1,uu,uu60020974,2020-04-09T18:29:36.350Z,"8 km NNE of Magna, Utah",earthquake,0.63,0.76,0.107,3,reviewed,uu,uu
2020-03-21T07:02:42.240Z,40.7835,-112.073,10.56,0.4,md,11,92,0.02819,0.12,uu,uu60368207,2020-04-09T18:20:09.340Z,"8 km NNE of Magna, Utah",earthquake,0.47,0.79,0.046,5,reviewed,uu,uu
2020-03-21T07:03:14.030Z,40.764,-112.0805,11.63,-0.23,md,7,94,0.01064,0.05,uu,uu60020969,2020-04-09T18:24:20.770Z,"6 km NNE of Magna, Utah",earthquake,0.44,0.88,0.173,4,reviewed,uu,uu
2020-03-21T07:06:06.020Z,40.7338333,-112.0638333,9.22,0.29,md,11,91,0.02233,0.11,uu,uu60368212,2020-04-09T18:38:52.910Z,"4 km NE of Magna, Utah",earthquake,0.38,0.71,0.185,5,reviewed,uu,uu
2020-03-21T07:53:26.310Z,40.7363333,-112.0816667,11.27,0.44,md,12,69,0.01734,0.18,uu,uu60368227,2020-04-09T20:26:26.120Z,"3 km NNE of Magna, Utah",earthquake,0.48,0.75,0.173,5,reviewed,uu,uu
2020-03-21T07:53:33.790Z,40.7463333,-111.9925,1.23,0.28,md,6,251,0.03823,0.3,uu,uu60020999,2020-04-09T20:32:38.160Z,"6 km N of West Valley City, Utah",earthquake,1.82,5.97,0.372,2,reviewed,uu,uu
2020-03-21T08:09:02.480Z,40.7335,-112.0645,9.56,0.54,md,11,99,0.02252,0.11,uu,uu60021004,2020-04-09T20:41:57.160Z,"4 km NE of Magna, Utah",earthquake,0.46,0.77,0.096,4,reviewed,uu,uu
2020-03-21T08:09:29.160Z,40.749,-112.078,5.13,0.53,md,16,59,0.004487,0.13,uu,uu60368232,2020-04-09T20:39:51.550Z,"4 km NNE of Magna, Utah",earthquake,0.33,0.68,0.145,5,reviewed,uu,uu
2020-03-21T08:19:00.190Z,40.7385,-112.0536667,9.74,1.44,ml,17,47,0.01777,0.09,uu,uu60368237,2020-03-24T18:47:03.650Z,"5 km NE of Magna, Utah",earthquake,0.29,0.5,0.197,4,reviewed,uu,uu
2020-03-21T08:51:04.530Z,40.758,-112.0505,9.34,0.27,md,11,104,0.02153,0.1,uu,uu60368242,2020-04-01T22:35:35.090Z,"6 km NE of Magna, Utah",earthquake,0.34,0.72,0.144,5,reviewed,uu,uu
2020-03-21T08:58:19.010Z,40.74,-112.0535,8.01,0.53,ml,15,88,0.01869,0.1,uu,uu60368247,2020-03-25T15:07:43.700Z,"5 km NE of Magna, Utah",earthquake,0.32,0.74,0.298,2,reviewed,uu,uu
2020-03-21T09:06:40.800Z,40.7686667,-112.0773333,9.93,2.92,ml,48,54,0.01518,0.15,uu,uu60368252,2020-06-06T20:54:02.040Z,"6 km NNE of Magna, Utah",earthquake,0.24,0.45,0.138,15,reviewed,uu,uu
2020-03-21T09:12:19.160Z,40.7695,-112.079,8.76,0.55,md,15,89,0.01601,0.17,uu,uu60368257,2020-04-01T22:38:11.640Z,"6 km NNE of Magna, Utah",earthquake,0.53,0.95,0.36,6,reviewed,uu,uu
2020-03-21T09:21:33.920Z,40.7658333,-112.073,9.95,0.67,md,10,95,0.04452,0.18,uu,uu60368267,2020-04-01T22:39:46.630Z,"6 km NNE of Magna, Utah",earthquake,0.66,1.2,0.298,6,reviewed,uu,uu
2020-03-21T09:40:02.920Z,40.7366667,-112.0686667,9.68,0.31,md,8,106,0.0183,0.08,uu,uu60368272,2020-03-23T18:00:44.540Z,"4 km NE of Magna, Utah",earthquake,0.34,0.91,0.405,5,reviewed,uu,uu
2020-03-21T10:22:21.530Z,40.7923333,-112.071,12.1,0.5,md,13,116,0.02186,0.13,uu,uu60368287,2020-04-09T21:00:32.940Z,"9 km NNE of Magna, Utah",earthquake,0.52,0.77,0.281,6,reviewed,uu,uu
2020-03-21T10:22:48.770Z,40.739,-112.0603333,9.48,-0.07,md,7,115,0.01985,0.07,uu,uu60021014,2020-04-09T21:02:07.820Z,"4 km NE of Magna, Utah",earthquake,0.41,0.85,0.561,3,reviewed,uu,uu
2020-03-21T10:24:51.200Z,40.7836667,-112.0736667,11.95,0.74,ml,15,82,0.02781,0.1,uu,uu60368292,2020-03-23T17:50:54.620Z,"8 km NNE of Magna, Utah",earthquake,0.44,0.63,0.159,3,reviewed,uu,uu
2020-03-21T10:33:45.280Z,40.7331667,-112.057,9.83,1.01,ml,13,86,0.02592,0.11,uu,uu60368297,2020-03-23T17:30:07.330Z,"4 km NE of Magna, Utah",earthquake,0.45,0.79,0.206,3,reviewed,uu,uu
2020-03-21T11:04:08.650Z,40.7295,-112.0825,9.34,0.73,md,11,79,0.02418,0.13,uu,uu60368302,2020-03-23T17:23:49.890Z,"2 km NE of Magna, Utah",earthquake,0.54,1,0.145,6,reviewed,uu,uu
2020-03-21T11:54:23.830Z,40.7563333,-112.0526667,8.93,0.57,md,12,109,0.01962,0.14,uu,uu60368312,2020-04-08T21:21:14.300Z,"6 km NE of Magna, Utah",earthquake,0.51,0.79,0.22,5,reviewed,uu,uu
2020-03-21T11:58:49.520Z,40.7363333,-112.0671667,9.59,1.47,ml,14,82,0.01908,0.11,uu,uu60368317,2020-03-23T17:17:32.430Z,"4 km NE of Magna, Utah",earthquake,0.37,0.82,0.209,4,reviewed,uu,uu
2020-03-21T12:07:53.690Z,40.7568333,-112.0683333,8.02,0.43,md,13,92,0.008217,0.14,uu,uu60368322,2020-04-08T21:23:19.950Z,"5 km NNE of Magna, Utah",earthquake,0.4,0.77,0.114,5,reviewed,uu,uu
2020-03-21T12:16:03.240Z,40.736,-112.0778333,8.17,0.4,md,8,110,0.05001,0.16,uu,uu60368327,2020-04-09T16:38:31.250Z,"3 km NE of Magna, Utah",earthquake,0.49,1.56,0.089,5,reviewed,uu,uu
2020-03-21T12:46:08.110Z,40.7423333,-112.0395,9.48,0.63,ml,15,52,0.01561,0.12,uu,uu60368332,2020-04-09T16:57:20.350Z,"6 km NE of Magna, Utah",earthquake,0.4,0.6,0.245,2,reviewed,uu,uu
2020-03-21T12:48:24.270Z,40.7433333,-112.0408333,8.81,0.4,md,11,64,0.01679,0.12,uu,uu60368337,2020-04-09T17:09:51.760Z,"6 km NE of Magna, Utah",earthquake,0.42,0.76,0.144,5,reviewed,uu,uu
2020-03-21T12:51:14.290Z,40.749,-112.0388333,8.88,-0.13,md,13,96,0.02214,0.15,uu,uu60021019,2020-04-09T21:59:44.440Z,"6 km NE of Magna, Utah",earthquake,0.47,0.74,0.352,4,reviewed,uu,uu
2020-03-21T12:51:20.640Z,40.7455,-112.04,8.73,0.71,md,17,52,0.01879,0.12,uu,uu60368342,2020-04-09T21:23:12.100Z,"6 km NE of Magna, Utah",earthquake,0.29,0.53,0.485,8,reviewed,uu,uu
2020-03-21T12:51:53.960Z,40.7473333,-112.0393333,8.7,-0.11,md,10,106,0.02053,0.12,uu,uu60021024,2020-04-09T22:47:00.160Z,"6 km NE of Magna, Utah",earthquake,0.46,0.75,0.05,5,reviewed,uu,uu
2020-03-21T13:09:55.320Z,40.741,-112.06,8.14,0.81,md,12,97,0.01863,0.09,uu,uu60368352,2020-04-09T21:24:16.220Z,"4 km NE of Magna, Utah",earthquake,0.36,0.65,0.09,4,reviewed,uu,uu
2020-03-21T13:44:02.010Z,40.733,-112.0555,8.78,1.33,ml,25,48,0.01609,0.18,uu,uu60368362,2020-03-24T21:51:15.670Z,"4 km NE of Magna, Utah",earthquake,0.36,0.71,0.286,3,reviewed,uu,uu
2020-03-21T14:01:41.090Z,40.7421667,-112.0468333,8.6,0.43,md,9,130,0.02639,0.1,uu,uu60368367,2020-04-09T16:58:24.400Z,"5 km NE of Magna, Utah",earthquake,0.46,0.98,0.15,4,reviewed,uu,uu
2020-03-21T14:09:07.360Z,40.7136667,-112.0993333,11.72,1.22,ml,16,44,0.03009,0.1,uu,uu60368372,2020-03-24T22:15:45.770Z,"0 km NNE of Magna, Utah",earthquake,0.33,0.7,0.143,3,reviewed,uu,uu
2020-03-21T14:11:27.960Z,40.7083333,-112.106,11.97,-0.08,md,5,120,0.04981,0.09,uu,uu60020954,2020-04-09T16:56:46.700Z,"0 km WSW of Magna, Utah",earthquake,0.78,0.98,0.213,4,reviewed,uu,uu
2020-03-21T14:11:42.060Z,40.7156667,-112.0911667,11.75,0.09,md,10,90,0.03012,0.15,uu,uu60368382,2020-04-09T16:53:08.760Z,"1 km NE of Magna, Utah",earthquake,0.56,0.88,0.239,6,reviewed,uu,uu
2020-03-21T14:15:56.420Z,40.7505,-112.062,10.13,2.41,ml,41,48,0.01268,0.19,uu,uu60368387,2020-06-06T20:54:02.040Z,"5 km NE of Magna, Utah",earthquake,0.28,0.48,0.145,12,reviewed,uu,uu
2020-03-21T14:55:18.340Z,40.761,-112.0725,9.46,1,ml,16,91,0.008669,0.12,uu,uu60368392,2020-03-24T21:50:42.160Z,"6 km NNE of Magna, Utah",earthquake,0.36,0.65,0.286,3,reviewed,uu,uu
2020-03-21T15:15:55.800Z,40.7403333,-112.0713333,8.61,0.66,md,12,80,0.01414,0.12,uu,uu60368402,2020-04-09T16:48:26.590Z,"4 km NE of Magna, Utah",earthquake,0.42,0.73,0.074,4,reviewed,uu,uu
2020-03-21T15:34:19.160Z,40.7456667,-112.0355,9.21,0.11,md,8,111,0.03338,0.11,uu,uu60368412,2020-04-09T16:42:31.990Z,"6 km NNW of West Valley City, Utah",earthquake,0.42,0.81,0.268,4,reviewed,uu,uu
2020-03-21T15:46:48.830Z,40.7763333,-112.096,8.83,1.19,ml,21,58,0.02652,0.13,uu,uu60368417,2020-03-25T15:17:30.950Z,"7 km N of Magna, Utah",earthquake,0.31,0.65,0.147,3,reviewed,uu,uu
2020-03-21T16:00:46.180Z,40.7833333,-112.0783333,11.58,0.93,ml,15,105,0.02666,0.13,uu,uu60368422,2020-03-24T21:47:52.080Z,"8 km NNE of Magna, Utah",earthquake,0.36,0.69,0.138,3,reviewed,uu,uu
2020-03-21T16:01:28.590Z,40.7791667,-112.0791667,11.93,0.98,ml,15,93,0.02566,0.13,uu,uu60368427,2020-03-24T21:47:29.480Z,"8 km NNE of Magna, Utah",earthquake,0.38,0.74,0.182,3,reviewed,uu,uu
2020-03-21T16:17:37.800Z,40.8058333,-111.9998333,8.23,0.61,md,11,136,0.03512,0.1,uu,uu60368437,2020-04-08T17:17:35.410Z,"9 km WSW of North Salt Lake, Utah",earthquake,0.41,0.77,0.093,4,reviewed,uu,uu
2020-03-21T16:35:52.920Z,40.7385,-112.069,8.08,0.04,md,7,128,0.01653,0.09,uu,uu60020849,2020-04-08T17:32:05.110Z,"4 km NE of Magna, Utah",earthquake,0.5,1.1,0.104,3,reviewed,uu,uu
2020-03-21T16:59:31.930Z,40.7433333,-112.0635,10.27,3.37,ml,44,46,0.0151,0.2,uu,uu60368447,2020-06-06T20:54:02.040Z,"4 km NE of Magna, Utah",earthquake,0.3,0.46,0.244,22,reviewed,uu,uu
2020-03-21T17:21:23.460Z,40.745,-112.0525,7.97,1.43,ml,25,53,0.0213,0.19,uu,uu60368452,2020-03-26T14:51:31.090Z,"5 km NE of Magna, Utah",earthquake,0.34,0.69,0.276,5,reviewed,uu,uu
2020-03-21T17:28:19.560Z,40.7433333,-112.0536667,12.56,0.68,md,10,75,0.02123,0.15,uu,uu60368457,2020-04-09T16:06:52.810Z,"5 km NE of Magna, Utah",earthquake,0.66,0.78,0.395,4,reviewed,uu,uu
2020-03-21T17:51:13.900Z,40.7335,-112.0638333,8.67,1,md,12,91,0.02223,0.08,uu,uu60368462,2020-04-09T15:44:05.650Z,"4 km NE of Magna, Utah",earthquake,0.38,0.63,0.16,4,reviewed,uu,uu
2020-03-21T18:28:30.960Z,40.7628333,-112.0746667,10.22,0.5,md,10,92,0.009716,0.1,uu,uu60368477,2020-04-09T15:34:44.740Z,"6 km NNE of Magna, Utah",earthquake,0.45,0.74,0.04,4,reviewed,uu,uu
2020-03-21T18:52:09.690Z,40.746,-112.0281667,9.08,1.31,ml,22,56,0.01991,0.13,uu,uu60368482,2020-03-25T16:11:43.040Z,"6 km NNW of West Valley City, Utah",earthquake,0.29,0.62,0.044,3,reviewed,uu,uu
2020-03-21T19:09:12.360Z,40.7383333,-112.0608333,8.23,0.98,md,11,83,0.02009,0.16,uu,uu60368492,2020-04-08T19:49:34.930Z,"4 km NE of Magna, Utah",earthquake,0.56,0.94,0.098,4,reviewed,uu,uu
2020-03-21T19:25:32.280Z,40.7535,-112.0763333,9.54,0.49,md,10,103,0.00143,0.09,uu,uu60368497,2020-04-08T19:52:44.860Z,"5 km NNE of Magna, Utah",earthquake,0.44,1.07,0.442,5,reviewed,uu,uu
2020-03-21T19:35:32.650Z,40.7781667,-112.0923333,8.11,1.24,ml,22,58,0.02688,0.17,uu,uu60368502,2020-03-26T14:35:34.620Z,"7 km N of Magna, Utah",earthquake,0.38,0.84,0.117,4,reviewed,uu,uu
2020-03-21T19:41:24.890Z,40.7491667,-112.0393333,7.93,0.31,md,9,96,0.02235,0.12,uu,uu60368507,2020-04-09T17:46:02.190Z,"6 km NE of Magna, Utah",earthquake,0.41,0.71,0.199,4,reviewed,uu,uu
2020-03-21T19:42:21.960Z,40.7311667,-112.0888333,11.25,0.36,md,12,58,0.02371,0.18,uu,uu60368512,2020-04-09T17:52:19.740Z,"2 km NNE of Magna, Utah",earthquake,0.55,0.93,0.306,4,reviewed,uu,uu
2020-03-21T20:06:12.150Z,40.7475,-112.0531667,9.34,0.47,md,13,94,0.01995,0.1,uu,uu60368517,2020-04-09T17:55:57.710Z,"5 km NE of Magna, Utah",earthquake,0.38,0.68,0.139,4,reviewed,uu,uu
2020-03-21T20:12:00.780Z,40.7475,-112.0475,8.82,0.73,md,14,95,0.02235,0.11,uu,uu60368522,2020-04-09T18:00:06.640Z,"6 km NE of Magna, Utah",earthquake,0.41,0.63,0.225,5,reviewed,uu,uu
2020-03-21T20:18:27.700Z,40.7398333,-112.0425,9.28,1.1,ml,22,51,0.03037,0.13,uu,uu60368527,2020-03-24T21:46:22.380Z,"6 km NE of Magna, Utah",earthquake,0.3,0.6,0.179,2,reviewed,uu,uu
2020-03-21T20:38:27.500Z,40.7436667,-112.0896667,7.02,0.06,md,6,115,0.09401,0.11,uu,uu60368532,2020-04-09T18:52:52.330Z,"3 km NNE of Magna, Utah",earthquake,0.41,1.67,0.22,3,reviewed,uu,uu
2020-03-21T20:39:30.310Z,40.7821667,-112.0781667,12.51,0.34,md,12,104,0.0278,0.13,uu,uu60368537,2020-04-09T18:56:35.090Z,"8 km NNE of Magna, Utah",earthquake,0.43,0.64,0.427,5,reviewed,uu,uu
2020-03-21T20:40:16.760Z,40.7705,-112.1038333,0.42,0.21,md,6,189,0.08573,0.19,uu,uu60020984,2020-04-09T19:21:48.070Z,"6 km N of Magna, Utah",earthquake,1.25,11.9,0.364,3,reviewed,uu,uu
2020-03-21T20:40:33.550Z,40.7535,-112.0476667,6.7,0.59,md,11,98,0.02799,0.13,uu,uu60368542,2020-04-09T19:16:37.820Z,"6 km NE of Magna, Utah",earthquake,0.42,0.84,0.178,4,reviewed,uu,uu
2020-03-21T20:41:12.670Z,40.7396667,-112.0636667,8.14,0.06,md,9,104,0.02464,0.16,uu,uu60020989,2020-04-09T19:25:59.520Z,"4 km NE of Magna, Utah",earthquake,0.59,1.06,0.168,4,reviewed,uu,uu
2020-03-21T20:49:30.320Z,40.7281667,-112.0746667,5.62,0.32,md,10,97,0.04253,0.14,uu,uu60368547,2020-04-09T17:07:15.350Z,"3 km NE of Magna, Utah",earthquake,0.41,1.27,0.21,4,reviewed,uu,uu
2020-03-21T21:02:09.550Z,40.7513333,-112.0758333,9.61,0.5,md,10,84,0.002813,0.16,uu,uu60368552,2020-04-09T17:02:35.820Z,"5 km NNE of Magna, Utah",earthquake,0.55,1.22,0.239,4,reviewed,uu,uu
2020-03-21T21:31:36.820Z,40.7415,-112.06,3.05,0.78,md,13,57,0.02339,0.16,uu,uu60368562,2020-04-08T20:17:35.200Z,"5 km NE of Magna, Utah",earthquake,0.44,1.22,0.282,5,reviewed,uu,uu
2020-03-21T21:44:44.470Z,40.7655,-112.0745,8.54,1.4,ml,25,53,0.01233,0.16,uu,uu60368567,2020-03-25T16:23:13.310Z,"6 km NNE of Magna, Utah",earthquake,0.32,0.68,0.143,3,reviewed,uu,uu
2020-03-21T21:46:55.220Z,40.7546667,-112.079,7.83,1.22,md,13,67,0.001319,0.18,uu,uu60368577,2020-04-08T16:49:46.010Z,"Utah",earthquake,0.48,0.92,0.261,8,reviewed,uu,uu
2020-03-21T21:48:01.870Z,40.7638333,-112.0721667,9.11,0.88,ml,15,59,0.04661,0.12,uu,uu60368572,2020-03-24T21:42:27.570Z,"6 km NNE of Magna, Utah",earthquake,0.32,0.96,0.211,2,reviewed,uu,uu
2020-03-21T22:00:55.250Z,40.7588333,-112.0731667,9.69,0.23,md,8,116,0.006574,0.07,uu,uu60368582,2020-04-08T21:03:37.740Z,"6 km NNE of Magna, Utah",earthquake,0.45,0.97,0.334,4,reviewed,uu,uu
2020-03-21T22:28:11.690Z,40.7598333,-112.0781667,9.33,0.26,md,9,76,0.006338,0.09,uu,uu60368587,2020-04-08T21:00:27.800Z,"5 km NNE of Magna, Utah",earthquake,0.35,0.76,0.089,4,reviewed,uu,uu
2020-03-21T22:29:30.110Z,40.7441667,-112.0751667,8.27,0.58,md,11,80,0.009597,0.12,uu,uu60368592,2020-04-08T21:02:02.840Z,"4 km NNE of Magna, Utah",earthquake,0.39,0.78,0.119,4,reviewed,uu,uu
2020-03-21T22:31:50.610Z,40.7433333,-112.0728333,8.88,0.82,md,12,81,0.01094,0.13,uu,uu60368602,2020-03-24T17:20:09.970Z,"4 km NNE of Magna, Utah",earthquake,0.43,0.75,0.341,5,reviewed,uu,uu
2020-03-21T22:42:18.490Z,40.7498333,-112.0486667,9.98,1.04,md,12,82,0.02274,0.09,uu,uu60368607,2020-03-24T17:22:15.730Z,"6 km NE of Magna, Utah",earthquake,0.38,0.82,0.285,6,reviewed,uu,uu
2020-03-21T23:34:04.050Z,40.7691667,-112.0871667,10.25,1.23,ml,21,56,0.01707,0.15,uu,uu60368612,2020-03-26T14:24:14.940Z,"6 km N of Magna, Utah",earthquake,0.38,0.69,0.252,2,reviewed,uu,uu
2020-03-21T23:37:28.010Z,40.7495,-112.0833333,11.13,0.35,md,10,95,0.005567,0.08,uu,uu60368617,2020-04-07T22:52:43.420Z,"4 km NNE of Magna, Utah",earthquake,0.4,0.66,0.338,5,reviewed,uu,uu
2020-03-21T23:51:08.580Z,40.7783333,-112.0505,9.43,1.19,ml,16,105,0.03254,0.12,uu,uu60368622,2020-03-25T20:49:23.920Z,"8 km NNE of Magna, Utah",earthquake,0.28,0.59,0.25,2,reviewed,uu,uu
2020-03-22T00:20:49.380Z,40.7445,-112.0476667,8.48,0.89,md,14,93,0.01969,0.13,uu,uu60368627,2020-04-03T22:59:00.610Z,"6 km NE of Magna, Utah",earthquake,0.33,0.8,0.136,6,reviewed,uu,uu
2020-03-22T00:37:28.090Z,40.7488333,-111.9655,1.98,0.87,ml,20,86,0.02242,0.18,uu,uu60368632,2020-03-24T20:48:27.220Z,"6 km WSW of Salt Lake City, Utah",earthquake,0.37,1.14,0.057,2,reviewed,uu,uu
2020-03-22T00:38:13.620Z,40.7363333,-112.0518333,4.99,1.39,ml,21,87,0.01532,0.15,uu,uu60368637,2020-03-24T21:33:47.520Z,"5 km NE of Magna, Utah",earthquake,0.3,0.6,0.24,2,reviewed,uu,uu
2020-03-22T01:01:02.180Z,40.7301667,-112.0598333,8.65,0.6,md,10,104,0.01849,0.07,uu,uu60368642,2020-04-07T22:38:39.470Z,"4 km ENE of Magna, Utah",earthquake,0.36,0.58,0.107,5,reviewed,uu,uu
2020-03-22T01:07:51.690Z,40.7706667,-112.0726667,9.32,0.57,md,13,96,0.01767,0.16,uu,uu60368647,2020-04-07T22:41:46.780Z,"7 km NNE of Magna, Utah",earthquake,0.55,1,0.096,4,reviewed,uu,uu
2020-03-22T01:12:42.020Z,40.7265,-112.0566667,7.15,0.69,md,9,93,0.03154,0.07,uu,uu60368652,2020-04-07T22:44:23.330Z,"4 km ENE of Magna, Utah",earthquake,0.35,0.85,0.199,4,reviewed,uu,uu
2020-03-22T01:19:45.930Z,40.7546667,-111.9683333,4.4,0.46,md,10,115,0.05832,0.15,uu,uu60368657,2020-04-07T22:50:35.200Z,"Utah",earthquake,0.51,1.27,0.082,5,reviewed,uu,uu
2020-03-22T01:23:08.120Z,40.7365,-112.0578333,9.3,1.23,md,22,77,0.01922,0.14,uu,uu60368662,2020-03-24T17:17:02.640Z,"4 km NE of Magna, Utah",earthquake,0.32,0.6,0.139,16,reviewed,uu,uu
2020-03-22T02:15:11.280Z,40.7411667,-112.048,5.62,0.96,md,16,58,0.01693,0.12,uu,uu60368667,2020-04-07T20:46:59.790Z,"5 km NE of Magna, Utah",earthquake,0.31,0.64,0.352,8,reviewed,uu,uu
2020-03-22T02:56:35.610Z,40.7551667,-112.0433333,6.76,1.89,ml,30,49,0.02558,0.14,uu,uu60368672,2020-06-06T20:54:04.040Z,"7 km NE of Magna, Utah",earthquake,0.24,0.54,0.206,4,reviewed,uu,uu
2020-03-22T03:07:18.110Z,40.725,-112.0753333,10.05,1.23,md,21,43,0.02854,0.13,uu,uu60368682,2020-03-24T17:11:21.300Z,"2 km NE of Magna, Utah",earthquake,0.34,0.63,0.251,15,reviewed,uu,uu
2020-03-22T03:15:57.680Z,40.7545,-112.0538333,9.13,0.82,md,15,57,0.01855,0.08,uu,uu60368687,2020-03-24T17:05:40.210Z,"6 km NE of Magna, Utah",earthquake,0.28,0.45,0.186,8,reviewed,uu,uu
2020-03-22T03:29:56.450Z,40.76,-112.0621667,8.42,0.66,md,13,79,0.01382,0.1,uu,uu60368697,2020-04-07T20:44:23.350Z,"6 km NNE of Magna, Utah",earthquake,0.32,0.61,0.127,3,reviewed,uu,uu
2020-03-22T03:31:17.670Z,40.7538333,-112.0561667,9.36,0.82,md,13,66,0.01675,0.06,uu,uu60368692,2020-03-24T16:59:28.230Z,"6 km NE of Magna, Utah",earthquake,0.33,0.49,0.086,7,reviewed,uu,uu
2020-03-22T03:44:52.920Z,40.751,-112.0783333,10.41,1.88,ml,27,50,0.002488,0.09,uu,uu60368702,2020-06-06T20:54:05.040Z,"5 km NNE of Magna, Utah",earthquake,0.27,0.42,0.079,3,reviewed,uu,uu
2020-03-22T04:18:21.040Z,40.7586667,-112.0628333,8.37,0.71,md,15,76,0.01278,0.11,uu,uu60368717,2020-04-07T21:24:00.020Z,"6 km NNE of Magna, Utah",earthquake,0.33,0.57,0.102,6,reviewed,uu,uu
2020-03-22T04:32:10.090Z,40.754,-112.0586667,8.76,0.57,md,11,105,0.01486,0.13,uu,uu60368727,2020-04-07T21:20:52.780Z,"6 km NE of Magna, Utah",earthquake,0.44,0.7,0.128,5,reviewed,uu,uu
2020-03-22T04:32:45.530Z,40.7538333,-112.0571667,9.09,0.76,md,14,67,0.01599,0.07,uu,uu60368722,2020-03-24T16:55:19.370Z,"6 km NE of Magna, Utah",earthquake,0.32,0.47,0.098,6,reviewed,uu,uu
2020-03-22T04:41:36.060Z,40.7395,-112.0625,9.69,1.67,ml,33,46,0.01838,0.17,uu,uu60368732,2020-03-25T20:46:41.784Z,"4 km NE of Magna, Utah",earthquake,0.26,0.62,0.233,4,reviewed,uu,uu
2020-03-22T04:57:24.580Z,40.7571667,-112.0658333,8.6,0.73,ml,12,94,0.0101,0.1,uu,uu60368747,2020-03-24T21:03:13.080Z,"6 km NNE of Magna, Utah",earthquake,0.33,0.7,0.069,2,reviewed,uu,uu
2020-03-22T04:57:53.230Z,40.7558333,-112.0568333,8.7,0.7,ml,12,99,0.01641,0.1,uu,uu60368742,2020-03-24T20:52:21.750Z,"6 km NE of Magna, Utah",earthquake,0.38,0.71,0.226,2,reviewed,uu,uu
2020-03-22T04:58:28.060Z,40.7561667,-112.0625,9.44,0.22,md,6,122,0.01224,0.05,uu,uu60020429,2020-03-24T20:58:33.480Z,"6 km NNE of Magna, Utah",earthquake,0.45,0.63,0.601,2,reviewed,uu,uu
2020-03-22T04:58:32.640Z,40.7588333,-112.0646667,8.87,0.73,md,10,83,0.0116,0.09,uu,uu60020434,2020-03-24T21:06:51.230Z,"6 km NNE of Magna, Utah",earthquake,0.52,0.8,0.221,3,reviewed,uu,uu
2020-03-22T05:04:14.980Z,40.757,-112.055,8.69,0.6,md,16,70,0.01798,0.11,uu,uu60368752,2020-03-25T20:40:30.300Z,"6 km NE of Magna, Utah",earthquake,0.4,0.55,0.354,4,reviewed,uu,uu
2020-03-22T05:12:29.950Z,40.7593333,-112.0505,8.32,1.14,ml,15,58,0.02185,0.13,uu,uu60368757,2020-04-07T22:51:08.570Z,"7 km NE of Magna, Utah",earthquake,0.31,0.66,0.225,2,reviewed,uu,uu
2020-03-22T05:18:05.470Z,40.7555,-112.0586667,8.32,0.35,md,13,69,0.01499,0.11,uu,uu60368762,2020-04-07T21:56:31.400Z,"6 km NE of Magna, Utah",earthquake,0.4,0.61,0.096,5,reviewed,uu,uu
2020-03-22T06:20:13.070Z,40.7591667,-112.078,4.36,0.26,md,12,86,0.04231,0.14,uu,uu60368772,2020-04-07T21:51:21.070Z,"5 km NNE of Magna, Utah",earthquake,0.48,1.23,0.282,4,reviewed,uu,uu
2020-03-22T06:38:47.880Z,40.7528333,-112.041,9.09,0.27,md,12,98,0.02615,0.12,uu,uu60368777,2020-04-07T21:48:13.880Z,"7 km NE of Magna, Utah",earthquake,0.47,0.76,0.294,7,reviewed,uu,uu
2020-03-22T07:10:51.370Z,40.7575,-112.0308333,7.17,1.03,ml,26,47,0.03622,0.19,uu,uu60368782,2020-03-24T21:13:36.670Z,"7 km NNW of West Valley City, Utah",earthquake,0.4,0.76,0.403,2,reviewed,uu,uu
2020-03-22T07:14:15.790Z,40.752,-112.0353333,8.23,0.72,md,13,73,0.02503,0.15,uu,uu60368787,2020-04-07T21:26:05.710Z,"7 km NNW of West Valley City, Utah",earthquake,0.52,0.81,0.145,5,reviewed,uu,uu
2020-03-22T07:31:41.540Z,40.7588333,-112.0476667,9.77,0.48,md,15,64,0.02381,0.12,uu,uu60368792,2020-04-07T21:43:34.350Z,"7 km NE of Magna, Utah",earthquake,0.34,0.69,0.206,7,reviewed,uu,uu
2020-03-22T08:29:13.420Z,40.7495,-112.062,9.61,1.2,md,24,47,0.01295,0.15,uu,uu60368797,2020-03-24T16:45:29.670Z,"5 km NE of Magna, Utah",earthquake,0.28,0.55,0.198,20,reviewed,uu,uu
2020-03-22T08:31:36.700Z,40.7375,-112.0588333,9.15,2.18,ml,31,44,0.02173,0.14,uu,uu60368802,2020-06-06T20:54:05.040Z,"4 km NE of Magna, Utah",earthquake,0.27,0.63,0.119,10,reviewed,uu,uu
2020-03-22T08:48:13.360Z,40.7355,-112.0603333,8.71,0.82,md,13,95,0.02045,0.09,uu,uu60368807,2020-03-24T16:49:07.580Z,"4 km NE of Magna, Utah",earthquake,0.39,0.57,0.226,6,reviewed,uu,uu
2020-03-22T08:54:18.490Z,40.7391667,-112.053,8.39,1.71,ml,26,47,0.01784,0.14,uu,uu60368812,2020-03-25T22:54:26.490Z,"5 km NE of Magna, Utah",earthquake,0.24,0.55,0.263,3,reviewed,uu,uu
2020-03-22T08:57:14.360Z,40.733,-112.0786667,10.98,2.07,ml,29,46,0.02047,0.14,uu,uu60368817,2020-06-06T20:54:05.040Z,"3 km NE of Magna, Utah",earthquake,0.29,0.59,0.07,10,reviewed,uu,uu
2020-03-22T08:58:45.920Z,40.7336667,-112.0586667,8.06,0.51,ml,14,91,0.01857,0.08,uu,uu60368822,2020-03-24T21:48:14.300Z,"4 km NE of Magna, Utah",earthquake,0.33,0.53,0.266,2,reviewed,uu,uu
2020-03-22T09:23:36.110Z,40.735,-112.062,8.47,0.59,md,17,54,0.02142,0.1,uu,uu60368827,2020-04-07T20:36:33.870Z,"4 km NE of Magna, Utah",earthquake,0.28,0.53,0.155,6,reviewed,uu,uu
2020-03-22T09:37:44.460Z,40.7621667,-112.0768333,8.9,1.04,ml,15,61,0.008732,0.12,uu,uu60368832,2020-03-24T16:23:53.510Z,"6 km NNE of Magna, Utah",earthquake,0.35,0.69,0.192,2,reviewed,uu,uu
2020-03-22T09:47:16.870Z,40.7313333,-112.0688333,7.85,1.29,ml,21,58,0.02325,0.15,uu,uu60368837,2020-03-23T21:09:21.500Z,"3 km NE of Magna, Utah",earthquake,0.3,0.92,0.279,3,reviewed,uu,uu
2020-03-22T10:01:29.200Z,40.76,-112.0806667,10.98,0.43,md,12,73,0.04379,0.09,uu,uu60368842,2020-04-07T18:27:55.000Z,"5 km NNE of Magna, Utah",earthquake,0.29,0.61,0.145,5,reviewed,uu,uu
2020-03-22T10:03:54.050Z,40.7365,-112.0608333,8.18,1.35,ml,28,47,0.02123,0.13,uu,uu60368847,2020-06-12T17:59:47.710Z,"4 km NE of Magna, Utah",earthquake,0.24,0.53,0.349,2,reviewed,uu,uu
2020-03-22T10:50:44.600Z,40.7575,-112.0616667,7.82,0.36,md,14,97,0.0132,0.12,uu,uu60368852,2020-04-07T20:39:10.420Z,"6 km NNE of Magna, Utah",earthquake,0.44,0.65,0.168,5,reviewed,uu,uu
2020-03-22T10:56:33.360Z,40.744,-112.0498333,9.52,0.53,md,14,92,0.02006,0.1,uu,uu60368857,2020-04-07T20:42:17.710Z,"5 km NE of Magna, Utah",earthquake,0.34,0.63,0.226,5,reviewed,uu,uu
2020-03-22T11:09:32.690Z,40.7268333,-112.0436667,8.94,0.23,md,13,99,0.005919,0.14,uu,uu60368862,2020-04-07T18:51:40.750Z,"5 km ENE of Magna, Utah",earthquake,0.46,0.62,0.461,6,reviewed,uu,uu
2020-03-22T11:16:07.590Z,40.7706667,-112.0751667,7.78,0.48,md,9,105,0.1165,0.08,uu,uu60368867,2020-04-07T18:32:06.380Z,"7 km NNE of Magna, Utah",earthquake,0.4,1.52,0.185,5,reviewed,uu,uu
2020-03-22T11:25:16.220Z,40.7348333,-112.0588333,8.11,1.09,ml,17,62,0.02375,0.15,uu,uu60368872,2020-03-23T20:22:50.140Z,"4 km NE of Magna, Utah",earthquake,0.38,0.94,0.339,2,reviewed,uu,uu
2020-03-22T11:27:11.690Z,40.7643333,-112.0811667,10.2,0.94,ml,13,84,0.01106,0.13,uu,uu60368877,2020-03-23T20:29:35.510Z,"6 km NNE of Magna, Utah",earthquake,0.46,0.75,0.144,2,reviewed,uu,uu
2020-03-22T11:43:43.520Z,40.7708333,-112.0836667,10.4,0.63,md,11,89,0.01781,0.1,uu,uu60368882,2020-03-24T16:18:43.190Z,"7 km NNE of Magna, Utah",earthquake,0.38,0.64,0.171,5,reviewed,uu,uu
2020-03-22T11:44:01.790Z,40.7676667,-112.0803333,10.24,0.66,md,12,89,0.01425,0.07,uu,uu60020369,2020-03-24T16:17:39.110Z,"6 km NNE of Magna, Utah",earthquake,0.35,0.46,0.216,5,reviewed,uu,uu
2020-03-22T11:53:28.990Z,40.7633333,-112.0738333,10.61,1.05,md,10,93,0.01038,0.08,uu,uu60368887,2020-03-25T22:44:38.790Z,"6 km NNE of Magna, Utah",earthquake,0.26,0.63,0.232,7,reviewed,uu,uu
2020-03-22T12:25:25.100Z,40.7358333,-112.0553333,9.16,1.11,md,16,85,0.02477,0.09,uu,uu60368897,2020-03-25T22:43:03.850Z,"4 km NE of Magna, Utah",earthquake,0.23,0.71,0.225,12,reviewed,uu,uu
2020-03-22T12:53:21.240Z,40.7365,-112.0605,8.58,0.61,md,15,83,0.02166,0.1,uu,uu60368902,2020-04-07T16:59:02.480Z,"4 km NE of Magna, Utah",earthquake,0.3,0.77,0.268,8,reviewed,uu,uu
2020-03-22T13:11:14.540Z,40.7833333,-112.0746667,11.88,1.52,ml,17,56,0.02776,0.08,uu,uu60368907,2020-03-24T19:15:24.270Z,"8 km NNE of Magna, Utah",earthquake,0.31,0.4,0.141,3,reviewed,uu,uu
2020-03-22T13:14:47.920Z,40.7571667,-112.0478333,8.03,0.6,md,15,62,0.02337,0.14,uu,uu60368912,2020-04-07T17:01:41.750Z,"Utah",earthquake,0.39,0.69,0.187,6,reviewed,uu,uu
2020-03-22T14:15:03.020Z,40.7371667,-112.0591667,9.74,0.59,md,13,81,0.02043,0.1,uu,uu60368922,2020-04-07T18:16:04.470Z,"4 km NE of Magna, Utah",earthquake,0.37,0.7,0.104,5,reviewed,uu,uu
2020-03-22T15:00:31.630Z,40.7481667,-112.0555,9.09,0.81,md,14,57,0.01806,0.09,uu,uu60368927,2020-04-07T17:56:29.920Z,"5 km NE of Magna, Utah",earthquake,0.33,0.58,0.152,6,reviewed,uu,uu
2020-03-22T15:34:31.000Z,40.7455,-112.0673333,9.5,0.77,md,18,57,0.01149,0.09,uu,uu60368932,2020-04-07T17:48:45.850Z,"4 km NE of Magna, Utah",earthquake,0.29,0.51,0.301,9,reviewed,uu,uu
2020-03-22T15:35:09.770Z,40.7541667,-112.0808333,11.18,0.06,md,9,89,0.0021,0.07,uu,uu60020784,2020-04-07T17:48:12.490Z,"5 km NNE of Magna, Utah",earthquake,0.44,0.99,0.27,5,reviewed,uu,uu
2020-03-22T15:50:15.530Z,40.7513333,-112.0658333,9.37,2.82,ml,42,48,0.00965,0.18,uu,uu60368937,2020-11-18T22:50:48.237Z,"5 km NNE of Magna, Utah",earthquake,0.28,0.75,0.193,16,reviewed,uu,uu
2020-03-22T16:18:14.590Z,40.7221667,-112.0801667,11.73,0.88,md,11,83,0.03133,0.08,uu,uu60368942,2020-03-25T22:27:57.610Z,"2 km NE of Magna, Utah",earthquake,0.3,0.62,0.151,6,reviewed,uu,uu
2020-03-22T16:32:48.330Z,40.7556667,-112.0363333,7.26,0.81,md,15,72,0.02317,0.11,uu,uu60368947,2020-04-07T17:29:36.860Z,"7 km NE of Magna, Utah",earthquake,0.34,0.56,0.107,6,reviewed,uu,uu
2020-03-22T16:51:32.140Z,40.7541667,-112.0716667,7.29,0.4,md,14,68,0.005021,0.13,uu,uu60368952,2020-04-07T17:09:28.980Z,"5 km NNE of Magna, Utah",earthquake,0.36,0.75,0.134,6,reviewed,uu,uu
2020-03-22T18:24:45.560Z,40.7598333,-112.0808333,10.52,0.12,md,6,92,0.006642,0.06,uu,uu60020779,2020-04-07T17:01:08.280Z,"5 km NNE of Magna, Utah",earthquake,0.61,1,0.148,3,reviewed,uu,uu
2020-03-22T18:24:56.070Z,40.772,-111.9823333,3.92,0.91,ml,18,109,0.03527,0.2,uu,uu60368957,2020-04-07T16:54:48.460Z,"7 km W of Salt Lake City, Utah",earthquake,0.47,1.19,0.347,2,reviewed,uu,uu
2020-03-22T18:42:08.680Z,40.7343333,-112.0665,8.16,0.62,md,13,55,0.02111,0.1,uu,uu60368962,2020-04-07T16:23:54.240Z,"4 km NE of Magna, Utah",earthquake,0.33,0.65,0.109,5,reviewed,uu,uu
2020-03-22T19:37:40.090Z,40.7536667,-112.0311667,9.46,0.99,md,15,83,0.03574,0.08,uu,uu60368967,2020-03-25T22:25:46.550Z,"Utah",earthquake,0.27,0.56,0.33,9,reviewed,uu,uu
2020-03-22T20:14:29.900Z,40.763,-112.0688333,10.62,0.33,md,11,116,0.01188,0.06,uu,uu60368987,2020-04-07T16:18:12.920Z,"6 km NNE of Magna, Utah",earthquake,0.32,0.52,0.42,7,reviewed,uu,uu
2020-03-22T20:22:59.100Z,40.7433333,-112.0678333,9.7,1.06,md,13,62,0.01285,0.1,uu,uu60368982,2020-03-25T22:23:40.910Z,"4 km NE of Magna, Utah",earthquake,0.3,0.81,0.285,6,reviewed,uu,uu
2020-03-22T20:28:40.920Z,40.7296667,-112.0781667,10.74,0.56,md,13,66,0.0238,0.1,uu,uu60368992,2020-04-07T16:12:26.420Z,"3 km NE of Magna, Utah",earthquake,0.36,0.63,0.271,4,reviewed,uu,uu
2020-03-22T20:55:02.000Z,40.7343333,-112.0796667,11.58,1.49,ml,21,46,0.01917,0.14,uu,uu60368997,2020-11-17T15:37:28.060Z,"3 km NNE of Magna, UT",earthquake,0.28,0.67,0.265,2,reviewed,uu,uu
2020-03-22T21:05:41.830Z,40.7388333,-112.0708333,9.17,0.28,md,11,80,0.01568,0.11,uu,uu60369002,2020-04-07T16:04:11.560Z,"4 km NE of Magna, Utah",earthquake,0.38,0.9,0.171,3,reviewed,uu,uu
2020-03-22T21:40:25.450Z,40.7473333,-112.0706667,6.87,-0.25,md,9,94,0.008409,0.13,uu,uu60020774,2020-04-07T16:00:02.640Z,"4 km NNE of Magna, Utah",earthquake,0.43,0.97,0.66,2,reviewed,uu,uu
2020-03-22T21:40:40.390Z,40.7466667,-112.0523333,9.03,0.25,md,13,94,0.02081,0.1,uu,uu60369012,2020-04-07T15:48:09.600Z,"5 km NE of Magna, Utah",earthquake,0.34,0.68,0.258,7,reviewed,uu,uu
2020-03-22T22:59:16.930Z,40.7568333,-112.0543333,9.14,0.96,md,15,90,0.01845,0.13,uu,uu60369027,2020-03-25T21:46:04.210Z,"6 km NE of Magna, Utah",earthquake,0.3,0.79,0.235,8,reviewed,uu,uu
2020-03-22T23:40:06.550Z,40.745,-112.0566667,7.71,0.1,md,9,94,0.02397,0.11,uu,uu60369037,2020-04-07T15:28:01.260Z,"5 km NE of Magna, Utah",earthquake,0.43,1.27,0.408,4,reviewed,uu,uu
2020-03-23T00:27:12.130Z,40.7426667,-112.072,10.54,1.36,ml,17,57,0.0118,0.1,uu,uu60369047,2020-03-25T21:43:58.520Z,"4 km NE of Magna, Utah",earthquake,0.24,0.58,0.081,2,reviewed,uu,uu
2020-03-23T01:00:33.670Z,40.7388333,-112.106,13.02,0.68,md,13,59,0.02569,0.1,uu,uu60369057,2020-04-02T16:07:14.940Z,"3 km N of Magna, Utah",earthquake,0.39,0.65,0.115,4,reviewed,uu,uu
2020-03-23T01:17:15.310Z,40.779,-112.053,9.98,3.94,ml,44,52,0.01894,0.19,uu,uu60369062,2021-03-22T12:37:14.119Z,"8 km NNE of Magna, Utah",earthquake,0.28,0.44,0.205,20,reviewed,uu,uu
2020-03-23T01:19:54.440Z,40.7741667,-112.0451667,8.9,1.7,md,13,109,0.03251,0.08,uu,uu60369067,2020-03-25T21:41:25.496Z,"8 km NNE of Magna, Utah",earthquake,0.29,0.62,0.152,5,reviewed,uu,uu
2020-03-23T01:33:51.810Z,40.7791667,-112.043,9.11,0.9,md,18,60,0.03706,0.09,uu,uu60369072,2020-03-25T21:34:08.720Z,"9 km NNE of Magna, Utah",earthquake,0.28,0.63,0.248,12,reviewed,uu,uu
2020-03-23T01:40:28.640Z,40.7586667,-112.0713333,9.36,0.53,md,11,117,0.007355,0.09,uu,uu60369077,2020-04-02T22:01:07.740Z,"6 km NNE of Magna, Utah",earthquake,0.35,0.83,0.061,5,reviewed,uu,uu
2020-03-23T01:42:34.130Z,40.7695,-112.0485,8.48,0.37,md,16,100,0.01767,0.12,uu,uu60369087,2020-04-02T16:23:58.800Z,"8 km NE of Magna, Utah",earthquake,0.39,0.49,0.278,6,reviewed,uu,uu
2020-03-23T01:42:42.490Z,40.7728333,-112.0581667,8.32,0.11,md,12,100,0.02341,0.12,uu,uu60020694,2020-04-02T16:36:19.900Z,"Utah",earthquake,0.36,0.52,0.366,6,reviewed,uu,uu
2020-03-23T01:44:06.740Z,40.7718333,-112.0545,7.03,0.75,ml,13,107,0.0257,0.14,uu,uu60369082,2020-03-25T14:52:18.610Z,"8 km NNE of Magna, Utah",earthquake,0.34,0.98,0.198,2,reviewed,uu,uu
2020-03-23T01:45:42.300Z,40.7831667,-112.036,8.56,0.35,md,13,115,0.007914,0.1,uu,uu60369092,2020-04-02T16:47:13.870Z,"9 km NE of Magna, Utah",earthquake,0.42,0.52,0.172,5,reviewed,uu,uu
2020-03-23T01:46:03.520Z,40.7776667,-112.0408333,10.33,-0.56,md,9,139,0.009676,0.09,uu,uu60020699,2020-04-02T17:06:22.980Z,"9 km NE of Magna, Utah",earthquake,0.53,0.6,0.596,3,reviewed,uu,uu
2020-03-23T01:46:43.830Z,40.7316667,-112.0753333,7.59,-0.29,md,9,90,0.02191,0.06,uu,uu60020704,2020-04-02T17:18:16.080Z,"3 km NE of Magna, Utah",earthquake,0.44,0.61,0.296,2,reviewed,uu,uu
2020-03-23T01:48:49.500Z,40.7763333,-112.0793333,10.28,0.36,md,16,97,0.02284,0.1,uu,uu60369097,2020-04-02T17:31:13.190Z,"7 km NNE of Magna, Utah",earthquake,0.32,0.64,0.336,7,reviewed,uu,uu
2020-03-23T01:50:11.610Z,40.7838333,-112.0485,7.86,0.57,md,10,120,0.01655,0.09,uu,uu60369102,2020-04-02T22:10:55.060Z,"9 km NNE of Magna, Utah",earthquake,0.5,0.78,0.132,4,reviewed,uu,uu
2020-03-23T02:17:30.800Z,40.7355,-112.0591667,7.19,1.42,ml,23,48,0.02307,0.15,uu,uu60369112,2020-03-25T14:36:47.960Z,"4 km NE of Magna, Utah",earthquake,0.27,0.77,0.153,5,reviewed,uu,uu
2020-03-23T02:21:21.870Z,40.7713333,-112.0516667,7.63,1.99,ml,37,50,0.02692,0.18,uu,uu60369117,2020-06-06T20:54:08.040Z,"8 km NNE of Magna, Utah",earthquake,0.24,0.68,0.126,10,reviewed,uu,uu
2020-03-23T02:33:46.030Z,40.7693333,-112.0526667,7.39,1.02,md,17,98,0.02504,0.13,uu,uu60369122,2020-03-25T14:20:07.160Z,"7 km NNE of Magna, Utah",earthquake,0.34,0.83,0.362,13,reviewed,uu,uu
2020-03-23T02:36:17.650Z,40.7798333,-112.0378333,7.68,1.47,ml,30,60,0.007615,0.15,uu,uu60369127,2020-03-24T23:37:33.890Z,"9 km NE of Magna, Utah",earthquake,0.26,0.46,0.404,2,reviewed,uu,uu
2020-03-23T02:43:20.410Z,40.7893333,-112.0741667,10.38,0.7,ml,17,105,0.02273,0.15,uu,uu60369132,2020-03-25T14:23:48.040Z,"9 km NNE of Magna, Utah",earthquake,0.47,0.84,0.017,2,reviewed,uu,uu
2020-03-23T02:53:15.170Z,40.7681667,-112.0516667,7.94,0.43,ml,12,106,0.02493,0.13,uu,uu60369137,2020-03-24T22:44:11.210Z,"7 km NNE of Magna, Utah",earthquake,0.32,0.78,0.191,2,reviewed,uu,uu
2020-03-23T02:53:48.940Z,40.774,-112.0388333,7.47,0.79,ml,16,103,0.03626,0.12,uu,uu60369142,2020-03-24T22:42:05.540Z,"8 km NE of Magna, Utah",earthquake,0.3,0.72,0.389,2,reviewed,uu,uu
2020-03-23T02:58:29.580Z,40.7963333,-112.0691667,12.2,0.39,md,8,118,0.02023,0.09,uu,uu60369147,2020-04-03T22:44:48.450Z,"10 km NNE of Magna, Utah",earthquake,1.25,0.73,0.411,5,reviewed,uu,uu
2020-03-23T03:00:21.230Z,40.7421667,-112.0543333,8.55,1.08,ml,16,89,0.02138,0.14,uu,uu60369152,2020-03-24T22:22:00.320Z,"5 km NE of Magna, Utah",earthquake,0.34,0.82,0.214,2,reviewed,uu,uu
2020-03-23T03:38:49.650Z,40.7416667,-112.0693333,8.77,0.94,md,15,79,0.0136,0.09,uu,uu60369162,2020-03-24T22:19:54.600Z,"4 km NE of Magna, Utah",earthquake,0.25,0.52,0.208,9,reviewed,uu,uu
2020-03-23T04:11:44.810Z,40.7326667,-112.053,9.51,0.42,md,13,84,0.01421,0.07,uu,uu60369167,2020-04-02T17:51:21.150Z,"4 km ENE of Magna, Utah",earthquake,0.3,0.59,0.155,4,reviewed,uu,uu
2020-03-23T04:12:02.710Z,40.7345,-112.0495,9.68,-0.12,md,11,96,0.01281,0.11,uu,uu60020709,2020-04-02T18:05:14.510Z,"5 km ENE of Magna, Utah",earthquake,0.53,0.71,0.163,4,reviewed,uu,uu
2020-03-23T04:38:46.670Z,40.7801667,-112.0366667,7.23,0.48,md,17,113,0.006856,0.09,uu,uu60369172,2020-04-02T22:20:42.390Z,"9 km NE of Magna, Utah",earthquake,0.31,0.66,0.198,6,reviewed,uu,uu
2020-03-23T04:40:47.540Z,40.752,-112.0563333,7.83,0.85,md,17,77,0.01669,0.15,uu,uu60369177,2020-03-24T18:27:06.490Z,"6 km NE of Magna, Utah",earthquake,0.38,0.71,0.209,10,reviewed,uu,uu
2020-03-23T04:51:16.160Z,40.7605,-112.0781667,8.65,0.7,md,12,87,0.007004,0.12,uu,uu60369182,2020-04-02T22:28:57.260Z,"6 km NNE of Magna, Utah",earthquake,0.45,0.91,0.085,4,reviewed,uu,uu
2020-03-23T04:56:38.340Z,40.7405,-112.07,9.55,0.63,md,14,81,0.0144,0.15,uu,uu60369187,2020-04-02T22:31:33.690Z,"4 km NE of Magna, Utah",earthquake,0.4,0.81,0.048,5,reviewed,uu,uu
2020-03-23T05:39:32.510Z,40.7748333,-112.0421667,8.62,1.84,ml,34,49,0.0347,0.15,uu,uu60369192,2020-03-23T16:27:44.902Z,"8 km NE of Magna, Utah",earthquake,0.27,0.67,0.123,8,reviewed,uu,uu
2020-03-23T06:19:46.090Z,40.7581667,-112.0718333,10.06,0.07,md,11,98,0.006734,0.08,uu,uu60369202,2020-04-02T18:24:21.110Z,"Utah",earthquake,0.46,0.81,0.254,5,reviewed,uu,uu
2020-03-23T06:35:18.620Z,40.761,-112.075,10.09,1.76,ml,20,52,0.007891,0.18,uu,uu60369212,2020-03-23T15:57:36.790Z,"6 km NNE of Magna, Utah",earthquake,0.34,0.6,0.185,5,reviewed,uu,uu
2020-03-23T06:35:46.900Z,40.7515,-112.063,11.63,1.11,ml,14,65,0.01173,0.14,uu,uu60020354,2020-03-23T15:59:42.550Z,"5 km NE of Magna, Utah",earthquake,0.46,0.68,0.139,2,reviewed,uu,uu
2020-03-23T06:37:02.900Z,40.75,-112.0553333,8.87,1.82,ml,32,44,0.01773,0.16,uu,uu60369217,2020-03-23T17:13:18.210Z,"5 km NE of Magna, Utah",earthquake,0.29,0.55,0.15,8,reviewed,uu,uu
2020-03-23T06:37:22.150Z,40.7648333,-112.0903333,9.76,1.14,md,6,95,0.0146,0.1,uu,uu60020364,2020-03-23T17:16:28.230Z,"6 km N of Magna, Utah",earthquake,0.56,1.5,0.222,3,reviewed,uu,uu
2020-03-23T06:59:47.810Z,40.734,-112.0698333,9.33,1.1,ml,20,69,0.02048,0.16,uu,uu60369222,2020-03-23T16:57:08.050Z,"3 km NE of Magna, Utah",earthquake,0.39,0.74,0.209,3,reviewed,uu,uu
2020-03-23T07:08:03.160Z,40.7785,-112.0733333,11.37,1.26,ml,21,55,0.02526,0.11,uu,uu60369227,2020-03-23T20:01:40.390Z,"8 km NNE of Magna, Utah",earthquake,0.33,0.62,0.109,3,reviewed,uu,uu
2020-03-23T07:13:31.920Z,40.7453333,-112.0556667,9.44,0.73,ml,11,91,0.01897,0.09,uu,uu60369232,2020-03-23T21:19:53.170Z,"5 km NE of Magna, Utah",earthquake,0.34,0.63,0.242,2,reviewed,uu,uu
2020-03-23T07:19:21.670Z,40.771,-112.0443333,8.9,0.59,md,14,88,0.01417,0.06,uu,uu60369237,2020-03-23T21:20:57.240Z,"8 km NE of Magna, Utah",earthquake,0.32,0.57,0.395,7,reviewed,uu,uu
2020-03-23T07:30:20.330Z,40.781,-112.0806667,11.18,0.3,md,10,99,0.02755,0.17,uu,uu60369242,2020-03-23T21:23:33.810Z,"8 km NNE of Magna, Utah",earthquake,0.58,1.04,0.127,5,reviewed,uu,uu
2020-03-23T07:57:27.470Z,40.7401667,-112.061,8.55,0.33,md,10,107,0.01866,0.05,uu,uu60369247,2020-03-23T16:10:36.730Z,"4 km NE of Magna, Utah",earthquake,0.33,0.83,0.165,5,reviewed,uu,uu
2020-03-23T07:59:03.660Z,40.7398333,-112.0621667,7.55,0.4,md,12,96,0.0183,0.07,uu,uu60369252,2020-03-23T16:06:55.970Z,"4 km NE of Magna, Utah",earthquake,0.32,0.83,0.185,5,reviewed,uu,uu
2020-03-23T08:34:38.470Z,40.7725,-112.079,8.73,1.45,ml,29,54,0.019,0.17,uu,uu60369257,2020-03-23T15:40:07.760Z,"7 km NNE of Magna, Utah",earthquake,0.36,0.71,0.168,4,reviewed,uu,uu
2020-03-23T08:50:29.800Z,40.7788333,-112.0513333,8.4,1.02,ml,26,53,0.03253,0.14,uu,uu60369262,2020-03-23T15:33:22.290Z,"8 km NNE of Magna, Utah",earthquake,0.35,0.62,0.254,2,reviewed,uu,uu
2020-03-23T08:50:56.850Z,40.7278333,-112.0491667,9.78,0.91,ml,12,92,0.03382,0.07,uu,uu60020359,2020-03-23T15:32:15.280Z,"4 km ENE of Magna, Utah",earthquake,0.29,0.7,0.141,2,reviewed,uu,uu
2020-03-23T09:06:13.720Z,40.7748333,-112.0728333,9.84,0.48,md,13,104,0.02171,0.15,uu,uu60369267,2020-04-03T22:46:54.310Z,"7 km NNE of Magna, Utah",earthquake,0.44,0.84,0.37,5,reviewed,uu,uu
2020-03-23T09:19:17.270Z,40.736,-112.049,9.37,0.42,md,14,87,0.01346,0.11,uu,uu60369272,2020-04-03T22:49:33.410Z,"5 km NE of Magna, Utah",earthquake,0.38,0.66,0.166,5,reviewed,uu,uu
2020-03-23T10:16:21.740Z,40.7631667,-111.9823333,8.98,-0.11,md,6,169,0.05444,0.17,uu,uu60020754,2020-04-03T22:54:06.530Z,"7 km W of Salt Lake City, Utah",earthquake,0.88,1.52,0.194,4,reviewed,uu,uu
2020-03-23T10:16:38.100Z,40.7516667,-111.9755,1.34,0.23,md,7,113,0.0521,0.08,uu,uu60369277,2020-04-03T22:47:58.350Z,"7 km NNE of West Valley City, Utah",earthquake,0.46,2.86,0.206,4,reviewed,uu,uu
2020-03-23T10:20:05.240Z,40.7476667,-112.0731667,8.27,0.35,md,11,92,0.006967,0.08,uu,uu60369282,2020-04-03T22:51:39.210Z,"4 km NNE of Magna, Utah",earthquake,0.44,0.71,0.344,5,reviewed,uu,uu
2020-03-23T10:59:08.220Z,40.7395,-112.047,9.07,0.23,md,10,91,0.01512,0.1,uu,uu60369292,2020-04-03T22:56:24.150Z,"5 km NE of Magna, Utah",earthquake,0.35,0.93,0.242,3,reviewed,uu,uu
2020-03-23T11:11:07.510Z,40.7415,-112.0426667,4.97,0.7,md,18,92,0.02955,0.18,uu,uu60369302,2020-03-23T15:17:11.880Z,"6 km NE of Magna, Utah",earthquake,0.45,1.38,0.32,11,reviewed,uu,uu
2020-03-23T11:27:51.410Z,40.783,-112.0921667,8.13,0.9,ml,16,59,0.02533,0.12,uu,uu60369307,2020-03-23T15:22:53.070Z,"8 km N of Magna, Utah",earthquake,0.41,0.97,0.16,2,reviewed,uu,uu
2020-03-23T11:52:33.480Z,40.7456667,-112.0516667,6.18,0.23,md,6,121,0.1067,0.07,uu,uu60369312,2020-04-02T21:42:54.360Z,"5 km NE of Magna, Utah",earthquake,0.41,1.89,0.175,4,reviewed,uu,uu
2020-03-23T13:29:47.130Z,40.7391667,-112.0625,8.18,0.62,md,12,91,0.01864,0.09,uu,uu60369327,2020-04-02T21:51:45.640Z,"4 km NE of Magna, Utah",earthquake,0.37,0.76,0.106,6,reviewed,uu,uu
2020-03-23T13:41:21.500Z,40.7748333,-112.0775,12.17,0.94,ml,12,98,0.02133,0.17,uu,uu60369332,2020-03-23T14:20:30.870Z,"7 km NNE of Magna, Utah",earthquake,0.52,0.93,0.118,3,reviewed,uu,uu
2020-03-23T13:41:37.460Z,40.8008333,-112.068,10.55,0.42,md,7,149,0.01875,0.08,uu,uu60369337,2020-03-23T14:43:35.800Z,"10 km NNE of Magna, Utah",earthquake,0.76,1.13,0.24,4,reviewed,uu,uu
2020-03-23T13:48:15.600Z,40.7801667,-112.0733333,11.29,1.11,ml,17,78,0.02691,0.14,uu,uu60369342,2020-03-23T14:15:50.880Z,"8 km NNE of Magna, Utah",earthquake,0.42,0.65,0.143,3,reviewed,uu,uu
2020-03-23T14:12:50.270Z,40.7375,-112.0823333,10.68,2.89,ml,34,58,0.01628,0.17,uu,uu60369347,2020-09-04T06:35:51.959Z,"3 km NNE of Magna, Utah",earthquake,0.3,0.56,0.227,14,reviewed,uu,uu
2020-03-23T15:01:19.910Z,40.7705,-112.06,8.54,0.55,md,11,99,0.02191,0.09,uu,uu60369352,2020-03-23T21:18:48.940Z,"7 km NNE of Magna, Utah",earthquake,0.35,0.7,0.359,6,reviewed,uu,uu
2020-03-23T15:19:45.640Z,40.739,-112.0566667,8.98,1.87,ml,27,58,0.01986,0.12,uu,uu60369367,2020-03-23T20:06:09.138Z,"5 km NE of Magna, Utah",earthquake,0.25,0.4,0.21,9,reviewed,uu,uu
2020-03-23T15:38:36.740Z,40.7516667,-112.0366667,7.32,0.42,md,9,108,0.03162,0.14,uu,uu60369372,2020-03-23T20:03:46.120Z,"7 km NE of Magna, Utah",earthquake,0.5,1.17,0.08,5,reviewed,uu,uu
2020-03-23T16:40:48.090Z,40.7795,-112.0451667,8.5,1.53,ml,23,83,0.01305,0.1,uu,uu60369382,2020-03-24T00:43:25.436Z,"9 km NNE of Magna, Utah",earthquake,0.25,0.63,0.181,4,reviewed,uu,uu
2020-03-23T17:07:18.410Z,40.7308333,-112.0725,6.17,0.11,md,7,140,0.02305,0.22,uu,uu60369397,2020-04-02T21:34:00.650Z,"3 km NE of Magna, Utah",earthquake,0.84,1.85,0.724,2,reviewed,uu,uu
2020-03-23T17:23:44.810Z,40.7655,-112.1011667,7.18,0.06,md,4,158,0.02116,0.02,uu,uu60369402,2020-04-02T21:39:44.390Z,"6 km N of Magna, Utah",earthquake,0.8,1.52,0.296,2,reviewed,uu,uu
2020-03-23T18:18:06.070Z,40.7341667,-112.0525,9.29,1.46,ml,21,44,0.01454,0.12,uu,uu60369417,2020-03-23T21:14:01.110Z,"4 km NE of Magna, Utah",earthquake,0.31,0.57,0.196,4,reviewed,uu,uu
2020-03-23T18:40:06.430Z,40.7585,-112.077,10.44,1.44,ml,19,65,0.00509,0.11,uu,uu60369422,2020-03-23T21:14:34.560Z,"5 km NNE of Magna, Utah",earthquake,0.27,0.59,0.103,4,reviewed,uu,uu
2020-03-23T18:41:40.110Z,40.7611667,-112.0746667,9.88,1.33,ml,13,78,0.00813,0.09,uu,uu60369427,2020-03-24T15:29:08.800Z,"6 km NNE of Magna, Utah",earthquake,0.34,0.91,0.306,2,reviewed,uu,uu
2020-03-23T18:42:18.130Z,40.7635,-112.0766667,10.25,2.29,ml,31,53,0.01007,0.13,uu,uu60369432,2020-06-06T20:54:11.040Z,"6 km NNE of Magna, Utah",earthquake,0.24,0.39,0.176,11,reviewed,uu,uu
2020-03-23T19:13:29.430Z,40.7316667,-112.0515,9.31,0.28,md,8,113,0.01277,0.12,uu,uu60369437,2020-04-02T17:19:20.240Z,"4 km ENE of Magna, Utah",earthquake,0.48,0.81,0.504,4,reviewed,uu,uu
2020-03-23T21:28:18.660Z,40.7245,-112.0713333,8.81,0.76,md,12,97,0.02943,0.08,uu,uu60369467,2020-03-24T15:21:20.860Z,"3 km ENE of Magna, Utah",earthquake,0.35,0.63,0.285,6,reviewed,uu,uu
2020-03-23T22:10:41.610Z,40.7938333,-112.0738333,8.71,-0.13,md,4,142,0.1019,0.07,uu,uu60369477,2020-04-02T20:25:26.590Z,"9 km NNE of Magna, Utah",earthquake,0.53,1.54,0.552,2,reviewed,uu,uu
2020-03-23T22:41:43.440Z,40.775,-111.975,2.94,0.44,md,8,111,0.07057,0.07,uu,uu60369482,2020-04-02T20:30:37.100Z,"7 km WNW of Salt Lake City, Utah",earthquake,0.43,2.65,0.288,4,reviewed,uu,uu
2020-03-23T23:11:39.150Z,40.734,-112.0688333,9.6,1.46,ml,28,44,0.02073,0.18,uu,uu60369487,2020-03-24T14:24:26.290Z,"3 km NE of Magna, Utah",earthquake,0.34,0.59,0.278,3,reviewed,uu,uu
2020-03-24T00:23:11.290Z,40.7626667,-112.0706667,7.62,0.39,md,7,115,0.01081,0.1,uu,uu60369507,2020-03-26T22:26:56.610Z,"6 km NNE of Magna, Utah",earthquake,0.51,1.39,0.128,4,reviewed,uu,uu
2020-03-24T01:09:01.070Z,40.7635,-112.075,10.23,0.8,md,10,91,0.01029,0.11,uu,uu60369517,2020-03-27T15:21:29.510Z,"6 km NNE of Magna, Utah",earthquake,0.41,0.9,0.296,4,reviewed,uu,uu
2020-03-24T01:33:22.840Z,40.7566667,-112.0693333,8.68,1.02,md,20,40,0.007457,0.13,uu,uu60369522,2020-03-24T14:03:11.060Z,"5 km NNE of Magna, Utah",earthquake,0.34,0.64,0.235,13,reviewed,uu,uu
2020-03-24T01:43:33.490Z,40.7426667,-112.0481667,8.29,0.85,ml,19,52,0.01827,0.14,uu,uu60369527,2020-03-24T13:31:48.790Z,"Utah",earthquake,0.31,0.61,0.289,2,reviewed,uu,uu
2020-03-24T01:52:26.400Z,40.7576667,-112.0898333,11.35,0.4,md,10,95,0.009762,0.08,uu,uu60369532,2020-03-27T15:24:05.980Z,"5 km N of Magna, Utah",earthquake,0.4,0.6,0.373,3,reviewed,uu,uu
2020-03-24T01:53:19.480Z,40.7675,-112.0765,10.5,0.4,md,8,100,0.01406,0.07,uu,uu60020484,2020-03-27T15:25:40.920Z,"6 km NNE of Magna, Utah",earthquake,0.39,0.6,0.32,3,reviewed,uu,uu
2020-03-24T02:12:20.190Z,40.7328333,-112.0833333,9.97,0.58,md,9,90,0.021,0.09,uu,uu60369537,2020-03-27T15:33:25.020Z,"3 km NNE of Magna, Utah",earthquake,0.4,0.95,0.131,3,reviewed,uu,uu
2020-03-24T04:27:15.970Z,40.7471667,-112.0613333,8.4,1.04,md,18,70,0.0143,0.15,uu,uu60369542,2020-03-24T14:49:47.550Z,"5 km NE of Magna, Utah",earthquake,0.33,0.66,0.302,11,reviewed,uu,uu
2020-03-24T04:44:04.440Z,40.7471667,-112.0595,8.53,0.83,md,16,55,0.01556,0.1,uu,uu60369557,2020-03-27T22:04:37.790Z,"5 km NE of Magna, Utah",earthquake,0.32,0.5,0.171,7,reviewed,uu,uu
2020-03-24T04:46:33.340Z,40.7525,-112.084,10.7,0.47,md,11,93,0.004504,0.1,uu,uu60369562,2020-03-30T20:57:49.150Z,"5 km NNE of Magna, Utah",earthquake,0.34,0.69,0.136,5,reviewed,uu,uu
2020-03-24T06:10:26.860Z,40.7823333,-112.0691667,12.71,0.48,ml,13,111,0.02962,0.08,uu,uu60369572,2020-03-30T21:12:21.070Z,"8 km NNE of Magna, Utah",earthquake,0.44,0.61,0.038,2,reviewed,uu,uu
2020-03-24T07:38:09.410Z,40.7841667,-112.0413333,7.91,0.88,ml,21,108,0.01179,0.15,uu,uu60369577,2020-03-24T15:12:04.150Z,"9 km NNE of Magna, Utah",earthquake,0.39,0.74,0.336,2,reviewed,uu,uu
2020-03-24T08:07:09.880Z,40.7613333,-112.086,11.07,0.2,md,9,114,0.009817,0.1,uu,uu60369587,2020-03-30T21:27:34.790Z,"5 km NNE of Magna, Utah",earthquake,0.52,0.91,0.229,4,reviewed,uu,uu
2020-03-24T08:26:04.030Z,40.754,-112.0561667,12.88,0.18,md,7,147,0.01676,0.17,uu,uu60369592,2020-03-30T21:35:21.520Z,"6 km NE of Magna, Utah",earthquake,0.98,1.27,0.167,3,reviewed,uu,uu
2020-03-24T08:32:35.110Z,40.7798333,-112.0721667,11.41,1.99,ml,39,55,0.02672,0.14,uu,uu60369597,2020-06-06T20:54:13.040Z,"8 km NNE of Magna, Utah",earthquake,0.24,0.29,0.102,11,reviewed,uu,uu
2020-03-24T08:36:57.090Z,40.7816667,-112.0436667,7.82,0.73,md,15,106,0.01238,0.12,uu,uu60369607,2020-03-24T14:46:40.270Z,"9 km NNE of Magna, Utah",earthquake,0.35,0.74,0.204,9,reviewed,uu,uu
2020-03-24T08:53:01.100Z,40.7718333,-112.0735,13,0.39,md,8,106,0.01867,0.09,uu,uu60369612,2020-04-01T19:52:35.280Z,"7 km NNE of Magna, Utah",earthquake,0.63,0.98,0.102,3,reviewed,uu,uu
2020-03-24T11:01:17.950Z,40.7955,-112.0775,11.82,0.62,md,12,117,0.01624,0.14,uu,uu60369622,2020-04-01T19:55:11.880Z,"9 km NNE of Magna, Utah",earthquake,0.67,1.19,0.067,5,reviewed,uu,uu
2020-03-24T11:01:50.520Z,40.782,-112.0755,12.54,0.76,md,11,107,0.02856,0.13,uu,uu60020644,2020-04-01T19:57:17.520Z,"8 km NNE of Magna, Utah",earthquake,0.58,0.93,0.123,5,reviewed,uu,uu
2020-03-24T11:19:05.080Z,40.7351667,-112.0508333,8.41,0.48,md,14,86,0.01402,0.09,uu,uu60369632,2020-03-30T21:11:58.470Z,"5 km NE of Magna, Utah",earthquake,0.33,0.66,0.131,6,reviewed,uu,uu
2020-03-24T11:36:50.500Z,40.7506667,-112.0748333,9.28,0.78,md,14,83,0.003815,0.11,uu,uu60369637,2020-03-30T21:14:06.850Z,"Utah",earthquake,0.34,0.74,0.142,6,reviewed,uu,uu
2020-03-24T11:42:09.090Z,40.7795,-112.0451667,9.13,3.08,ml,37,51,0.01305,0.17,uu,uu60369642,2020-06-06T20:54:14.040Z,"9 km NNE of Magna, Utah",earthquake,0.29,0.57,0.155,19,reviewed,uu,uu
2020-03-24T12:12:00.800Z,40.7271667,-112.0668333,9.02,0.39,md,11,101,0.02353,0.1,uu,uu60369647,2020-03-24T13:23:04.010Z,"3 km NE of Magna, Utah",earthquake,0.47,0.68,0.229,5,reviewed,uu,uu
2020-03-24T12:12:15.790Z,40.7713333,-112.0425,8.3,2.07,ml,30,52,0.0128,0.11,uu,uu60369652,2020-06-06T20:54:14.040Z,"8 km NE of Magna, Utah",earthquake,0.22,0.4,0.106,12,reviewed,uu,uu
2020-03-24T12:17:03.060Z,40.7615,-112.0796667,9.35,0.25,md,8,94,0.008078,0.13,uu,uu60369657,2020-03-30T22:00:00.980Z,"6 km NNE of Magna, Utah",earthquake,0.51,1.12,0.327,4,reviewed,uu,uu
2020-03-24T12:49:01.220Z,40.7745,-112.0426667,8.59,0.78,md,11,117,0.0342,0.09,uu,uu60369667,2020-03-24T16:16:04.060Z,"8 km NE of Magna, Utah",earthquake,0.41,0.76,0.156,5,reviewed,uu,uu
2020-03-24T12:51:52.440Z,40.7348333,-112.0585,9.83,0.03,md,8,113,0.01891,0.11,uu,uu60369672,2020-04-01T16:52:26.290Z,"4 km NE of Magna, Utah",earthquake,0.48,1.04,0.278,4,reviewed,uu,uu
2020-03-24T13:02:04.730Z,40.731,-112.0793333,4.08,0.15,md,6,153,0.02248,0.08,uu,uu60369677,2020-04-01T16:59:09.100Z,"3 km NE of Magna, Utah",earthquake,0.51,0.89,0.168,2,reviewed,uu,uu
2020-03-24T14:13:09.020Z,40.7695,-112.0738333,9.44,0.86,md,13,98,0.01634,0.14,uu,uu60369682,2020-04-01T19:46:48.790Z,"7 km NNE of Magna, Utah",earthquake,0.39,0.99,0.234,6,reviewed,uu,uu
2020-03-24T14:23:21.800Z,40.7436667,-112.0515,8.76,0.98,ml,17,53,0.02049,0.12,uu,uu60369687,2020-04-01T19:50:29.620Z,"5 km NE of Magna, Utah",earthquake,0.28,0.66,0.266,2,reviewed,uu,uu
2020-03-24T14:29:45.280Z,40.748,-112.0668333,5.42,0.82,md,11,95,0.01024,0.14,uu,uu60369692,2020-04-01T17:02:47.180Z,"5 km NE of Magna, Utah",earthquake,0.52,0.77,0.105,5,reviewed,uu,uu
2020-03-24T14:47:53.490Z,40.7825,-112.0713333,10.67,0.97,ml,17,82,0.02968,0.11,uu,uu60369697,2020-03-24T16:03:42.940Z,"8 km NNE of Magna, Utah",earthquake,0.38,0.94,0.097,3,reviewed,uu,uu
2020-03-24T15:09:32.010Z,40.7336667,-112.0503333,5.93,2.11,ml,33,42,0.01287,0.15,uu,uu60369717,2020-06-06T20:54:14.040Z,"5 km ENE of Magna, Utah",earthquake,0.24,0.65,0.204,11,reviewed,uu,uu
2020-03-24T15:23:08.330Z,40.7305,-112.0543333,5.55,1.1,ml,14,109,0.01447,0.13,uu,uu60369722,2020-03-24T15:59:34.100Z,"4 km ENE of Magna, Utah",earthquake,0.36,0.67,0.325,2,reviewed,uu,uu
2020-03-24T15:37:41.150Z,40.7423333,-112.027,8.49,0.46,md,10,110,0.04048,0.1,uu,uu60369727,2020-04-01T19:39:32.270Z,"6 km NNW of West Valley City, Utah",earthquake,0.44,0.98,0.754,3,reviewed,uu,uu
2020-03-24T16:14:51.690Z,40.7336667,-112.0471667,5.95,0.5,md,8,88,0.08087,0.13,uu,uu60369732,2020-04-01T19:42:08.950Z,"5 km ENE of Magna, Utah",earthquake,0.46,2.35,0.272,3,reviewed,uu,uu
2020-03-24T18:25:33.830Z,40.779,-112.1065,7.48,0,md,4,175,0.03333,0.08,uu,uu60369772,2020-04-01T19:35:54.240Z,"7 km N of Magna, Utah",earthquake,2.15,2.73,0.405,3,reviewed,uu,uu
2020-03-24T18:27:57.070Z,40.7718333,-112.0415,8.33,1.42,ml,22,61,0.0119,0.11,uu,uu60369777,2020-03-24T19:57:30.480Z,"8 km NE of Magna, Utah",earthquake,0.26,0.61,0.177,4,reviewed,uu,uu
2020-03-24T18:29:42.970Z,40.7473333,-112.079,5.58,0.85,ml,12,67,0.006178,0.17,uu,uu60369787,2020-04-01T19:33:17.750Z,"4 km NNE of Magna, Utah",earthquake,0.46,0.78,0.238,2,reviewed,uu,uu
2020-03-24T18:54:02.840Z,40.7658333,-112.083,10.16,1.33,ml,14,86,0.01286,0.13,uu,uu60369807,2020-03-31T18:42:07.960Z,"6 km NNE of Magna, Utah",earthquake,0.36,0.77,0.309,3,reviewed,uu,uu
2020-03-24T19:27:04.100Z,40.7636667,-112.0866667,10.41,0.6,md,7,107,0.01202,0.12,uu,uu60369812,2020-04-01T19:28:35.580Z,"6 km NNE of Magna, Utah",earthquake,0.5,0.76,0.15,3,reviewed,uu,uu
2020-03-24T19:27:32.630Z,40.7736667,-112.0953333,9.78,0.39,md,7,126,0.02399,0.14,uu,uu60020639,2020-04-01T19:30:10.450Z,"7 km N of Magna, Utah",earthquake,0.53,0.84,0.391,3,reviewed,uu,uu
2020-03-24T20:10:10.590Z,40.7478333,-112.0663333,7.55,1.1,ml,15,56,0.01065,0.17,uu,uu60369832,2020-03-24T21:30:09.440Z,"5 km NE of Magna, Utah",earthquake,0.4,1.03,0.303,2,reviewed,uu,uu
2020-03-24T20:15:19.940Z,40.7535,-112.098,4.75,0.22,md,7,109,0.01503,0.08,uu,uu60369837,2020-03-24T22:04:26.120Z,"4 km N of Magna, Utah",earthquake,0.46,1.04,0.113,3,reviewed,uu,uu
2020-03-24T21:10:21.160Z,40.7488333,-112.0488333,4.82,0.5,md,6,122,0.0228,0.07,uu,uu60369847,2020-03-24T21:57:38.290Z,"6 km NE of Magna, Utah",earthquake,0.51,0.69,0.267,2,reviewed,uu,uu
2020-03-24T21:48:45.780Z,40.7408333,-112.0456667,8.85,0.9,md,12,92,0.01574,0.09,uu,uu60369867,2020-03-31T19:16:03.870Z,"5 km NE of Magna, Utah",earthquake,0.38,0.61,0.204,5,reviewed,uu,uu
2020-03-24T22:09:49.700Z,40.7636667,-112.0741667,10.36,1.14,md,12,91,0.01062,0.08,uu,uu60369872,2020-03-31T19:19:11.110Z,"6 km NNE of Magna, Utah",earthquake,0.29,0.53,0.229,7,reviewed,uu,uu
2020-03-24T22:38:45.230Z,40.74,-112.054,9.5,0.56,md,8,106,0.01896,0.1,uu,uu60369882,2020-03-27T22:51:43.900Z,"5 km NE of Magna, Utah",earthquake,0.5,0.76,0.24,3,reviewed,uu,uu
2020-03-24T23:10:39.170Z,40.726,-112.1018333,11.52,0.26,md,6,115,0.0328,0.08,uu,uu60369887,2020-03-31T22:41:30.950Z,"1 km N of Magna, Utah",earthquake,0.8,1.7,0.293,3,reviewed,uu,uu
2020-03-25T00:07:46.950Z,40.7253333,-112.093,11.5,0.83,md,9,94,0.03029,0.11,uu,uu60369892,2020-03-26T17:31:32.210Z,"1 km NNE of Magna, Utah",earthquake,0.62,1.22,0.08,3,reviewed,uu,uu
2020-03-25T00:21:06.890Z,40.7438333,-112.0601667,7.58,0.32,md,6,141,0.01677,0.04,uu,uu60369897,2020-03-26T17:36:14.490Z,"5 km NE of Magna, Utah",earthquake,0.77,0.97,0.625,3,reviewed,uu,uu
2020-03-25T01:25:14.920Z,40.7455,-111.9645,2.53,1.07,ml,15,64,0.01902,0.13,uu,uu60369912,2020-03-25T13:56:15.480Z,"6 km WSW of Salt Lake City, Utah",earthquake,0.34,0.84,0.008,2,reviewed,uu,uu
2020-03-25T01:32:48.150Z,40.7463333,-111.9566667,3.55,0.75,md,6,118,0.0199,0.12,uu,uu60369922,2020-06-12T18:51:01.020Z,"5 km WSW of Salt Lake City, Utah",earthquake,0.6,1.06,0.363,3,reviewed,uu,uu
2020-03-25T01:43:57.950Z,40.7703333,-111.9835,4.77,0.5,md,7,145,0.03473,0.14,uu,uu60020474,2020-03-26T18:01:15.370Z,"Utah",earthquake,0.66,1.52,0.142,3,reviewed,uu,uu
2020-03-25T02:15:16.970Z,40.7478333,-112.0358333,7.69,0.65,md,12,107,0.02086,0.13,uu,uu60369937,2020-03-26T18:04:22.720Z,"6 km NNW of West Valley City, Utah",earthquake,0.45,0.64,0.23,5,reviewed,uu,uu
2020-03-25T02:17:44.010Z,40.7488333,-111.9641667,2.04,1.01,ml,16,79,0.02229,0.14,uu,uu60369942,2020-03-26T18:09:08.660Z,"6 km WSW of Salt Lake City, Utah",earthquake,0.35,0.99,0.026,2,reviewed,uu,uu
2020-03-25T02:39:35.670Z,40.7598333,-112.0768333,10.55,0.79,md,12,75,0.006424,0.09,uu,uu60369947,2020-03-25T14:06:33.470Z,"6 km NNE of Magna, Utah",earthquake,0.35,0.64,0.098,5,reviewed,uu,uu
2020-03-25T03:14:37.250Z,40.7458333,-111.9618333,6.05,1.18,md,14,87,0.05934,0.13,uu,uu60369977,2020-03-26T18:14:18.320Z,"6 km WSW of Salt Lake City, Utah",earthquake,0.47,1.06,0.274,6,reviewed,uu,uu
2020-03-25T03:44:16.850Z,40.7448333,-112.0801667,9.27,0.56,md,9,82,0.008773,0.12,uu,uu60369987,2020-03-26T18:19:28.540Z,"4 km NNE of Magna, Utah",earthquake,0.56,0.9,0.086,5,reviewed,uu,uu
2020-03-25T04:41:46.470Z,40.7328333,-112.0861667,10.79,1.09,md,23,51,0.0215,0.19,uu,uu60369997,2020-03-25T14:11:46.930Z,"2 km NNE of Magna, Utah",earthquake,0.47,1,0.197,11,reviewed,uu,uu
2020-03-25T05:04:12.100Z,40.7493333,-112.0785,10.07,0.49,md,11,70,0.004157,0.14,uu,uu60370007,2020-03-26T18:28:19.810Z,"4 km NNE of Magna, Utah",earthquake,0.46,0.99,0.085,5,reviewed,uu,uu
2020-03-25T05:19:32.480Z,40.7478333,-111.9608333,3.47,0.95,md,9,110,0.02114,0.12,uu,uu60370012,2020-03-26T18:36:03.970Z,"6 km WSW of Salt Lake City, Utah",earthquake,0.46,0.96,0.261,4,reviewed,uu,uu
2020-03-25T05:42:08.860Z,40.758,-112.0726667,10.79,0.63,md,14,90,0.006171,0.08,uu,uu60370022,2020-03-25T13:48:00.270Z,"5 km NNE of Magna, Utah",earthquake,0.33,0.61,0.288,9,reviewed,uu,uu
2020-03-25T05:44:08.140Z,40.7263333,-112.0865,10.64,1.13,md,17,56,0.02785,0.09,uu,uu60370027,2020-03-25T14:17:30.680Z,"2 km NNE of Magna, Utah",earthquake,0.29,0.57,0.129,8,reviewed,uu,uu
2020-03-25T05:55:52.400Z,40.7653333,-112.0735,9.66,0.36,md,9,101,0.01236,0.15,uu,uu60370032,2020-03-25T22:33:10.990Z,"6 km NNE of Magna, Utah",earthquake,0.53,1.11,0.264,3,reviewed,uu,uu
2020-03-25T06:14:08.120Z,40.7631667,-112.079,10.32,0.23,md,9,117,0.009686,0.07,uu,uu60370037,2020-03-26T15:33:23.850Z,"6 km NNE of Magna, Utah",earthquake,0.33,0.64,0.328,4,reviewed,uu,uu
2020-03-25T08:55:01.720Z,40.751,-111.9641667,5.35,1.73,ml,25,34,0.05555,0.13,uu,uu60370057,2020-03-25T13:21:11.930Z,"6 km W of Salt Lake City, Utah",earthquake,0.26,0.77,0.131,7,reviewed,uu,uu
2020-03-25T09:01:50.910Z,40.7398333,-112.0518333,7.77,0.5,md,13,100,0.01768,0.1,uu,uu60370062,2020-03-25T20:43:40.160Z,"5 km NE of Magna, Utah",earthquake,0.36,0.54,0.188,6,reviewed,uu,uu
2020-03-25T09:21:25.270Z,40.7488333,-111.9628333,5.16,0.73,ml,15,86,0.05966,0.13,uu,uu60370067,2020-06-13T18:44:31.040Z,"6 km WSW of Salt Lake City, Utah",earthquake,0.44,1.16,0.026,2,reviewed,uu,uu
2020-03-25T10:38:50.980Z,40.744,-112.0616667,10.53,0.82,ml,13,108,0.01575,0.09,uu,uu60370072,2020-03-25T13:44:22.160Z,"5 km NE of Magna, Utah",earthquake,0.39,0.7,0.335,2,reviewed,uu,uu
2020-03-25T11:37:58.720Z,40.7371667,-112.0603333,7.99,0.41,md,9,103,0.0212,0.1,uu,uu60370082,2020-03-25T20:41:34.470Z,"4 km NE of Magna, Utah",earthquake,0.41,0.75,0.21,5,reviewed,uu,uu
2020-03-25T11:54:29.000Z,40.7828333,-112.077,11.38,1.68,ml,31,57,0.0275,0.15,uu,uu60370087,2020-03-25T14:09:41.050Z,"8 km NNE of Magna, Utah",earthquake,0.33,0.42,0.068,7,reviewed,uu,uu
2020-03-25T13:26:31.950Z,40.7423333,-111.9556667,1.53,0.47,ml,11,87,0.01613,0.22,uu,uu60370097,2020-03-25T15:55:07.720Z,"5 km WSW of Salt Lake City, Utah",earthquake,0.61,1.19,0.191,2,reviewed,uu,uu
2020-03-25T13:40:35.760Z,40.7243333,-112.0361667,9.01,0.2,ml,9,98,0.04323,0.12,uu,uu60370102,2020-03-25T20:27:30.100Z,"4 km NW of West Valley City, Utah",earthquake,0.47,1.22,0.114,2,reviewed,uu,uu
2020-03-25T14:04:51.170Z,40.7538333,-112.0881667,11.86,0.76,ml,10,110,0.007567,0.09,uu,uu60370107,2020-03-25T20:33:11.240Z,"5 km NNE of Magna, Utah",earthquake,0.45,0.63,0.129,2,reviewed,uu,uu
2020-03-25T14:41:04.460Z,40.7538333,-112.0566667,8.33,1.02,md,17,97,0.01637,0.12,uu,uu60370117,2020-03-25T15:30:25.530Z,"6 km NE of Magna, Utah",earthquake,0.3,0.65,0.204,11,reviewed,uu,uu
2020-03-25T15:04:47.480Z,40.7671667,-112.0936667,10.98,0.81,md,6,117,0.01801,0.1,uu,uu60370122,2020-03-26T18:40:46.160Z,"6 km N of Magna, Utah",earthquake,0.47,0.95,0.191,3,reviewed,uu,uu
2020-03-25T15:52:57.910Z,40.774,-112.0755,8.71,0.67,md,8,99,0.02059,0.12,uu,uu60370127,2020-03-26T18:43:55.990Z,"7 km NNE of Magna, Utah",earthquake,0.57,1.18,0.045,4,reviewed,uu,uu
2020-03-25T17:23:43.210Z,40.7458333,-112.0421667,8.67,0.49,md,9,111,0.01946,0.11,uu,uu60370132,2020-03-26T18:46:32.510Z,"6 km NE of Magna, Utah",earthquake,0.56,0.85,0.076,4,reviewed,uu,uu
2020-03-25T18:54:59.670Z,40.7393333,-112.0408333,8.97,2.1,ml,33,41,0.01293,0.14,uu,uu60370157,2020-06-13T18:44:31.040Z,"6 km ENE of Magna, Utah",earthquake,0.24,0.41,0.069,9,reviewed,uu,uu
2020-03-25T20:10:29.420Z,40.7401667,-111.9616667,2.71,0.56,md,7,107,0.0135,0.18,uu,uu60370182,2020-03-26T18:57:34.520Z,"6 km NNE of West Valley City, Utah",earthquake,0.97,1.17,0.346,3,reviewed,uu,uu
2020-03-25T20:29:18.680Z,40.7433333,-112.0535,8.36,0.7,md,8,124,0.02134,0.06,uu,uu60370187,2020-03-26T19:00:10.970Z,"5 km NE of Magna, Utah",earthquake,0.48,1.01,0.145,3,reviewed,uu,uu
2020-03-25T23:48:34.620Z,40.7341667,-112.0616667,7.73,0.06,md,9,100,0.02088,0.09,uu,uu60370222,2020-03-26T13:49:20.350Z,"4 km NE of Magna, Utah",earthquake,0.33,0.78,0.438,3,reviewed,uu,uu
